epoch,time,train/box_loss,train/seg_loss,train/cls_loss,train/dfl_loss,train/sem_loss,train/heat_loss,train/seed_loss,metrics/precision(B),metrics/recall(B),metrics/mAP50(B),metrics/mAP50-95(B),metrics/precision(M),metrics/recall(M),metrics/mAP50(M),metrics/mAP50-95(M),val/box_loss,val/seg_loss,val/cls_loss,val/dfl_loss,val/sem_loss,val/heat_loss,val/seed_loss,lr/pg0,lr/pg1,lr/pg2
1,38.3351,4.16064,7.21968,6.84736,4.19074,0.8228,0.84755,0.85373,9e-05,0.00954,1e-05,0,6e-05,0.00714,0,0,3.60944,4.57505,4.79399,3.67208,0,0,0,0.000274475,0.000274475,0.000274475
2,72.0959,4.0043,5.66309,6.13517,4.14426,0.80302,0.83008,0.83635,0.00014,0.02417,1e-05,0,0.00013,0.01272,1e-05,0,3.54962,4.21169,4.82455,3.605,0,0,0,0.000551231,0.000551231,0.000551231
3,103.521,3.94488,4.84586,6.25238,4.08016,0.76535,0.80019,0.80053,0.00016,0.0159,1e-05,0,8e-05,0.0095,0,0,3.50828,13.1756,6.82354,3.88653,0,0,0,0.00082707,0.00082707,0.00082707
4,135.456,4.02929,4.7209,5.79432,3.97549,0.71902,0.75595,0.75129,0.00015,0.08109,0.00011,2e-05,8e-05,0.03669,1e-05,0,3.5227,4.69909,4.18899,3.58806,0,0,0,0.000828877,0.000828877,0.000828877
5,167.407,3.97503,4.63657,5.66328,3.84245,0.67429,0.71004,0.70427,0.0002,0.0171,2e-05,0,0.00012,0.01071,1e-05,0,3.48468,4.36719,4.45841,3.41457,0,0,0,0.000827502,0.000827502,0.000827502
6,198.204,4.00928,4.68666,5.50129,3.72118,0.63914,0.67135,0.66557,0.00021,0.03235,2e-05,0,9e-05,0.01116,1e-05,0,3.41069,4.32456,4.15556,3.43273,0,0,0,0.000826128,0.000826128,0.000826128
7,229.602,3.75576,4.61744,5.20585,3.60881,0.6108,0.63416,0.63174,0.00017,0.02136,2e-05,0,7e-05,0.01025,1e-05,0,3.34925,4.40108,5.15064,3.15365,0,0,0,0.000824753,0.000824753,0.000824753
8,260.929,3.64433,4.56882,5.2119,3.47614,0.58865,0.60749,0.6058,0.00036,0.02262,5e-05,1e-05,8e-05,0.01295,2e-05,0,3.23819,4.19599,5.95624,3.06583,0,0,0,0.000823379,0.000823379,0.000823379
9,292.085,3.56944,4.61751,5.14226,3.39964,0.57169,0.58438,0.58457,0.00027,0.02417,8e-05,1e-05,0.87529,0.00194,6e-05,1e-05,3.18797,4.0871,4.24667,2.91291,0,0,0,0.000822004,0.000822004,0.000822004
10,323.592,3.50359,4.64442,4.97551,3.32182,0.55773,0.56423,0.56579,0.00033,0.02115,8e-05,2e-05,0.00012,0.01436,8e-05,2e-05,3.00878,4.09415,4.14158,2.90674,0,0,0,0.00082063,0.00082063,0.00082063
11,354.414,3.43039,4.58513,4.9913,3.24026,0.5466,0.54955,0.55077,0.0002,0.02007,6e-05,1e-05,0.00016,0.01521,4e-05,1e-05,3.12402,4.16713,4.58297,2.88628,0,0,0,0.000819255,0.000819255,0.000819255
12,385.843,3.32352,4.5303,4.85904,3.21216,0.54044,0.54021,0.54162,0.88268,0.0013,0.0003,5e-05,0.88522,0.00151,0.00034,7e-05,2.98892,4.02461,4.31892,2.81173,0,0,0,0.000817881,0.000817881,0.000817881
13,416.819,3.34423,4.50764,4.76024,3.1895,0.5345,0.53256,0.53417,0.76163,0.0013,0.00047,8e-05,0.75826,0.00151,0.00046,9e-05,2.93608,4.01586,4.66028,2.76424,0,0,0,0.000816507,0.000816507,0.000816507
14,447.644,3.31055,4.52232,4.75607,3.06254,0.5294,0.5261,0.52785,0.00111,0.03346,0.00058,0.0001,0.00016,0.02278,0.00092,0.00014,2.90674,4.06211,4.21353,2.7384,0,0,0,0.000815132,0.000815132,0.000815132
15,479.074,3.26419,4.54322,4.57874,3.02755,0.52663,0.52209,0.52394,0.87856,0.00065,0.0008,0.00012,0.8827,0.0014,0.00084,0.00018,2.8419,3.97084,5.31624,2.70124,0,0,0,0.000813758,0.000813758,0.000813758
16,510.332,3.1841,4.44116,4.63752,3.02192,0.52457,0.51876,0.52089,0.00059,0.03864,0.00045,0.0001,0.00036,0.0299,0.00057,0.00013,2.79531,4.00859,3.95493,2.64372,0,0,0,0.000812383,0.000812383,0.000812383
17,541.386,3.19348,4.46344,4.52443,2.95555,0.52165,0.51622,0.51815,0.88649,0.00151,0.00084,0.00015,0.90259,0.0014,0.00098,0.00022,2.79393,3.97954,5.33306,2.6705,0,0,0,0.000811009,0.000811009,0.000811009
18,572.939,3.14448,4.4113,4.52982,2.9466,0.51888,0.51299,0.51468,0.88656,0.00108,0.00105,0.00015,0.89118,0.00151,0.00105,0.00016,2.82091,3.93909,5.30431,2.62192,0,0,0,0.000809634,0.000809634,0.000809634
19,603.703,3.15708,4.38992,4.57276,2.91255,0.51871,0.51147,0.51352,0.00025,0.03962,0.00028,6e-05,0.00021,0.0326,0.00024,4e-05,2.78359,4.01062,4.01673,2.62277,0,0,0,0.00080826,0.00080826,0.00080826
20,634.765,3.07918,4.43851,4.4665,2.86808,0.5175,0.51,0.51205,0.00044,0.04511,0.00034,8e-05,0.00035,0.03724,0.0003,6e-05,2.68042,3.92098,4.65686,2.53141,0,0,0,0.000806885,0.000806885,0.000806885
21,665.849,3.04338,4.36408,4.37593,2.83825,0.51446,0.5079,0.5097,0.88658,0.00162,0.00083,0.00024,0.89054,0.00216,0.00112,0.00025,2.66696,3.8963,4.69706,2.49473,0,0,0,0.000805511,0.000805511,0.000805511
22,696.908,2.99342,4.4183,4.36427,2.79018,0.51551,0.50658,0.5088,0.00083,0.05345,0.00051,0.00011,0.00052,0.04064,0.00044,0.0001,2.72886,3.96848,4.84584,2.58051,0,0,0,0.000804137,0.000804137,0.000804137
23,728.2,2.96135,4.41812,4.38378,2.79529,0.51351,0.5049,0.50725,0.38281,0.00216,0.00077,0.00018,0.39277,0.0013,0.00085,0.0002,2.70153,3.97749,5.83193,2.56729,0,0,0,0.000802762,0.000802762,0.000802762
24,759.121,3.00586,4.36569,4.33034,2.76541,0.51028,0.50261,0.50498,0.87635,0.01803,0.00117,0.0003,0.88312,0.00389,0.00099,0.00021,2.63961,3.85812,5.33342,2.47299,0,0,0,0.000801388,0.000801388,0.000801388
25,790.222,2.90283,4.34669,4.31756,2.74398,0.51009,0.50152,0.50379,0.00068,0.06366,0.00099,0.00023,0.87721,0.00637,0.00077,0.0002,2.58245,3.86434,5.03322,2.44361,0,0,0,0.000800013,0.000800013,0.000800013
26,821.43,2.90101,4.39906,4.27171,2.71391,0.50893,0.50008,0.50263,0.25835,0.00259,0.00129,0.00034,0.26087,0.00302,0.00145,0.00031,2.57399,3.8942,5.46896,2.43231,0,0,0,0.000798639,0.000798639,0.000798639
27,853.298,2.90881,4.35377,4.29388,2.68637,0.50418,0.49701,0.49961,0.39497,0.00162,0.00207,0.00044,0.39763,0.00184,0.00189,0.00053,2.58466,3.85108,5.17061,2.39728,0,0,0,0.000797264,0.000797264,0.000797264
28,884.45,2.87789,4.35783,4.24734,2.66398,0.5001,0.4935,0.49619,0.26155,0.00259,0.00175,0.00035,0.26566,0.00324,0.0019,0.00043,2.55578,3.81381,5.69544,2.39488,0,0,0,0.00079589,0.00079589,0.00079589
29,915.269,2.83515,4.28268,4.30228,2.655,0.49614,0.48964,0.49309,0.26066,0.00356,0.00186,0.00043,0.2622,0.00378,0.00173,0.0005,2.55263,3.84145,5.08929,2.39217,0,0,0,0.000794515,0.000794515,0.000794515
30,945.987,2.82439,4.3587,4.19889,2.61959,0.48437,0.48307,0.48716,0.25676,0.00259,0.0017,0.00047,0.25864,0.00302,0.00155,0.00047,2.54498,3.80559,5.11115,2.38573,0,0,0,0.000793141,0.000793141,0.000793141
31,977.201,2.87096,4.25256,4.11927,2.6128,0.46051,0.47157,0.47668,0.25526,0.00464,0.00112,0.00028,0.25571,0.00399,0.00092,0.00021,2.50163,3.77367,5.96494,2.33495,0,0,0,0.000791767,0.000791767,0.000791767
32,1008.27,2.87554,4.32871,4.1628,2.58907,0.41827,0.44809,0.45586,0.25753,0.00216,0.00194,0.00043,0.25813,0.00227,0.0016,0.00034,2.52344,3.79626,5.16618,2.33519,0,0,0,0.000790392,0.000790392,0.000790392
33,1039.04,2.8054,4.27494,4.12801,2.55468,0.35229,0.39444,0.41193,0.38195,0.00529,0.00228,0.00066,0.38414,0.00464,0.00208,0.00067,2.54773,3.77282,5.5165,2.34264,0,0,0,0.000789018,0.000789018,0.000789018
34,1070.43,2.77824,4.25326,4.07599,2.55327,0.28262,0.29854,0.33991,0.63099,0.01241,0.00204,0.00053,0.63279,0.00378,0.0013,0.00029,nan,nan,nan,nan,0,0,0,0.000787643,0.000787643,0.000787643
35,1101.41,2.83042,4.30413,4.08498,2.54733,0.23547,0.20516,0.26118,0.25597,0.00335,0.00199,0.00057,0.25727,0.00389,0.00192,0.00051,2.45332,3.75119,5.41547,2.28587,0,0,0,0.000786269,0.000786269,0.000786269
36,1132.8,2.72379,4.29042,4.0611,2.52356,0.21578,0.16286,0.2051,0.50964,0.00356,0.00241,0.00062,0.51197,0.0041,0.00216,0.00052,2.46451,3.74654,6.03304,2.27318,0,0,0,0.000784894,0.000784894,0.000784894
37,1163.91,2.76547,4.2692,4.06857,2.50739,0.18854,0.13953,0.16352,0.88433,0.00604,0.00234,0.00068,0.88423,0.00497,0.00261,0.00074,2.43006,3.74979,7.5001,2.26187,0,0,0,0.00078352,0.00078352,0.00078352
38,1194.92,2.73107,4.22866,4.09919,2.49737,0.17021,0.13129,0.14717,0.26053,0.00594,0.00258,0.00068,0.26354,0.00551,0.00227,0.00059,2.3995,3.71855,4.88798,2.23092,0,0,0,0.000782145,0.000782145,0.000782145
39,1226.21,2.68944,4.27398,4.01128,2.47897,0.16182,0.12936,0.14248,0.25806,0.0082,0.00247,0.00068,0.25815,0.00756,0.00201,0.00054,nan,nan,nan,nan,0,0,0,0.000780771,0.000780771,0.000780771
40,1257.23,2.69571,4.22028,3.97986,2.46293,0.16471,0.12981,0.14555,0.8867,0.00766,0.00315,0.00099,0.88764,0.00669,0.0027,0.00075,2.38435,3.69332,6.38513,2.19153,0,0,0,0.000779396,0.000779396,0.000779396
41,1288.51,2.70614,4.16982,4.00063,2.46533,0.15701,0.1224,0.14023,0.00318,0.1068,0.00166,0.00046,0.25323,0.01306,0.00122,0.0003,nan,nan,nan,nan,0,0,0,0.000778022,0.000778022,0.000778022
42,1319.55,2.65992,4.18212,3.96122,2.43874,0.15203,0.11615,0.13577,0.76236,0.00939,0.00352,0.00097,0.76159,0.00791,0.00297,0.00074,2.37364,3.67274,5.83887,2.1942,0,0,0,0.000776648,0.000776648,0.000776648
43,1350.51,2.6757,4.17513,3.97583,2.42325,0.15032,0.11221,0.1344,0.38437,0.00907,0.00281,0.00079,0.38495,0.00864,0.00251,0.00063,2.36825,3.6895,5.3431,2.19921,0,0,0,0.000775273,0.000775273,0.000775273
44,1381.52,2.64381,4.24098,3.94818,2.43213,0.15163,0.11365,0.13531,0.38982,0.00497,0.00363,0.00094,0.3895,0.00486,0.00284,0.00065,2.40924,3.72063,5.05699,2.21063,0,0,0,0.000773899,0.000773899,0.000773899
45,1412.92,2.64629,4.19755,3.88363,2.38273,0.151,0.11605,0.13525,0.63872,0.01047,0.00462,0.0013,0.63996,0.01015,0.00411,0.00109,2.34999,3.68223,6.82506,2.15731,0,0,0,0.000772524,0.000772524,0.000772524
46,1444.31,2.61567,4.18739,3.95065,2.39742,0.15259,0.11146,0.13499,0.88894,0.01016,0.00544,0.00158,0.88909,0.01027,0.00531,0.00141,2.30521,3.64857,5.48003,2.12909,0,0,0,0.00077115,0.00077115,0.00077115
47,1475.34,2.60981,4.09158,3.8421,2.36556,0.15387,0.11613,0.13764,0.89122,0.01392,0.00585,0.00173,0.89006,0.01263,0.00492,0.00136,2.33889,3.63513,6.15457,2.13827,0,0,0,0.000769775,0.000769775,0.000769775
48,1506.88,2.57687,4.13191,3.78651,2.34245,0.15194,0.11629,0.13554,0.51431,0.01076,0.00524,0.00141,0.5147,0.01079,0.00482,0.00134,2.30282,3.62594,4.60728,2.12735,0,0,0,0.000768401,0.000768401,0.000768401
49,1537.75,2.58577,4.1005,3.82043,2.3395,0.15419,0.11565,0.13637,0.88819,0.01231,0.00468,0.00141,0.88845,0.0109,0.00442,0.00116,2.29005,3.62896,6.2372,2.11863,0,0,0,0.000767026,0.000767026,0.000767026
50,1568.92,2.50825,4.06932,3.80374,2.29679,0.15043,0.11229,0.13327,0.88637,0.01058,0.00474,0.00145,0.88787,0.01004,0.00466,0.00119,2.31019,3.64781,4.81916,2.14435,0,0,0,0.000765652,0.000765652,0.000765652
51,1599.8,2.54088,4.1039,3.76451,2.32688,0.15046,0.11404,0.13382,0.89124,0.01544,0.00822,0.00242,0.89092,0.01479,0.00662,0.00185,2.25562,3.57185,5.79008,2.08537,0,0,0,0.000764278,0.000764278,0.000764278
52,1631.05,2.55222,4.10407,3.74276,2.32307,0.15295,0.1176,0.13559,0.76903,0.01446,0.00905,0.00288,0.76676,0.01274,0.00707,0.00198,2.2688,3.58049,5.63586,2.09498,0,0,0,0.000762903,0.000762903,0.000762903
53,1662.21,2.48879,4.06067,3.74305,2.30021,0.15174,0.11353,0.1345,0.89276,0.01328,0.00816,0.00242,0.89227,0.01231,0.00689,0.00203,2.2399,3.58238,4.75989,2.07365,0,0,0,0.000761529,0.000761529,0.000761529
54,1692.87,2.51887,4.11073,3.73641,2.30674,0.15055,0.11294,0.13372,0.76342,0.01759,0.00695,0.00221,0.76332,0.01522,0.00549,0.00155,2.24703,3.59945,6.75987,2.08464,0,0,0,0.000760154,0.000760154,0.000760154
55,1723.74,2.55876,4.13929,3.94751,2.3268,0.15206,0.11423,0.13571,0.76412,0.01231,0.00704,0.00219,0.76335,0.0109,0.00565,0.00159,2.2256,3.60003,4.73961,2.08126,0,0,0,0.00075878,0.00075878,0.00075878
56,1754.55,2.49739,4.1056,3.73297,2.27648,0.15185,0.11538,0.13488,0.76627,0.01533,0.00976,0.00243,0.76476,0.01352,0.00545,0.00155,2.24167,3.55557,7.22113,2.07034,0,0,0,0.000757405,0.000757405,0.000757405
57,1785.37,2.50345,4.07635,3.7899,2.29745,0.1504,0.111,0.13334,0.77053,0.01328,0.00928,0.00303,0.77035,0.01263,0.00803,0.00246,2.23222,3.5447,5.19601,2.05888,0,0,0,0.000756031,0.000756031,0.000756031
58,1816.61,2.54572,4.08406,3.73663,2.28103,0.15409,0.11546,0.13649,0.77267,0.01834,0.01112,0.00352,0.77654,0.01822,0.00916,0.0027,2.22016,3.5389,5.51883,2.03552,0,0,0,0.000754656,0.000754656,0.000754656
59,1847.72,2.54067,4.06415,3.69986,2.27308,0.15238,0.11302,0.1349,0.76577,0.01857,0.01242,0.00343,0.76629,0.01683,0.00884,0.0025,2.19311,3.55438,4.87383,2.02414,0,0,0,0.000753282,0.000753282,0.000753282
60,1878.53,2.45356,4.02869,3.66973,2.256,0.14819,0.1133,0.13202,0.77241,0.02266,0.00877,0.00265,0.76285,0.019,0.00681,0.00204,2.24088,3.6053,6.22372,2.03204,0,0,0,0.000751907,0.000751907,0.000751907
61,1909.61,2.47854,4.00142,3.67648,2.25515,0.14518,0.11079,0.12954,0.7701,0.01619,0.01221,0.00416,0.89472,0.01425,0.00986,0.00289,2.20465,3.5419,5.76903,2.02552,0,0,0,0.000750533,0.000750533,0.000750533
62,1940.43,2.44359,4.02088,3.68144,2.24736,0.14901,0.11151,0.13272,0.64468,0.01673,0.01093,0.00326,0.77136,0.01428,0.00986,0.00304,2.21399,3.55207,4.70715,2.03382,0,0,0,0.000749159,0.000749159,0.000749159
63,1971.33,2.43611,4.01996,3.57686,2.2229,0.14466,0.11265,0.12961,0.769,0.01759,0.00891,0.00249,0.76737,0.01749,0.00723,0.00206,2.23041,3.56956,4.95987,2.04495,0,0,0,0.000747784,0.000747784,0.000747784
64,2002.5,2.44743,4.02065,3.59623,2.21281,0.1508,0.11385,0.13429,0.64996,0.02875,0.00724,0.00209,0.63904,0.0267,0.00564,0.00151,2.17907,3.54233,5.42615,1.99862,0,0,0,0.00074641,0.00074641,0.00074641
65,2033.01,2.39039,4.0472,3.54011,2.18595,0.15212,0.11531,0.13425,0.74561,0.02168,0.01474,0.00483,0.64648,0.01565,0.01077,0.00328,2.1757,3.53986,5.98928,2.00844,0,0,0,0.000745035,0.000745035,0.000745035
66,2064.96,2.47122,4.01644,3.52883,2.21154,0.14792,0.11273,0.13104,0.89434,0.02116,0.01153,0.00369,0.89469,0.01878,0.00876,0.00258,2.15289,3.55741,6.46216,1.9858,0,0,0,0.000743661,0.000743661,0.000743661
67,2096.41,2.42226,4.05607,3.56987,2.1939,0.14985,0.11049,0.13241,0.81869,0.02204,0.02486,0.00824,0.77104,0.01576,0.014,0.00476,2.14067,3.51059,6.46562,1.96543,0,0,0,0.000742286,0.000742286,0.000742286
68,2127.5,2.40965,3.9376,3.55225,2.19337,0.1469,0.11193,0.13145,0.67399,0.02708,0.01365,0.00418,0.65201,0.02104,0.00999,0.00312,2.15249,3.46941,4.98169,1.96255,0,0,0,0.000740912,0.000740912,0.000740912
69,2158.46,2.39341,4.01973,3.55103,2.20466,0.14901,0.11264,0.13284,0.64584,0.02364,0.01873,0.00587,0.77115,0.01921,0.01309,0.00386,2.10612,3.49384,6.31589,1.96384,0,0,0,0.000739537,0.000739537,0.000739537
70,2189.31,2.41655,3.99527,3.4737,2.19131,0.14929,0.11295,0.13207,0.66356,0.02546,0.01652,0.0054,0.6501,0.0212,0.01124,0.00328,2.09409,3.48751,5.29821,1.94972,0,0,0,0.000738163,0.000738163,0.000738163
71,2220.12,2.37433,4.00528,3.57949,2.17876,0.14724,0.10825,0.13005,0.68952,0.02851,0.01811,0.00573,0.67117,0.0264,0.01389,0.00377,2.09684,3.45811,4.94053,1.94269,0,0,0,0.000736788,0.000736788,0.000736788
72,2251.05,2.37409,3.93883,3.49218,2.16818,0.14828,0.11378,0.13272,0.68797,0.02733,0.0184,0.00621,0.66961,0.02347,0.01446,0.00424,2.10871,3.47913,6.17916,1.93967,0,0,0,0.000735414,0.000735414,0.000735414
73,2282.01,2.36199,3.90659,3.40967,2.12176,0.14898,0.11305,0.13171,0.66651,0.02701,0.01743,0.00551,0.66441,0.02355,0.01353,0.00427,2.07945,3.43906,5.91884,1.94208,0,0,0,0.00073404,0.00073404,0.00073404
74,2312.88,2.36742,3.96122,3.43713,2.16785,0.15154,0.11556,0.13542,0.68109,0.03135,0.01919,0.0061,0.66832,0.02414,0.0125,0.00391,2.11343,3.43067,5.56933,1.93125,0,0,0,0.000732665,0.000732665,0.000732665
75,2343.94,2.34996,4.00394,3.46074,2.15118,0.15188,0.11589,0.1346,0.55668,0.03269,0.01791,0.00632,0.68119,0.02189,0.01281,0.00388,2.09334,3.44099,5.29462,1.94859,0,0,0,0.000731291,0.000731291,0.000731291
76,2374.92,2.35282,3.96006,3.43185,2.13348,0.14227,0.10721,0.12717,0.6607,0.03308,0.02958,0.00863,0.65495,0.02102,0.01271,0.00411,2.07619,3.43929,6.09483,1.92836,0,0,0,0.000729916,0.000729916,0.000729916
77,2405.92,2.3491,3.95901,3.3888,2.14839,0.14429,0.10851,0.12847,0.65912,0.03314,0.01646,0.00542,0.64885,0.03179,0.01338,0.00356,2.06613,3.40058,7.46541,1.91652,0,0,0,0.000728542,0.000728542,0.000728542
78,2436.88,2.363,3.92182,3.43125,2.14812,0.14644,0.1124,0.1305,0.57038,0.02026,0.01755,0.00606,0.5492,0.01732,0.01324,0.00427,2.10822,3.44184,4.49857,1.95793,0,0,0,0.000727167,0.000727167,0.000727167
79,2467.5,2.34731,3.85729,3.44231,2.1478,0.14548,0.10902,0.1297,0.67268,0.02826,0.02258,0.00755,0.668,0.02427,0.01839,0.00515,2.11896,3.39924,7.23799,1.92334,0,0,0,0.000725793,0.000725793,0.000725793
80,2498.71,2.35017,3.94092,3.39155,2.10142,0.15245,0.11565,0.13477,0.66384,0.03206,0.02258,0.00744,0.65753,0.03048,0.02092,0.00568,2.09881,3.39093,5.08649,1.92581,0,0,0,0.000724418,0.000724418,0.000724418
81,2529.86,2.36914,3.99177,3.3483,2.12594,0.15373,0.11604,0.13508,0.54058,0.03973,0.02,0.00645,0.55014,0.03146,0.01676,0.0046,2.05246,3.39339,6.2199,1.88881,0,0,0,0.000723044,0.000723044,0.000723044
82,2560.57,2.3816,3.92473,3.39798,2.13192,0.14227,0.10705,0.12719,0.71105,0.0363,0.0329,0.01319,0.70531,0.03403,0.02446,0.00655,2.04756,3.36476,5.42231,1.90254,0,0,0,0.00072167,0.00072167,0.00072167
83,2591.69,2.33344,3.92441,3.32928,2.12859,0.15104,0.11525,0.13378,0.65752,0.03282,0.02675,0.01168,0.65135,0.03393,0.01951,0.00554,2.02679,3.36586,5.10225,1.89627,0,0,0,0.000720295,0.000720295,0.000720295
84,2622.84,2.25109,3.91609,3.31795,2.08544,0.15165,0.11441,0.13357,0.67633,0.03911,0.03216,0.01115,0.65506,0.03829,0.02087,0.00654,2.03307,3.36184,6.46089,1.89355,0,0,0,0.000718921,0.000718921,0.000718921
85,2653.9,2.31234,3.86938,3.27574,2.08906,0.14792,0.11272,0.13115,0.61323,0.05432,0.03763,0.01167,0.59907,0.04486,0.02634,0.00753,2.03222,3.32124,5.04372,1.89877,0,0,0,0.000717546,0.000717546,0.000717546
86,2685.13,2.29253,3.85167,3.24846,2.08012,0.14883,0.11601,0.13358,0.62663,0.05256,0.04105,0.01337,0.65916,0.03489,0.02207,0.00712,2.00849,3.332,5.82594,1.90184,0,0,0,0.000716172,0.000716172,0.000716172
87,2716.16,2.31194,3.85947,3.3196,2.09891,0.1425,0.10766,0.12662,0.68089,0.04262,0.03349,0.01087,0.53303,0.04089,0.02346,0.00749,2.01089,3.32392,6.14023,1.87416,0,0,0,0.000714797,0.000714797,0.000714797
88,2747.23,2.30401,3.84412,3.26761,2.07655,0.14645,0.11301,0.13064,0.6239,0.05426,0.03629,0.01322,0.60982,0.04484,0.02988,0.00907,1.9905,3.31945,5.75014,1.86684,0,0,0,0.000713423,0.000713423,0.000713423
89,2778.31,2.26515,3.86941,3.28584,2.06167,0.1428,0.10448,0.12622,0.56068,0.04919,0.03749,0.01303,0.55053,0.04039,0.02441,0.00719,1.97522,3.33337,4.73204,1.8456,0,0,0,0.000712048,0.000712048,0.000712048
90,2809.39,2.35651,3.92559,3.27333,2.0487,0.14769,0.11305,0.13161,0.55519,0.05944,0.03006,0.01134,0.54507,0.04993,0.02421,0.00747,1.98628,3.3423,7.90486,1.87813,0,0,0,0.000710674,0.000710674,0.000710674
91,2840.3,2.25407,3.79844,3.22582,2.0326,0.14264,0.10988,0.12796,0.5864,0.05755,0.03834,0.01417,0.55776,0.04933,0.02868,0.00837,1.95724,3.30689,4.58579,1.85932,0,0,0,0.000709299,0.000709299,0.000709299
92,2871.79,2.27685,3.86992,3.24916,2.05223,0.14398,0.10873,0.12811,0.63194,0.06267,0.03966,0.01277,0.63104,0.05463,0.03398,0.00958,2.01144,3.29445,5.67997,1.87065,0,0,0,0.000707925,0.000707925,0.000707925
93,2902.86,2.30311,3.85802,3.21882,2.06616,0.15283,0.1158,0.13466,0.66711,0.05465,0.03698,0.01321,0.65592,0.04755,0.02518,0.00767,1.97388,3.31579,6.41272,1.85746,0,0,0,0.000706551,0.000706551,0.000706551
94,2933.93,2.24169,3.86482,3.18529,2.07374,0.14676,0.11215,0.12966,0.57393,0.05052,0.03478,0.01243,0.58358,0.04372,0.03222,0.0094,1.97544,3.29317,5.89264,1.8667,0,0,0,0.000705176,0.000705176,0.000705176
95,2964.87,2.28234,3.86274,3.24673,2.05455,0.14052,0.10876,0.12565,0.61138,0.05851,0.0499,0.02087,0.58441,0.05822,0.0414,0.01325,1.96746,3.30567,5.35914,1.85824,0,0,0,0.000703802,0.000703802,0.000703802
96,2996.05,2.26896,3.84884,3.11548,2.04288,0.14207,0.10834,0.12713,0.5581,0.0587,0.04654,0.02157,0.55684,0.04812,0.03423,0.01001,1.94565,3.28551,6.43172,1.85302,0,0,0,0.000702427,0.000702427,0.000702427
97,3027,2.30334,3.80796,3.19039,2.01639,0.13943,0.10459,0.12428,0.57522,0.06618,0.07558,0.02582,0.57366,0.04623,0.06158,0.01419,1.96045,3.29738,5.77525,1.86379,0,0,0,0.000701053,0.000701053,0.000701053
98,3057.77,2.23126,3.77556,3.149,2.03507,0.14525,0.11269,0.12956,0.62035,0.05746,0.04907,0.02071,0.61697,0.04493,0.03503,0.0111,1.93412,3.28442,5.47213,1.86623,0,0,0,0.000699678,0.000699678,0.000699678
99,3088.36,2.25578,3.8925,3.44526,2.07802,0.14429,0.10707,0.1286,0.57539,0.05669,0.04009,0.01537,0.57657,0.04664,0.03062,0.00904,1.98791,3.27157,5.08686,1.87582,0,0,0,0.000698304,0.000698304,0.000698304
100,3119.4,2.19691,3.83688,3.1485,2.00811,0.14485,0.11475,0.1304,0.56289,0.06465,0.04873,0.02003,0.5548,0.04809,0.02998,0.00879,2.00492,3.28229,6.02072,1.87685,0,0,0,0.000696929,0.000696929,0.000696929
101,3150.39,2.23431,3.76261,3.14485,2.05276,0.14183,0.10703,0.12693,0.6238,0.07165,0.04952,0.01772,0.58108,0.05119,0.03109,0.00978,1.94044,3.25676,6.11669,1.83109,0,0,0,0.000695555,0.000695555,0.000695555
102,3181.17,2.22521,3.79749,3.16363,2.0557,0.14996,0.11377,0.13225,0.6748,0.06707,0.05649,0.02394,0.59543,0.06467,0.03231,0.00999,1.91072,3.25746,6.06683,1.82081,0,0,0,0.000694181,0.000694181,0.000694181
103,3212.1,2.21558,3.80555,3.10271,2.0148,0.14534,0.11203,0.13012,0.69289,0.06457,0.0644,0.02433,0.66578,0.05231,0.04463,0.0134,1.92801,3.24151,4.31271,1.823,0,0,0,0.000692806,0.000692806,0.000692806
104,3243.4,2.20832,3.81962,3.08127,2.03466,0.13983,0.10783,0.12493,0.57064,0.08159,0.05448,0.02299,0.55516,0.05968,0.04088,0.01322,1.89246,3.26498,6.60514,1.78908,0,0,0,0.000691432,0.000691432,0.000691432
105,3274.33,2.23813,3.82513,3.03588,2.03496,0.14737,0.11646,0.13211,0.62185,0.07187,0.07077,0.02821,0.60366,0.05472,0.03738,0.0122,1.89944,3.25589,5.06967,1.80816,0,0,0,0.000690057,0.000690057,0.000690057
106,3305.34,2.16655,3.77623,3.03583,2.00226,0.14885,0.11493,0.13174,0.58851,0.07153,0.0632,0.02657,0.57955,0.06024,0.03968,0.0119,1.88391,3.21465,5.52278,1.78595,0,0,0,0.000688683,0.000688683,0.000688683
107,3336.14,2.19804,3.79872,3.04344,2.00618,0.1511,0.11759,0.13408,0.62246,0.07789,0.07172,0.02912,0.62255,0.05959,0.04344,0.01382,1.85012,3.17654,6.79993,1.77497,0,0,0,0.000687308,0.000687308,0.000687308
108,3367.24,2.16775,3.80301,3.04285,2.0228,0.14647,0.11434,0.13021,0.59267,0.07768,0.06641,0.02649,0.57808,0.05916,0.03743,0.01123,1.89224,3.21501,5.80252,1.78817,0,0,0,0.000685934,0.000685934,0.000685934
109,3398.05,2.20639,3.72115,3.06725,2.00623,0.14432,0.11171,0.12934,0.6271,0.07721,0.07867,0.03219,0.61591,0.06169,0.0598,0.01755,1.89263,3.1856,5.3039,1.79475,0,0,0,0.000684559,0.000684559,0.000684559
110,3429.02,2.18553,3.77913,2.98291,2.00129,0.14642,0.11422,0.13013,0.62055,0.07691,0.06566,0.02822,0.6345,0.05152,0.04243,0.01182,1.88636,3.19911,5.91065,1.77957,0,0,0,0.000683185,0.000683185,0.000683185
111,3459.8,2.19443,3.76024,3.15392,2.01631,0.14613,0.11039,0.12885,0.49769,0.08725,0.06902,0.02755,0.46765,0.05834,0.04404,0.0141,1.88469,3.18229,4.73654,1.79332,0,0,0,0.00068181,0.00068181,0.00068181
112,3490.9,2.1828,3.73928,2.99116,2.00775,0.14376,0.11287,0.12807,0.57974,0.07715,0.0822,0.03376,0.58746,0.04629,0.04391,0.01459,1.8391,3.19319,7.38977,1.76647,0,0,0,0.000680436,0.000680436,0.000680436
113,3521.79,2.21553,3.7076,3.04465,2.00683,0.14029,0.10717,0.12546,0.60656,0.06632,0.07669,0.03277,0.58817,0.05475,0.04585,0.01396,1.86183,3.18625,7.64798,1.78818,0,0,0,0.000679062,0.000679062,0.000679062
114,3552.81,2.20474,3.77981,3.04683,1.98144,0.14485,0.114,0.1293,0.59696,0.07776,0.07031,0.03036,0.58103,0.05999,0.04499,0.01374,1.86976,3.14516,5.3449,1.74721,0,0,0,0.000677687,0.000677687,0.000677687
115,3583.56,2.15213,3.732,2.98813,1.97196,0.14234,0.1112,0.12829,0.4831,0.09365,0.0788,0.0322,0.48085,0.06557,0.04969,0.01528,1.81906,3.13621,5.9935,1.75655,0,0,0,0.000676313,0.000676313,0.000676313
116,3614.61,2.13917,3.70557,2.98165,2.00276,0.14468,0.11334,0.12928,0.49033,0.12106,0.0993,0.0394,0.44507,0.08223,0.06286,0.01836,1.82741,3.13527,6.90591,1.76911,0,0,0,0.000674938,0.000674938,0.000674938
117,3645.88,2.16747,3.70783,2.99542,1.99506,0.14532,0.11244,0.12869,0.46956,0.09078,0.07511,0.03353,0.45112,0.07315,0.04433,0.01333,1.86473,3.16659,5.3361,1.77532,0,0,0,0.000673564,0.000673564,0.000673564
118,3676.58,2.16644,3.70776,2.96061,1.96273,0.14114,0.11008,0.12612,0.62142,0.07339,0.09004,0.0417,0.58399,0.06068,0.06207,0.0199,1.83342,3.15538,7.30237,1.74897,0,0,0,0.000672189,0.000672189,0.000672189
119,3707.77,2.16062,3.73887,2.99948,1.99045,0.14203,0.11004,0.12668,0.587,0.08032,0.11156,0.05715,0.55975,0.07809,0.08641,0.02961,1.83198,3.161,5.7646,1.75313,0,0,0,0.000670815,0.000670815,0.000670815
120,3738.96,2.16003,3.68478,2.95204,1.97836,0.13738,0.10823,0.12446,0.48202,0.1008,0.08819,0.04101,0.47657,0.07778,0.06158,0.02017,1.82723,3.12593,5.97103,1.73821,0,0,0,0.00066944,0.00066944,0.00066944
121,3769.83,2.1466,3.62644,2.92748,1.98394,0.14522,0.11251,0.1287,0.60751,0.08591,0.0925,0.03677,0.58874,0.06298,0.05321,0.0165,1.84823,3.1035,5.55695,1.75311,0,0,0,0.000668066,0.000668066,0.000668066
122,3800.87,2.15601,3.67806,2.96846,1.97723,0.15107,0.11749,0.13386,0.48354,0.09058,0.08561,0.03396,0.47387,0.05437,0.05426,0.01843,1.84157,3.12462,6.27129,1.78563,0,0,0,0.000666692,0.000666692,0.000666692
123,3831.5,2.14698,3.73222,2.92868,1.94753,0.14599,0.11199,0.12967,0.62299,0.09963,0.098,0.04554,0.59727,0.06956,0.06135,0.0236,1.79582,3.13029,6.20964,1.73145,0,0,0,0.000665317,0.000665317,0.000665317
124,3862.95,2.13349,3.70284,2.92841,1.97677,0.14718,0.11295,0.13092,0.39328,0.12849,0.0938,0.0398,0.36852,0.09669,0.06737,0.02196,1.77982,3.05164,6.08585,1.73474,0,0,0,0.000663943,0.000663943,0.000663943
125,3893.73,2.12698,3.64426,2.89277,1.97181,0.13891,0.10884,0.12431,0.64709,0.08837,0.10968,0.04807,0.62205,0.07009,0.07643,0.02803,1.8322,3.07773,5.34251,1.76026,0,0,0,0.000662568,0.000662568,0.000662568
126,3924.14,2.14238,3.64455,2.91547,1.96591,0.14189,0.11122,0.12691,0.2215,0.14763,0.09629,0.04091,0.20032,0.11002,0.05579,0.01905,1.78954,3.06829,7.21768,1.72551,0,0,0,0.000661194,0.000661194,0.000661194
127,3954.93,2.14815,3.6812,2.87108,1.96734,0.14309,0.11241,0.12904,0.24002,0.1506,0.09799,0.04089,0.31594,0.08857,0.05621,0.01964,1.78249,3.07558,7.57442,1.71405,0,0,0,0.000659819,0.000659819,0.000659819
128,3985.62,2.11068,3.62551,2.88605,1.95489,0.14139,0.10828,0.12558,0.40007,0.14294,0.10563,0.0476,0.37302,0.10432,0.07187,0.02285,1.7891,3.06964,6.36916,1.724,0,0,0,0.000658445,0.000658445,0.000658445
129,4016.59,2.14621,3.6496,2.88763,1.94512,0.14675,0.10963,0.13034,0.23994,0.12248,0.09584,0.04019,0.20341,0.11037,0.06175,0.01975,1.80336,3.04528,6.86848,1.73572,0,0,0,0.00065707,0.00065707,0.00065707
130,4047.21,2.1176,3.63146,2.90943,1.94888,0.14403,0.10989,0.1281,0.3343,0.15951,0.1326,0.0535,0.30888,0.13168,0.09823,0.0299,1.79687,3.03093,5.46281,1.72117,0,0,0,0.000655696,0.000655696,0.000655696
131,4078.16,2.17348,3.73257,2.92597,1.94953,0.14138,0.11063,0.12695,0.23478,0.14955,0.09029,0.03618,0.23288,0.11221,0.05801,0.02018,1.78542,3.06169,5.97279,1.71125,0,0,0,0.000654321,0.000654321,0.000654321
132,4109.42,2.12315,3.66417,2.82743,1.93236,0.14213,0.11198,0.12684,0.22095,0.1246,0.09406,0.04184,0.21935,0.08708,0.05501,0.01819,1.77057,3.05808,4.84716,1.70613,0,0,0,0.000652947,0.000652947,0.000652947
133,4140.13,2.10449,3.63418,2.87121,1.94625,0.14412,0.11066,0.12835,0.33474,0.13145,0.12638,0.05302,0.31268,0.10554,0.08831,0.02798,1.78786,3.05551,6.24399,1.72168,0,0,0,0.000651573,0.000651573,0.000651573
134,4171.14,2.1092,3.59,2.83077,1.9431,0.14279,0.11226,0.12836,0.30623,0.15557,0.11788,0.04649,0.26397,0.10904,0.08225,0.02547,1.74414,3.02805,6.38366,1.68971,0,0,0,0.000650198,0.000650198,0.000650198
135,4201.85,2.10543,3.67315,2.88783,1.94468,0.14252,0.11108,0.12783,0.29691,0.16229,0.14095,0.0582,0.28213,0.12793,0.09878,0.03311,1.7265,2.98969,4.67396,1.68274,0,0,0,0.000648824,0.000648824,0.000648824
136,4232.85,2.09121,3.60088,2.8131,1.91314,0.14142,0.10766,0.12692,0.27639,0.16001,0.13199,0.04964,0.24104,0.13136,0.06789,0.02283,1.73388,3.00138,5.04455,1.68373,0,0,0,0.000647449,0.000647449,0.000647449
137,4263.9,2.08084,3.5961,2.75121,1.89182,0.14072,0.11164,0.12665,0.56639,0.1469,0.15051,0.06336,0.51258,0.11631,0.10816,0.03849,1.72915,2.97441,6.69291,1.67203,0,0,0,0.000646075,0.000646075,0.000646075
138,4295.19,2.11887,3.62023,2.77387,1.9022,0.14341,0.11191,0.1284,0.3357,0.17651,0.13758,0.06125,0.26062,0.12659,0.09056,0.03281,1.7547,2.9957,5.69077,1.70003,0,0,0,0.0006447,0.0006447,0.0006447
139,4326.4,2.12771,3.61604,2.75595,1.90505,0.14499,0.11707,0.13097,0.31094,0.16267,0.16344,0.0742,0.27399,0.12822,0.12553,0.04578,1.74209,2.99982,6.09005,1.69321,0,0,0,0.000643326,0.000643326,0.000643326
140,4357.65,2.07148,3.57628,2.78402,1.9173,0.14537,0.11539,0.13001,0.46105,0.13633,0.16865,0.06238,0.42088,0.12,0.12463,0.03812,1.75842,2.99111,6.25268,1.69203,0,0,0,0.000641951,0.000641951,0.000641951
141,4388.4,2.08542,3.61283,2.80417,1.92101,0.14099,0.10902,0.12654,0.32951,0.14563,0.12048,0.0543,0.25094,0.10593,0.0761,0.03003,1.78689,2.98526,5.52981,1.70683,0,0,0,0.000640577,0.000640577,0.000640577
142,4419.2,2.07433,3.6126,2.77307,1.91309,0.13923,0.10879,0.12391,0.31922,0.15719,0.1294,0.05574,0.28807,0.13159,0.09631,0.03452,1.71918,3.00959,6.48021,1.65872,0,0,0,0.000639203,0.000639203,0.000639203
143,4450.41,2.11409,3.59197,2.74922,1.9093,0.14337,0.11278,0.12918,0.34879,0.17406,0.1508,0.06495,0.3108,0.13536,0.10702,0.03663,1.71936,2.99705,6.41957,1.67706,0,0,0,0.000637828,0.000637828,0.000637828
144,4480.99,2.10042,3.62429,2.78703,1.91776,0.13706,0.10771,0.1241,0.28585,0.18827,0.18147,0.06547,0.28687,0.12102,0.11305,0.03332,1.7072,2.98685,6.77908,1.67008,0,0,0,0.000636454,0.000636454,0.000636454
145,4512.05,2.08801,3.59704,2.73007,1.91242,0.14044,0.10682,0.12547,0.35102,0.18767,0.14151,0.06562,0.30905,0.13669,0.09862,0.03495,1.72692,2.98283,6.15839,1.68581,0,0,0,0.000635079,0.000635079,0.000635079
146,4543.01,2.06019,3.54967,2.74291,1.89649,0.14437,0.1115,0.12761,0.30678,0.18193,0.14908,0.06836,0.45063,0.11872,0.10073,0.0367,1.68497,2.95334,6.4035,1.64373,0,0,0,0.000633705,0.000633705,0.000633705
147,4573.83,2.04407,3.56204,2.72645,1.89915,0.1374,0.10709,0.12377,0.4307,0.20078,0.17888,0.07872,0.30051,0.12018,0.10506,0.03517,1.69003,2.9375,5.80327,1.65722,0,0,0,0.00063233,0.00063233,0.00063233
148,4604.57,2.07955,3.54133,2.69572,1.87518,0.14269,0.11165,0.12815,0.50512,0.16146,0.18743,0.0827,0.44091,0.15638,0.12874,0.04335,1.69763,2.92507,7.11834,1.64499,0,0,0,0.000630956,0.000630956,0.000630956
149,4635.78,2.08006,3.57242,2.72047,1.87496,0.13949,0.11207,0.1264,0.33916,0.17345,0.15792,0.07164,0.44248,0.11605,0.12227,0.03449,1.70714,2.93795,5.26989,1.65717,0,0,0,0.000629581,0.000629581,0.000629581
150,4666.38,2.04169,3.58687,2.68584,1.86407,0.14086,0.10756,0.12625,0.39696,0.17083,0.20523,0.08671,0.30979,0.11274,0.09366,0.03204,1.6995,2.95107,5.49683,1.65622,0,0,0,0.000628207,0.000628207,0.000628207
151,4697.55,2.06394,3.53197,2.66668,1.87251,0.14517,0.11501,0.13087,0.34628,0.19677,0.21462,0.09606,0.45255,0.14591,0.15497,0.06099,1.71035,2.91485,6.0222,1.67003,0,0,0,0.000626832,0.000626832,0.000626832
152,4728.64,2.01559,3.46139,2.77683,1.84999,0.14033,0.10887,0.12572,0.40004,0.20403,0.19326,0.08857,0.3451,0.1474,0.13815,0.04572,1.71823,2.91872,7.11758,1.66383,0,0,0,0.000625458,0.000625458,0.000625458
153,4759.58,2.08996,3.53556,2.75697,1.91019,0.13991,0.10703,0.12365,0.3185,0.18495,0.16913,0.06957,0.279,0.13081,0.0943,0.03513,1.69707,2.90082,5.18437,1.65483,0,0,0,0.000624084,0.000624084,0.000624084
154,4790.49,2.04612,3.56346,2.72049,1.90111,0.14759,0.11566,0.13156,0.39717,0.15618,0.13866,0.06124,0.35148,0.10848,0.10563,0.03261,1.72151,2.95193,4.90614,1.66816,0,0,0,0.000622709,0.000622709,0.000622709
155,4821.32,2.04752,3.57086,2.65303,1.85556,0.14533,0.11661,0.13044,0.31505,0.23277,0.21216,0.08448,0.30524,0.11786,0.12529,0.04379,1.69181,2.96294,4.88863,1.64776,0,0,0,0.000621335,0.000621335,0.000621335
156,4852.41,2.09433,3.56992,2.65086,1.85938,0.1371,0.10889,0.1239,0.35086,0.23225,0.19733,0.08265,0.2956,0.17073,0.11954,0.04038,1.67829,2.91366,5.76605,1.64375,0,0,0,0.00061996,0.00061996,0.00061996
157,4883.36,2.0523,3.52342,2.61931,1.84003,0.1398,0.1107,0.12552,0.35848,0.20608,0.19293,0.08052,0.27813,0.14885,0.09634,0.0335,1.67381,2.88865,7.34353,1.63748,0,0,0,0.000618586,0.000618586,0.000618586
158,4914.15,2.07411,3.52172,2.65859,1.89031,0.14238,0.11332,0.12893,0.3499,0.20868,0.19769,0.09015,0.32615,0.15302,0.14155,0.05311,1.65849,2.86712,6.85594,1.62523,0,0,0,0.000617211,0.000617211,0.000617211
159,4944.74,2.02972,3.51751,2.59459,1.85297,0.14613,0.11502,0.13064,0.46078,0.17686,0.22957,0.10289,0.35824,0.13714,0.15113,0.05061,1.63006,2.8515,6.53187,1.61534,0,0,0,0.000615837,0.000615837,0.000615837
160,4975.45,2.02103,3.49388,2.60764,1.83079,0.14139,0.11135,0.12767,0.40122,0.19423,0.19492,0.08471,0.32365,0.15879,0.12893,0.04627,1.66749,2.88797,5.91625,1.62867,0,0,0,0.000614462,0.000614462,0.000614462
161,5006.35,1.96582,3.43737,2.53926,1.82595,0.13328,0.1072,0.12083,0.3727,0.18544,0.22614,0.1175,0.36444,0.14625,0.16713,0.05996,1.62915,2.84221,5.44855,1.59883,0,0,0,0.000613088,0.000613088,0.000613088
162,5037.3,2.04773,3.50581,2.57479,1.84214,0.14013,0.1096,0.12658,0.3642,0.19257,0.19698,0.09394,0.25126,0.15722,0.128,0.04606,1.62906,2.86096,6.92029,1.60663,0,0,0,0.000611714,0.000611714,0.000611714
163,5068.44,2.00119,3.50083,2.58086,1.8666,0.1441,0.11252,0.12756,0.34779,0.20529,0.22967,0.09389,0.31466,0.16032,0.13747,0.04659,1.64452,2.85784,6.88405,1.60358,0,0,0,0.000610339,0.000610339,0.000610339
164,5099.29,2.04313,3.49972,2.5416,1.81123,0.14343,0.11382,0.12884,0.34629,0.20388,0.20248,0.08275,0.33204,0.16005,0.14733,0.05138,1.64218,2.87123,7.99215,1.6068,0,0,0,0.000608965,0.000608965,0.000608965
165,5130.31,2.00735,3.37859,2.54977,1.85355,0.13988,0.11147,0.12632,0.35629,0.20182,0.21081,0.09124,0.34547,0.15693,0.15921,0.0569,1.62983,2.82522,5.59419,1.60836,0,0,0,0.00060759,0.00060759,0.00060759
166,5161.15,1.97882,3.4625,2.5289,1.82334,0.13941,0.11139,0.1258,0.50122,0.19066,0.20545,0.09705,0.46052,0.14098,0.14534,0.05175,1.61485,2.82397,5.54073,1.59587,0,0,0,0.000606216,0.000606216,0.000606216
167,5191.93,2.01091,3.44829,2.54999,1.83471,0.1412,0.11165,0.1272,0.45442,0.21482,0.19936,0.09392,0.40782,0.17212,0.142,0.05097,1.64282,2.82799,5.62637,1.60271,0,0,0,0.000604841,0.000604841,0.000604841
168,5222.69,2.02383,3.47802,2.522,1.83353,0.14308,0.1113,0.12673,0.31172,0.25224,0.21812,0.10097,0.40244,0.14557,0.17576,0.05498,1.64973,2.83373,5.62304,1.60097,0,0,0,0.000603467,0.000603467,0.000603467
169,5253.65,2.01316,3.46177,2.54945,1.80747,0.14464,0.11517,0.12948,0.34626,0.19395,0.20521,0.09722,0.36068,0.13654,0.16076,0.056,1.62383,2.81389,6.76694,1.58955,0,0,0,0.000602092,0.000602092,0.000602092
170,5284.41,1.96517,3.43224,2.47343,1.8021,0.14069,0.11201,0.12664,0.31119,0.25471,0.23761,0.10921,0.27087,0.1959,0.15148,0.06003,1.61442,2.83648,6.35395,1.59082,0,0,0,0.000600718,0.000600718,0.000600718
171,5315.35,1.99433,3.40173,2.46687,1.81026,0.13378,0.10741,0.12108,0.29713,0.2439,0.21301,0.09225,0.26845,0.20594,0.15934,0.0567,1.6183,2.79303,6.54848,1.58347,0,0,0,0.000599343,0.000599343,0.000599343
172,5346.29,1.97838,3.38034,2.57684,1.8535,0.13643,0.10508,0.12197,0.34575,0.25378,0.24458,0.11591,0.28808,0.19918,0.19084,0.0744,1.59468,2.76728,6.19676,1.58794,0,0,0,0.000597969,0.000597969,0.000597969
173,5377.53,1.94735,3.48959,2.64146,1.8545,0.14332,0.11112,0.12713,0.48078,0.19336,0.22952,0.0968,0.44021,0.16573,0.17461,0.06158,1.61931,2.77167,6.90802,1.5991,0,0,0,0.000596595,0.000596595,0.000596595
174,5408.66,2.01347,3.47616,2.59006,1.83296,0.13685,0.10738,0.12343,0.24998,0.28115,0.21781,0.09797,0.15927,0.20712,0.16503,0.06112,1.62723,2.80221,6.58048,1.58372,0,0,0,0.00059522,0.00059522,0.00059522
175,5439.33,1.97235,3.43375,2.45365,1.80794,0.13626,0.10858,0.1232,0.37482,0.29117,0.21234,0.0919,0.32355,0.2654,0.1638,0.06227,1.61533,2.81653,6.9134,1.58859,0,0,0,0.000593846,0.000593846,0.000593846
176,5470.54,2.01175,3.47488,2.52247,1.81062,0.14208,0.11381,0.12879,0.47165,0.25508,0.21566,0.09091,0.40574,0.21727,0.15745,0.04922,1.62349,2.7943,5.82705,1.58466,0,0,0,0.000592471,0.000592471,0.000592471
177,5501.57,1.9913,3.41325,2.54772,1.84583,0.14142,0.11232,0.12793,0.44314,0.27565,0.24211,0.1077,0.47474,0.20811,0.17853,0.06306,1.59917,2.76232,6.76469,1.57742,0,0,0,0.000591097,0.000591097,0.000591097
178,5532.23,1.98125,3.44342,2.48543,1.81214,0.13945,0.11186,0.12583,0.30106,0.30203,0.21848,0.09779,0.23051,0.23688,0.16321,0.05543,1.56626,2.76479,7.58658,1.56252,0,0,0,0.000589722,0.000589722,0.000589722
179,5563.23,1.94698,3.39121,2.40081,1.79149,0.14099,0.11354,0.12734,0.23767,0.28923,0.2365,0.10389,0.20887,0.25385,0.18599,0.06253,1.63083,2.79232,7.9813,1.585,0,0,0,0.000588348,0.000588348,0.000588348
180,5594.11,1.95789,3.34496,2.415,1.78023,0.13474,0.10818,0.12244,0.29435,0.32252,0.24596,0.11536,0.24709,0.27698,0.18745,0.06682,1.59273,2.74727,6.09326,1.56541,0,0,0,0.000586973,0.000586973,0.000586973
181,5624.99,1.92299,3.36683,2.41882,1.77972,0.13992,0.11059,0.12599,0.32155,0.31455,0.23431,0.10613,0.2563,0.26381,0.17669,0.06105,1.57298,2.72989,5.63964,1.56586,0,0,0,0.000585599,0.000585599,0.000585599
182,5656.43,1.95448,3.35149,2.40822,1.7829,0.14146,0.11313,0.12614,0.41138,0.33179,0.23275,0.10515,0.38986,0.25696,0.16098,0.05716,1.567,2.72319,7.00131,1.53651,0,0,0,0.000584225,0.000584225,0.000584225
183,5687.38,1.96937,3.40652,2.54368,1.8212,0.13812,0.10917,0.12386,0.36591,0.31835,0.26023,0.11726,0.29479,0.2226,0.19661,0.06607,1.58089,2.73987,6.54625,1.563,0,0,0,0.00058285,0.00058285,0.00058285
184,5718.26,1.99023,3.37888,2.48862,1.81506,0.13661,0.10789,0.12309,0.25831,0.34009,0.2622,0.12115,0.22531,0.2449,0.18883,0.0641,1.56186,2.74927,6.30247,1.55666,0,0,0,0.000581476,0.000581476,0.000581476
185,5749.47,1.93963,3.40131,2.43946,1.79318,0.13615,0.1068,0.12225,0.5614,0.2519,0.28994,0.1252,0.52949,0.22191,0.22322,0.07688,1.55482,2.6836,6.90672,1.53827,0,0,0,0.000580101,0.000580101,0.000580101
186,5780.55,1.97706,3.39466,2.42893,1.79649,0.14529,0.11411,0.1302,0.36103,0.31466,0.24168,0.1168,0.35972,0.18683,0.16936,0.06344,1.5692,2.70528,6.79403,1.55285,0,0,0,0.000578727,0.000578727,0.000578727
187,5811.65,1.91533,3.29558,2.4716,1.77092,0.13439,0.10759,0.1211,0.29569,0.33399,0.24674,0.12363,0.2393,0.26907,0.18296,0.07433,1.55169,2.7023,6.61141,1.54483,0,0,0,0.000577352,0.000577352,0.000577352
188,5842.26,1.97519,3.35083,2.41797,1.79777,0.13775,0.10986,0.12365,0.32445,0.32221,0.25108,0.11812,0.31109,0.17492,0.16441,0.06508,1.57574,2.68664,7.44133,1.54725,0,0,0,0.000575978,0.000575978,0.000575978
189,5873.45,1.98882,3.40619,2.40253,1.77415,0.14206,0.11473,0.12772,0.32306,0.29282,0.21621,0.10509,0.21955,0.24678,0.15044,0.05838,1.55601,2.706,7.25011,1.53017,0,0,0,0.000574603,0.000574603,0.000574603
190,5904.43,1.9098,3.38104,2.40332,1.78493,0.13664,0.11027,0.12376,0.37617,0.31061,0.25598,0.12475,0.27277,0.20456,0.17438,0.06707,1.53063,2.64472,7.79563,1.5243,0,0,0,0.000573229,0.000573229,0.000573229
191,5935.47,1.9298,3.33657,2.42597,1.77698,0.13597,0.10826,0.12258,0.39991,0.32695,0.29198,0.15315,0.2535,0.27472,0.20867,0.08183,1.56128,2.6684,6.42344,1.53555,0,0,0,0.000571854,0.000571854,0.000571854
192,5966.67,1.93246,3.37297,2.39932,1.77593,0.13744,0.10814,0.12393,0.40517,0.2924,0.26066,0.12061,0.49387,0.22,0.19333,0.06831,1.54119,2.67537,7.02465,1.52851,0,0,0,0.00057048,0.00057048,0.00057048
193,5997.82,1.94496,3.35416,2.366,1.77031,0.14076,0.11058,0.12572,0.54931,0.22263,0.27181,0.12437,0.48726,0.19109,0.18949,0.07049,1.53697,2.65229,7.07455,1.52634,0,0,0,0.000569106,0.000569106,0.000569106
194,6028.66,1.96495,3.35341,2.41872,1.78778,0.13504,0.10608,0.12113,0.32265,0.324,0.25214,0.11887,0.31059,0.23489,0.17537,0.06232,1.54489,2.68325,6.16785,1.53537,0,0,0,0.000567731,0.000567731,0.000567731
195,6059.89,1.97641,3.34828,2.37213,1.79147,0.1371,0.11052,0.1239,0.27207,0.37695,0.28039,0.1354,0.24486,0.288,0.20019,0.07377,1.53309,2.70633,6.28985,1.52541,0,0,0,0.000566357,0.000566357,0.000566357
196,6091,1.94251,3.31428,2.38586,1.7547,0.14049,0.11105,0.12558,0.26448,0.36591,0.27149,0.1294,0.37794,0.2664,0.17972,0.07041,1.53707,2.67278,8.19482,1.53293,0,0,0,0.000564982,0.000564982,0.000564982
197,6121.98,1.93111,3.36454,2.30911,1.78379,0.14024,0.11114,0.12478,0.34336,0.32052,0.29153,0.13649,0.3083,0.20796,0.2198,0.08368,1.52723,2.67539,7.50393,1.52478,0,0,0,0.000563608,0.000563608,0.000563608
198,6152.96,1.91322,3.37503,2.39272,1.78092,0.14037,0.1113,0.12551,0.37258,0.30092,0.27472,0.13012,0.27596,0.24289,0.1836,0.06916,1.5254,2.68677,7.43373,1.51997,0,0,0,0.000562233,0.000562233,0.000562233
199,6183.96,1.92856,3.28464,2.37448,1.77867,0.14119,0.11194,0.12625,0.31999,0.38809,0.28408,0.13648,0.24796,0.26176,0.18078,0.06594,1.52457,2.64492,7.13912,1.5155,0,0,0,0.000560859,0.000560859,0.000560859
200,6214.53,1.91266,3.29002,2.26543,1.73978,0.13957,0.11208,0.12547,0.31313,0.38436,0.31247,0.14695,0.2422,0.28323,0.21853,0.07473,1.4926,2.59744,7.13719,1.49882,0,0,0,0.000559484,0.000559484,0.000559484
201,6246,1.85808,3.27845,2.24187,1.71437,0.13997,0.1129,0.12638,0.31584,0.34987,0.29548,0.14387,0.29224,0.2797,0.21765,0.07656,1.49718,2.62321,7.11453,1.49711,0,0,0,0.00055811,0.00055811,0.00055811
202,6277.17,1.87939,3.2901,2.31949,1.76897,0.13631,0.10908,0.123,0.30165,0.3818,0.29398,0.14307,0.24339,0.30547,0.21337,0.08126,1.4946,2.59501,9.2581,1.50595,0,0,0,0.000556736,0.000556736,0.000556736
203,6308.21,1.88372,3.24658,2.26358,1.7647,0.14261,0.11526,0.12697,0.30713,0.38146,0.31707,0.15611,0.24573,0.31345,0.22595,0.08745,1.4984,2.63774,9.15729,1.49966,0,0,0,0.000555361,0.000555361,0.000555361
204,6339.56,1.87327,3.28083,2.30369,1.7563,0.14045,0.11175,0.12642,0.32135,0.41666,0.30989,0.15106,0.23116,0.33637,0.22294,0.08752,1.49722,2.59168,6.32197,1.50376,0,0,0,0.000553987,0.000553987,0.000553987
205,6370.4,1.89383,3.31448,2.30589,1.75403,0.13846,0.11169,0.12462,0.31647,0.39432,0.32636,0.15824,0.22609,0.32786,0.21452,0.08592,1.49006,2.60914,6.32129,1.50275,0,0,0,0.000552612,0.000552612,0.000552612
206,6401.42,1.87514,3.32431,2.32138,1.76153,0.14138,0.1109,0.12566,0.3266,0.39605,0.31785,0.15225,0.25693,0.34069,0.21846,0.08928,1.48968,2.6281,6.85222,1.48903,0,0,0,0.000551238,0.000551238,0.000551238
207,6432.31,1.86563,3.25325,2.25713,1.71915,0.14099,0.11096,0.12574,0.34101,0.35264,0.2988,0.1623,0.25061,0.30349,0.22738,0.10014,1.49781,2.63252,7.65354,1.5027,0,0,0,0.000549863,0.000549863,0.000549863
208,6463.16,1.88358,3.26995,2.32601,1.74934,0.137,0.10738,0.122,0.26567,0.4224,0.30526,0.15831,0.3847,0.28637,0.2307,0.09103,1.53696,2.64245,7.32947,1.52795,0,0,0,0.000548489,0.000548489,0.000548489
209,6494.02,1.92737,3.31709,2.28168,1.74287,0.13927,0.11189,0.12436,0.33435,0.37674,0.31295,0.15486,0.30652,0.27031,0.23586,0.08334,1.48518,2.59953,6.65858,1.49958,0,0,0,0.000547114,0.000547114,0.000547114
210,6524.85,1.88877,3.23355,2.27096,1.74087,0.13692,0.10994,0.12231,0.3256,0.41166,0.31566,0.15761,0.24435,0.34114,0.23649,0.09209,1.4801,2.57605,6.98304,1.48798,0,0,0,0.00054574,0.00054574,0.00054574
211,6555.85,1.88372,3.29517,2.32734,1.73886,0.13791,0.11155,0.12373,0.32726,0.42341,0.33005,0.1744,0.25418,0.35068,0.24499,0.10004,1.48509,2.56373,7.0837,1.47864,0,0,0,0.000544365,0.000544365,0.000544365
212,6586.82,1.88123,3.25885,2.27552,1.71555,0.13583,0.10914,0.12193,0.32303,0.38824,0.30712,0.16257,0.25018,0.31919,0.22541,0.09827,1.47769,2.56386,6.65413,1.47876,0,0,0,0.000542991,0.000542991,0.000542991
213,6617.88,1.90813,3.26486,2.29009,1.75664,0.14215,0.11228,0.12661,0.28436,0.41921,0.32255,0.16225,0.27768,0.2903,0.24857,0.09876,1.48347,2.55895,5.69871,1.48283,0,0,0,0.000541617,0.000541617,0.000541617
214,6648.64,1.9028,3.25663,2.26782,1.73865,0.13701,0.10928,0.12112,0.36415,0.38583,0.31667,0.17003,0.27444,0.32192,0.23075,0.10173,1.46512,2.56973,7.17134,1.48018,0,0,0,0.000540242,0.000540242,0.000540242
215,6679.33,1.89774,3.23488,2.25442,1.74624,0.14114,0.11535,0.12731,0.37584,0.41378,0.33873,0.17977,0.27809,0.33841,0.23272,0.1037,1.4554,2.54814,6.37538,1.47273,0,0,0,0.000538868,0.000538868,0.000538868
216,6710.47,1.8563,3.22561,2.25731,1.73035,0.13476,0.1103,0.12223,0.32304,0.39243,0.33317,0.16593,0.26107,0.33416,0.25865,0.10507,1.46464,2.55819,7.63048,1.47894,0,0,0,0.000537493,0.000537493,0.000537493
217,6741.14,1.89207,3.21161,2.28527,1.73129,0.13384,0.10754,0.12135,0.42942,0.31425,0.32863,0.1721,0.20937,0.36437,0.24548,0.10601,1.49211,2.57412,6.87303,1.49039,0,0,0,0.000536119,0.000536119,0.000536119
218,6771.66,1.88463,3.21149,2.3359,1.75728,0.13943,0.11188,0.12413,0.35519,0.42332,0.35238,0.17655,0.3776,0.25219,0.2507,0.10368,1.46012,2.55718,7.28497,1.47176,0,0,0,0.000534744,0.000534744,0.000534744
219,6802.7,1.8306,3.23572,2.1764,1.71866,0.13443,0.1139,0.12265,0.37837,0.42389,0.38641,0.203,0.28441,0.32911,0.277,0.119,1.44749,2.52949,8.08766,1.46747,0,0,0,0.00053337,0.00053337,0.00053337
220,6833.97,1.85697,3.18877,2.26944,1.71852,0.13939,0.10976,0.12315,0.36227,0.41717,0.35609,0.18865,0.29684,0.3101,0.26612,0.113,1.44063,2.52528,7.25914,1.45867,0,0,0,0.000531995,0.000531995,0.000531995
221,6865.3,1.84453,3.20716,2.26859,1.73003,0.13996,0.11137,0.12499,0.34387,0.39913,0.36251,0.18816,0.24919,0.3483,0.26904,0.117,1.4496,2.53417,7.62201,1.46265,0,0,0,0.000530621,0.000530621,0.000530621
222,6896.34,1.84973,3.20805,2.24021,1.72779,0.13666,0.10597,0.12034,0.40138,0.40302,0.36893,0.19403,0.30733,0.30793,0.26371,0.12207,1.43842,2.52997,6.38515,1.4633,0,0,0,0.000529247,0.000529247,0.000529247
223,6927.26,1.87585,3.25587,2.22854,1.7157,0.1359,0.10538,0.11962,0.42834,0.38677,0.37437,0.19738,0.33561,0.30709,0.28665,0.12605,1.44601,2.53479,6.54443,1.46126,0,0,0,0.000527872,0.000527872,0.000527872
224,6958.4,1.86202,3.20394,2.213,1.73375,0.13241,0.10616,0.11987,0.39113,0.405,0.36782,0.19177,0.3537,0.28973,0.26977,0.11116,1.45348,2.5286,6.08398,1.46057,0,0,0,0.000526498,0.000526498,0.000526498
225,6989.45,1.84178,3.1323,2.18576,1.71503,0.13633,0.1114,0.12258,0.32912,0.41974,0.37788,0.19945,0.2743,0.36247,0.28219,0.12607,1.4487,2.56008,6.62134,1.46466,0,0,0,0.000525123,0.000525123,0.000525123
226,7020.3,1.8595,3.20714,2.20739,1.71414,0.14515,0.11645,0.12787,0.37521,0.41204,0.37126,0.19783,0.38497,0.28455,0.28706,0.12321,1.42726,2.51163,8.92841,1.44566,0,0,0,0.000523749,0.000523749,0.000523749
227,7051.16,1.83608,3.14234,2.14691,1.70895,0.14211,0.11429,0.12649,0.35937,0.42351,0.36081,0.18585,0.28505,0.34677,0.26956,0.11232,1.412,2.53707,8.31837,1.44006,0,0,0,0.000522374,0.000522374,0.000522374
228,7082.4,1.82196,3.16029,2.07175,1.66047,0.14348,0.11819,0.12898,0.37055,0.45128,0.37623,0.20158,0.2902,0.37332,0.28683,0.13412,1.4115,2.48319,8.42175,1.43596,0,0,0,0.000521,0.000521,0.000521
229,7113.62,1.80647,3.15911,2.24388,1.71929,0.1401,0.10783,0.12235,0.41877,0.40237,0.38727,0.20193,0.34564,0.3427,0.30062,0.12744,1.42398,2.49309,7.45419,1.45325,0,0,0,0.000519625,0.000519625,0.000519625
230,7144.53,1.85563,3.19426,2.19832,1.68432,0.13792,0.10958,0.12188,0.39236,0.43012,0.386,0.19285,0.29167,0.34149,0.27871,0.11541,1.43811,2.52445,6.5141,1.44346,0,0,0,0.000518251,0.000518251,0.000518251
231,7175.31,1.80113,3.11575,2.17897,1.69439,0.13388,0.10904,0.11962,0.35552,0.38605,0.35094,0.20129,0.35684,0.33265,0.27429,0.13418,1.44763,2.55156,7.11318,1.46556,0,0,0,0.000516877,0.000516877,0.000516877
232,7206.28,1.81029,3.23123,2.15105,1.71007,0.14379,0.1145,0.12656,0.41778,0.36842,0.35574,0.19755,0.33386,0.31768,0.27201,0.12443,1.41682,2.48841,7.45747,1.44197,0,0,0,0.000515502,0.000515502,0.000515502
233,7237.39,1.85259,3.18354,2.08177,1.67879,0.13604,0.11193,0.12226,0.31648,0.45397,0.40344,0.20963,0.26497,0.36439,0.31004,0.13189,1.39171,2.47241,8.53335,1.41685,0,0,0,0.000514128,0.000514128,0.000514128
234,7268.51,1.8243,3.21555,2.18628,1.69662,0.13386,0.1071,0.11909,0.36013,0.47754,0.38678,0.20329,0.27996,0.40726,0.28846,0.13113,1.40826,2.47778,6.5369,1.42802,0,0,0,0.000512753,0.000512753,0.000512753
235,7299.68,1.81769,3.20376,2.1567,1.70936,0.13786,0.11047,0.12208,0.34338,0.45216,0.39038,0.20437,0.35155,0.3177,0.29085,0.12784,1.40013,2.48586,7.00278,1.43125,0,0,0,0.000511379,0.000511379,0.000511379
236,7330.26,1.82405,3.16397,2.16126,1.70278,0.14286,0.114,0.12543,0.40143,0.42112,0.3818,0.19647,0.27617,0.36057,0.28653,0.12235,1.38289,2.48701,7.38371,1.42514,0,0,0,0.000510004,0.000510004,0.000510004
237,7361.25,1.81786,3.14616,2.07565,1.66734,0.14273,0.11747,0.12756,0.32757,0.46164,0.3929,0.21191,0.26687,0.40036,0.31197,0.13402,1.38462,2.44269,7.82058,1.41012,0,0,0,0.00050863,0.00050863,0.00050863
238,7392.21,1.76268,3.11026,2.09874,1.6636,0.13542,0.11079,0.12049,0.384,0.40649,0.38058,0.21304,0.32603,0.35177,0.3034,0.12727,1.37596,2.45894,7.73294,1.40696,0,0,0,0.000507255,0.000507255,0.000507255
239,7422.83,1.82325,3.14184,2.1637,1.6831,0.13813,0.11,0.12201,0.43293,0.41239,0.40347,0.22854,0.34078,0.34898,0.31362,0.14602,1.3664,2.44041,7.86796,1.402,0,0,0,0.000505881,0.000505881,0.000505881
240,7454.7,1.78934,3.11439,2.09224,1.65802,0.13613,0.11154,0.12245,0.4106,0.41415,0.40825,0.2238,0.31145,0.36761,0.31378,0.14466,1.3894,2.4258,6.61189,1.421,0,0,0,0.000504506,0.000504506,0.000504506
241,7485.51,1.85233,3.18459,2.13399,1.66071,0.14073,0.11328,0.12472,0.36241,0.44467,0.41045,0.21258,0.3066,0.39094,0.3145,0.13558,1.38653,2.43779,7.45205,1.41557,0,0,0,0.000503132,0.000503132,0.000503132
242,7516.25,1.83628,3.12725,2.15698,1.7038,0.14148,0.1149,0.12666,0.33486,0.47575,0.3892,0.21457,0.37876,0.35127,0.30553,0.14106,1.37732,2.45859,6.28949,1.41201,0,0,0,0.000501758,0.000501758,0.000501758
243,7547.35,1.82478,3.15801,2.17196,1.71146,0.13423,0.10726,0.11832,0.40101,0.45081,0.40713,0.22886,0.33004,0.36704,0.31157,0.15102,1.36187,2.42301,6.58373,1.40118,0,0,0,0.000500383,0.000500383,0.000500383
244,7578.41,1.83128,3.14558,2.12574,1.66736,0.13745,0.11057,0.12191,0.36629,0.45119,0.39234,0.21134,0.28423,0.37447,0.29648,0.13645,1.37915,2.45354,7.06978,1.41047,0,0,0,0.000499009,0.000499009,0.000499009
245,7609.11,1.80437,3.14409,2.2043,1.68601,0.13674,0.10871,0.1214,0.41438,0.42735,0.39823,0.21257,0.33804,0.37262,0.31516,0.14532,1.3709,2.45378,6.70126,1.40913,0,0,0,0.000497634,0.000497634,0.000497634
246,7639.79,1.82617,3.13501,2.09612,1.67098,0.13943,0.11236,0.12455,0.3772,0.43159,0.37245,0.20051,0.30058,0.38333,0.28841,0.13057,1.38746,2.41989,7.62498,1.42262,0,0,0,0.00049626,0.00049626,0.00049626
247,7670.63,1.79109,3.08981,2.06953,1.65333,0.13372,0.10669,0.11826,0.34277,0.47308,0.39657,0.21665,0.40798,0.351,0.30854,0.14295,1.35859,2.39928,7.10493,1.40773,0,0,0,0.000494885,0.000494885,0.000494885
248,7701.33,1.86105,3.05318,2.18785,1.69317,0.12959,0.10624,0.11671,0.37819,0.44733,0.39887,0.22103,0.34601,0.32719,0.29829,0.13139,1.37705,2.41924,6.77864,1.41587,0,0,0,0.000493511,0.000493511,0.000493511
249,7732.27,1.76679,2.99176,2.02815,1.66234,0.13766,0.11187,0.12167,0.39809,0.46504,0.41719,0.22682,0.30185,0.39342,0.32585,0.14666,1.36559,2.37785,7.17147,1.40179,0,0,0,0.000492136,0.000492136,0.000492136
250,7763.07,1.79472,3.14283,2.09836,1.65339,0.14045,0.11294,0.12377,0.43385,0.4289,0.40851,0.22206,0.37906,0.34495,0.30886,0.14662,1.39877,2.40722,8.04065,1.40849,0,0,0,0.000490762,0.000490762,0.000490762
251,7794.14,1.7944,3.08875,2.07058,1.65417,0.13839,0.11295,0.12322,0.49834,0.42001,0.41682,0.23715,0.40932,0.34232,0.30962,0.14621,1.37127,2.37132,7.53368,1.39781,0,0,0,0.000489387,0.000489387,0.000489387
252,7825.35,1.797,3.06649,2.05981,1.67494,0.13792,0.11016,0.12133,0.43007,0.41001,0.409,0.22989,0.29572,0.38927,0.30551,0.14392,1.36933,2.37199,8.29112,1.39925,0,0,0,0.000488013,0.000488013,0.000488013
253,7856.23,1.78643,3.03873,2.01736,1.63586,0.13015,0.10779,0.11638,0.40045,0.44652,0.40421,0.22324,0.37155,0.36935,0.31,0.14708,1.36839,2.39199,7.82583,1.39497,0,0,0,0.000486639,0.000486639,0.000486639
254,7887.27,1.7811,3.07179,2.07426,1.64948,0.14244,0.11608,0.12657,0.42189,0.47888,0.41666,0.23166,0.31446,0.39451,0.30528,0.14365,1.346,2.37388,7.40334,1.37952,0,0,0,0.000485264,0.000485264,0.000485264
255,7917.81,1.75872,3.07258,2.07775,1.68519,0.13365,0.10771,0.1191,0.38357,0.46097,0.4027,0.22548,0.32412,0.37147,0.30038,0.13711,1.36413,2.38338,7.73019,1.39572,0,0,0,0.00048389,0.00048389,0.00048389
256,7948.56,1.78673,3.06253,2.05698,1.6697,0.13624,0.10742,0.11935,0.39231,0.4352,0.41621,0.2347,0.28101,0.44527,0.32894,0.15624,1.34572,2.37685,7.86165,1.38169,0,0,0,0.000482515,0.000482515,0.000482515
257,7979.7,1.77635,3.09157,2.05505,1.64212,0.13597,0.11135,0.12199,0.3929,0.45963,0.42742,0.23977,0.33222,0.39324,0.32884,0.15939,1.34069,2.36966,6.94153,1.37683,0,0,0,0.000481141,0.000481141,0.000481141
258,8010.61,1.8015,3.14231,2.08327,1.63758,0.13716,0.11214,0.12247,0.37073,0.49636,0.42008,0.23698,0.40835,0.33882,0.32005,0.15369,1.31299,2.32983,7.09336,1.3687,0,0,0,0.000479766,0.000479766,0.000479766
259,8041.78,1.76624,2.99937,2.07817,1.65405,0.13385,0.1067,0.11805,0.40149,0.46286,0.41303,0.23295,0.33855,0.39243,0.30653,0.14089,1.33839,2.33557,7.72276,1.38356,0,0,0,0.000478392,0.000478392,0.000478392
260,8072.7,1.80638,3.05257,2.02182,1.64815,0.13713,0.11121,0.12154,0.37925,0.49324,0.44007,0.25357,0.30991,0.40044,0.32208,0.15936,1.33537,2.345,7.36197,1.36535,0,0,0,0.000477017,0.000477017,0.000477017
261,8103.92,1.72578,2.98654,1.98327,1.63931,0.13969,0.11363,0.12306,0.42468,0.44967,0.43916,0.25819,0.31982,0.40393,0.32986,0.16247,1.31826,2.32253,7.86881,1.35832,0,0,0,0.000475643,0.000475643,0.000475643
262,8134.71,1.76846,3.10773,2.01861,1.63385,0.13466,0.11143,0.12015,0.43908,0.45008,0.43501,0.23884,0.37861,0.37257,0.32745,0.16006,1.32708,2.32221,7.86882,1.36703,0,0,0,0.000474269,0.000474269,0.000474269
263,8165.65,1.7269,3.03864,2.05387,1.63285,0.13231,0.10661,0.11731,0.4117,0.4625,0.43525,0.24212,0.30382,0.40531,0.32519,0.16688,1.31045,2.34776,7.29503,1.36241,0,0,0,0.000472894,0.000472894,0.000472894
264,8196.51,1.76888,3.06567,2.00732,1.64494,0.13492,0.10845,0.12147,0.37332,0.53099,0.43294,0.24385,0.28661,0.46915,0.32804,0.16275,1.33046,2.34497,8.33475,1.3781,0,0,0,0.00047152,0.00047152,0.00047152
265,8227.46,1.73672,3.01436,2.0178,1.63964,0.13661,0.11174,0.12222,0.38747,0.47841,0.44248,0.24908,0.3126,0.41192,0.33032,0.16269,1.31298,2.31551,7.58099,1.36789,0,0,0,0.000470145,0.000470145,0.000470145
266,8258.7,1.78246,3.06405,2.08142,1.66063,0.13637,0.11298,0.12268,0.46342,0.41397,0.43879,0.26094,0.34362,0.35804,0.32484,0.15869,1.32765,2.31994,6.68953,1.36602,0,0,0,0.000468771,0.000468771,0.000468771
267,8289.65,1.72178,2.95809,1.97768,1.62397,0.13417,0.11267,0.1212,0.41529,0.48273,0.43628,0.25267,0.37978,0.36381,0.32803,0.16745,1.3239,2.29238,7.206,1.36215,0,0,0,0.000467396,0.000467396,0.000467396
268,8320.07,1.76764,3.06113,1.99819,1.62651,0.13322,0.10836,0.11826,0.43825,0.44356,0.44649,0.25431,0.39834,0.36975,0.34836,0.16938,1.32277,2.30928,6.89376,1.35679,0,0,0,0.000466022,0.000466022,0.000466022
269,8351.26,1.73079,2.99481,1.97546,1.6188,0.13021,0.10636,0.11704,0.3895,0.52023,0.44844,0.25531,0.35095,0.38143,0.33832,0.16997,1.29679,2.30399,6.31265,1.34723,0,0,0,0.000464647,0.000464647,0.000464647
270,8382.16,1.73484,3.03536,2.05118,1.62841,0.13231,0.10739,0.11709,0.34649,0.53254,0.43265,0.25058,0.32774,0.3827,0.31315,0.14628,1.29564,2.2906,6.18213,1.35197,0,0,0,0.000463273,0.000463273,0.000463273
271,8412.89,1.76155,3.08325,2.04392,1.65124,0.13794,0.11209,0.12295,0.36148,0.53953,0.44529,0.25436,0.38218,0.35528,0.32914,0.16054,1.30018,2.289,6.46683,1.35698,0,0,0,0.000461898,0.000461898,0.000461898
272,8443.5,1.7623,3.00377,1.98068,1.63309,0.13531,0.11052,0.1198,0.42173,0.48862,0.46175,0.25959,0.31298,0.44478,0.33403,0.16687,1.2911,2.29012,6.86683,1.33933,0,0,0,0.000460524,0.000460524,0.000460524
273,8474.34,1.75234,3.0066,1.99422,1.63511,0.13639,0.11231,0.12264,0.40751,0.50403,0.4455,0.25422,0.45689,0.32243,0.3253,0.16394,1.2922,2.28477,7.69665,1.34892,0,0,0,0.00045915,0.00045915,0.00045915
274,8504.91,1.76679,3.025,1.96882,1.62585,0.12544,0.1042,0.11269,0.43651,0.49381,0.44258,0.25785,0.3738,0.41405,0.33366,0.16282,1.27791,2.26305,8.0089,1.33255,0,0,0,0.000457775,0.000457775,0.000457775
275,8535.83,1.73451,2.9775,1.98766,1.61902,0.13387,0.10982,0.11979,0.36141,0.52687,0.44883,0.27022,0.30277,0.44925,0.34399,0.17727,1.30954,2.26046,7.70772,1.35584,0,0,0,0.000456401,0.000456401,0.000456401
276,8566.74,1.76814,2.98168,1.98177,1.61596,0.13497,0.10989,0.12019,0.37756,0.52137,0.4578,0.26344,0.27462,0.42547,0.3292,0.15764,1.30871,2.26521,7.12663,1.34824,0,0,0,0.000455026,0.000455026,0.000455026
277,8597.44,1.73471,2.97564,2.00547,1.60203,0.13255,0.10904,0.11884,0.40255,0.5009,0.44567,0.26862,0.29873,0.44324,0.33291,0.15706,1.29091,2.25778,7.13985,1.34212,0,0,0,0.000453652,0.000453652,0.000453652
278,8628.22,1.74127,2.98436,1.94421,1.61635,0.13322,0.10989,0.11878,0.47751,0.43128,0.47254,0.27588,0.35226,0.42444,0.35612,0.17949,1.27971,2.24165,7.98962,1.33545,0,0,0,0.000452277,0.000452277,0.000452277
279,8659.92,1.70637,3.00195,1.99109,1.61132,0.13926,0.1136,0.12392,0.35282,0.54363,0.45489,0.27526,0.40165,0.37315,0.35787,0.18191,1.28329,2.2534,7.74744,1.33743,0,0,0,0.000450903,0.000450903,0.000450903
280,8690.63,1.71512,2.97898,1.98704,1.6207,0.13423,0.11066,0.12096,0.37454,0.53453,0.47352,0.27663,0.3018,0.46849,0.38437,0.18678,1.26995,2.23294,7.7292,1.32862,0,0,0,0.000449528,0.000449528,0.000449528
281,8721.49,1.77337,3.07346,1.95894,1.61038,0.14046,0.11461,0.12334,0.40631,0.53342,0.4789,0.28492,0.31234,0.47703,0.36818,0.17834,1.2669,2.23493,7.89741,1.32488,0,0,0,0.000448154,0.000448154,0.000448154
282,8752.02,1.7465,2.95617,1.93409,1.63555,0.13315,0.11127,0.11973,0.44718,0.51007,0.4901,0.29885,0.36306,0.44442,0.37889,0.19088,1.25566,2.21479,7.10539,1.32189,0,0,0,0.00044678,0.00044678,0.00044678
283,8783.1,1.74365,2.97437,2.01259,1.62919,0.13811,0.10986,0.12228,0.43629,0.5061,0.4882,0.2931,0.35194,0.41503,0.38737,0.18971,1.2566,2.21386,7.81713,1.3238,0,0,0,0.000445405,0.000445405,0.000445405
284,8813.95,1.69971,2.95067,1.88729,1.57817,0.12957,0.10903,0.11771,0.4294,0.52285,0.48495,0.2843,0.37251,0.43775,0.38424,0.19017,1.23842,2.21747,7.75136,1.31326,0,0,0,0.000444031,0.000444031,0.000444031
285,8844.66,1.71902,2.93263,1.92733,1.60488,0.13534,0.11312,0.12247,0.43949,0.51922,0.47706,0.28265,0.39753,0.39669,0.37783,0.18191,1.25177,2.2394,7.97336,1.31383,0,0,0,0.000442656,0.000442656,0.000442656
286,8875.44,1.77211,3.012,1.99718,1.61872,0.13494,0.10989,0.12086,0.4287,0.52567,0.48671,0.28555,0.35291,0.47883,0.3923,0.18768,1.26395,2.23145,7.95153,1.32117,0,0,0,0.000441282,0.000441282,0.000441282
287,8906.24,1.72445,3.01155,1.93195,1.60756,0.13468,0.11129,0.12029,0.45241,0.51977,0.488,0.29801,0.41484,0.44864,0.40208,0.20696,1.26274,2.23443,7.95747,1.31694,0,0,0,0.000439907,0.000439907,0.000439907
288,8937.59,1.69659,3.00293,1.83744,1.59674,0.13903,0.11436,0.12312,0.46201,0.51895,0.5037,0.29918,0.4325,0.44054,0.40776,0.20265,1.2531,2.22223,8.25691,1.31157,0,0,0,0.000438533,0.000438533,0.000438533
289,8968.54,1.71226,2.95206,1.96912,1.63481,0.13184,0.10817,0.11777,0.46125,0.54076,0.49338,0.29305,0.38697,0.45706,0.39099,0.19071,1.24303,2.20553,8.32088,1.30764,0,0,0,0.000437158,0.000437158,0.000437158
290,8999.37,1.70335,2.93163,1.92711,1.58581,0.13501,0.11225,0.12062,0.44615,0.50575,0.48622,0.28781,0.33795,0.43594,0.3772,0.18705,1.25644,2.22166,7.03551,1.32059,0,0,0,0.000435784,0.000435784,0.000435784
291,9030.48,1.68617,2.90127,1.89225,1.59754,0.13269,0.11054,0.11988,0.39747,0.57202,0.49166,0.29456,0.32636,0.48716,0.36941,0.18313,1.25599,2.22287,7.10269,1.31663,0,0,0,0.000434409,0.000434409,0.000434409
292,9061.27,1.70161,2.92943,1.90566,1.59622,0.14177,0.11627,0.12552,0.39277,0.55018,0.47308,0.28396,0.33472,0.45001,0.36108,0.17756,1.25402,2.23775,8.17839,1.31432,0,0,0,0.000433035,0.000433035,0.000433035
293,9091.99,1.66908,2.97636,1.89952,1.58136,0.13593,0.10883,0.11883,0.4732,0.47226,0.48018,0.28792,0.40285,0.37372,0.36811,0.17746,1.23848,2.2218,8.1035,1.30765,0,0,0,0.000431661,0.000431661,0.000431661
294,9122.71,1.68624,2.91794,1.90833,1.58257,0.13691,0.1113,0.12139,0.46996,0.50833,0.48658,0.29891,0.39193,0.43566,0.38029,0.18934,1.25441,2.21286,7.28189,1.31382,0,0,0,0.000430286,0.000430286,0.000430286
295,9153.55,1.72821,2.98544,1.9236,1.59118,0.13686,0.11417,0.12328,0.40525,0.52774,0.47682,0.2943,0.32267,0.46572,0.36807,0.18174,1.2502,2.2026,8.33116,1.3101,0,0,0,0.000428912,0.000428912,0.000428912
296,9184.62,1.70458,2.9501,1.92941,1.62299,0.12767,0.10616,0.11489,0.46312,0.50309,0.50201,0.29883,0.35951,0.45181,0.39358,0.1945,1.23427,2.1794,7.35394,1.30233,0,0,0,0.000427537,0.000427537,0.000427537
297,9215.71,1.71581,2.96135,1.84613,1.58514,0.13326,0.10977,0.11956,0.42522,0.51186,0.49187,0.29825,0.35441,0.43015,0.37908,0.18915,1.2407,2.19239,8.2599,1.30525,0,0,0,0.000426163,0.000426163,0.000426163
298,9246.93,1.67813,2.87971,1.82513,1.56132,0.12891,0.10912,0.11698,0.45145,0.54902,0.49717,0.29373,0.36545,0.47373,0.38224,0.18587,1.24479,2.1973,8.01837,1.30644,0,0,0,0.000424788,0.000424788,0.000424788
299,9277.62,1.72958,2.91173,1.95162,1.60933,0.13007,0.10695,0.11635,0.47319,0.50686,0.49606,0.29276,0.3708,0.41906,0.37449,0.18267,1.2323,2.17027,7.3666,1.29944,0,0,0,0.000423414,0.000423414,0.000423414
300,9308.35,1.68122,2.92803,1.87444,1.58008,0.13732,0.11533,0.12437,0.41551,0.5278,0.49003,0.29297,0.34989,0.45661,0.38905,0.18872,1.25166,2.19754,8.34265,1.30877,0,0,0,0.000422039,0.000422039,0.000422039
301,9339.07,1.66896,2.92768,1.83504,1.5604,0.13051,0.11054,0.11904,0.41554,0.52117,0.49997,0.30354,0.33227,0.43471,0.38402,0.18353,1.23949,2.21733,8.17358,1.30181,0,0,0,0.000420665,0.000420665,0.000420665
302,9369.96,1.66769,2.89976,1.88887,1.58947,0.13337,0.11043,0.12034,0.50341,0.48172,0.49864,0.28877,0.46963,0.38044,0.38419,0.18345,1.22949,2.20635,7.64602,1.29943,0,0,0,0.000419291,0.000419291,0.000419291
303,9400.95,1.69103,2.89252,1.82694,1.55334,0.1416,0.11853,0.12634,0.44435,0.51321,0.506,0.29817,0.3812,0.40982,0.38471,0.18847,1.21407,2.21453,7.95415,1.29161,0,0,0,0.000417916,0.000417916,0.000417916
304,9432.07,1.69135,2.93878,1.91523,1.56911,0.13863,0.11527,0.12391,0.41332,0.56612,0.50128,0.29989,0.3574,0.48843,0.37835,0.19219,1.23269,2.20698,7.9004,1.29861,0,0,0,0.000416542,0.000416542,0.000416542
305,9463.01,1.67316,2.87343,1.88307,1.55332,0.12876,0.10586,0.11538,0.43104,0.5512,0.5182,0.30464,0.34629,0.5016,0.40126,0.20561,1.22169,2.18616,7.86539,1.29585,0,0,0,0.000415167,0.000415167,0.000415167
306,9493.94,1.68692,2.92417,1.87961,1.59686,0.13613,0.11316,0.12321,0.4324,0.55111,0.49133,0.29656,0.36495,0.46909,0.38514,0.19142,1.2325,2.17881,7.163,1.30659,0,0,0,0.000413793,0.000413793,0.000413793
307,9524.63,1.68285,2.91557,1.87977,1.55622,0.12885,0.10727,0.11642,0.4655,0.51941,0.50639,0.31488,0.34793,0.49881,0.3994,0.20466,1.22081,2.15451,7.53048,1.29902,0,0,0,0.000412418,0.000412418,0.000412418
308,9555.59,1.6703,2.94003,1.98525,1.58432,0.12978,0.10875,0.11771,0.47832,0.52987,0.51824,0.3108,0.39778,0.45737,0.40353,0.21256,1.21197,2.15534,7.53212,1.28841,0,0,0,0.000411044,0.000411044,0.000411044
309,9586.43,1.68855,2.94851,1.8765,1.59741,0.13272,0.10971,0.11883,0.51041,0.4889,0.52012,0.31931,0.42079,0.41721,0.40655,0.20991,1.22248,2.18888,7.52728,1.30357,0,0,0,0.000409669,0.000409669,0.000409669
310,9617.55,1.65595,2.9533,1.89216,1.58507,0.13149,0.1056,0.11606,0.49493,0.49201,0.51932,0.31576,0.4776,0.38211,0.40287,0.20703,1.19853,2.14992,8.03414,1.27664,0,0,0,0.000408295,0.000408295,0.000408295
311,9648.63,1.66898,2.89669,1.90901,1.57787,0.1378,0.11366,0.12364,0.54794,0.47308,0.51297,0.32282,0.4094,0.42969,0.40027,0.19954,1.20553,2.16136,7.23586,1.28242,0,0,0,0.00040692,0.00040692,0.00040692
312,9679.59,1.62822,2.86896,1.82663,1.56402,0.13647,0.11367,0.12154,0.47732,0.54802,0.50801,0.3101,0.38821,0.47334,0.38295,0.18846,1.21118,2.16743,7.40158,1.28766,0,0,0,0.000405546,0.000405546,0.000405546
313,9710.47,1.65306,2.90759,1.86496,1.58022,0.13425,0.11082,0.11932,0.47753,0.55018,0.50518,0.31192,0.37593,0.47576,0.38055,0.19025,1.18636,2.15479,7.18266,1.2744,0,0,0,0.000404172,0.000404172,0.000404172
314,9740.9,1.68615,2.94858,1.93511,1.57806,0.13465,0.10748,0.11886,0.51678,0.52757,0.50806,0.32064,0.42505,0.44039,0.39457,0.20178,1.20713,2.16884,7.25553,1.27851,0,0,0,0.000402797,0.000402797,0.000402797
315,9771.61,1.65057,2.841,1.84184,1.57026,0.13215,0.11048,0.11764,0.508,0.5276,0.51282,0.31231,0.41912,0.4707,0.39622,0.19508,1.19368,2.16328,7.7848,1.27709,0,0,0,0.000401423,0.000401423,0.000401423
316,9802.55,1.67656,2.92596,1.87178,1.5599,0.13412,0.10982,0.11906,0.44658,0.54461,0.49681,0.30307,0.38931,0.47677,0.39423,0.2025,1.2032,2.17924,7.80984,1.28026,0,0,0,0.000400048,0.000400048,0.000400048
317,9833.38,1.67755,2.90365,1.86061,1.56364,0.13362,0.11009,0.11912,0.45656,0.53139,0.49661,0.31224,0.41346,0.43794,0.39711,0.20772,1.1996,2.15742,7.06733,1.2738,0,0,0,0.000398674,0.000398674,0.000398674
318,9864.69,1.60736,2.8465,1.85333,1.55512,0.12957,0.10443,0.11465,0.46959,0.53057,0.49626,0.311,0.39127,0.47043,0.3999,0.20018,1.19469,2.14407,7.22418,1.27764,0,0,0,0.000397299,0.000397299,0.000397299
319,9895.33,1.63104,2.90624,1.87509,1.56821,0.14313,0.11914,0.12807,0.45817,0.55842,0.51093,0.33139,0.4671,0.42808,0.42063,0.21736,1.18784,2.1126,8.54882,1.26875,0,0,0,0.000395925,0.000395925,0.000395925
320,9926.36,1.65508,2.90226,1.82983,1.55639,0.13229,0.11004,0.11729,0.46934,0.52661,0.49664,0.31306,0.36915,0.48614,0.39383,0.20003,1.20217,2.11181,7.34837,1.27924,0,0,0,0.00039455,0.00039455,0.00039455
321,9957.26,1.67383,2.8827,1.82464,1.56897,0.136,0.11218,0.1202,0.48175,0.53849,0.52191,0.31701,0.41683,0.47605,0.41875,0.20508,1.18257,2.1059,8.60117,1.27064,0,0,0,0.000393176,0.000393176,0.000393176
322,9987.72,1.63258,2.86844,1.85287,1.55075,0.12784,0.10509,0.1137,0.53588,0.51022,0.52451,0.33091,0.47087,0.44992,0.42294,0.21262,1.17991,2.10321,8.26541,1.26678,0,0,0,0.000391802,0.000391802,0.000391802
323,10018.6,1.66192,2.87263,1.84053,1.56938,0.13712,0.11256,0.12074,0.50912,0.494,0.5188,0.31727,0.4354,0.44315,0.41599,0.21821,1.16794,2.09885,7.59849,1.26075,0,0,0,0.000390427,0.000390427,0.000390427
324,10049.4,1.66835,2.92314,1.84442,1.5561,0.13683,0.11134,0.12092,0.51562,0.50893,0.5113,0.31245,0.37591,0.4699,0.38581,0.20411,1.1712,2.10794,8.34001,1.2604,0,0,0,0.000389053,0.000389053,0.000389053
325,10080,1.63853,2.82737,1.85256,1.56158,0.13163,0.10809,0.11615,0.53068,0.53235,0.52129,0.3239,0.44388,0.47727,0.41061,0.21527,1.18769,2.10555,7.65662,1.26734,0,0,0,0.000387678,0.000387678,0.000387678
326,10110.9,1.66862,2.84519,1.82661,1.5551,0.13333,0.10877,0.11868,0.46722,0.56388,0.53537,0.33737,0.42768,0.48327,0.42837,0.21996,1.19178,2.09976,8.47093,1.2663,0,0,0,0.000386304,0.000386304,0.000386304
327,10141.8,1.63192,2.8788,1.7997,1.56214,0.13468,0.10972,0.1192,0.444,0.60595,0.53592,0.33389,0.35941,0.5004,0.40995,0.21991,1.18776,2.10768,8.10365,1.26136,0,0,0,0.000384929,0.000384929,0.000384929
328,10172.7,1.61238,2.86237,1.77728,1.53315,0.12507,0.10535,0.11306,0.5354,0.52398,0.55194,0.35169,0.46561,0.41546,0.42811,0.23475,1.17149,2.09087,8.55386,1.25638,0,0,0,0.000383555,0.000383555,0.000383555
329,10204.3,1.59613,2.82766,1.77337,1.53276,0.13385,0.10931,0.1193,0.47819,0.58905,0.55656,0.35311,0.41483,0.51422,0.44066,0.24062,1.16849,2.08867,7.72893,1.25173,0,0,0,0.00038218,0.00038218,0.00038218
330,10235.7,1.67215,2.83422,1.83862,1.54855,0.1293,0.10543,0.11474,0.48399,0.59137,0.5556,0.34516,0.41575,0.50814,0.43295,0.22492,1.16859,2.08509,7.1342,1.25367,0,0,0,0.000380806,0.000380806,0.000380806
331,10267.1,1.64402,2.86327,1.81965,1.54105,0.13354,0.11227,0.12017,0.52521,0.50003,0.53047,0.33151,0.43795,0.43108,0.41937,0.22054,1.17029,2.1004,8.27553,1.25937,0,0,0,0.000379431,0.000379431,0.000379431
332,10298.3,1.62147,2.80996,1.81339,1.55479,0.13216,0.1086,0.11754,0.50088,0.54262,0.53653,0.33217,0.42759,0.42339,0.41126,0.2154,1.16633,2.09973,7.54246,1.26049,0,0,0,0.000378057,0.000378057,0.000378057
333,10329.4,1.62439,2.84335,1.77099,1.53722,0.13128,0.10958,0.11792,0.52593,0.54671,0.54228,0.34007,0.45053,0.47572,0.44045,0.22834,1.15007,2.06776,7.59662,1.25017,0,0,0,0.000376683,0.000376683,0.000376683
334,10360.7,1.61942,2.82414,1.78741,1.51861,0.13005,0.10901,0.11655,0.49503,0.56252,0.54741,0.33129,0.37996,0.52788,0.43686,0.22307,1.16059,2.07941,6.78532,1.24941,0,0,0,0.000375308,0.000375308,0.000375308
335,10391.6,1.66454,2.87206,1.8388,1.55262,0.12814,0.10622,0.11542,0.48025,0.54455,0.52823,0.32172,0.45681,0.47401,0.42842,0.21441,1.18102,2.0813,6.80257,1.25816,0,0,0,0.000373934,0.000373934,0.000373934
336,10422.6,1.64871,2.86347,1.80525,1.55693,0.13443,0.11355,0.12076,0.46229,0.56165,0.53308,0.33617,0.41539,0.4866,0.42396,0.22431,1.17261,2.05725,7.09081,1.25549,0,0,0,0.000372559,0.000372559,0.000372559
337,10454.4,1.61785,2.80383,1.7594,1.53603,0.13258,0.11184,0.11938,0.48543,0.56046,0.54181,0.34077,0.42242,0.5086,0.43088,0.22958,1.17785,2.07978,7.63503,1.2571,0,0,0,0.000371185,0.000371185,0.000371185
338,10485.3,1.63204,2.79983,1.84588,1.55956,0.13052,0.10835,0.11732,0.4617,0.596,0.55639,0.35048,0.40999,0.50821,0.44286,0.23767,1.17829,2.05804,7.52061,1.25392,0,0,0,0.00036981,0.00036981,0.00036981
339,10516.1,1.65108,2.84462,1.81312,1.55234,0.13692,0.11092,0.12083,0.49491,0.5497,0.56605,0.34632,0.43763,0.49274,0.45657,0.24003,1.16799,2.04811,7.51477,1.25014,0,0,0,0.000368436,0.000368436,0.000368436
340,10546.9,1.61666,2.79661,1.76567,1.5293,0.1336,0.11205,0.12004,0.4774,0.52501,0.5289,0.32911,0.40444,0.47047,0.42093,0.21235,1.17021,2.05952,7.84561,1.24705,0,0,0,0.000367061,0.000367061,0.000367061
341,10577.3,1.64844,2.80312,1.82617,1.54284,0.13077,0.10768,0.11665,0.50277,0.54264,0.53837,0.33436,0.44648,0.44573,0.43103,0.22053,1.15924,2.05011,8.09065,1.24236,0,0,0,0.000365687,0.000365687,0.000365687
342,10608.1,1.63219,2.87537,1.78711,1.54457,0.13371,0.1081,0.11737,0.48165,0.57025,0.53703,0.34016,0.4059,0.50207,0.42381,0.22342,1.15604,2.04484,7.34067,1.24146,0,0,0,0.000364313,0.000364313,0.000364313
343,10638.8,1.6259,2.82316,1.79016,1.53544,0.13227,0.10954,0.11854,0.50825,0.55921,0.55331,0.33916,0.44084,0.46587,0.43197,0.22939,1.15129,2.06808,7.3626,1.23953,0,0,0,0.000362938,0.000362938,0.000362938
344,10669.6,1.66378,2.86156,1.76312,1.54804,0.13097,0.10791,0.11597,0.49678,0.54557,0.54571,0.33214,0.44042,0.44024,0.41528,0.22106,1.14684,2.03581,8.19339,1.23927,0,0,0,0.000361564,0.000361564,0.000361564
345,10700.3,1.62209,2.84588,1.79773,1.54675,0.12848,0.10526,0.11421,0.47207,0.58163,0.56258,0.34345,0.41062,0.48633,0.44195,0.23266,1.1759,2.03986,7.21187,1.25158,0,0,0,0.000360189,0.000360189,0.000360189
346,10731.3,1.62661,2.84719,1.78379,1.53956,0.13866,0.11238,0.12243,0.51919,0.53571,0.56936,0.35363,0.46657,0.4418,0.4574,0.24553,1.15639,2.03283,7.39331,1.24104,0,0,0,0.000358815,0.000358815,0.000358815
347,10762.4,1.56856,2.8047,1.7527,1.52364,0.13278,0.10997,0.11723,0.4813,0.5842,0.56499,0.35644,0.37176,0.50695,0.4352,0.24278,1.15607,2.024,7.63904,1.23648,0,0,0,0.00035744,0.00035744,0.00035744
348,10793.5,1.64007,2.81191,1.77636,1.52578,0.13024,0.10898,0.11637,0.46925,0.61296,0.56617,0.36585,0.41893,0.48483,0.43626,0.24574,1.13941,2.04474,7.14698,1.23056,0,0,0,0.000356066,0.000356066,0.000356066
349,10824.3,1.58904,2.77885,1.74578,1.53273,0.13424,0.1115,0.12004,0.52818,0.5589,0.56169,0.36319,0.46266,0.48794,0.44721,0.24403,1.13658,2.03979,7.06357,1.2331,0,0,0,0.000354691,0.000354691,0.000354691
350,10854.9,1.60306,2.76349,1.79837,1.55438,0.13417,0.11106,0.12023,0.50143,0.59146,0.57041,0.3751,0.44534,0.47915,0.45347,0.24897,1.13541,2.03024,7.4283,1.23505,0,0,0,0.000353317,0.000353317,0.000353317
351,10886,1.58615,2.77498,1.71452,1.52048,0.12967,0.11274,0.11738,0.46413,0.61564,0.58117,0.37228,0.41547,0.5035,0.45519,0.24955,1.12637,2.02422,8.1583,1.22453,0,0,0,0.000351942,0.000351942,0.000351942
352,10916.5,1.61978,2.77426,1.77507,1.53317,0.13215,0.10896,0.1173,0.52094,0.57663,0.58712,0.37921,0.45626,0.4972,0.46966,0.25766,1.11875,2.0137,8.23836,1.22348,0,0,0,0.000350568,0.000350568,0.000350568
353,10947.6,1.59309,2.74497,1.73822,1.51365,0.12098,0.10042,0.10886,0.5281,0.59378,0.5879,0.37967,0.46061,0.52043,0.47037,0.25264,1.12564,1.99575,8.17951,1.22135,0,0,0,0.000349194,0.000349194,0.000349194
354,10978.6,1.63466,2.82811,1.77643,1.54801,0.13313,0.10968,0.11882,0.52481,0.56019,0.58385,0.36723,0.44022,0.47274,0.45808,0.25006,1.13417,2.01174,7.871,1.22863,0,0,0,0.000347819,0.000347819,0.000347819
355,11009.3,1.61768,2.7566,1.72345,1.51235,0.12659,0.10973,0.1165,0.47616,0.60302,0.58197,0.37791,0.40713,0.50789,0.45134,0.24404,1.12867,1.98282,8.47169,1.21912,0,0,0,0.000346445,0.000346445,0.000346445
356,11040.5,1.59425,2.78362,1.73671,1.51586,0.12931,0.10538,0.11255,0.49145,0.59764,0.56935,0.37364,0.39852,0.53513,0.43864,0.24145,1.12703,2.01026,7.68155,1.22131,0,0,0,0.00034507,0.00034507,0.00034507
357,11071.4,1.59189,2.81124,1.79617,1.51836,0.13095,0.10508,0.1154,0.47277,0.63558,0.56995,0.37235,0.37607,0.55341,0.45753,0.23709,1.12412,2.0105,7.70978,1.22121,0,0,0,0.000343696,0.000343696,0.000343696
358,11102,1.607,2.8032,1.71674,1.53979,0.12979,0.11134,0.11756,0.46048,0.61903,0.57868,0.38331,0.43318,0.49313,0.46952,0.25357,1.12271,2.00132,7.03972,1.22399,0,0,0,0.000342321,0.000342321,0.000342321
359,11133.2,1.59293,2.7908,1.75295,1.54504,0.13032,0.10833,0.11787,0.47537,0.59251,0.58393,0.38181,0.41186,0.51839,0.45982,0.24806,1.11568,1.99467,8.1316,1.22297,0,0,0,0.000340947,0.000340947,0.000340947
360,11164.2,1.56703,2.71258,1.85906,1.50984,0.11999,0.09864,0.10708,0.46477,0.63829,0.56494,0.36541,0.41574,0.53239,0.4516,0.24009,1.12448,1.9953,7.69674,1.22443,0,0,0,0.000339572,0.000339572,0.000339572
361,11194.8,1.57671,2.69797,1.73574,1.5288,0.13575,0.11162,0.11956,0.49244,0.6103,0.57924,0.3869,0.41793,0.51684,0.45899,0.25659,1.13033,1.98585,7.27537,1.23134,0,0,0,0.000338198,0.000338198,0.000338198
362,11226,1.59289,2.79288,1.80714,1.52573,0.13305,0.10888,0.11873,0.51915,0.57229,0.58373,0.3947,0.40176,0.5226,0.46993,0.25867,1.11442,1.97207,7.53742,1.21708,0,0,0,0.000336824,0.000336824,0.000336824
363,11257,1.57457,2.72606,1.70988,1.48615,0.12823,0.10662,0.11592,0.49023,0.58979,0.57456,0.37891,0.42682,0.51889,0.46301,0.25431,1.11095,1.98049,7.68589,1.21493,0,0,0,0.000335449,0.000335449,0.000335449
364,11287.6,1.56373,2.71584,1.72701,1.4881,0.13143,0.11002,0.11726,0.56303,0.54595,0.57609,0.38631,0.46417,0.47435,0.46076,0.26568,1.12097,1.97888,7.80013,1.21663,0,0,0,0.000334075,0.000334075,0.000334075
365,11318.6,1.59192,2.69102,1.69928,1.50542,0.13588,0.11102,0.12026,0.51806,0.5931,0.56327,0.37209,0.44955,0.52484,0.45263,0.25219,1.10109,1.97106,7.64119,1.20712,0,0,0,0.0003327,0.0003327,0.0003327
366,11349.3,1.6185,2.72617,1.73034,1.51567,0.13013,0.10853,0.11745,0.49417,0.59252,0.571,0.37116,0.43395,0.48878,0.44845,0.24245,1.10735,1.97439,7.61312,1.20792,0,0,0,0.000331326,0.000331326,0.000331326
367,11380,1.59297,2.74531,1.73448,1.51527,0.13223,0.10663,0.11651,0.52528,0.56454,0.57447,0.37089,0.44629,0.4803,0.45034,0.24868,1.09711,1.97456,7.39824,1.20623,0,0,0,0.000329951,0.000329951,0.000329951
368,11410.8,1.57187,2.77053,1.7328,1.51155,0.13013,0.10672,0.11651,0.48692,0.596,0.55867,0.36347,0.4166,0.5161,0.43865,0.24485,1.09803,1.96677,7.01932,1.20627,0,0,0,0.000328577,0.000328577,0.000328577
369,11441.6,1.56538,2.71224,1.71624,1.51574,0.12685,0.10559,0.11393,0.47857,0.58044,0.55661,0.36133,0.40193,0.5463,0.45225,0.24219,1.09575,1.9636,7.63592,1.20403,0,0,0,0.000327202,0.000327202,0.000327202
370,11472.4,1.56442,2.70304,1.69554,1.49033,0.13067,0.10781,0.11754,0.51381,0.56995,0.56222,0.3709,0.44487,0.50959,0.45995,0.24945,1.09351,1.9572,8.22541,1.20094,0,0,0,0.000325828,0.000325828,0.000325828
371,11503.1,1.55063,2.68024,1.67841,1.48197,0.12892,0.10517,0.11302,0.5486,0.56076,0.5682,0.38121,0.45721,0.49333,0.46115,0.25426,1.13571,1.97663,8.17974,1.23168,0,0,0,0.000324453,0.000324453,0.000324453
372,11533.9,1.58147,2.70648,1.69914,1.48489,0.12908,0.10602,0.11505,0.52318,0.5868,0.56713,0.36618,0.48241,0.47511,0.45877,0.24868,1.11794,1.96883,8.41682,1.21575,0,0,0,0.000323079,0.000323079,0.000323079
373,11564.4,1.59557,2.75062,1.7241,1.5084,0.13378,0.10863,0.11798,0.54632,0.56852,0.55597,0.35834,0.49395,0.49796,0.44873,0.2382,1.10603,1.97413,8.0306,1.21018,0,0,0,0.000321705,0.000321705,0.000321705
374,11595.2,1.6188,2.74763,1.72971,1.51068,0.1302,0.10582,0.11512,0.51188,0.61407,0.5654,0.36628,0.44225,0.53452,0.45344,0.24237,1.11016,1.97376,8.05909,1.21735,0,0,0,0.00032033,0.00032033,0.00032033
375,11625.9,1.56814,2.7363,1.69345,1.48471,0.1307,0.10772,0.11686,0.55403,0.58334,0.572,0.36954,0.48807,0.51142,0.46097,0.24938,1.1048,1.94371,7.41826,1.213,0,0,0,0.000318956,0.000318956,0.000318956
376,11657.3,1.55953,2.70152,1.68787,1.49849,0.12701,0.1066,0.11479,0.52662,0.62495,0.58178,0.38733,0.44893,0.52629,0.45442,0.25143,1.09453,1.95244,7.80249,1.20323,0,0,0,0.000317581,0.000317581,0.000317581
377,11688.1,1.58334,2.73163,1.7042,1.5139,0.13269,0.10914,0.1188,0.55847,0.57702,0.56158,0.37624,0.50937,0.46605,0.4453,0.2463,1.10392,1.95902,8.01573,1.20818,0,0,0,0.000316207,0.000316207,0.000316207
378,11718.7,1.59621,2.75748,1.7105,1.5093,0.13056,0.1052,0.11436,0.53258,0.5736,0.56173,0.37471,0.51354,0.44283,0.45206,0.24683,1.10565,1.9686,7.19481,1.21125,0,0,0,0.000314832,0.000314832,0.000314832
379,11749.6,1.53385,2.68827,1.66947,1.49473,0.12351,0.10311,0.11145,0.4995,0.63196,0.57931,0.37872,0.44262,0.52851,0.46807,0.25204,1.09129,1.95173,8.03234,1.20465,0,0,0,0.000313458,0.000313458,0.000313458
380,11780.5,1.57084,2.66509,1.68235,1.47484,0.13281,0.10987,0.11905,0.52082,0.62033,0.59746,0.40242,0.50314,0.50395,0.49607,0.26589,1.08826,1.9417,7.98172,1.19887,0,0,0,0.000312083,0.000312083,0.000312083
381,11811.2,1.54003,2.68567,1.69028,1.48644,0.13064,0.10662,0.11595,0.53072,0.6228,0.59863,0.38989,0.48444,0.5073,0.47461,0.25829,1.08671,1.93434,7.52756,1.19437,0,0,0,0.000310709,0.000310709,0.000310709
382,11842.1,1.56376,2.68815,1.6623,1.4897,0.13608,0.11033,0.12051,0.54605,0.57213,0.5881,0.37949,0.46834,0.49724,0.47279,0.25296,1.08112,1.93093,7.75912,1.19374,0,0,0,0.000309335,0.000309335,0.000309335
383,11873,1.54217,2.70165,1.66426,1.47152,0.1322,0.10774,0.11698,0.52682,0.60395,0.59694,0.39162,0.45528,0.50307,0.47609,0.26609,1.08746,1.94387,7.26333,1.1992,0,0,0,0.00030796,0.00030796,0.00030796
384,11903.7,1.56881,2.70618,1.70363,1.47124,0.12863,0.1057,0.11546,0.53326,0.60377,0.59859,0.40252,0.49144,0.48026,0.48661,0.27462,1.08417,1.94187,8.07951,1.19656,0,0,0,0.000306586,0.000306586,0.000306586
385,11934.9,1.56918,2.69992,1.70517,1.47977,0.12992,0.10642,0.11564,0.53723,0.59858,0.59927,0.40669,0.47377,0.50704,0.48345,0.27383,1.08085,1.95524,6.90121,1.19466,0,0,0,0.000305211,0.000305211,0.000305211
386,11966.2,1.57176,2.6918,1.72221,1.49805,0.13235,0.10881,0.11924,0.55876,0.59327,0.59919,0.39591,0.5206,0.48182,0.48641,0.26627,1.07626,1.93676,7.11507,1.19086,0,0,0,0.000303837,0.000303837,0.000303837
387,11997.1,1.53597,2.68061,1.65696,1.47736,0.13526,0.11086,0.12051,0.58305,0.58062,0.60032,0.39943,0.46857,0.53135,0.47863,0.25636,1.08384,1.93083,7.2975,1.19248,0,0,0,0.000302462,0.000302462,0.000302462
388,12027.8,1.53058,2.72301,1.63456,1.48261,0.1301,0.10744,0.11732,0.50201,0.66236,0.59175,0.38148,0.44005,0.54443,0.46942,0.25154,1.08678,1.93236,8.63215,1.1959,0,0,0,0.000301088,0.000301088,0.000301088
389,12058.5,1.54732,2.75381,1.69417,1.49108,0.13484,0.1084,0.1184,0.54906,0.60832,0.5954,0.38437,0.47153,0.52908,0.47734,0.2615,1.08137,1.92454,7.74505,1.19248,0,0,0,0.000299713,0.000299713,0.000299713
390,12089,1.61517,2.77428,1.70819,1.49559,0.13421,0.10975,0.12021,0.50172,0.62714,0.5853,0.37919,0.43909,0.55848,0.46897,0.25641,1.08127,1.93736,7.93415,1.19027,0,0,0,0.000298339,0.000298339,0.000298339
391,12119.7,1.55386,2.65693,1.7039,1.48621,0.12583,0.10423,0.11362,0.53153,0.64161,0.59228,0.38715,0.44891,0.56171,0.46993,0.26065,1.07357,1.92683,7.91178,1.18749,0,0,0,0.000296964,0.000296964,0.000296964
392,12150.7,1.53536,2.6272,1.64604,1.46176,0.13032,0.10825,0.11748,0.52121,0.62376,0.59754,0.38712,0.44414,0.55733,0.48125,0.26455,1.08032,1.92053,7.44467,1.18693,0,0,0,0.00029559,0.00029559,0.00029559
393,12181.1,1.55976,2.75314,1.68165,1.50013,0.13118,0.10756,0.11785,0.5399,0.60001,0.6008,0.39543,0.4611,0.5268,0.48531,0.27053,1.07574,1.92302,7.65787,1.18488,0,0,0,0.000294216,0.000294216,0.000294216
394,12212,1.53055,2.68233,1.64556,1.46609,0.12934,0.10713,0.11688,0.52085,0.62781,0.60065,0.3931,0.45855,0.5313,0.47932,0.26414,1.06657,1.92296,7.16324,1.1794,0,0,0,0.000292841,0.000292841,0.000292841
395,12243.2,1.58853,2.71175,1.66604,1.49114,0.13444,0.10992,0.11961,0.53769,0.60567,0.60477,0.39014,0.46445,0.50435,0.48035,0.26499,1.05486,1.90322,6.96773,1.17604,0,0,0,0.000291467,0.000291467,0.000291467
396,12274.1,1.5419,2.71016,1.67845,1.47227,0.13083,0.10914,0.11853,0.58156,0.58074,0.60513,0.3945,0.48166,0.51346,0.4877,0.26531,1.05567,1.89405,6.90347,1.17954,0,0,0,0.000290092,0.000290092,0.000290092
397,12304.9,1.5295,2.63202,1.65039,1.46408,0.12565,0.10359,0.11345,0.49962,0.66332,0.59603,0.38735,0.43853,0.58584,0.4928,0.26497,1.06216,1.9108,7.52842,1.18017,0,0,0,0.000288718,0.000288718,0.000288718
398,12335.5,1.56551,2.65994,1.70148,1.49289,0.13169,0.10647,0.11765,0.50092,0.65376,0.59656,0.39197,0.44409,0.59565,0.49322,0.2671,1.07028,1.91668,7.97218,1.18145,0,0,0,0.000287343,0.000287343,0.000287343
399,12365.8,1.52756,2.67725,1.58735,1.4591,0.13081,0.1087,0.11844,0.54389,0.59886,0.59093,0.39278,0.4499,0.56214,0.48295,0.26272,1.05421,1.92293,7.81104,1.17556,0,0,0,0.000285969,0.000285969,0.000285969
400,12396.6,1.5501,2.71251,1.6959,1.48214,0.12616,0.10402,0.1135,0.50172,0.61918,0.60232,0.39472,0.46826,0.52112,0.49245,0.26595,1.06614,1.91661,7.69224,1.17661,0,0,0,0.000284594,0.000284594,0.000284594
401,12427,1.52817,2.67763,1.62105,1.48667,0.13361,0.11185,0.12166,0.48536,0.63077,0.59322,0.3857,0.49696,0.50284,0.4827,0.26871,1.06997,1.89932,7.66722,1.1772,0,0,0,0.00028322,0.00028322,0.00028322
402,12457.7,1.53794,2.62669,1.63731,1.47872,0.12394,0.10116,0.11025,0.531,0.59546,0.59464,0.3842,0.47238,0.52086,0.47824,0.26364,1.05678,1.90421,7.87149,1.17054,0,0,0,0.000281846,0.000281846,0.000281846
403,12488.7,1.54971,2.69608,1.67194,1.48545,0.13082,0.10606,0.11707,0.52227,0.59498,0.58816,0.38384,0.42653,0.54843,0.47798,0.26125,1.05876,1.89632,7.7169,1.17254,0,0,0,0.000280471,0.000280471,0.000280471
404,12519.1,1.49993,2.61969,1.62395,1.45173,0.12778,0.10438,0.11413,0.48699,0.65613,0.59945,0.39631,0.41529,0.56619,0.47663,0.27077,1.06713,1.89113,7.7316,1.17516,0,0,0,0.000279097,0.000279097,0.000279097
405,12550,1.54051,2.68035,1.65208,1.48808,0.13053,0.10757,0.11653,0.52932,0.65325,0.59768,0.39604,0.47491,0.55514,0.48797,0.26825,1.05732,1.87533,7.18283,1.17233,0,0,0,0.000277722,0.000277722,0.000277722
406,12581,1.54345,2.66483,1.65508,1.47306,0.12815,0.10365,0.1134,0.51634,0.64116,0.597,0.39729,0.45797,0.56652,0.4949,0.27534,1.05735,1.89412,7.05693,1.17078,0,0,0,0.000276348,0.000276348,0.000276348
407,12611.4,1.51589,2.70205,1.69006,1.47949,0.12585,0.10246,0.11321,0.5175,0.61603,0.61673,0.41093,0.45646,0.55377,0.51766,0.28829,1.05591,1.88884,7.23405,1.16891,0,0,0,0.000274973,0.000274973,0.000274973
408,12642.2,1.57442,2.67791,1.66728,1.47685,0.12851,0.10523,0.11617,0.51738,0.63075,0.59704,0.39394,0.47692,0.53628,0.50119,0.276,1.06511,1.8955,7.3588,1.17575,0,0,0,0.000273599,0.000273599,0.000273599
409,12673,1.48606,2.63995,1.61025,1.46844,0.13934,0.11353,0.12371,0.53335,0.61174,0.601,0.39936,0.47567,0.53366,0.49929,0.27734,1.05842,1.88929,7.6692,1.17825,0,0,0,0.000272224,0.000272224,0.000272224
410,12703.8,1.52772,2.67981,1.63368,1.4372,0.12479,0.10168,0.1122,0.53178,0.59487,0.59885,0.40109,0.53028,0.49207,0.49451,0.27595,1.05408,1.86972,7.39471,1.17438,0,0,0,0.00027085,0.00027085,0.00027085
411,12734.4,1.48708,2.62587,1.60125,1.46732,0.13038,0.10597,0.11574,0.51189,0.60251,0.60181,0.39964,0.49182,0.50468,0.50129,0.28142,1.05078,1.86309,7.78279,1.16969,0,0,0,0.000269475,0.000269475,0.000269475
412,12765.1,1.53621,2.62076,1.62439,1.44005,0.12433,0.10356,0.11266,0.50473,0.61108,0.59613,0.39521,0.48773,0.528,0.49833,0.27741,1.05388,1.86561,7.33517,1.17204,0,0,0,0.000268101,0.000268101,0.000268101
413,12795.3,1.56328,2.65374,1.6715,1.49435,0.12537,0.10237,0.11253,0.49522,0.61474,0.58665,0.3874,0.44263,0.55196,0.48492,0.26914,1.06673,1.87806,6.9332,1.1777,0,0,0,0.000266727,0.000266727,0.000266727
414,12826.1,1.4862,2.61393,1.57549,1.43595,0.13343,0.10994,0.12013,0.49216,0.62124,0.59324,0.4037,0.4585,0.53359,0.47642,0.26882,1.05833,1.86652,6.75066,1.17505,0,0,0,0.000265352,0.000265352,0.000265352
415,12857.2,1.54499,2.63877,1.62662,1.45755,0.1298,0.10762,0.11755,0.51126,0.62002,0.60265,0.40708,0.48235,0.52925,0.48195,0.27185,1.05648,1.86864,7.14968,1.17051,0,0,0,0.000263978,0.000263978,0.000263978
416,12887.8,1.47198,2.59305,1.60559,1.43124,0.121,0.10117,0.11054,0.50497,0.66414,0.61333,0.42018,0.4438,0.57281,0.49778,0.27668,1.0463,1.87635,7.08714,1.16606,0,0,0,0.000262603,0.000262603,0.000262603
417,12918.8,1.50842,2.66091,1.7585,1.46326,0.13005,0.1063,0.11633,0.49125,0.61924,0.598,0.40406,0.49534,0.49872,0.48895,0.27048,1.05472,1.86967,7.57929,1.16968,0,0,0,0.000261229,0.000261229,0.000261229
418,12949.9,1.52778,2.68497,1.62084,1.45039,0.13009,0.10547,0.11585,0.45584,0.65225,0.60498,0.40376,0.54931,0.47156,0.48715,0.26785,1.05252,1.86905,7.50423,1.16894,0,0,0,0.000259854,0.000259854,0.000259854
419,12980.4,1.47298,2.68456,1.62207,1.43188,0.13487,0.10989,0.1204,0.52714,0.61472,0.6059,0.40565,0.47775,0.55036,0.49177,0.27254,1.04768,1.86224,7.80266,1.16638,0,0,0,0.00025848,0.00025848,0.00025848
420,13011.1,1.52623,2.66881,1.6251,1.4674,0.13017,0.10741,0.11668,0.52819,0.63914,0.61198,0.42309,0.48413,0.54886,0.50063,0.28507,1.03619,1.85541,7.39704,1.16033,0,0,0,0.000257105,0.000257105,0.000257105
421,13042.1,1.53755,2.60557,1.66169,1.47553,0.12526,0.10169,0.11311,0.53475,0.63368,0.61598,0.42293,0.48155,0.55878,0.51068,0.2829,1.04448,1.85676,7.33818,1.16327,0,0,0,0.000255731,0.000255731,0.000255731
422,13072.7,1.50575,2.63566,1.6042,1.45052,0.12761,0.10612,0.11504,0.54169,0.62847,0.60868,0.40534,0.49729,0.53464,0.49774,0.27191,1.05387,1.87091,7.72071,1.16716,0,0,0,0.000254357,0.000254357,0.000254357
423,13103.7,1.51317,2.59647,1.56865,1.43594,0.12744,0.10443,0.11355,0.48825,0.66029,0.61103,0.40679,0.45882,0.54392,0.49628,0.26903,1.04923,1.8659,7.82141,1.16429,0,0,0,0.000252982,0.000252982,0.000252982
424,13134.1,1.52662,2.60341,1.64204,1.4778,0.13133,0.10784,0.11838,0.46871,0.68921,0.60501,0.40384,0.44307,0.57815,0.50643,0.27637,1.04308,1.85313,8.23909,1.1613,0,0,0,0.000251608,0.000251608,0.000251608
425,13164.8,1.50695,2.64685,1.62753,1.45623,0.12578,0.10591,0.11481,0.4844,0.67046,0.6081,0.4096,0.49173,0.54451,0.50666,0.28322,1.03808,1.84781,7.67046,1.1568,0,0,0,0.000250233,0.000250233,0.000250233
426,13195.9,1.50766,2.57638,1.61897,1.45413,0.12548,0.10353,0.11384,0.51935,0.62074,0.60888,0.40961,0.47073,0.56124,0.50544,0.28106,1.04662,1.85332,7.66593,1.15931,0,0,0,0.000248859,0.000248859,0.000248859
427,13226.6,1.55703,2.66916,1.63034,1.4616,0.12647,0.10377,0.11396,0.50793,0.65192,0.60626,0.40208,0.48635,0.54551,0.50009,0.27653,1.0485,1.85374,7.21388,1.16278,0,0,0,0.000247484,0.000247484,0.000247484
428,13257.4,1.4671,2.56987,1.55275,1.44758,0.13144,0.10879,0.11887,0.51757,0.63027,0.61188,0.40757,0.4708,0.57135,0.49766,0.27964,1.03405,1.85018,7.70407,1.15267,0,0,0,0.00024611,0.00024611,0.00024611
429,13288.1,1.50799,2.61985,1.60821,1.47063,0.13548,0.11151,0.12079,0.50646,0.63737,0.62233,0.41989,0.44951,0.56862,0.50093,0.27581,1.02814,1.84775,7.47776,1.14997,0,0,0,0.000244735,0.000244735,0.000244735
430,13318.7,1.50906,2.58004,1.60772,1.44703,0.13377,0.10939,0.11969,0.52526,0.63799,0.62695,0.42179,0.4796,0.55819,0.51396,0.28457,1.02262,1.83876,7.68981,1.14616,0,0,0,0.000243361,0.000243361,0.000243361
431,13349.2,1.49168,2.55423,1.58313,1.43536,0.13253,0.10719,0.1182,0.54752,0.65137,0.62478,0.42145,0.47422,0.56682,0.4947,0.28353,1.02763,1.83759,7.82566,1.14841,0,0,0,0.000241986,0.000241986,0.000241986
432,13380.1,1.50576,2.63616,1.63688,1.45834,0.12706,0.10292,0.1132,0.53071,0.67175,0.62318,0.42276,0.47315,0.59941,0.51156,0.28888,1.03672,1.83638,7.81093,1.15446,0,0,0,0.000240612,0.000240612,0.000240612
433,13411.1,1.44982,2.60871,1.60417,1.45166,0.12739,0.10427,0.11409,0.53662,0.63732,0.62167,0.42059,0.48082,0.56329,0.51478,0.29389,1.04267,1.83582,8.02811,1.15616,0,0,0,0.000239238,0.000239238,0.000239238
434,13442.7,1.51271,2.59873,1.62956,1.46728,0.13367,0.10892,0.11873,0.5418,0.64794,0.63073,0.4265,0.47326,0.57362,0.52097,0.30016,1.03223,1.84085,7.9818,1.14865,0,0,0,0.000237863,0.000237863,0.000237863
435,13473.5,1.48176,2.61215,1.56041,1.42271,0.12563,0.10374,0.11307,0.55306,0.62168,0.6174,0.41659,0.49428,0.55138,0.51828,0.29596,1.03065,1.82989,8.12424,1.15114,0,0,0,0.000236489,0.000236489,0.000236489
436,13504,1.50814,2.56115,1.59209,1.44111,0.13166,0.10893,0.11944,0.54097,0.62446,0.61775,0.42074,0.47305,0.57985,0.51687,0.29002,1.02076,1.82279,7.50362,1.14775,0,0,0,0.000235114,0.000235114,0.000235114
437,13534.9,1.47731,2.58303,1.60329,1.45382,0.12515,0.10176,0.11212,0.59078,0.56246,0.62944,0.42495,0.5263,0.50975,0.52869,0.29294,1.03025,1.82703,7.6584,1.15136,0,0,0,0.00023374,0.00023374,0.00023374
438,13565.6,1.44903,2.51159,1.5653,1.43429,0.12791,0.10437,0.11467,0.57833,0.58843,0.62789,0.42883,0.53391,0.54359,0.54,0.30207,1.02756,1.81917,7.60286,1.14894,0,0,0,0.000232365,0.000232365,0.000232365
439,13596.6,1.50887,2.58745,1.61158,1.45512,0.12969,0.10759,0.1173,0.54713,0.61329,0.62374,0.42598,0.51082,0.56714,0.53514,0.30196,1.01384,1.81806,7.28863,1.14208,0,0,0,0.000230991,0.000230991,0.000230991
440,13627.5,1.54203,2.59658,1.62625,1.4586,0.12589,0.1062,0.11469,0.55182,0.62674,0.62065,0.41942,0.50002,0.57508,0.51716,0.29134,1.01901,1.80819,7.37083,1.14547,0,0,0,0.000229616,0.000229616,0.000229616
441,13658.4,1.48476,2.58028,1.57756,1.4403,0.12738,0.10589,0.11582,0.57152,0.61666,0.62132,0.41783,0.51038,0.55957,0.51985,0.29768,1.02537,1.80932,7.04428,1.14729,0,0,0,0.000228242,0.000228242,0.000228242
442,13689.3,1.50945,2.5861,1.6112,1.46545,0.1277,0.10539,0.11511,0.54118,0.61229,0.62536,0.41969,0.48696,0.56086,0.52144,0.29342,1.02157,1.80957,7.13114,1.14419,0,0,0,0.000226868,0.000226868,0.000226868
443,13720.1,1.50628,2.60303,1.59371,1.45374,0.12615,0.10537,0.1149,0.50043,0.65245,0.62117,0.41913,0.56475,0.48582,0.51223,0.29375,1.02034,1.8096,7.23045,1.14468,0,0,0,0.000225493,0.000225493,0.000225493
444,13750.7,1.49725,2.59437,1.58881,1.44201,0.12716,0.10278,0.11338,0.55378,0.611,0.62509,0.42579,0.57233,0.49768,0.52275,0.29827,1.01388,1.80701,7.26718,1.14189,0,0,0,0.000224119,0.000224119,0.000224119
445,13781.5,1.5007,2.57558,1.57315,1.43532,0.12243,0.10105,0.11052,0.52779,0.63074,0.62201,0.42257,0.46709,0.57511,0.52288,0.29521,1.01088,1.80432,7.26016,1.14141,0,0,0,0.000222744,0.000222744,0.000222744
446,13812,1.51234,2.60952,1.5745,1.44424,0.12684,0.10436,0.11465,0.50852,0.65945,0.61666,0.42209,0.45445,0.60412,0.5119,0.29097,1.01023,1.80304,7.35771,1.14294,0,0,0,0.00022137,0.00022137,0.00022137
447,13843.1,1.48996,2.54487,1.56604,1.44358,0.12785,0.10707,0.11615,0.5259,0.62521,0.60953,0.41102,0.46941,0.56354,0.50832,0.28273,1.02008,1.8128,7.57147,1.14709,0,0,0,0.000219995,0.000219995,0.000219995
448,13874,1.44854,2.51634,1.55456,1.43193,0.12879,0.10539,0.11524,0.5061,0.64627,0.60293,0.4064,0.49764,0.55437,0.50451,0.28507,1.02515,1.81681,7.97026,1.14724,0,0,0,0.000218621,0.000218621,0.000218621
449,13904.8,1.4544,2.53254,1.56472,1.43337,0.13252,0.10644,0.11791,0.51097,0.66693,0.62446,0.421,0.46748,0.60663,0.52077,0.30116,1.0096,1.80867,7.8315,1.14139,0,0,0,0.000217246,0.000217246,0.000217246
450,13935.5,1.51567,2.57634,1.60922,1.43451,0.12558,0.10079,0.11078,0.54534,0.65609,0.62741,0.41821,0.49154,0.59997,0.52739,0.30331,1.0069,1.80678,7.87881,1.1366,0,0,0,0.000215872,0.000215872,0.000215872
451,13966.2,1.45604,2.60071,1.55601,1.42667,0.12625,0.10448,0.11449,0.57257,0.60931,0.61555,0.4131,0.50111,0.58657,0.51776,0.29572,1.00528,1.79939,8.12404,1.13928,0,0,0,0.000214497,0.000214497,0.000214497
452,13997.1,1.47732,2.58443,1.59007,1.4375,0.13156,0.10875,0.1195,0.55377,0.60661,0.62918,0.42643,0.48627,0.56946,0.53444,0.30072,1.00832,1.80321,7.95854,1.14125,0,0,0,0.000213123,0.000213123,0.000213123
453,14027.8,1.48423,2.58008,1.58098,1.41567,0.12079,0.10008,0.10988,0.54325,0.62715,0.62911,0.42411,0.49264,0.57951,0.53309,0.3019,0.99957,1.7998,7.88323,1.1349,0,0,0,0.000211749,0.000211749,0.000211749
454,14058.4,1.44272,2.55852,1.60874,1.45153,0.12347,0.10009,0.11031,0.56948,0.61253,0.63897,0.43619,0.52421,0.5665,0.5383,0.31137,0.99251,1.7942,7.7787,1.13234,0,0,0,0.000210374,0.000210374,0.000210374
455,14089.3,1.5283,2.63198,1.5571,1.41884,0.12654,0.10502,0.11486,0.5616,0.63922,0.63351,0.43554,0.50837,0.58431,0.53355,0.30514,0.99034,1.79151,7.74071,1.1294,0,0,0,0.000209,0.000209,0.000209
456,14119.9,1.45304,2.58294,1.59348,1.42217,0.12391,0.10016,0.11076,0.54815,0.64414,0.63516,0.43297,0.48293,0.58401,0.53838,0.30528,0.99358,1.79231,7.88984,1.12806,0,0,0,0.000207625,0.000207625,0.000207625
457,14150.7,1.42723,2.51921,1.55416,1.42313,0.12785,0.1029,0.11376,0.53918,0.64713,0.62864,0.4323,0.48816,0.59203,0.5371,0.30026,0.99235,1.79281,7.72333,1.12892,0,0,0,0.000206251,0.000206251,0.000206251
458,14181.1,1.47524,2.59178,1.5633,1.42401,0.12326,0.10204,0.11109,0.57911,0.61659,0.62077,0.42973,0.51246,0.58235,0.52602,0.29286,0.98747,1.79213,7.8176,1.12833,0,0,0,0.000204876,0.000204876,0.000204876
459,14211.9,1.47671,2.57707,1.55427,1.43107,0.13756,0.11399,0.12458,0.56919,0.62304,0.63337,0.43232,0.5272,0.58011,0.53921,0.29753,0.99329,1.78542,7.77914,1.1303,0,0,0,0.000203502,0.000203502,0.000203502
460,14242.6,1.47111,2.49994,1.53087,1.41668,0.12448,0.10253,0.11298,0.53197,0.65651,0.62835,0.42999,0.51997,0.57347,0.5361,0.30278,0.99702,1.7764,7.61304,1.13231,0,0,0,0.000202127,0.000202127,0.000202127
461,14273.4,1.47973,2.5615,1.55162,1.43681,0.12703,0.10475,0.11487,0.5403,0.65678,0.6221,0.42541,0.50487,0.59754,0.53678,0.29719,0.98765,1.77789,7.98992,1.12787,0,0,0,0.000200753,0.000200753,0.000200753
462,14304.2,1.49907,2.5616,1.56528,1.4473,0.12352,0.1015,0.11192,0.58939,0.60407,0.6229,0.43077,0.53321,0.54735,0.52746,0.29916,0.98677,1.77436,8.36845,1.12629,0,0,0,0.000199379,0.000199379,0.000199379
463,14334.7,1.47281,2.53384,1.57531,1.44792,0.12367,0.10046,0.11056,0.55067,0.62625,0.62534,0.4287,0.49893,0.57089,0.5172,0.29448,0.99138,1.77385,8.02321,1.12654,0,0,0,0.000198004,0.000198004,0.000198004
464,14365.7,1.4777,2.49563,1.5248,1.41574,0.12687,0.10489,0.11461,0.60084,0.58971,0.62266,0.42691,0.53583,0.53152,0.51781,0.29506,0.98747,1.77519,7.73941,1.12604,0,0,0,0.00019663,0.00019663,0.00019663
465,14396.8,1.51346,2.60119,1.63638,1.42599,0.1265,0.10544,0.1152,0.59341,0.62142,0.63277,0.44105,0.51984,0.5814,0.52869,0.3031,0.98253,1.76959,7.92003,1.12542,0,0,0,0.000195255,0.000195255,0.000195255
466,14427.7,1.43558,2.52454,1.53565,1.41243,0.12445,0.10232,0.11302,0.5987,0.62655,0.63589,0.4431,0.5403,0.56307,0.52427,0.30057,0.98008,1.77116,7.90908,1.12698,0,0,0,0.000193881,0.000193881,0.000193881
467,14458.6,1.50371,2.58696,1.54706,1.40832,0.12812,0.10633,0.11672,0.6237,0.62155,0.64382,0.44098,0.5711,0.5619,0.53703,0.30493,0.98405,1.7789,7.5047,1.12669,0,0,0,0.000192506,0.000192506,0.000192506
468,14489.3,1.46602,2.51348,1.56848,1.41655,0.12804,0.10506,0.11565,0.63171,0.58574,0.64474,0.44445,0.52537,0.58803,0.54357,0.30817,0.98595,1.7795,7.31464,1.12531,0,0,0,0.000191132,0.000191132,0.000191132
469,14520.5,1.41194,2.52775,1.51378,1.41653,0.12667,0.10395,0.11325,0.58326,0.63711,0.6397,0.44796,0.51476,0.58962,0.53677,0.31001,0.97512,1.77222,7.70206,1.11992,0,0,0,0.000189757,0.000189757,0.000189757
470,14551.5,1.44043,2.5178,1.5564,1.4023,0.12721,0.10329,0.11368,0.56917,0.66337,0.64396,0.45961,0.52291,0.60443,0.54093,0.31331,0.97375,1.76872,7.37685,1.11828,0,0,0,0.000188383,0.000188383,0.000188383
471,14582.4,1.47104,2.53158,1.56851,1.41789,0.12534,0.10389,0.11365,0.59206,0.63449,0.63561,0.44654,0.53291,0.57205,0.52942,0.30496,0.97922,1.77394,7.06344,1.11896,0,0,0,0.000187008,0.000187008,0.000187008
472,14613.2,1.48239,2.55728,1.50989,1.40558,0.13072,0.10768,0.11781,0.59065,0.63795,0.62633,0.44072,0.5296,0.55496,0.51526,0.29452,0.97775,1.77315,7.3275,1.11737,0,0,0,0.000185634,0.000185634,0.000185634
473,14644.3,1.48658,2.57972,1.5705,1.42951,0.12916,0.1052,0.11602,0.59015,0.63092,0.63229,0.44375,0.54351,0.56883,0.52347,0.30541,0.97879,1.77798,7.20175,1.11703,0,0,0,0.00018426,0.00018426,0.00018426
474,14675,1.43241,2.46013,1.51062,1.40828,0.12448,0.10255,0.11261,0.59101,0.64627,0.63356,0.44991,0.53073,0.58114,0.51964,0.30204,0.97358,1.77452,7.22952,1.11737,0,0,0,0.000182885,0.000182885,0.000182885
475,14705.9,1.46209,2.49643,1.56531,1.41878,0.12882,0.10572,0.11538,0.57196,0.68215,0.6439,0.44761,0.52728,0.58959,0.52637,0.30669,0.97163,1.76498,7.26115,1.11641,0,0,0,0.000181511,0.000181511,0.000181511
476,14736.3,1.46437,2.52555,1.54696,1.43102,0.12941,0.10346,0.11487,0.6223,0.64588,0.63964,0.44379,0.56922,0.57942,0.53182,0.30643,0.97689,1.76316,7.67882,1.11644,0,0,0,0.000180136,0.000180136,0.000180136
477,14766.8,1.4893,2.56006,1.55058,1.41011,0.12917,0.10804,0.11755,0.60345,0.6428,0.63805,0.44612,0.55718,0.58293,0.536,0.31139,0.97676,1.75772,7.99796,1.11567,0,0,0,0.000178762,0.000178762,0.000178762
478,14797.4,1.43159,2.52433,1.54367,1.4213,0.13223,0.10849,0.11917,0.60704,0.62964,0.63456,0.44312,0.54991,0.57038,0.52925,0.3076,0.97399,1.74875,8.04729,1.11553,0,0,0,0.000177387,0.000177387,0.000177387
479,14828.1,1.46031,2.50684,1.54763,1.40667,0.1257,0.10224,0.11248,0.58372,0.63738,0.63318,0.43577,0.51472,0.56804,0.52026,0.30298,0.97266,1.74268,7.75754,1.1151,0,0,0,0.000176013,0.000176013,0.000176013
480,14858.6,1.44002,2.49764,1.49656,1.40772,0.12822,0.10545,0.11539,0.61688,0.6184,0.63784,0.43828,0.53698,0.56761,0.53088,0.30781,0.96882,1.74305,7.56685,1.1109,0,0,0,0.000174638,0.000174638,0.000174638
481,14889.5,1.44739,2.57634,1.52039,1.40273,0.12963,0.10767,0.11686,0.62799,0.60093,0.63186,0.43626,0.56116,0.5371,0.52127,0.30019,0.96808,1.73905,7.87526,1.11107,0,0,0,0.000173264,0.000173264,0.000173264
482,14920.6,1.46785,2.52871,1.55602,1.41907,0.12357,0.10142,0.11168,0.53665,0.69381,0.63459,0.43614,0.5497,0.55671,0.5286,0.30091,0.96731,1.73556,7.96462,1.11176,0,0,0,0.00017189,0.00017189,0.00017189
483,14951.3,1.46353,2.49721,1.50763,1.40202,0.12879,0.10733,0.11733,0.58776,0.6495,0.63799,0.43863,0.53327,0.59299,0.53386,0.30083,0.9728,1.73621,7.7261,1.11299,0,0,0,0.000170515,0.000170515,0.000170515
484,14982.2,1.45893,2.51142,1.51023,1.38137,0.1307,0.10721,0.11633,0.59369,0.64497,0.63932,0.43862,0.54809,0.56893,0.53114,0.30108,0.97598,1.73747,8.03478,1.1135,0,0,0,0.000169141,0.000169141,0.000169141
485,15013,1.41802,2.5193,1.52794,1.39296,0.12769,0.10468,0.11526,0.5708,0.64614,0.63415,0.44292,0.51017,0.5738,0.52648,0.30436,0.97043,1.7352,7.69869,1.11116,0,0,0,0.000167766,0.000167766,0.000167766
486,15043.5,1.45197,2.52737,1.54594,1.40656,0.12022,0.09927,0.10837,0.57106,0.64533,0.63501,0.44455,0.52893,0.58124,0.53187,0.30763,0.96551,1.72961,7.72668,1.10736,0,0,0,0.000166392,0.000166392,0.000166392
487,15074.6,1.42558,2.51575,1.46572,1.38741,0.12464,0.10309,0.1126,0.57786,0.64457,0.63614,0.44511,0.51311,0.57676,0.53642,0.31359,0.96833,1.73064,8.0086,1.1103,0,0,0,0.000165017,0.000165017,0.000165017
488,15105.5,1.42584,2.50468,1.53792,1.40904,0.12556,0.10443,0.11369,0.62711,0.59832,0.63187,0.44282,0.5809,0.51416,0.52663,0.30519,0.97164,1.73823,8.09041,1.1132,0,0,0,0.000163643,0.000163643,0.000163643
489,15136.2,1.46851,2.52368,1.52922,1.4076,0.12673,0.10407,0.11472,0.58387,0.63612,0.63721,0.44642,0.51921,0.55457,0.52842,0.31181,0.96789,1.73474,8.0945,1.11087,0,0,0,0.000162268,0.000162268,0.000162268
490,15167,1.43826,2.51035,1.5256,1.4092,0.12586,0.10354,0.11312,0.55824,0.65666,0.63359,0.44506,0.50861,0.5763,0.52691,0.30776,0.97136,1.72461,7.87717,1.11211,0,0,0,0.000160894,0.000160894,0.000160894
491,15197.6,1.47481,2.58321,1.50326,1.39042,0.12526,0.10342,0.11387,0.60955,0.61369,0.63849,0.44338,0.51838,0.56799,0.52651,0.30821,0.97265,1.73114,7.99674,1.11177,0,0,0,0.00015952,0.00015952,0.00015952
492,15228.4,1.42356,2.4985,1.54051,1.41325,0.12658,0.1053,0.11522,0.61868,0.62069,0.6459,0.45363,0.54366,0.55977,0.54224,0.31636,0.97342,1.73522,7.7414,1.11219,0,0,0,0.000158145,0.000158145,0.000158145
493,15259.9,1.39964,2.48265,1.50515,1.39163,0.12846,0.10716,0.11637,0.60605,0.62704,0.6387,0.44977,0.55026,0.56559,0.53559,0.30991,0.9722,1.73662,7.53689,1.11119,0,0,0,0.000156771,0.000156771,0.000156771
494,15290.4,1.42821,2.43373,1.49241,1.40105,0.132,0.10768,0.11818,0.62816,0.637,0.64042,0.44384,0.55914,0.57746,0.53249,0.30871,0.9708,1.73295,7.34456,1.11125,0,0,0,0.000155396,0.000155396,0.000155396
495,15321,1.455,2.53011,1.54579,1.41404,0.12677,0.10522,0.11586,0.6191,0.63832,0.65241,0.45236,0.55604,0.56651,0.55182,0.32143,0.96877,1.72599,7.46679,1.11013,0,0,0,0.000154022,0.000154022,0.000154022
496,15351.9,1.41495,2.44896,1.49703,1.38908,0.12954,0.10664,0.11699,0.6094,0.64925,0.6495,0.45193,0.56783,0.59359,0.56251,0.32581,0.96676,1.72087,7.57262,1.10858,0,0,0,0.000152647,0.000152647,0.000152647
497,15382.8,1.43917,2.48061,1.52805,1.41117,0.12444,0.10145,0.11227,0.58883,0.65175,0.64529,0.45004,0.54125,0.59799,0.55314,0.32151,0.96538,1.72637,7.40073,1.10588,0,0,0,0.000151273,0.000151273,0.000151273
498,15413.7,1.39107,2.46689,1.47937,1.40919,0.1242,0.10058,0.11052,0.57012,0.67856,0.64698,0.44974,0.54487,0.57487,0.54666,0.32269,0.96004,1.72105,7.33242,1.10241,0,0,0,0.000149898,0.000149898,0.000149898
499,15444.6,1.43347,2.4929,1.49783,1.38746,0.12536,0.10648,0.11585,0.55635,0.68432,0.63962,0.45079,0.54203,0.57061,0.54469,0.32023,0.95622,1.7256,7.60426,1.10009,0,0,0,0.000148524,0.000148524,0.000148524
500,15475.6,1.40904,2.5065,1.46864,1.37363,0.12811,0.10775,0.11737,0.55971,0.65833,0.63701,0.44578,0.51622,0.57787,0.53992,0.31943,0.95668,1.72529,8.06476,1.09955,0,0,0,0.000147149,0.000147149,0.000147149
501,15506.4,1.48155,2.52277,1.53692,1.40277,0.12559,0.10422,0.11446,0.57473,0.65301,0.63945,0.4463,0.51694,0.57928,0.5349,0.31797,0.95736,1.7174,7.90235,1.10171,0,0,0,0.000145775,0.000145775,0.000145775
502,15537.1,1.42247,2.47109,1.5431,1.39248,0.12104,0.10033,0.10962,0.56042,0.67213,0.64244,0.45063,0.50372,0.60297,0.53398,0.32025,0.9532,1.71118,7.72821,1.09934,0,0,0,0.000144401,0.000144401,0.000144401
503,15568,1.45079,2.51511,1.47869,1.38964,0.12618,0.10665,0.11548,0.63127,0.60638,0.64113,0.4526,0.56075,0.56191,0.54144,0.32023,0.95064,1.71016,7.75693,1.097,0,0,0,0.000143026,0.000143026,0.000143026
504,15598.6,1.46874,2.49844,1.52659,1.39349,0.12675,0.10768,0.11606,0.59348,0.64161,0.64873,0.45558,0.5572,0.58087,0.54965,0.32433,0.94972,1.71108,7.60357,1.09662,0,0,0,0.000141652,0.000141652,0.000141652
505,15629.6,1.42532,2.50583,1.5144,1.38056,0.12729,0.10489,0.116,0.59831,0.66127,0.65999,0.4673,0.54082,0.59841,0.55912,0.33765,0.95182,1.71209,7.49577,1.09812,0,0,0,0.000140277,0.000140277,0.000140277
506,15660.8,1.39324,2.47498,1.47225,1.38067,0.12567,0.1046,0.11353,0.59701,0.64102,0.6536,0.46339,0.53113,0.58384,0.55956,0.3278,0.94725,1.70925,7.46095,1.09676,0,0,0,0.000138903,0.000138903,0.000138903
507,15691.6,1.42534,2.45789,1.49016,1.39524,0.1254,0.10324,0.11295,0.6431,0.61457,0.65122,0.46275,0.57845,0.55436,0.54938,0.32411,0.94055,1.70805,7.5985,1.09417,0,0,0,0.000137528,0.000137528,0.000137528
508,15722.5,1.44506,2.49931,1.50731,1.40387,0.12344,0.10242,0.11166,0.59402,0.6482,0.64995,0.45861,0.53137,0.59254,0.54805,0.32324,0.94147,1.71187,7.69197,1.09557,0,0,0,0.000136154,0.000136154,0.000136154
509,15753.4,1.44318,2.46641,1.47566,1.38748,0.1244,0.10354,0.11411,0.61532,0.62919,0.65299,0.45732,0.55231,0.5674,0.54708,0.32365,0.94173,1.70877,7.78116,1.0933,0,0,0,0.000134779,0.000134779,0.000134779
510,15783.8,1.42335,2.47092,1.50018,1.41585,0.12276,0.0998,0.11061,0.59312,0.64246,0.65852,0.47266,0.53536,0.57644,0.55687,0.33357,0.94232,1.70895,7.81733,1.09379,0,0,0,0.000133405,0.000133405,0.000133405
511,15814.6,1.41298,2.4284,1.47173,1.39459,0.12569,0.10369,0.11474,0.58407,0.65422,0.66113,0.47622,0.54488,0.56997,0.5653,0.33935,0.94636,1.70816,7.74788,1.09558,0,0,0,0.000132031,0.000132031,0.000132031
512,15845.8,1.44899,2.46372,1.49941,1.38726,0.12326,0.10236,0.11229,0.60456,0.6322,0.66195,0.47882,0.54792,0.57506,0.56396,0.34097,0.95119,1.70881,7.49378,1.09488,0,0,0,0.000130656,0.000130656,0.000130656
513,15876.6,1.40609,2.52085,1.50461,1.38201,0.12829,0.10594,0.11674,0.60297,0.64565,0.65854,0.47396,0.5516,0.59027,0.56702,0.33645,0.95043,1.70204,7.59689,1.09335,0,0,0,0.000129282,0.000129282,0.000129282
514,15907.4,1.42555,2.46214,1.51296,1.40149,0.12453,0.10454,0.1142,0.59209,0.66682,0.66354,0.47149,0.57278,0.56436,0.56499,0.34197,0.94631,1.70225,7.59366,1.09316,0,0,0,0.000127907,0.000127907,0.000127907
515,15937.9,1.40365,2.42417,1.49675,1.39135,0.12645,0.10322,0.11276,0.6214,0.64912,0.65492,0.45892,0.57447,0.58663,0.55615,0.33378,0.94772,1.6991,7.77682,1.09395,0,0,0,0.000126533,0.000126533,0.000126533
516,15968.5,1.43343,2.43235,1.50056,1.37421,0.12078,0.10093,0.11047,0.58308,0.66638,0.65215,0.45964,0.54608,0.58649,0.55424,0.32433,0.95271,1.69494,7.52953,1.09646,0,0,0,0.000125158,0.000125158,0.000125158
517,15999.3,1.41949,2.44954,1.50969,1.37742,0.1239,0.10223,0.11231,0.5681,0.67211,0.66351,0.47221,0.52489,0.59796,0.56776,0.33664,0.95081,1.69147,7.4975,1.09559,0,0,0,0.000123784,0.000123784,0.000123784
518,16030.2,1.44036,2.45627,1.50666,1.40511,0.13004,0.10878,0.11828,0.58465,0.65617,0.64843,0.45699,0.56294,0.58604,0.55559,0.33107,0.94666,1.69693,7.59904,1.09508,0,0,0,0.000122409,0.000122409,0.000122409
519,16060.7,1.3816,2.40146,1.48001,1.38812,0.12218,0.10062,0.11035,0.59685,0.67638,0.6638,0.46864,0.57339,0.58088,0.57051,0.34087,0.93784,1.6955,7.79346,1.09052,0,0,0,0.000121035,0.000121035,0.000121035
520,16091.7,1.43676,2.44375,1.48836,1.38575,0.1246,0.10505,0.11522,0.60868,0.66839,0.67131,0.46955,0.5543,0.59713,0.56439,0.3416,0.94153,1.69399,7.70683,1.09049,0,0,0,0.00011966,0.00011966,0.00011966
521,16122.3,1.40361,2.45917,1.48904,1.40064,0.1298,0.10699,0.11726,0.61502,0.66876,0.66636,0.46697,0.56375,0.57932,0.56531,0.33528,0.94297,1.69037,7.90467,1.0903,0,0,0,0.000118286,0.000118286,0.000118286
522,16153,1.4212,2.4565,1.45836,1.39994,0.1217,0.10144,0.11129,0.60369,0.66807,0.66371,0.46947,0.57644,0.58109,0.56963,0.3344,0.94332,1.69319,8.01307,1.09158,0,0,0,0.000116912,0.000116912,0.000116912
523,16183.8,1.42477,2.46631,1.45084,1.38238,0.12906,0.10733,0.11613,0.62893,0.64505,0.66581,0.47397,0.5797,0.58935,0.57229,0.33872,0.93903,1.69094,7.84441,1.0886,0,0,0,0.000115537,0.000115537,0.000115537
524,16214.6,1.36395,2.4109,1.43649,1.36218,0.12433,0.10271,0.11262,0.62916,0.64368,0.6672,0.47866,0.57881,0.591,0.5736,0.34268,0.93752,1.68302,7.85601,1.08626,0,0,0,0.000114163,0.000114163,0.000114163
525,16245.5,1.424,2.43608,1.45444,1.37913,0.12652,0.1042,0.11394,0.61547,0.65713,0.66384,0.47873,0.57039,0.59687,0.57226,0.3457,0.93507,1.68136,7.83218,1.08587,0,0,0,0.000112788,0.000112788,0.000112788
526,16276.1,1.4104,2.45955,1.48975,1.37928,0.12234,0.1024,0.11184,0.61725,0.66005,0.66186,0.47765,0.57986,0.59601,0.57069,0.34161,0.9354,1.68222,8.03963,1.08689,0,0,0,0.000111414,0.000111414,0.000111414
527,16306.9,1.38891,2.39784,1.4382,1.37373,0.12163,0.10107,0.11079,0.62429,0.66244,0.66613,0.47858,0.57076,0.60141,0.57294,0.33638,0.9343,1.68318,7.91967,1.08712,0,0,0,0.000110039,0.000110039,0.000110039
528,16337.3,1.36812,2.44247,1.41668,1.37138,0.12651,0.10546,0.11532,0.61696,0.65347,0.66877,0.47848,0.57053,0.5915,0.57493,0.34397,0.93332,1.68497,8.05262,1.08574,0,0,0,0.000108665,0.000108665,0.000108665
529,16368.2,1.41274,2.50713,1.51398,1.39002,0.12567,0.1047,0.11496,0.61061,0.66823,0.67022,0.47861,0.57363,0.59191,0.57309,0.34266,0.93417,1.68832,8.16222,1.08644,0,0,0,0.00010729,0.00010729,0.00010729
530,16398.8,1.41126,2.38097,1.476,1.39096,0.12228,0.10005,0.11104,0.59435,0.68543,0.66715,0.47731,0.56889,0.58843,0.56498,0.34009,0.93634,1.69159,8.12524,1.08826,0,0,0,0.000105916,0.000105916,0.000105916
531,16429.3,1.41058,2.4751,1.45272,1.37,0.12394,0.10194,0.1122,0.60319,0.67579,0.65987,0.47024,0.55084,0.6021,0.55959,0.33304,0.93874,1.6928,8.22976,1.08769,0,0,0,0.000104542,0.000104542,0.000104542
532,16460.7,1.44448,2.50627,1.54883,1.39278,0.12531,0.10323,0.11382,0.59511,0.68242,0.66349,0.47361,0.54085,0.61718,0.56449,0.33518,0.93832,1.68413,8.17934,1.08787,0,0,0,0.000103167,0.000103167,0.000103167
533,16491.4,1.42823,2.52099,1.48298,1.38381,0.12782,0.106,0.11564,0.61503,0.67105,0.66877,0.47678,0.54693,0.61112,0.56906,0.34186,0.93378,1.6804,7.92832,1.08654,0,0,0,0.000101793,0.000101793,0.000101793
534,16522.2,1.44647,2.53192,1.53402,1.39888,0.12717,0.10548,0.11655,0.59179,0.68969,0.67489,0.48128,0.53455,0.62284,0.5756,0.34542,0.93058,1.67837,7.70596,1.08572,0,0,0,0.000100418,0.000100418,0.000100418
535,16553.2,1.41564,2.48356,1.46171,1.37221,0.12415,0.10248,0.11134,0.60304,0.68147,0.67488,0.47769,0.54571,0.62001,0.57854,0.35013,0.92828,1.67769,7.55676,1.0842,0,0,0,9.90437e-05,9.90437e-05,9.90437e-05
536,16584,1.38853,2.45878,1.4377,1.37213,0.12585,0.1059,0.11551,0.60885,0.68866,0.67344,0.4764,0.55029,0.60295,0.57288,0.3433,0.92895,1.67674,7.52919,1.08441,0,0,0,9.76692e-05,9.76692e-05,9.76692e-05
537,16614.8,1.41828,2.4766,1.47481,1.36745,0.12313,0.09957,0.11,0.61124,0.67791,0.6577,0.46747,0.5649,0.60427,0.56339,0.33081,0.93006,1.67397,7.64172,1.08318,0,0,0,9.62948e-05,9.62948e-05,9.62948e-05
538,16646,1.36316,2.42502,1.47587,1.37872,0.12472,0.10484,0.11454,0.6358,0.66311,0.65898,0.46908,0.57841,0.59841,0.5662,0.3364,0.92775,1.66965,7.73718,1.08151,0,0,0,9.49203e-05,9.49203e-05,9.49203e-05
539,16676.8,1.38842,2.39071,1.44561,1.36666,0.12278,0.10375,0.1129,0.63707,0.67402,0.67569,0.47965,0.58535,0.61437,0.58486,0.34874,0.92675,1.67151,7.83245,1.08171,0,0,0,9.35459e-05,9.35459e-05,9.35459e-05
540,16707.9,1.37537,2.39,1.4594,1.38111,0.12813,0.10611,0.11603,0.63013,0.66544,0.67175,0.48055,0.58404,0.60732,0.58174,0.3443,0.92526,1.67058,7.88745,1.08063,0,0,0,9.21715e-05,9.21715e-05,9.21715e-05
541,16738.4,1.42068,2.5416,1.48129,1.39517,0.12,0.10087,0.1102,0.62814,0.66915,0.66945,0.48296,0.57774,0.605,0.58115,0.34043,0.92484,1.66963,7.87608,1.08032,0,0,0,9.0797e-05,9.0797e-05,9.0797e-05
542,16769.2,1.39845,2.46484,1.45155,1.36844,0.12743,0.10569,0.11579,0.62877,0.66849,0.66577,0.47596,0.57669,0.6028,0.57496,0.33991,0.9237,1.66692,7.894,1.08044,0,0,0,8.94226e-05,8.94226e-05,8.94226e-05
543,16800.1,1.41806,2.38644,1.48328,1.41441,0.12455,0.10425,0.11407,0.60742,0.67281,0.6638,0.47462,0.56553,0.6027,0.57051,0.33696,0.92145,1.66467,7.90946,1.07996,0,0,0,8.80481e-05,8.80481e-05,8.80481e-05
544,16831.1,1.37378,2.39859,1.45109,1.37843,0.12365,0.10146,0.1118,0.60757,0.66008,0.66104,0.47537,0.56859,0.60256,0.57025,0.33593,0.92149,1.66689,7.94107,1.08011,0,0,0,8.66736e-05,8.66736e-05,8.66736e-05
545,16861.9,1.36579,2.36848,1.4174,1.35348,0.12193,0.10235,0.1113,0.61395,0.66287,0.66475,0.47687,0.57599,0.59392,0.56872,0.336,0.92095,1.66465,7.84509,1.07937,0,0,0,8.52992e-05,8.52992e-05,8.52992e-05
546,16892.6,1.40091,2.4542,1.43125,1.38166,0.12363,0.10453,0.1141,0.61401,0.67241,0.66636,0.47837,0.57004,0.59728,0.57397,0.3392,0.92181,1.66246,7.76466,1.07948,0,0,0,8.39248e-05,8.39248e-05,8.39248e-05
547,16923.3,1.39911,2.42563,1.45279,1.36198,0.12869,0.10706,0.11723,0.63569,0.65071,0.67215,0.48099,0.58308,0.59082,0.5824,0.34776,0.91972,1.66373,7.73226,1.07686,0,0,0,8.25503e-05,8.25503e-05,8.25503e-05
548,16954.7,1.41359,2.41488,1.64815,1.37369,0.11504,0.09625,0.10539,0.60707,0.67067,0.67552,0.47769,0.55402,0.6085,0.57497,0.34303,0.92127,1.66682,7.7252,1.07644,0,0,0,8.11759e-05,8.11759e-05,8.11759e-05
549,16985.4,1.34364,2.38501,1.52146,1.36588,0.12331,0.10075,0.1105,0.59028,0.68894,0.67656,0.47891,0.54039,0.61129,0.57659,0.34147,0.92153,1.66881,7.46838,1.07678,0,0,0,7.98014e-05,7.98014e-05,7.98014e-05
550,17016,1.43216,2.4265,1.48847,1.38533,0.12442,0.10356,0.11356,0.57756,0.68373,0.67383,0.47714,0.53627,0.61995,0.57257,0.34071,0.92058,1.66589,7.42858,1.0761,0,0,0,7.84269e-05,7.84269e-05,7.84269e-05
551,17047.5,1.36286,2.41894,1.47233,1.37488,0.12647,0.10507,0.11507,0.56837,0.69239,0.67631,0.48183,0.521,0.64072,0.57577,0.34844,0.92024,1.66644,7.5428,1.0757,0,0,0,7.70525e-05,7.70525e-05,7.70525e-05
552,17078.4,1.38799,2.43305,1.49284,1.36386,0.1204,0.10113,0.11093,0.58665,0.66456,0.67357,0.48101,0.52518,0.62419,0.57257,0.34148,0.91812,1.66417,7.57128,1.07472,0,0,0,7.5678e-05,7.5678e-05,7.5678e-05
553,17109.3,1.41417,2.45015,1.45022,1.38075,0.12514,0.10246,0.11344,0.58939,0.66887,0.67681,0.48609,0.51556,0.6343,0.57446,0.34106,0.91607,1.66621,7.53486,1.07508,0,0,0,7.43036e-05,7.43036e-05,7.43036e-05
554,17139.7,1.34517,2.37915,1.56608,1.36884,0.1211,0.10061,0.10947,0.60569,0.64388,0.67779,0.48592,0.51565,0.62773,0.57658,0.34264,0.91398,1.6619,7.62847,1.07401,0,0,0,7.29292e-05,7.29292e-05,7.29292e-05
555,17170.5,1.37298,2.41733,1.44533,1.36907,0.1223,0.10173,0.11112,0.60279,0.64994,0.66962,0.47518,0.54482,0.58961,0.56799,0.33602,0.91416,1.6624,7.50916,1.07417,0,0,0,7.15547e-05,7.15547e-05,7.15547e-05
556,17201.6,1.39647,2.40314,1.43271,1.37643,0.12362,0.10186,0.11109,0.61336,0.6416,0.65888,0.47026,0.53041,0.59362,0.55061,0.33015,0.91675,1.66379,7.46474,1.07532,0,0,0,7.01802e-05,7.01802e-05,7.01802e-05
557,17232.4,1.41572,2.45882,1.49253,1.37889,0.11896,0.09827,0.10842,0.61366,0.64229,0.66285,0.47156,0.5322,0.60717,0.557,0.33326,0.9168,1.66386,7.52155,1.07462,0,0,0,6.88058e-05,6.88058e-05,6.88058e-05
558,17263,1.38289,2.3959,1.4234,1.38181,0.12294,0.10463,0.11363,0.62846,0.64037,0.66444,0.47201,0.5748,0.55986,0.55548,0.33131,0.91608,1.66315,7.50303,1.0749,0,0,0,6.74313e-05,6.74313e-05,6.74313e-05
559,17293.8,1.38285,2.39045,1.54782,1.35296,0.11675,0.09763,0.10754,0.58666,0.674,0.66254,0.47015,0.55467,0.59222,0.56114,0.3328,0.91827,1.66673,7.6054,1.07582,0,0,0,6.60569e-05,6.60569e-05,6.60569e-05
560,17324.5,1.4008,2.4254,1.50248,1.37229,0.12247,0.10363,0.11292,0.59485,0.66883,0.66321,0.47372,0.56909,0.57706,0.56196,0.33765,0.91695,1.66271,7.61857,1.07584,0,0,0,6.46825e-05,6.46825e-05,6.46825e-05
561,17355.4,1.38561,2.40868,1.44146,1.35357,0.12367,0.10208,0.11162,0.60096,0.65257,0.6657,0.47187,0.53064,0.62515,0.57003,0.33783,0.91734,1.66213,7.50488,1.07528,0,0,0,6.3308e-05,6.3308e-05,6.3308e-05
562,17386.4,1.35418,2.39614,1.40699,1.36061,0.1204,0.10198,0.1116,0.6228,0.65222,0.66337,0.473,0.57286,0.59854,0.5712,0.33611,0.9153,1.6605,7.55382,1.07333,0,0,0,6.19335e-05,6.19335e-05,6.19335e-05
563,17417.1,1.38627,2.37363,1.44917,1.35662,0.12568,0.10529,0.1143,0.5866,0.68484,0.66478,0.47281,0.55386,0.59903,0.56673,0.33953,0.91501,1.66334,7.69873,1.0733,0,0,0,6.05591e-05,6.05591e-05,6.05591e-05
564,17448,1.36795,2.38122,1.45056,1.34542,0.12412,0.10325,0.1125,0.59236,0.67605,0.66539,0.47287,0.52795,0.62471,0.56753,0.33998,0.91504,1.66192,7.7204,1.07274,0,0,0,5.91846e-05,5.91846e-05,5.91846e-05
565,17479,1.36607,2.35743,1.47462,1.36636,0.12137,0.10225,0.11168,0.60078,0.66824,0.6678,0.47351,0.52602,0.62676,0.56517,0.33941,0.91688,1.65933,7.6806,1.07253,0,0,0,5.78102e-05,5.78102e-05,5.78102e-05
566,17509.5,1.3575,2.44183,1.4262,1.35336,0.12351,0.10301,0.11295,0.58898,0.67942,0.66502,0.4745,0.53077,0.64093,0.56843,0.33808,0.9165,1.65846,7.63468,1.07138,0,0,0,5.64358e-05,5.64358e-05,5.64358e-05
567,17540.6,1.37382,2.39572,1.38073,1.34331,0.12036,0.10276,0.11184,0.59779,0.68217,0.66413,0.47381,0.54779,0.62515,0.57072,0.33806,0.91345,1.65807,7.79564,1.07002,0,0,0,5.50613e-05,5.50613e-05,5.50613e-05
568,17571.3,1.3585,2.41914,1.43697,1.36234,0.12061,0.10087,0.11076,0.59899,0.68908,0.66603,0.47677,0.53095,0.63984,0.5708,0.33841,0.91059,1.65934,7.88583,1.06973,0,0,0,5.36869e-05,5.36869e-05,5.36869e-05
569,17602,1.38075,2.44394,1.48944,1.38631,0.12562,0.10371,0.11306,0.60933,0.6744,0.66476,0.47629,0.55283,0.61335,0.56647,0.336,0.91169,1.6571,7.83884,1.07025,0,0,0,5.23124e-05,5.23124e-05,5.23124e-05
570,17632.6,1.37869,2.38657,1.44339,1.35808,0.12157,0.10358,0.11234,0.60915,0.67146,0.66628,0.47851,0.55387,0.60995,0.56768,0.33774,0.91052,1.65262,7.73325,1.07021,0,0,0,5.09379e-05,5.09379e-05,5.09379e-05
571,17663.5,1.34992,2.36371,1.44869,1.36828,0.12152,0.10253,0.1123,0.61163,0.66949,0.66375,0.47475,0.54207,0.63842,0.56517,0.33763,0.90938,1.65201,7.77244,1.06942,0,0,0,4.95635e-05,4.95635e-05,4.95635e-05
572,17694.2,1.34322,2.35626,1.38937,1.3498,0.11844,0.09953,0.10937,0.60507,0.68873,0.66461,0.47486,0.55489,0.62075,0.56823,0.341,0.9073,1.6462,7.77512,1.06905,0,0,0,4.81891e-05,4.81891e-05,4.81891e-05
573,17725,1.36628,2.38772,1.44868,1.35169,0.12335,0.1048,0.1137,0.60587,0.69227,0.66433,0.47376,0.55475,0.63233,0.56856,0.33906,0.90576,1.64525,7.7099,1.06903,0,0,0,4.68146e-05,4.68146e-05,4.68146e-05
574,17755.6,1.39874,2.42814,1.47279,1.37532,0.12309,0.10218,0.1119,0.61224,0.6943,0.66735,0.4741,0.56108,0.6263,0.56808,0.34124,0.90829,1.64552,7.55329,1.0692,0,0,0,4.54402e-05,4.54402e-05,4.54402e-05
575,17786.4,1.37065,2.40094,1.46522,1.36675,0.12304,0.10419,0.11383,0.60928,0.69176,0.66393,0.47158,0.5513,0.639,0.56615,0.33912,0.90769,1.64496,7.47139,1.06924,0,0,0,4.40657e-05,4.40657e-05,4.40657e-05
576,17817,1.34918,2.36261,1.4828,1.37659,0.11501,0.09384,0.10376,0.61678,0.66729,0.66672,0.47475,0.54748,0.64067,0.567,0.34155,0.90863,1.64851,7.43194,1.0693,0,0,0,4.26912e-05,4.26912e-05,4.26912e-05
577,17847.6,1.33278,2.38517,1.41306,1.35265,0.12287,0.10126,0.11151,0.59423,0.70233,0.66742,0.47665,0.54956,0.63841,0.56641,0.34006,0.90727,1.65173,7.3357,1.06879,0,0,0,4.13168e-05,4.13168e-05,4.13168e-05
578,17878.4,1.39138,2.42149,1.43807,1.34764,0.12126,0.10115,0.11007,0.58559,0.70913,0.66511,0.47601,0.54646,0.63185,0.5648,0.33956,0.90754,1.64862,7.29888,1.06852,0,0,0,3.99423e-05,3.99423e-05,3.99423e-05
579,17909.1,1.35553,2.32221,1.40736,1.35197,0.12002,0.10134,0.11119,0.58893,0.70207,0.66423,0.47782,0.54717,0.63036,0.56509,0.3415,0.90589,1.64793,7.32749,1.06727,0,0,0,3.85679e-05,3.85679e-05,3.85679e-05
580,17939.5,1.37866,2.35909,1.47911,1.34758,0.1152,0.09723,0.10622,0.59262,0.69869,0.6652,0.47782,0.56247,0.62829,0.5714,0.34113,0.90576,1.64789,7.32365,1.06703,0,0,0,3.71935e-05,3.71935e-05,3.71935e-05
581,17970.2,1.36039,2.43033,1.48451,1.3734,0.12264,0.10117,0.11134,0.58651,0.69482,0.66521,0.47853,0.54622,0.62635,0.5655,0.34135,0.90593,1.64645,7.33012,1.06682,0,0,0,3.5819e-05,3.5819e-05,3.5819e-05
582,18001,1.38579,2.39277,1.46009,1.36061,0.12096,0.10007,0.11032,0.58643,0.6999,0.66478,0.47778,0.54568,0.62817,0.56562,0.34035,0.90534,1.64503,7.31225,1.06643,0,0,0,3.44445e-05,3.44445e-05,3.44445e-05
583,18031.6,1.32933,2.33213,1.55628,1.33119,0.12383,0.10199,0.11188,0.58568,0.69453,0.6667,0.47953,0.54867,0.62387,0.56458,0.34085,0.90382,1.64307,7.38007,1.06595,0,0,0,3.30701e-05,3.30701e-05,3.30701e-05
584,18062.3,1.32413,2.36157,1.3838,1.36146,0.12038,0.1019,0.112,0.58516,0.70313,0.66527,0.47807,0.5371,0.63671,0.5646,0.33838,0.90366,1.64122,7.40468,1.06635,0,0,0,3.16956e-05,3.16956e-05,3.16956e-05
585,18092.8,1.33805,2.39095,1.42401,1.35789,0.12415,0.10322,0.11269,0.58244,0.71043,0.66661,0.47523,0.53277,0.64231,0.56485,0.33802,0.90415,1.64279,7.39554,1.06626,0,0,0,3.03212e-05,3.03212e-05,3.03212e-05
586,18123.5,1.38527,2.38101,1.44853,1.37322,0.11954,0.10085,0.11013,0.58403,0.71159,0.66957,0.47875,0.5314,0.64699,0.56825,0.34116,0.9044,1.63961,7.34651,1.06616,0,0,0,2.89468e-05,2.89468e-05,2.89468e-05
587,18154.1,1.38983,2.39905,1.44902,1.35113,0.11933,0.10118,0.11029,0.5917,0.71233,0.67492,0.4841,0.55011,0.6375,0.57021,0.3423,0.9038,1.6397,7.35475,1.06592,0,0,0,2.75723e-05,2.75723e-05,2.75723e-05
588,18184.6,1.38888,2.36547,1.44637,1.35296,0.12038,0.09993,0.10891,0.58417,0.70512,0.66979,0.48261,0.53868,0.64457,0.56945,0.34173,0.90399,1.63948,7.42333,1.06623,0,0,0,2.61978e-05,2.61978e-05,2.61978e-05
589,18215.6,1.38923,2.38386,1.47241,1.38764,0.12666,0.10654,0.11667,0.5925,0.70173,0.68528,0.49231,0.54763,0.63684,0.58085,0.35299,0.90379,1.6369,7.40004,1.06652,0,0,0,2.48234e-05,2.48234e-05,2.48234e-05
590,18246.6,1.34068,2.31965,1.49381,1.34168,0.12342,0.103,0.11294,0.59821,0.69945,0.68582,0.49248,0.54882,0.62725,0.58114,0.35426,0.90387,1.63805,7.41536,1.06613,0,0,0,2.34489e-05,2.34489e-05,2.34489e-05
591,18280,1.37437,2.32033,1.65215,1.40394,0.09269,0.06747,0.07716,0.59276,0.6917,0.67143,0.47668,0.54322,0.6332,0.57254,0.34467,0.91791,1.65101,7.53349,1.07134,0,0,0,2.20745e-05,2.20745e-05,2.20745e-05
592,18311.1,1.31322,2.31735,1.56926,1.35876,0.09206,0.06789,0.07785,0.60965,0.68451,0.66915,0.47085,0.55417,0.61916,0.56937,0.33974,0.93415,1.6787,7.37818,1.07927,0,0,0,2.07001e-05,2.07001e-05,2.07001e-05
593,18341.4,1.3274,2.26693,1.38908,1.39723,0.09245,0.0676,0.07751,0.58864,0.70112,0.66208,0.47165,0.55196,0.62168,0.56821,0.33531,0.94404,1.69976,7.00949,1.08509,0,0,0,1.93256e-05,1.93256e-05,1.93256e-05
594,18372.3,1.30287,2.2714,1.59424,1.35987,0.09109,0.06672,0.07651,0.59957,0.66752,0.65908,0.46516,0.54946,0.60871,0.56362,0.33355,0.95093,1.71246,6.7309,1.08847,0,0,0,1.79512e-05,1.79512e-05,1.79512e-05
595,18402.5,1.29218,2.29007,1.39167,1.3869,0.09157,0.06703,0.07622,0.59876,0.68064,0.65628,0.46757,0.55506,0.61628,0.56686,0.33106,0.95793,1.72041,6.4428,1.09161,0,0,0,1.65767e-05,1.65767e-05,1.65767e-05
596,18433.3,1.28754,2.21666,1.43043,1.3443,0.08994,0.06586,0.07441,0.58747,0.68334,0.65648,0.46379,0.54138,0.617,0.55925,0.33036,0.95866,1.72151,6.23117,1.0921,0,0,0,1.52022e-05,1.52022e-05,1.52022e-05
597,18464,1.31145,2.23553,1.36488,1.39274,0.08969,0.06607,0.075,0.59779,0.69381,0.6613,0.46621,0.53988,0.61622,0.56095,0.32965,0.95765,1.7193,6.09279,1.09166,0,0,0,1.38278e-05,1.38278e-05,1.38278e-05
598,18494.6,1.30722,2.23109,1.34958,1.37219,0.09057,0.06629,0.0752,0.58512,0.69253,0.658,0.47034,0.5345,0.60553,0.5591,0.32918,0.95642,1.71752,6.05936,1.09126,0,0,0,1.24534e-05,1.24534e-05,1.24534e-05
599,18525.3,1.27538,2.20721,1.36649,1.35089,0.08934,0.06584,0.07458,0.57366,0.70364,0.66048,0.47429,0.51848,0.63348,0.56119,0.33211,0.95581,1.71654,6.04432,1.09065,0,0,0,1.10789e-05,1.10789e-05,1.10789e-05
600,18556.1,1.29804,2.20781,1.31897,1.35157,0.0865,0.06554,0.07389,0.61001,0.67641,0.66074,0.47473,0.51839,0.63577,0.5603,0.33064,0.95413,1.71539,6.07254,1.09018,0,0,0,9.70445e-06,9.70445e-06,9.70445e-06
