epoch,time,train/box_loss,train/seg_loss,train/cls_loss,train/dfl_loss,train/sem_loss,train/heat_loss,train/seed_loss,metrics/precision(B),metrics/recall(B),metrics/mAP50(B),metrics/mAP50-95(B),metrics/precision(M),metrics/recall(M),metrics/mAP50(M),metrics/mAP50-95(M),val/box_loss,val/seg_loss,val/cls_loss,val/dfl_loss,val/sem_loss,val/heat_loss,val/seed_loss,lr/pg0,lr/pg1,lr/pg2
1,380.87,3.84956,7.12422,5.63707,4.20969,0.41286,0.86306,0.84844,0.00014,0.01435,1e-05,0,0.00015,0.01744,1e-05,0,3.77298,4.79307,7.07924,4.0838,0.3983,0,0,0.000276062,0.000276062,0.000276062
2,759.022,3.81608,5.19481,5.53833,4.15606,0.38891,0.84528,0.82922,0.00028,0.01813,2e-05,0,0.00021,0.01331,1e-05,0,3.72548,23.7053,68.7179,4.29167,0.36323,0,0,0.000552815,0.000552815,0.000552815
3,1134.07,3.76435,4.65516,5.36575,3.9949,0.32605,0.79906,0.77961,0.00024,0.02211,2e-05,0,0.0002,0.01772,2e-05,0,3.7064,35.7359,9.60452,4.28134,0.29107,0,0,0.000828651,0.000828651,0.000828651
4,1508.32,3.55319,4.58334,5.14212,3.74841,0.26656,0.7453,0.72672,0.00032,0.02395,3e-05,1e-05,0.00026,0.02471,2e-05,0,3.43676,4.80691,7.40624,3.59627,0.23997,0,0,0.000828877,0.000828877,0.000828877
5,1883.39,3.31614,4.47066,4.9672,3.52667,0.23834,0.68795,0.67372,0.00034,0.03217,5e-05,1e-05,0.00026,0.02385,3e-05,0,3.21844,4.5733,28.0484,3.40876,0.22395,0,0,0.000827502,0.000827502,0.000827502
6,2257.73,3.12661,4.44635,4.85182,3.35657,0.22288,0.64106,0.62988,0.0004,0.01993,6e-05,1e-05,0.00033,0.01499,0.00019,4e-05,3.18903,4.47226,6.57174,3.29717,0.20273,0,0,0.000826128,0.000826128,0.000826128
7,2632.01,3.02829,4.37788,4.75765,3.26079,0.20503,0.60529,0.59698,0.75135,0.00838,0.00075,0.00015,0.87767,0.00245,0.00025,5e-05,2.99563,4.36389,5.96908,3.16955,0.189,0,0,0.000824753,0.000824753,0.000824753
8,3006.25,2.95439,4.3485,4.69805,3.17167,0.19632,0.57985,0.57402,0.00068,0.05479,0.00032,6e-05,0.00047,0.03903,0.00018,3e-05,2.97047,4.41382,5.74305,3.0989,0.18278,0,0,0.000823379,0.000823379,0.000823379
9,3380.21,2.90872,4.33857,4.59994,3.10438,0.18903,0.56084,0.55721,0.00169,0.05466,0.00055,0.00012,0.62888,0.00372,0.00038,7e-05,2.89041,4.41065,5.9495,3.05606,0.18218,0,0,0.000822004,0.000822004,0.000822004
10,3754.33,2.88979,4.2904,4.55662,3.05223,0.18608,0.54826,0.54604,0.751,0.01621,0.00062,0.00013,0.7528,0.00395,0.00041,8e-05,2.8851,4.26787,5.90903,3.03053,0.17816,0,0,0.00082063,0.00082063,0.00082063
11,4128.65,2.85563,4.29125,4.57221,3.00448,0.185,0.53866,0.53772,0.37864,0.00624,0.0005,0.00011,0.37709,0.00459,0.00037,8e-05,2.83825,4.56776,7.60528,2.9828,0.18096,0,0,0.000819255,0.000819255,0.000819255
12,4503.24,2.76799,4.20861,4.43954,2.95464,0.1853,0.53194,0.53155,0.00548,0.06603,0.00045,0.0001,0.00536,0.05486,0.00035,7e-05,2.82847,7.13928,24.6823,3.04088,0.18582,0,0,0.000817881,0.000817881,0.000817881
13,4877.17,2.78246,4.21147,4.48599,2.94859,0.18436,0.52765,0.52811,0.13123,0.0053,0.00119,0.00027,0.12873,0.00482,0.0007,0.00016,2.72406,4.23076,5.54778,2.87426,0.17643,0,0,0.000816507,0.000816507,0.000816507
14,5251.96,2.77645,4.20031,4.40574,2.90892,0.18216,0.52366,0.52459,0.00228,0.08414,0.00116,0.00026,0.00203,0.0722,0.00095,0.00021,2.71638,4.27641,5.64553,2.85843,0.17512,0,0,0.000815132,0.000815132,0.000815132
15,5626.49,2.71488,4.18949,4.34052,2.87006,0.18195,0.52078,0.52181,0.00151,0.09484,0.00118,0.0003,0.2528,0.01867,0.00103,0.00021,2.67669,4.77465,13.016,2.84049,0.16964,0,0,0.000813758,0.000813758,0.000813758
16,6000.97,2.70074,4.14231,4.38203,2.84623,0.16894,0.5174,0.51845,0.0022,0.09735,0.00103,0.00027,0.00178,0.08057,0.0009,0.0002,2.66763,4.1293,8.69425,2.82742,0.15643,0,0,0.000812383,0.000812383,0.000812383
17,6375.47,2.67866,4.06318,4.24777,2.77746,0.16493,0.51553,0.51722,0.00179,0.1018,0.00092,0.00024,0.00146,0.08479,0.00076,0.00019,2.6484,4.15131,53.9826,2.81514,0.15539,0,0,0.000811009,0.000811009,0.000811009
18,6749.55,2.60644,4.06841,4.25271,2.79796,0.16117,0.51344,0.51498,0.25335,0.01162,0.00389,0.00086,0.25419,0.01021,0.00241,0.00044,2.59801,5.00692,6.5476,2.76792,0.14814,0,0,0.000809634,0.000809634,0.000809634
19,7124.23,2.61764,4.07334,4.23009,2.78274,0.15709,0.51203,0.51405,0.00242,0.12745,0.00165,0.00044,0.00184,0.1038,0.0013,0.00034,2.5893,10.3755,29.5888,2.81129,0.15031,0,0,0.00080826,0.00080826,0.00080826
20,7498.29,2.60669,4.0762,4.16585,2.76948,0.15561,0.51056,0.51203,0.00236,0.10532,0.00222,0.00061,0.00873,0.01176,0.0018,0.00048,2.55102,4.0802,8.36918,2.73187,0.14662,0,0,0.000806885,0.000806885,0.000806885
21,7872.74,2.58691,4.00736,4.09592,2.7466,0.15387,0.50867,0.51042,0.2627,0.02088,0.00603,0.00161,0.2608,0.01861,0.00607,0.00101,2.52498,4.41873,8.56124,2.70521,0.14613,0,0,0.000805511,0.000805511,0.000805511
22,8247.54,2.57147,4.04451,4.14303,2.70596,0.15267,0.50748,0.50939,0.50484,0.01931,0.00283,0.0008,0.50679,0.03698,0.03317,0.00363,2.55052,4.44336,27.5416,2.70217,0.14847,0,0,0.000804137,0.000804137,0.000804137
23,8622.12,2.51978,4.00745,4.08595,2.70293,0.15502,0.50635,0.50822,0.00226,0.15993,0.00232,0.00066,0.00505,0.16307,0.00276,0.00054,2.49209,4.40882,32.8229,2.67233,0.14647,0,0,0.000802762,0.000802762,0.000802762
24,8996.53,2.51224,3.94018,4.02982,2.64943,0.15142,0.50484,0.50657,0.50904,0.05192,0.00335,0.00101,0.51094,0.03629,0.00262,0.00072,2.46073,4.24206,51.0114,2.67775,0.14641,0,0,0.000801388,0.000801388,0.000801388
25,9370.9,2.50286,3.88632,4.00915,2.64042,0.15146,0.5027,0.50403,0.51417,0.01888,0.00308,0.00093,0.51459,0.01856,0.00282,0.00074,2.47032,4.27095,13.8107,2.66372,0.14482,0,0,0.000800013,0.000800013,0.000800013
26,9745.69,2.48601,3.954,3.96755,2.62313,0.15233,0.5018,0.5032,0.25767,0.01749,0.00369,0.00106,0.25713,0.01657,0.00313,0.00086,2.46105,4.10992,6.45098,2.65307,0.14512,0,0,0.000798639,0.000798639,0.000798639
27,10119.7,2.51794,3.934,3.99863,2.62868,0.15285,0.50033,0.50193,0.38375,0.01891,0.00412,0.0012,0.38378,0.01867,0.00352,0.00096,2.44272,4.16941,6.19171,2.62539,0.14592,0,0,0.000797264,0.000797264,0.000797264
28,10493.6,2.46324,3.86292,3.92862,2.60257,0.15145,0.49798,0.49915,0.51787,0.02432,0.0085,0.00266,0.51512,0.02191,0.00963,0.00249,2.40439,4.29274,4.90541,2.58348,0.14226,0,0,0.00079589,0.00079589,0.00079589
29,10867.4,2.44539,3.84481,3.89977,2.58843,0.15104,0.49559,0.49663,0.38636,0.02396,0.00589,0.00183,0.38613,0.02246,0.00504,0.0015,2.40316,3.9088,6.29757,2.58643,0.14096,0,0,0.000794515,0.000794515,0.000794515
30,11241.3,2.42135,3.86724,3.94311,2.58196,0.15041,0.4927,0.49375,0.26029,0.02327,0.00537,0.00161,0.26049,0.02289,0.0044,0.00129,2.41019,3.80369,15.0896,2.56589,0.13954,0,0,0.000793141,0.000793141,0.000793141
31,11614.8,2.40885,3.85149,3.83525,2.55816,0.14754,0.48625,0.48609,0.52355,0.02144,0.01228,0.00415,0.52517,0.02105,0.01205,0.00378,2.35595,3.78453,4.72653,2.53063,0.13419,0,0,0.000791767,0.000791767,0.000791767
32,11989.1,2.43489,3.82996,3.80941,2.50756,0.14238,0.47578,0.47301,0.43028,0.02373,0.01286,0.00393,0.42861,0.02183,0.01115,0.00351,2.36135,3.73765,4.6309,2.50967,0.12421,0,0,0.000790392,0.000790392,0.000790392
33,12362.6,2.35659,3.83839,3.87893,2.5582,0.13631,0.45282,0.4441,0.53666,0.02167,0.01582,0.00529,0.53582,0.02017,0.01455,0.00491,2.34928,3.72016,4.5129,2.53056,0.11947,0,0,0.000789018,0.000789018,0.000789018
34,12736.8,2.38237,3.80764,3.77456,2.55849,0.1311,0.41014,0.39426,0.5331,0.02968,0.01412,0.0044,0.53313,0.02969,0.01452,0.00436,2.34088,3.72459,4.53249,2.5158,0.11592,0,0,0.000787643,0.000787643,0.000787643
35,13110.7,2.39032,3.82532,3.79417,2.5248,0.12712,0.34475,0.32578,0.52789,0.02928,0.01517,0.00467,0.52881,0.02453,0.01563,0.00466,2.32766,3.68213,4.57917,2.50307,0.11327,0,0,0.000786269,0.000786269,0.000786269
36,13484.6,2.35958,3.75583,3.74149,2.50225,0.1271,0.26821,0.25994,0.42113,0.02998,0.01912,0.00623,0.40377,0.02389,0.01947,0.00599,2.32834,3.69288,4.43236,2.51299,0.11252,0,0,0.000784894,0.000784894,0.000784894
37,13858.9,2.34343,3.80278,3.73748,2.48558,0.12487,0.21654,0.21922,0.42737,0.04148,0.02582,0.00788,0.42117,0.03642,0.0237,0.00714,2.29983,3.66941,4.60503,2.47225,0.11152,0,0,0.00078352,0.00078352,0.00078352
38,14233.1,2.35954,3.73233,3.74522,2.48272,0.12065,0.1887,0.19775,0.55853,0.0363,0.02753,0.00924,0.5511,0.02958,0.02243,0.0074,2.28821,3.6475,4.09798,2.47237,0.11146,0,0,0.000782145,0.000782145,0.000782145
39,14607.3,2.31515,3.73115,3.68375,2.43969,0.12384,0.1776,0.19126,0.56353,0.03922,0.0319,0.01068,0.53568,0.03455,0.0279,0.01006,2.27642,3.65513,4.28516,2.4499,0.11083,0,0,0.000780771,0.000780771,0.000780771
40,14981.4,2.30916,3.71627,3.66011,2.45444,0.12528,0.17054,0.18632,0.55112,0.03989,0.02558,0.00851,0.54495,0.03589,0.02228,0.00751,2.26499,3.59648,4.19944,2.43598,0.1114,0,0,0.000779396,0.000779396,0.000779396
41,15355.1,2.30546,3.68528,3.60878,2.44189,0.12341,0.16335,0.17684,0.5482,0.04546,0.02966,0.00907,0.54668,0.03905,0.02802,0.00849,2.23139,3.60513,4.31557,2.41445,0.11098,0,0,0.000778022,0.000778022,0.000778022
42,15728.9,2.2881,3.71593,3.53373,2.40763,0.12089,0.16221,0.17282,0.567,0.04778,0.0351,0.01391,0.5606,0.0439,0.03228,0.00988,2.23135,3.57783,4.13081,2.41202,0.1106,0,0,0.000776648,0.000776648,0.000776648
43,16103,2.30687,3.66693,3.55582,2.42996,0.12061,0.16048,0.16951,0.55936,0.04907,0.02997,0.01165,0.55368,0.0461,0.02718,0.00977,2.24079,3.55917,3.97937,2.40515,0.11014,0,0,0.000775273,0.000775273,0.000775273
44,16476.7,2.29052,3.64665,3.51612,2.38989,0.12084,0.16145,0.17034,0.55883,0.05602,0.03172,0.01163,0.54828,0.04907,0.02707,0.00967,2.21406,3.55533,4.03967,2.38633,0.11007,0,0,0.000773899,0.000773899,0.000773899
45,16850.3,2.2532,3.65519,3.55219,2.40658,0.12148,0.15812,0.16663,0.56273,0.05782,0.03264,0.01295,0.55711,0.05204,0.02994,0.01156,2.20468,3.54049,4.16392,2.37514,0.10979,0,0,0.000772524,0.000772524,0.000772524
46,17224.4,2.28707,3.67081,3.57831,2.40565,0.12199,0.16043,0.17011,0.5566,0.05966,0.03187,0.0121,0.54822,0.05339,0.03062,0.00989,2.18908,3.51901,3.98597,2.35591,0.10933,0,0,0.00077115,0.00077115,0.00077115
47,17597.9,2.22423,3.61041,3.50552,2.3761,0.12057,0.15748,0.166,0.57638,0.06255,0.05628,0.02334,0.56246,0.05404,0.04124,0.01814,2.18412,3.50251,4.043,2.3515,0.1094,0,0,0.000769775,0.000769775,0.000769775
48,17972.1,2.25338,3.60338,3.50262,2.38948,0.11843,0.15614,0.16587,0.56396,0.05724,0.04759,0.01868,0.55409,0.04986,0.04038,0.01752,2.18063,3.49729,4.21064,2.33671,0.10894,0,0,0.000768401,0.000768401,0.000768401
49,18345.8,2.21894,3.56104,3.45276,2.3806,0.12152,0.15865,0.16833,0.57967,0.05716,0.05418,0.02222,0.56504,0.05185,0.04238,0.01615,2.17154,3.5051,4.02674,2.34262,0.10957,0,0,0.000767026,0.000767026,0.000767026
50,18719.5,2.2318,3.57892,3.45936,2.35803,0.12088,0.15564,0.16436,0.57371,0.08349,0.06628,0.02732,0.56015,0.06687,0.05301,0.02152,2.1597,3.45249,3.98157,2.3247,0.10905,0,0,0.000765652,0.000765652,0.000765652
51,19094.2,2.23833,3.58743,3.41875,2.34152,0.11839,0.15822,0.1669,0.49753,0.09592,0.05491,0.02535,0.49151,0.08581,0.04978,0.01923,2.17358,3.48511,4.11434,2.33334,0.10859,0,0,0.000764278,0.000764278,0.000764278
52,19467.9,2.22965,3.64036,3.43984,2.37389,0.12258,0.16135,0.17038,0.50914,0.08681,0.08051,0.03524,0.50254,0.0795,0.05877,0.02377,2.1543,3.43955,3.76183,2.3091,0.10851,0,0,0.000762903,0.000762903,0.000762903
53,19842.2,2.20612,3.58561,3.34498,2.32394,0.12066,0.15784,0.1665,0.55559,0.09328,0.10035,0.04797,0.55154,0.08356,0.09152,0.03319,2.1291,3.43723,4.02828,2.28394,0.1083,0,0,0.000761529,0.000761529,0.000761529
54,20216.3,2.20082,3.55441,3.35502,2.32075,0.11913,0.15462,0.16363,0.48983,0.09985,0.07549,0.03376,0.48048,0.09048,0.06674,0.02395,2.13101,3.40745,3.82476,2.28441,0.10805,0,0,0.000760154,0.000760154,0.000760154
55,20589.9,2.22217,3.53392,3.35967,2.33688,0.11946,0.1578,0.16738,0.49332,0.10196,0.06618,0.02555,0.48711,0.08973,0.05077,0.02025,2.13001,3.39848,3.76247,2.3106,0.10809,0,0,0.00075878,0.00075878,0.00075878
56,20963.4,2.17157,3.57419,3.34477,2.34878,0.11687,0.15508,0.16347,0.50812,0.10044,0.0731,0.03073,0.49824,0.09157,0.06376,0.02484,2.12112,3.37027,4.03578,2.2992,0.10795,0,0,0.000757405,0.000757405,0.000757405
57,21337.2,2.17487,3.53619,3.38304,2.31948,0.12006,0.15756,0.16829,0.42836,0.10891,0.07351,0.03164,0.40302,0.08376,0.05844,0.02401,2.10007,3.3699,3.66666,2.27152,0.10776,0,0,0.000756031,0.000756031,0.000756031
58,21710.9,2.15957,3.49555,3.27742,2.29491,0.11805,0.15753,0.16628,0.51331,0.10811,0.06616,0.02916,0.50707,0.10157,0.06428,0.02336,2.08444,3.35511,4.06551,2.26472,0.10753,0,0,0.000754656,0.000754656,0.000754656
59,22084.2,2.1635,3.49469,3.22833,2.29931,0.12077,0.16018,0.17003,0.37148,0.10143,0.1101,0.0452,0.38349,0.09686,0.0809,0.02969,2.1146,3.32769,3.80475,2.26936,0.10725,0,0,0.000753282,0.000753282,0.000753282
60,22457.9,2.1516,3.49737,3.25401,2.29444,0.11638,0.15204,0.16084,0.52871,0.08634,0.07914,0.03559,0.52182,0.08058,0.0696,0.02792,2.07662,3.34827,3.72459,2.24443,0.10717,0,0,0.000751907,0.000751907,0.000751907
61,22831.4,2.13928,3.50159,3.26445,2.29975,0.12261,0.15868,0.16925,0.41354,0.12011,0.09436,0.04029,0.37085,0.10656,0.07151,0.02846,2.09204,3.32429,3.77144,2.26713,0.1068,0,0,0.000750533,0.000750533,0.000750533
62,23205,2.16482,3.5034,3.28363,2.31045,0.11872,0.15333,0.16233,0.38028,0.11473,0.08813,0.03456,0.38058,0.10204,0.07621,0.03041,2.10003,3.31311,3.62131,2.26527,0.10709,0,0,0.000749159,0.000749159,0.000749159
63,23578.4,2.14888,3.50965,3.26758,2.2956,0.1156,0.15232,0.16094,0.39446,0.13366,0.07351,0.03083,0.48899,0.10935,0.06368,0.02574,2.06671,3.31076,3.67592,2.25216,0.1071,0,0,0.000747784,0.000747784,0.000747784
64,23952,2.12152,3.48309,3.2398,2.2889,0.11776,0.15598,0.16536,0.41121,0.1378,0.0955,0.04045,0.39391,0.11945,0.08255,0.03293,2.05202,3.27881,3.62093,2.23228,0.10647,0,0,0.00074641,0.00074641,0.00074641
65,24325.6,2.17737,3.49261,3.23589,2.29441,0.1215,0.1576,0.16751,0.29023,0.1405,0.09289,0.04122,0.26724,0.1295,0.08619,0.03498,2.04522,3.28752,3.83048,2.21684,0.10651,0,0,0.000745035,0.000745035,0.000745035
66,24699.2,2.14562,3.46137,3.14096,2.25438,0.11537,0.15297,0.16141,0.46876,0.15794,0.11356,0.04841,0.37596,0.13017,0.09651,0.03766,2.03406,3.25304,3.81573,2.21101,0.10627,0,0,0.000743661,0.000743661,0.000743661
67,25073.2,2.14055,3.51214,3.22321,2.26792,0.12243,0.15858,0.16955,0.32318,0.15374,0.11094,0.04714,0.28434,0.1266,0.09386,0.03813,2.04428,3.26761,3.49597,2.21281,0.10648,0,0,0.000742286,0.000742286,0.000742286
68,25446.9,2.1354,3.45429,3.20157,2.24521,0.11892,0.15511,0.16486,0.31991,0.15367,0.09149,0.04301,0.2823,0.13976,0.0824,0.03241,2.02399,3.25504,3.76432,2.19258,0.1057,0,0,0.000740912,0.000740912,0.000740912
69,25820.4,2.10199,3.45176,3.19749,2.2584,0.11823,0.15539,0.16444,0.30047,0.17763,0.10028,0.04483,0.24673,0.15336,0.08675,0.03347,2.01108,3.22692,3.95171,2.18753,0.10566,0,0,0.000739537,0.000739537,0.000739537
70,26194,2.11715,3.40469,3.10822,2.23997,0.12256,0.15954,0.16996,0.37577,0.14964,0.09715,0.04338,0.27743,0.15306,0.08541,0.03318,2.02073,3.22965,3.87206,2.2097,0.10652,0,0,0.000738163,0.000738163,0.000738163
71,26567.5,2.08462,3.41443,3.1258,2.26088,0.11497,0.15248,0.1616,0.33279,0.14749,0.10166,0.04595,0.33401,0.13092,0.08631,0.03424,2.00943,3.21303,3.55285,2.18971,0.1056,0,0,0.000736788,0.000736788,0.000736788
72,26941,2.10537,3.42205,3.08311,2.23311,0.11558,0.15247,0.16269,0.29561,0.16464,0.11351,0.04818,0.26899,0.14895,0.0899,0.0343,2.00718,3.21738,3.42788,2.17374,0.10583,0,0,0.000735414,0.000735414,0.000735414
73,27314.6,2.09751,3.36708,3.10137,2.23992,0.1161,0.1508,0.16097,0.32505,0.1617,0.11346,0.05162,0.31089,0.15099,0.10162,0.0398,1.9643,3.17751,3.4629,2.16602,0.10519,0,0,0.00073404,0.00073404,0.00073404
74,27689.1,2.08551,3.38707,3.06308,2.20789,0.11756,0.15279,0.1623,0.28664,0.17151,0.09225,0.04006,0.27173,0.15474,0.08416,0.03261,1.97695,3.18451,3.73818,2.16006,0.10519,0,0,0.000732665,0.000732665,0.000732665
75,28062.6,2.10406,3.36803,3.06051,2.23703,0.11742,0.15407,0.16385,0.32092,0.18992,0.13744,0.05798,0.29158,0.17533,0.12104,0.04972,1.96797,3.18282,3.56038,2.14474,0.10455,0,0,0.000731291,0.000731291,0.000731291
76,28436.8,2.07462,3.3917,3.04605,2.2406,0.11615,0.15289,0.16166,0.29554,0.22235,0.1506,0.06784,0.26971,0.20735,0.12253,0.0496,1.95722,3.15197,3.37674,2.15286,0.10515,0,0,0.000729916,0.000729916,0.000729916
77,28810.7,2.1161,3.42094,3.09571,2.25458,0.11694,0.15253,0.16258,0.36968,0.15751,0.13588,0.05987,0.34057,0.14473,0.114,0.04474,1.946,3.1534,3.1704,2.14122,0.10509,0,0,0.000728542,0.000728542,0.000728542
78,29184.7,2.07542,3.41243,3.07687,2.23049,0.12172,0.16002,0.17033,0.38465,0.15359,0.14638,0.06451,0.33804,0.15114,0.13483,0.05512,1.92151,3.14084,3.64732,2.11575,0.10496,0,0,0.000727167,0.000727167,0.000727167
79,29558.8,2.03696,3.33842,2.97742,2.19667,0.11551,0.15236,0.16057,0.33098,0.16832,0.16261,0.07305,0.31683,0.16093,0.1492,0.05918,1.93863,3.11144,3.39329,2.12986,0.1051,0,0,0.000725793,0.000725793,0.000725793
80,29932.8,2.07741,3.33894,2.98999,2.19355,0.11573,0.15148,0.16073,0.32954,0.16421,0.12638,0.05905,0.30788,0.15572,0.1139,0.04701,1.96434,3.11162,3.36889,2.13951,0.10407,0,0,0.000724418,0.000724418,0.000724418
81,30306.5,2.05859,3.34901,3.00392,2.20614,0.11742,0.15633,0.16612,0.32202,0.17742,0.1377,0.06614,0.31032,0.16793,0.1227,0.04862,1.91805,3.09345,3.48949,2.1058,0.10452,0,0,0.000723044,0.000723044,0.000723044
82,30679.9,2.02282,3.33151,2.94853,2.2026,0.11726,0.15363,0.16365,0.32714,0.19851,0.15412,0.06546,0.29858,0.18361,0.13544,0.05111,1.9084,3.08192,3.20005,2.1153,0.10405,0,0,0.00072167,0.00072167,0.00072167
83,31053.8,2.01081,3.25713,2.93194,2.18946,0.116,0.15167,0.16106,0.34856,0.18473,0.14581,0.06791,0.31052,0.16762,0.1273,0.05005,1.90153,3.0655,3.16943,2.09968,0.10407,0,0,0.000720295,0.000720295,0.000720295
84,31427.5,2.03129,3.28864,2.93601,2.17961,0.11671,0.15301,0.16269,0.30323,0.19938,0.12218,0.05729,0.30245,0.17408,0.10853,0.04526,1.90873,3.08485,3.48817,2.10446,0.10371,0,0,0.000718921,0.000718921,0.000718921
85,31801.3,2.04787,3.31368,2.91182,2.18347,0.11869,0.1548,0.16469,0.33607,0.19478,0.15955,0.07202,0.32732,0.18743,0.14358,0.05872,1.90638,3.06495,3.44729,2.09734,0.10415,0,0,0.000717546,0.000717546,0.000717546
86,32174.6,2.02276,3.30254,2.91882,2.19312,0.11597,0.15204,0.16138,0.31839,0.2351,0.17905,0.07282,0.28483,0.2074,0.15771,0.06238,1.89956,3.04449,3.1487,2.09149,0.1034,0,0,0.000716172,0.000716172,0.000716172
87,32548.9,2.07733,3.36665,2.95651,2.22893,0.11848,0.15523,0.16612,0.32426,0.24219,0.18545,0.07184,0.30399,0.21785,0.16616,0.05544,1.88425,3.05571,3.40467,2.08936,0.10327,0,0,0.000714797,0.000714797,0.000714797
88,32922.4,2.036,3.30611,2.92371,2.19834,0.11886,0.15549,0.1657,0.34917,0.21002,0.15442,0.07267,0.3532,0.16208,0.1393,0.05749,1.90484,3.02427,3.04782,2.10614,0.10425,0,0,0.000713423,0.000713423,0.000713423
89,33296,2.02091,3.30142,2.96305,2.17713,0.11638,0.15424,0.16464,0.37204,0.21005,0.17474,0.08519,0.33129,0.21332,0.16162,0.06621,1.86568,2.9819,3.11997,2.07532,0.10293,0,0,0.000712048,0.000712048,0.000712048
90,33670.4,2.0329,3.28659,2.88479,2.15456,0.11606,0.15094,0.16092,0.40123,0.17667,0.17521,0.07535,0.37615,0.15615,0.1602,0.06349,1.86007,3.0277,3.1981,2.07633,0.1028,0,0,0.000710674,0.000710674,0.000710674
91,34043.9,2.02011,3.25742,2.89733,2.15673,0.11666,0.15385,0.16438,0.3708,0.19021,0.19145,0.07728,0.37542,0.15726,0.16234,0.06076,1.86346,2.99952,3.38598,2.06457,0.10328,0,0,0.000709299,0.000709299,0.000709299
92,34417.7,2.01227,3.28825,2.86372,2.15,0.11577,0.15278,0.16273,0.38315,0.19416,0.19445,0.10113,0.33233,0.19618,0.17901,0.07239,1.84683,2.99213,3.10664,2.04771,0.10298,0,0,0.000707925,0.000707925,0.000707925
93,34791.9,1.99983,3.24611,2.83633,2.13752,0.11545,0.15145,0.16103,0.37574,0.23524,0.2041,0.09241,0.35849,0.20705,0.18589,0.07732,1.86555,2.96039,3.0523,2.06068,0.10258,0,0,0.000706551,0.000706551,0.000706551
94,35165.6,2.0056,3.24041,2.81625,2.16749,0.11604,0.15395,0.16401,0.32039,0.27678,0.18624,0.08761,0.3134,0.27656,0.16827,0.06862,1.85268,2.97429,3.22834,2.04789,0.10319,0,0,0.000705176,0.000705176,0.000705176
95,35539.2,1.99767,3.23584,2.84869,2.1522,0.11508,0.15279,0.16231,0.33032,0.28879,0.21171,0.10537,0.31551,0.26938,0.20006,0.08498,1.84865,2.95183,3.27569,2.03869,0.10293,0,0,0.000703802,0.000703802,0.000703802
96,35913.4,1.9829,3.17797,2.75218,2.12753,0.11623,0.1523,0.16235,0.36922,0.23053,0.19427,0.09024,0.368,0.22231,0.2005,0.0771,1.83409,2.92594,3.14722,2.03496,0.10277,0,0,0.000702427,0.000702427,0.000702427
97,36287.2,1.9895,3.23602,2.79702,2.14546,0.11448,0.15225,0.16224,0.41245,0.22819,0.2209,0.10972,0.36746,0.21362,0.2058,0.08306,1.84242,2.96015,3.01624,2.0394,0.10267,0,0,0.000701053,0.000701053,0.000701053
98,36661.7,1.99915,3.22413,2.77011,2.128,0.11508,0.15094,0.15999,0.33482,0.24826,0.23155,0.11067,0.32138,0.23812,0.2171,0.0875,1.84398,2.95652,3.39082,2.02757,0.10238,0,0,0.000699678,0.000699678,0.000699678
99,37036,2.01295,3.23757,2.80153,2.14891,0.11815,0.15253,0.16349,0.35935,0.26729,0.20673,0.09122,0.34528,0.25876,0.20256,0.07493,1.82396,2.92349,2.92979,2.02839,0.10208,0,0,0.000698304,0.000698304,0.000698304
100,37409.8,1.96349,3.26716,2.79636,2.14888,0.11366,0.14837,0.1592,0.38518,0.23941,0.22785,0.10798,0.38029,0.19983,0.20772,0.08211,1.80176,2.90676,3.00923,2.01433,0.10159,0,0,0.000696929,0.000696929,0.000696929
101,37783.7,1.99727,3.20137,2.79965,2.12503,0.11671,0.1496,0.15965,0.37642,0.2563,0.25416,0.12179,0.34619,0.23847,0.22244,0.08562,1.82589,2.93256,3.16788,2.03416,0.102,0,0,0.000695555,0.000695555,0.000695555
102,38158,1.96638,3.16152,2.79813,2.12995,0.11386,0.15197,0.16258,0.33421,0.28198,0.23468,0.11996,0.32407,0.26764,0.22336,0.09419,1.82685,2.92629,3.22228,2.0325,0.10117,0,0,0.000694181,0.000694181,0.000694181
103,38532.1,1.9954,3.20136,2.76592,2.1296,0.11312,0.15026,0.15997,0.32505,0.34242,0.23803,0.11311,0.30182,0.32502,0.21513,0.08249,1.80311,2.92903,2.90093,2.02005,0.10155,0,0,0.000692806,0.000692806,0.000692806
104,38905.6,1.97043,3.19694,2.77495,2.12257,0.11402,0.14414,0.15415,0.30704,0.33081,0.2227,0.10583,0.29518,0.31626,0.20861,0.08295,1.80425,2.87456,3.10105,2.01546,0.10083,0,0,0.000691432,0.000691432,0.000691432
105,39279.9,1.96991,3.15746,2.71143,2.11741,0.11537,0.154,0.16563,0.39666,0.22272,0.21495,0.10025,0.37103,0.2096,0.19567,0.07937,1.79781,2.88683,2.78338,2.00858,0.10116,0,0,0.000690057,0.000690057,0.000690057
106,39653.8,1.95076,3.16875,2.70308,2.1338,0.1138,0.14615,0.15686,0.23668,0.32389,0.24939,0.12064,0.24563,0.3348,0.23734,0.10306,1.78671,2.87591,3.03368,1.99104,0.10122,0,0,0.000688683,0.000688683,0.000688683
107,40027.9,1.94822,3.18681,2.68239,2.10529,0.11137,0.1453,0.15688,0.399,0.24589,0.23844,0.11898,0.16385,0.32002,0.22685,0.09314,1.79848,2.89269,3.00919,2.00457,0.10157,0,0,0.000687308,0.000687308,0.000687308
108,40401.9,1.93855,3.1928,2.66264,2.07225,0.11786,0.15262,0.16252,0.37319,0.25082,0.24865,0.12443,0.35561,0.24969,0.24065,0.10441,1.79103,2.88688,2.88088,1.99526,0.10132,0,0,0.000685934,0.000685934,0.000685934
109,40776,1.94841,3.1744,2.73544,2.102,0.11722,0.14968,0.16079,0.29877,0.37884,0.23737,0.11642,0.2934,0.36613,0.22005,0.08962,1.76623,2.87356,2.90194,1.98879,0.1011,0,0,0.000684559,0.000684559,0.000684559
110,41150,1.95984,3.18661,2.71483,2.11329,0.11343,0.15231,0.16334,0.26091,0.3501,0.24068,0.11289,0.25564,0.34451,0.2188,0.09036,1.74634,2.8353,2.98291,1.97551,0.10102,0,0,0.000683185,0.000683185,0.000683185
111,41523.6,1.90646,3.11896,2.62697,2.06276,0.11574,0.15232,0.16316,0.29,0.38805,0.2537,0.12777,0.27711,0.37401,0.23955,0.10529,1.75119,2.8174,2.69051,1.96098,0.10071,0,0,0.00068181,0.00068181,0.00068181
112,41897.9,1.93901,3.10532,2.62118,2.07731,0.11139,0.14536,0.15541,0.40193,0.23161,0.20914,0.10126,0.40705,0.20742,0.19714,0.07956,1.77799,2.82623,2.76184,1.98775,0.10018,0,0,0.000680436,0.000680436,0.000680436
113,42271.6,1.92297,3.15849,2.64463,2.09253,0.11431,0.15226,0.16226,0.37184,0.29332,0.2174,0.1016,0.36536,0.27178,0.20137,0.08417,1.76616,2.82668,2.94502,1.98069,0.10105,0,0,0.000679062,0.000679062,0.000679062
114,42645.5,1.95404,3.11807,2.63871,2.07985,0.1129,0.14931,0.1594,0.35468,0.29144,0.23845,0.1193,0.35048,0.28053,0.23089,0.09567,1.74158,2.80883,2.88264,1.95975,0.10011,0,0,0.000677687,0.000677687,0.000677687
115,43019.1,1.9401,3.13338,2.62636,2.07702,0.11133,0.14699,0.15715,0.29681,0.37368,0.23155,0.11063,0.27,0.35629,0.21227,0.085,1.72879,2.8151,2.89005,1.94819,0.10031,0,0,0.000676313,0.000676313,0.000676313
116,43392.5,1.92006,3.13906,2.61745,2.06604,0.11487,0.15058,0.16177,0.30705,0.37407,0.26454,0.12474,0.29321,0.3558,0.24345,0.10302,1.70224,2.76072,2.72869,1.93063,0.10001,0,0,0.000674938,0.000674938,0.000674938
117,43766.3,1.9148,3.09937,2.57784,2.07913,0.11341,0.15185,0.16301,0.34324,0.33126,0.26775,0.13064,0.32553,0.30468,0.2461,0.10378,1.71843,2.75881,2.78486,1.94243,0.09987,0,0,0.000673564,0.000673564,0.000673564
118,44140.3,1.91935,3.08715,2.60253,2.069,0.11457,0.14872,0.15905,0.26231,0.37731,0.25509,0.12278,0.25194,0.35895,0.2356,0.0973,1.71493,2.74328,2.93218,1.93102,0.09984,0,0,0.000672189,0.000672189,0.000672189
119,44513.9,1.93447,3.10501,2.57882,2.07986,0.11345,0.14997,0.16036,0.27571,0.39123,0.25892,0.12597,0.25064,0.37562,0.24152,0.09909,1.72707,2.75165,2.80667,1.94044,0.0995,0,0,0.000670815,0.000670815,0.000670815
120,44887.6,1.92204,3.07611,2.6168,2.04898,0.11397,0.14674,0.15726,0.29375,0.43718,0.28476,0.14533,0.28561,0.41691,0.26515,0.11857,1.70598,2.76426,3.17338,1.92229,0.0996,0,0,0.00066944,0.00066944,0.00066944
121,45261.5,1.87476,3.07537,2.49932,2.03573,0.11249,0.14723,0.15809,0.27206,0.3994,0.28352,0.14333,0.25861,0.37817,0.25666,0.10344,1.71131,2.75998,2.63526,1.92594,0.0993,0,0,0.000668066,0.000668066,0.000668066
122,45635.5,1.92913,3.05199,2.57596,2.04827,0.11371,0.14729,0.1604,0.29809,0.42478,0.27905,0.14187,0.2911,0.39547,0.25608,0.10301,1.68622,2.7437,2.85247,1.91012,0.09953,0,0,0.000666692,0.000666692,0.000666692
123,46009,1.90672,3.08854,2.57398,2.08131,0.11385,0.15055,0.16203,0.34795,0.43261,0.32638,0.15603,0.33944,0.41336,0.30768,0.12473,1.67287,2.72601,2.83133,1.90263,0.09949,0,0,0.000665317,0.000665317,0.000665317
124,46383.1,1.85464,3.0565,2.50055,2.04107,0.11161,0.14799,0.15873,0.26231,0.39084,0.28907,0.15307,0.24235,0.36831,0.26498,0.11885,1.69793,2.73762,2.88018,1.9219,0.09997,0,0,0.000663943,0.000663943,0.000663943
125,46756.8,1.89558,3.07039,2.51413,2.04323,0.11125,0.14589,0.15702,0.34147,0.38294,0.30003,0.14502,0.31501,0.35601,0.27478,0.1098,1.68156,2.72427,2.64678,1.90609,0.09878,0,0,0.000662568,0.000662568,0.000662568
126,47130.4,1.86733,3.03379,2.50932,2.04946,0.11231,0.14534,0.15683,0.22992,0.37682,0.25477,0.12986,0.21557,0.3495,0.22937,0.1021,1.68828,2.71324,2.73215,1.90532,0.09857,0,0,0.000661194,0.000661194,0.000661194
127,47503.9,1.90094,3.09488,2.56367,2.06789,0.11365,0.14842,0.15926,0.3,0.42181,0.2764,0.13492,0.27488,0.39463,0.24118,0.10576,1.67409,2.67547,2.87963,1.89955,0.09864,0,0,0.000659819,0.000659819,0.000659819
128,47877.7,1.8987,3.02084,2.49733,2.04236,0.11136,0.14645,0.157,0.33029,0.37383,0.29542,0.14,0.31848,0.36003,0.27313,0.10726,1.68606,2.705,2.83652,1.90422,0.09872,0,0,0.000658445,0.000658445,0.000658445
129,48251.4,1.89024,3.05205,2.45964,2.02697,0.11212,0.1481,0.1598,0.41191,0.38698,0.32637,0.17123,0.35639,0.36917,0.29536,0.12859,1.66181,2.69632,2.83785,1.89365,0.09898,0,0,0.00065707,0.00065707,0.00065707
130,48625.8,1.86823,3.00738,2.45229,2.0371,0.11346,0.14788,0.15812,0.40056,0.33521,0.31729,0.16165,0.37181,0.30911,0.28398,0.13778,1.65173,2.68004,2.62183,1.89148,0.09803,0,0,0.000655696,0.000655696,0.000655696
131,48999.4,1.85556,2.99202,2.44553,2.00536,0.11122,0.14566,0.15693,0.42073,0.39155,0.33564,0.17078,0.41039,0.37853,0.31646,0.13482,1.65797,2.66533,2.64465,1.893,0.09788,0,0,0.000654321,0.000654321,0.000654321
132,49373.1,1.87526,2.99428,2.45798,2.02779,0.11105,0.1468,0.15771,0.34591,0.39393,0.33691,0.16617,0.37931,0.36365,0.31593,0.13259,1.67063,2.62902,2.58986,1.89797,0.09791,0,0,0.000652947,0.000652947,0.000652947
133,49746.7,1.88213,3.01916,2.44572,2.01654,0.11203,0.14617,0.15772,0.34658,0.37346,0.31913,0.15545,0.30251,0.33058,0.27049,0.12379,1.66608,2.67682,2.69927,1.8881,0.09855,0,0,0.000651573,0.000651573,0.000651573
134,50120.3,1.8809,2.97647,2.44626,2.01695,0.11429,0.14845,0.15868,0.32708,0.43701,0.29278,0.14687,0.3123,0.41695,0.26727,0.11502,1.65899,2.6536,2.50797,1.88445,0.09819,0,0,0.000650198,0.000650198,0.000650198
135,50493.7,1.88404,3.00527,2.4673,2.01691,0.11107,0.14392,0.15544,0.36313,0.39429,0.32848,0.17228,0.35486,0.38086,0.3139,0.13861,1.65699,2.64722,2.79904,1.8837,0.09786,0,0,0.000648824,0.000648824,0.000648824
136,50867.9,1.8569,3.0072,2.41269,2.0124,0.11573,0.15211,0.16314,0.40625,0.39114,0.34916,0.17831,0.38965,0.37445,0.32658,0.14846,1.65626,2.65202,2.84673,1.88293,0.09877,0,0,0.000647449,0.000647449,0.000647449
137,51242.1,1.88991,2.96215,2.39412,2.0109,0.11357,0.14668,0.15809,0.50155,0.33208,0.35238,0.17248,0.44832,0.3165,0.3328,0.13473,1.65881,2.63203,2.62696,1.88883,0.09797,0,0,0.000646075,0.000646075,0.000646075
138,51615.8,1.85504,3.00191,2.40904,2.01437,0.10952,0.1459,0.15537,0.41359,0.36068,0.31111,0.15676,0.33027,0.39368,0.28561,0.12593,1.62424,2.6548,2.68141,1.86548,0.09775,0,0,0.0006447,0.0006447,0.0006447
139,51989,1.84005,2.97982,2.39887,2.00804,0.11215,0.14744,0.15873,0.47749,0.35416,0.37453,0.17777,0.43432,0.33013,0.34314,0.14667,1.61385,2.63592,2.60758,1.85819,0.09742,0,0,0.000643326,0.000643326,0.000643326
140,52362.6,1.84257,2.95184,2.3848,2.01573,0.1143,0.1464,0.15841,0.39862,0.37535,0.34457,0.18853,0.39294,0.35594,0.31718,0.1503,1.62763,2.60508,2.54522,1.8648,0.09735,0,0,0.000641951,0.000641951,0.000641951
141,52736.5,1.84653,2.95545,2.37116,2.00775,0.11188,0.14647,0.15775,0.41637,0.38532,0.33023,0.17919,0.36231,0.37405,0.30986,0.14659,1.62186,2.61871,2.43732,1.86429,0.09719,0,0,0.000640577,0.000640577,0.000640577
142,53110.2,1.80519,2.91235,2.34596,1.99615,0.10876,0.14021,0.14984,0.45849,0.36797,0.34556,0.17255,0.43999,0.35185,0.32369,0.13998,1.6241,2.60134,2.50204,1.8614,0.09766,0,0,0.000639203,0.000639203,0.000639203
143,53483.6,1.81698,2.93381,2.36148,1.98798,0.11441,0.15035,0.16242,0.375,0.38999,0.31827,0.16482,0.35991,0.37164,0.29523,0.12874,1.61383,2.57568,2.48347,1.857,0.09714,0,0,0.000637828,0.000637828,0.000637828
144,53857.2,1.86899,2.98673,2.41301,2.0176,0.11178,0.14773,0.15804,0.41849,0.39167,0.35923,0.18699,0.3938,0.36809,0.33192,0.14773,1.59965,2.56821,2.46414,1.84349,0.09698,0,0,0.000636454,0.000636454,0.000636454
145,54230.7,1.82481,2.94951,2.3508,1.97871,0.11514,0.14623,0.15964,0.47877,0.35961,0.36323,0.20279,0.46432,0.354,0.34013,0.15318,1.595,2.56402,2.49063,1.83787,0.09706,0,0,0.000635079,0.000635079,0.000635079
146,54604.7,1.82759,2.92248,2.36174,1.99594,0.1103,0.14388,0.15553,0.36419,0.43,0.37221,0.20999,0.35208,0.41231,0.34406,0.16021,1.60516,2.58369,2.42296,1.84022,0.09698,0,0,0.000633705,0.000633705,0.000633705
147,54979,1.8542,2.97651,2.36212,1.99085,0.11162,0.14805,0.15773,0.42512,0.37227,0.34773,0.20071,0.38246,0.36533,0.31722,0.15119,1.60687,2.60254,2.52214,1.84409,0.09711,0,0,0.00063233,0.00063233,0.00063233
148,55352.7,1.81883,2.93218,2.37078,1.97214,0.11301,0.14936,0.16172,0.41288,0.37959,0.36728,0.20303,0.44691,0.33532,0.34056,0.1561,1.58071,2.54854,2.53653,1.81852,0.09726,0,0,0.000630956,0.000630956,0.000630956
149,55726.4,1.8079,2.93152,2.30127,1.9669,0.11315,0.15195,0.16277,0.47786,0.37577,0.38822,0.21708,0.45413,0.36567,0.35146,0.16174,1.57437,2.55903,2.34897,1.815,0.09678,0,0,0.000629581,0.000629581,0.000629581
150,56100.6,1.81044,2.93075,2.31283,1.98092,0.11064,0.14468,0.15599,0.37416,0.42772,0.38241,0.2027,0.3395,0.42624,0.35329,0.16001,1.57956,2.55632,2.54985,1.82182,0.09681,0,0,0.000628207,0.000628207,0.000628207
151,56474.3,1.8248,2.8862,2.33205,1.9772,0.11042,0.14735,0.15802,0.42619,0.3763,0.3994,0.21785,0.34903,0.386,0.35975,0.17353,1.58989,2.55273,2.43718,1.81959,0.09658,0,0,0.000626832,0.000626832,0.000626832
152,56848.4,1.82385,2.91548,2.28273,1.97813,0.10859,0.14406,0.15501,0.42518,0.42986,0.39628,0.22229,0.38838,0.39895,0.36239,0.16971,1.59045,2.55937,2.46752,1.83132,0.0961,0,0,0.000625458,0.000625458,0.000625458
153,57222.5,1.83262,2.9305,2.31195,1.96999,0.11089,0.14502,0.15613,0.38086,0.42585,0.37262,0.19632,0.36696,0.41035,0.34651,0.15425,1.57764,2.55471,2.30756,1.82546,0.09623,0,0,0.000624084,0.000624084,0.000624084
154,57596.3,1.78529,2.91127,2.2689,1.96786,0.11156,0.14818,0.15932,0.37898,0.41288,0.36535,0.20753,0.32873,0.45057,0.33985,0.15699,1.55824,2.52879,2.33803,1.80927,0.09656,0,0,0.000622709,0.000622709,0.000622709
155,57969.6,1.79123,2.86237,2.26521,1.97851,0.10958,0.14483,0.15589,0.36474,0.44938,0.38197,0.21438,0.32768,0.42801,0.34341,0.17083,1.5658,2.5302,2.27401,1.80385,0.09631,0,0,0.000621335,0.000621335,0.000621335
156,58343.2,1.8417,2.89868,2.30794,1.99035,0.10901,0.14239,0.15504,0.45406,0.39155,0.40459,0.23348,0.42275,0.37129,0.37334,0.17776,1.54653,2.48568,2.41643,1.79332,0.09573,0,0,0.00061996,0.00061996,0.00061996
157,58717.1,1.81281,2.89784,2.30967,1.97671,0.11051,0.1456,0.15836,0.35236,0.46733,0.39368,0.21258,0.33215,0.4692,0.36266,0.17575,1.5688,2.50509,2.26631,1.81027,0.09582,0,0,0.000618586,0.000618586,0.000618586
158,59090.8,1.79688,2.90125,2.30393,1.95615,0.11113,0.14458,0.15741,0.45694,0.41034,0.37951,0.20329,0.42501,0.38822,0.35282,0.15951,1.56236,2.49508,2.37164,1.81129,0.0961,0,0,0.000617211,0.000617211,0.000617211
159,59464.1,1.79526,2.92314,2.30848,1.9936,0.11033,0.14356,0.15481,0.43693,0.43247,0.37578,0.19484,0.3951,0.41013,0.33887,0.15386,1.55373,2.51411,2.30401,1.79897,0.09595,0,0,0.000615837,0.000615837,0.000615837
160,59837.9,1.80607,2.84787,2.23552,1.95754,0.10992,0.14309,0.15464,0.5369,0.36291,0.41027,0.23531,0.50343,0.34018,0.37385,0.18426,1.55323,2.50399,2.15662,1.8014,0.09579,0,0,0.000614462,0.000614462,0.000614462
161,60212,1.80853,2.87115,2.27328,1.97325,0.11029,0.14424,0.15625,0.50976,0.37179,0.41221,0.23041,0.46982,0.35132,0.37579,0.17538,1.55232,2.50436,2.42419,1.79543,0.09537,0,0,0.000613088,0.000613088,0.000613088
162,60585.9,1.81332,2.89717,2.23975,1.95775,0.1078,0.14124,0.15306,0.39741,0.45126,0.41833,0.23028,0.37618,0.42849,0.38486,0.16919,1.53922,2.49385,2.28213,1.79384,0.09571,0,0,0.000611714,0.000611714,0.000611714
163,60959.5,1.79524,2.89063,2.23793,1.96645,0.11016,0.14679,0.15712,0.47292,0.46166,0.42313,0.23138,0.42518,0.44582,0.38718,0.17617,1.53296,2.4785,2.36058,1.78591,0.09601,0,0,0.000610339,0.000610339,0.000610339
164,61333.3,1.80416,2.86645,2.222,1.95001,0.1121,0.14896,0.1593,0.46249,0.42668,0.42543,0.23214,0.44046,0.40182,0.3853,0.17944,1.54579,2.46471,2.28231,1.80055,0.09493,0,0,0.000608965,0.000608965,0.000608965
165,61706.9,1.76651,2.83909,2.22828,1.94841,0.11182,0.14633,0.15882,0.50664,0.34631,0.3947,0.2053,0.47249,0.32883,0.36049,0.16803,1.56301,2.48485,2.29371,1.80259,0.09597,0,0,0.00060759,0.00060759,0.00060759
166,62080.5,1.80041,2.90728,2.21142,1.94135,0.1094,0.14457,0.15572,0.44833,0.43827,0.41085,0.2253,0.41866,0.41309,0.37318,0.1774,1.53233,2.4692,2.19066,1.77918,0.09539,0,0,0.000606216,0.000606216,0.000606216
167,62454,1.78212,2.86306,2.23757,1.94926,0.11048,0.14603,0.15763,0.37478,0.50423,0.44485,0.24898,0.35647,0.47633,0.41002,0.20371,1.53469,2.49236,2.25021,1.78571,0.09548,0,0,0.000604841,0.000604841,0.000604841
168,62827.9,1.77303,2.82429,2.33525,1.93823,0.10882,0.14421,0.15566,0.4363,0.44873,0.43419,0.23937,0.40836,0.42224,0.39621,0.19439,1.53066,2.47484,2.33534,1.77213,0.09563,0,0,0.000603467,0.000603467,0.000603467
169,63201.6,1.77287,2.84968,2.18298,1.92813,0.10839,0.14398,0.15567,0.43917,0.45749,0.44284,0.25083,0.41311,0.43665,0.41421,0.19619,1.51648,2.45831,2.28973,1.76666,0.09521,0,0,0.000602092,0.000602092,0.000602092
170,63575.2,1.76881,2.86643,2.18525,1.91541,0.10714,0.14374,0.15443,0.45858,0.42466,0.43571,0.25322,0.43584,0.42331,0.40872,0.19132,1.51542,2.45503,2.186,1.7743,0.09441,0,0,0.000600718,0.000600718,0.000600718
171,63948.6,1.76735,2.81495,2.24908,1.93985,0.10803,0.14252,0.15478,0.39966,0.47362,0.40639,0.22387,0.38348,0.45181,0.37113,0.17442,1.49501,2.4359,2.38262,1.75877,0.09472,0,0,0.000599343,0.000599343,0.000599343
172,64322.4,1.76862,2.85693,2.20761,1.92786,0.10867,0.14502,0.15696,0.43489,0.49382,0.45105,0.25576,0.41813,0.43847,0.40206,0.1947,1.48927,2.42727,2.23664,1.76016,0.09424,0,0,0.000597969,0.000597969,0.000597969
173,64695.8,1.78433,2.82159,2.19055,1.93685,0.11138,0.14778,0.15983,0.40886,0.51716,0.45266,0.25095,0.37665,0.49381,0.40802,0.19902,1.48632,2.43852,2.27979,1.74479,0.09468,0,0,0.000596595,0.000596595,0.000596595
174,65069.4,1.75952,2.8093,2.19994,1.93541,0.10958,0.14171,0.15432,0.38358,0.51335,0.42218,0.24633,0.36432,0.49084,0.3877,0.18972,1.4828,2.40248,2.21153,1.74866,0.0944,0,0,0.00059522,0.00059522,0.00059522
175,65443,1.76089,2.81727,2.16932,1.92275,0.1077,0.14263,0.15401,0.53647,0.40931,0.44287,0.23848,0.51385,0.39471,0.40771,0.19755,1.48253,2.40735,2.2259,1.74999,0.09431,0,0,0.000593846,0.000593846,0.000593846
176,65816.6,1.77948,2.83214,2.18337,1.91274,0.10976,0.14548,0.15681,0.40107,0.48685,0.45223,0.27073,0.39064,0.47291,0.42023,0.20898,1.49159,2.40803,2.14734,1.75375,0.09436,0,0,0.000592471,0.000592471,0.000592471
177,66190.9,1.72079,2.80894,2.17746,1.92371,0.10956,0.14279,0.15573,0.41555,0.4791,0.45744,0.27154,0.39136,0.45853,0.4161,0.21498,1.49727,2.39724,2.22593,1.75055,0.09485,0,0,0.000591097,0.000591097,0.000591097
178,66565.3,1.77372,2.8337,2.18457,1.93207,0.10672,0.13985,0.15113,0.41005,0.50634,0.46916,0.27873,0.37197,0.48123,0.42919,0.21107,1.48515,2.39137,2.33321,1.74183,0.09508,0,0,0.000589722,0.000589722,0.000589722
179,66939.4,1.75564,2.81653,2.15926,1.90847,0.11217,0.14522,0.1568,0.40121,0.52317,0.45783,0.26927,0.36752,0.48893,0.41805,0.20534,1.49156,2.39887,2.14316,1.75742,0.09437,0,0,0.000588348,0.000588348,0.000588348
180,67312.6,1.74711,2.76733,2.15898,1.91666,0.109,0.1393,0.15114,0.44087,0.49603,0.47578,0.28362,0.42389,0.48599,0.45061,0.2206,1.50181,2.40812,2.20698,1.74876,0.09433,0,0,0.000586973,0.000586973,0.000586973
181,67686.6,1.76713,2.84191,2.15991,1.91857,0.10932,0.14568,0.158,0.42165,0.44637,0.42999,0.25673,0.39911,0.42745,0.4021,0.19534,1.50393,2.3998,2.42351,1.75581,0.09454,0,0,0.000585599,0.000585599,0.000585599
182,68060,1.74374,2.78841,2.19383,1.91881,0.11042,0.14508,0.15694,0.45055,0.47835,0.44261,0.251,0.40941,0.46106,0.41659,0.19089,1.4768,2.38021,2.27504,1.7366,0.09427,0,0,0.000584225,0.000584225,0.000584225
183,68433.6,1.76556,2.8378,2.20236,1.92227,0.11018,0.14387,0.15561,0.47202,0.47523,0.47059,0.27371,0.44502,0.45504,0.44036,0.22164,1.48958,2.39277,2.27606,1.74532,0.0953,0,0,0.00058285,0.00058285,0.00058285
184,68807.1,1.76592,2.82903,2.16007,1.92672,0.10789,0.14273,0.15422,0.47357,0.51078,0.46973,0.27215,0.44552,0.48394,0.43346,0.19972,1.49649,2.40015,2.19392,1.74438,0.09425,0,0,0.000581476,0.000581476,0.000581476
185,69180.7,1.70913,2.7272,2.15263,1.90553,0.10983,0.14443,0.15658,0.43667,0.50817,0.47525,0.26639,0.42336,0.49567,0.44874,0.21836,1.48951,2.37901,2.18041,1.74272,0.09428,0,0,0.000580101,0.000580101,0.000580101
186,69554.5,1.72984,2.80577,2.15824,1.90636,0.11178,0.14528,0.15726,0.43411,0.48833,0.43072,0.24472,0.39908,0.48368,0.39674,0.19326,1.47522,2.35809,2.09695,1.73532,0.09362,0,0,0.000578727,0.000578727,0.000578727
187,69927.8,1.75895,2.76606,2.14842,1.90522,0.10554,0.13828,0.14932,0.40794,0.5268,0.45199,0.26252,0.38979,0.4969,0.41363,0.21357,1.47624,2.35323,2.18313,1.72941,0.09309,0,0,0.000577352,0.000577352,0.000577352
188,70301.5,1.74364,2.76151,2.13183,1.89129,0.1062,0.14002,0.15154,0.41109,0.52059,0.43929,0.26891,0.40385,0.47739,0.40254,0.20373,1.45268,2.353,2.14518,1.71193,0.09372,0,0,0.000575978,0.000575978,0.000575978
189,70675,1.73884,2.80952,2.27593,1.90286,0.1096,0.14504,0.15621,0.37102,0.54702,0.44089,0.25209,0.35591,0.52016,0.40682,0.19828,1.47931,2.37149,1.95638,1.73754,0.09368,0,0,0.000574603,0.000574603,0.000574603
190,71048.7,1.74291,2.744,2.14932,1.91096,0.10993,0.1456,0.15746,0.43277,0.54995,0.47378,0.28098,0.39428,0.51509,0.42955,0.21254,1.45092,2.3698,2.2199,1.71611,0.09417,0,0,0.000573229,0.000573229,0.000573229
191,71422.4,1.71117,2.7418,2.07341,1.87773,0.10777,0.14494,0.15629,0.46719,0.53149,0.49821,0.29721,0.44444,0.50771,0.46572,0.23056,1.45172,2.34857,2.10733,1.71201,0.09407,0,0,0.000571854,0.000571854,0.000571854
192,71796.5,1.73563,2.79505,2.09641,1.88881,0.10709,0.14184,0.15234,0.48614,0.52518,0.50359,0.29282,0.43484,0.52375,0.47521,0.23408,1.46048,2.33507,2.09519,1.71883,0.09373,0,0,0.00057048,0.00057048,0.00057048
193,72170,1.72276,2.80032,2.08235,1.89977,0.10923,0.14542,0.15758,0.48681,0.52387,0.5055,0.30224,0.46969,0.50242,0.47735,0.24651,1.43428,2.32554,2.08825,1.7018,0.09308,0,0,0.000569106,0.000569106,0.000569106
194,72544,1.70821,2.72654,2.05434,1.88611,0.10825,0.1422,0.15502,0.50539,0.48944,0.50268,0.28927,0.47774,0.4613,0.46898,0.23487,1.44094,2.32285,2.0476,1.70854,0.09319,0,0,0.000567731,0.000567731,0.000567731
195,72917.5,1.70111,2.72664,2.06892,1.87492,0.10721,0.14155,0.15369,0.54352,0.49451,0.51382,0.29345,0.52572,0.47538,0.4849,0.23641,1.45833,2.34899,2.03374,1.71378,0.09294,0,0,0.000566357,0.000566357,0.000566357
196,73291.2,1.70942,2.79088,2.06468,1.87807,0.10966,0.14703,0.15792,0.50767,0.50945,0.51534,0.29338,0.48091,0.4698,0.47061,0.23449,1.44449,2.33442,2.10839,1.70811,0.09361,0,0,0.000564982,0.000564982,0.000564982
197,73664.6,1.69161,2.74334,2.03875,1.87456,0.10599,0.14081,0.15323,0.47671,0.52163,0.5098,0.28429,0.4518,0.49751,0.46714,0.23258,1.4409,2.31138,2.09915,1.69654,0.09263,0,0,0.000563608,0.000563608,0.000563608
198,74038.1,1.71638,2.73537,2.0882,1.875,0.10867,0.14462,0.15693,0.46271,0.54573,0.5051,0.30997,0.43681,0.52358,0.46753,0.24774,1.43503,2.31708,2.03034,1.69824,0.09298,0,0,0.000562233,0.000562233,0.000562233
199,74411.9,1.72344,2.74556,2.07822,1.8793,0.10804,0.13844,0.15143,0.46411,0.52954,0.50393,0.29378,0.43493,0.50076,0.4542,0.22472,1.42817,2.31438,2.14447,1.69618,0.09256,0,0,0.000560859,0.000560859,0.000560859
200,74785.6,1.7299,2.73566,2.0942,1.86619,0.10669,0.14356,0.15555,0.57339,0.41457,0.49756,0.29071,0.54266,0.3919,0.45257,0.22892,1.43047,2.31575,2.05234,1.68673,0.09329,0,0,0.000559484,0.000559484,0.000559484
201,75159.3,1.70949,2.73397,2.10876,1.8853,0.1083,0.13901,0.15082,0.45732,0.52431,0.49575,0.29186,0.4156,0.51676,0.45767,0.23401,1.41955,2.29708,2.14028,1.67749,0.0935,0,0,0.00055811,0.00055811,0.00055811
202,75533,1.72196,2.74849,2.01659,1.84902,0.1062,0.14267,0.15375,0.46412,0.53329,0.52039,0.31626,0.42834,0.51362,0.47969,0.24866,1.42895,2.28384,2.12826,1.69029,0.09284,0,0,0.000556736,0.000556736,0.000556736
203,75906.6,1.65703,2.68467,2.02457,1.84573,0.10851,0.14043,0.1545,0.45959,0.53119,0.49647,0.29207,0.42555,0.50962,0.44678,0.2283,1.41422,2.30686,2.0799,1.69406,0.09292,0,0,0.000555361,0.000555361,0.000555361
204,76280.4,1.71863,2.78344,2.04581,1.87479,0.11133,0.14459,0.15673,0.44939,0.53234,0.49574,0.28244,0.42321,0.50643,0.4526,0.23585,1.42632,2.30807,2.20615,1.69033,0.09234,0,0,0.000553987,0.000553987,0.000553987
205,76653.9,1.7032,2.72824,2.03992,1.83592,0.10718,0.14227,0.15307,0.46767,0.53235,0.52493,0.31255,0.43206,0.51931,0.48356,0.25195,1.40076,2.27392,2.08032,1.67163,0.09284,0,0,0.000552612,0.000552612,0.000552612
206,77027.8,1.68054,2.70928,2.00943,1.86527,0.10928,0.146,0.15802,0.49881,0.51592,0.51351,0.29995,0.49202,0.48425,0.4814,0.23621,1.39212,2.27335,2.18188,1.66867,0.09294,0,0,0.000551238,0.000551238,0.000551238
207,77401.4,1.71803,2.71004,2.06723,1.88048,0.10803,0.14324,0.15488,0.48395,0.54713,0.51151,0.29842,0.4577,0.52315,0.47155,0.24194,1.41145,2.26958,2.03093,1.68079,0.09216,0,0,0.000549863,0.000549863,0.000549863
208,77775.2,1.66704,2.69739,2.03053,1.85984,0.10828,0.14352,0.15587,0.43167,0.56649,0.50985,0.30203,0.41135,0.5365,0.46413,0.24012,1.39498,2.28404,2.06484,1.67054,0.09263,0,0,0.000548489,0.000548489,0.000548489
209,78148.7,1.70017,2.71842,2.052,1.86496,0.10762,0.14073,0.1539,0.41827,0.56122,0.50826,0.3042,0.40286,0.53756,0.47772,0.24168,1.39421,2.28071,2.01716,1.66932,0.09258,0,0,0.000547114,0.000547114,0.000547114
210,78522.2,1.66803,2.66344,2.02668,1.86894,0.10643,0.14104,0.15231,0.4799,0.53491,0.51885,0.30458,0.4533,0.51235,0.47878,0.2498,1.3999,2.27007,2.1168,1.67352,0.09224,0,0,0.00054574,0.00054574,0.00054574
211,78895.3,1.69521,2.71879,2.06733,1.89155,0.10846,0.14375,0.15711,0.49748,0.5531,0.52948,0.30308,0.47161,0.53636,0.49551,0.24802,1.40441,2.25885,2.10089,1.67855,0.09274,0,0,0.000544365,0.000544365,0.000544365
212,79269,1.69389,2.70692,2.08466,1.86073,0.10791,0.13973,0.15243,0.47596,0.54331,0.53391,0.30548,0.4448,0.52547,0.49304,0.2487,1.39932,2.27412,1.96545,1.66634,0.0918,0,0,0.000542991,0.000542991,0.000542991
213,79642.5,1.6986,2.71932,2.00765,1.86206,0.10764,0.14107,0.15442,0.47734,0.55878,0.55453,0.31385,0.45595,0.53451,0.52046,0.25626,1.39556,2.24662,1.99726,1.66593,0.09203,0,0,0.000541617,0.000541617,0.000541617
214,80016.6,1.69414,2.70213,2.04781,1.85368,0.10745,0.14194,0.15377,0.45051,0.59197,0.54592,0.31353,0.43221,0.5742,0.51549,0.25286,1.39647,2.25222,2.11264,1.67325,0.0924,0,0,0.000540242,0.000540242,0.000540242
215,80390,1.66559,2.65799,2.01442,1.85549,0.1069,0.13907,0.1506,0.44781,0.59383,0.53004,0.3207,0.42218,0.58419,0.48938,0.25595,1.39399,2.25004,2.05031,1.67629,0.09232,0,0,0.000538868,0.000538868,0.000538868
216,80764,1.66212,2.69084,1.99476,1.84957,0.10901,0.14133,0.15285,0.47475,0.55237,0.52331,0.31279,0.45263,0.50647,0.48076,0.25327,1.3737,2.22864,2.0758,1.66031,0.09105,0,0,0.000537493,0.000537493,0.000537493
217,81137.2,1.67276,2.68232,2.01016,1.83093,0.10673,0.14153,0.15413,0.5337,0.52437,0.52753,0.30745,0.50601,0.50873,0.49147,0.24958,1.37861,2.24198,2.0104,1.66515,0.09112,0,0,0.000536119,0.000536119,0.000536119
218,81510.6,1.65793,2.64347,2.00883,1.85486,0.10333,0.13759,0.14899,0.45222,0.55743,0.51383,0.30632,0.42019,0.53738,0.47081,0.23845,1.38729,2.24318,2.08265,1.66714,0.09176,0,0,0.000534744,0.000534744,0.000534744
219,81883.9,1.67836,2.71919,2.00409,1.84212,0.1076,0.14389,0.15532,0.45383,0.53161,0.51811,0.30635,0.42015,0.50153,0.47205,0.24032,1.38542,2.23392,2.06175,1.6573,0.0918,0,0,0.00053337,0.00053337,0.00053337
220,82257.4,1.67611,2.67698,2.01263,1.84442,0.10838,0.14099,0.1547,0.45433,0.53655,0.5317,0.30288,0.41803,0.51376,0.48575,0.25162,1.38712,2.24158,2.1405,1.66998,0.09153,0,0,0.000531995,0.000531995,0.000531995
221,82630.9,1.67928,2.69883,2.02156,1.84925,0.10692,0.14301,0.15491,0.46449,0.582,0.5571,0.32836,0.43787,0.5677,0.51533,0.274,1.38066,2.20609,2.0979,1.64733,0.09174,0,0,0.000530621,0.000530621,0.000530621
222,83005.1,1.63188,2.6502,1.9504,1.82341,0.1092,0.14395,0.15667,0.55574,0.5164,0.54966,0.34887,0.4812,0.52727,0.51031,0.27548,1.3663,2.2175,2.06526,1.64697,0.09152,0,0,0.000529247,0.000529247,0.000529247
223,83379.1,1.6591,2.66251,2.00299,1.84367,0.10949,0.14275,0.15528,0.48559,0.56536,0.5456,0.33298,0.45952,0.54319,0.50067,0.27069,1.37999,2.22271,2.14185,1.6519,0.09161,0,0,0.000527872,0.000527872,0.000527872
224,83752.7,1.66202,2.62862,1.99902,1.83928,0.10508,0.14115,0.15258,0.50166,0.5272,0.53393,0.3261,0.4773,0.50737,0.50047,0.25997,1.36872,2.23111,2.13023,1.652,0.09121,0,0,0.000526498,0.000526498,0.000526498
225,84126.3,1.67382,2.68217,2.01428,1.83759,0.10747,0.14013,0.15214,0.50267,0.55995,0.55284,0.34389,0.47437,0.53128,0.51583,0.27665,1.36767,2.21027,2.00144,1.64602,0.09132,0,0,0.000525123,0.000525123,0.000525123
226,84500,1.67368,2.66317,1.9792,1.82248,0.10346,0.13907,0.15083,0.53225,0.52441,0.56055,0.33211,0.51552,0.49729,0.51663,0.2748,1.35663,2.21268,2.01664,1.64278,0.09061,0,0,0.000523749,0.000523749,0.000523749
227,84873.3,1.65001,2.63629,1.95309,1.83239,0.10746,0.14134,0.15359,0.52092,0.57713,0.56042,0.33977,0.48659,0.55554,0.52691,0.27076,1.35846,2.21437,1.89295,1.64629,0.09084,0,0,0.000522374,0.000522374,0.000522374
228,85246.4,1.65681,2.62872,1.96523,1.83217,0.10775,0.14348,0.15485,0.52912,0.53003,0.56092,0.35273,0.50481,0.52093,0.5295,0.28202,1.33985,2.18254,2.03988,1.62532,0.09149,0,0,0.000521,0.000521,0.000521
229,85620.2,1.65735,2.64495,1.97088,1.82476,0.10643,0.14201,0.15405,0.5145,0.55318,0.55034,0.33539,0.47017,0.53031,0.5016,0.27515,1.34806,2.17797,1.94755,1.62408,0.09074,0,0,0.000519625,0.000519625,0.000519625
230,85993.8,1.66923,2.67751,1.97626,1.84196,0.10753,0.14346,0.15454,0.47057,0.56716,0.54773,0.33886,0.4499,0.53634,0.50467,0.27301,1.36838,2.19506,2.06708,1.63291,0.09083,0,0,0.000518251,0.000518251,0.000518251
231,86367.2,1.64218,2.59995,1.95552,1.83207,0.10827,0.14477,0.15734,0.50571,0.58696,0.57633,0.3507,0.46675,0.56548,0.53567,0.28422,1.36003,2.19006,2.01258,1.63578,0.0915,0,0,0.000516877,0.000516877,0.000516877
232,86741.2,1.6658,2.63734,1.96388,1.82534,0.10616,0.13885,0.15078,0.50477,0.60409,0.56973,0.34542,0.49304,0.57775,0.54012,0.28045,1.36493,2.18894,1.99661,1.62915,0.09069,0,0,0.000515502,0.000515502,0.000515502
233,87114.5,1.65674,2.62838,1.92674,1.81726,0.10776,0.13691,0.15005,0.4874,0.59697,0.54563,0.33809,0.461,0.56235,0.50679,0.27298,1.3433,2.17858,1.93525,1.62246,0.09032,0,0,0.000514128,0.000514128,0.000514128
234,87487.9,1.62087,2.67625,1.95115,1.83148,0.10769,0.1438,0.15575,0.49338,0.54377,0.55035,0.35346,0.478,0.52578,0.5131,0.2812,1.33393,2.17215,1.89729,1.61778,0.09037,0,0,0.000512753,0.000512753,0.000512753
235,87861.1,1.6386,2.5852,1.91305,1.79454,0.10514,0.13931,0.15251,0.4918,0.55246,0.55618,0.35093,0.47194,0.52879,0.52287,0.27737,1.32927,2.16925,1.92358,1.60489,0.09048,0,0,0.000511379,0.000511379,0.000511379
236,88234.6,1.66309,2.61601,1.99082,1.81394,0.10545,0.1404,0.1527,0.51952,0.55659,0.56455,0.35747,0.50703,0.54578,0.53789,0.29042,1.34127,2.17933,2.00831,1.61006,0.09046,0,0,0.000510004,0.000510004,0.000510004
237,88608.7,1.63772,2.63486,1.90473,1.80812,0.10701,0.14514,0.15587,0.48815,0.60362,0.56322,0.34749,0.46638,0.57081,0.52428,0.28025,1.33105,2.17367,1.91261,1.6124,0.09012,0,0,0.00050863,0.00050863,0.00050863
238,88982.2,1.6158,2.60956,1.88179,1.80159,0.1056,0.13823,0.14986,0.49944,0.58414,0.57238,0.36014,0.48008,0.56604,0.5376,0.28813,1.32723,2.17205,1.9361,1.61141,0.09034,0,0,0.000507255,0.000507255,0.000507255
239,89356.2,1.62604,2.61171,1.91986,1.81505,0.10587,0.13971,0.15228,0.52204,0.55366,0.5777,0.35592,0.49531,0.52978,0.54308,0.29076,1.33501,2.1664,2.12077,1.60781,0.09107,0,0,0.000505881,0.000505881,0.000505881
240,89729.5,1.64148,2.60114,1.92091,1.82257,0.10364,0.13792,0.14917,0.53865,0.56646,0.587,0.36262,0.52996,0.52302,0.5386,0.30275,1.33475,2.1571,1.93673,1.61438,0.08999,0,0,0.000504506,0.000504506,0.000504506
241,90103.4,1.63906,2.58251,1.92805,1.80063,0.10596,0.14147,0.15348,0.5047,0.59598,0.56875,0.3534,0.50168,0.54156,0.52585,0.2936,1.34525,2.16623,1.96624,1.6219,0.08997,0,0,0.000503132,0.000503132,0.000503132
242,90476.8,1.6264,2.61254,1.91999,1.81121,0.1067,0.14241,0.1543,0.49664,0.59189,0.56236,0.35526,0.47924,0.56509,0.52404,0.28095,1.32117,2.14261,1.98881,1.60432,0.08965,0,0,0.000501758,0.000501758,0.000501758
243,90850,1.67039,2.62299,1.93423,1.81615,0.10832,0.14377,0.15534,0.49014,0.62144,0.59435,0.38409,0.47973,0.61038,0.57161,0.30933,1.32921,2.15219,1.92771,1.61374,0.09006,0,0,0.000500383,0.000500383,0.000500383
244,91223.9,1.6191,2.56529,1.89461,1.81249,0.10642,0.14392,0.15592,0.48866,0.61809,0.57686,0.36212,0.47866,0.5711,0.5371,0.3,1.33074,2.15106,1.92723,1.61217,0.09045,0,0,0.000499009,0.000499009,0.000499009
245,91597.4,1.62447,2.59136,1.8898,1.80049,0.10868,0.14561,0.15746,0.5353,0.53647,0.57998,0.37245,0.51923,0.52165,0.55127,0.3047,1.33179,2.14195,2.02487,1.60429,0.08985,0,0,0.000497634,0.000497634,0.000497634
246,91970.8,1.64613,2.64322,1.89857,1.77977,0.10866,0.14734,0.15875,0.50027,0.57137,0.58245,0.37896,0.47792,0.55803,0.55017,0.30236,1.31612,2.14128,1.94753,1.59327,0.08977,0,0,0.00049626,0.00049626,0.00049626
247,92344.2,1.63278,2.65455,1.92564,1.80923,0.10557,0.13902,0.15139,0.49534,0.62208,0.60305,0.39228,0.48229,0.60563,0.57475,0.30973,1.32475,2.13615,1.91403,1.60151,0.08979,0,0,0.000494885,0.000494885,0.000494885
248,92718.1,1.61752,2.57111,1.88737,1.77767,0.10263,0.13848,0.14927,0.53092,0.58409,0.59816,0.37666,0.48637,0.59785,0.56669,0.30308,1.30886,2.12528,1.93887,1.59717,0.08903,0,0,0.000493511,0.000493511,0.000493511
249,93091.5,1.60356,2.57954,1.89243,1.80069,0.10751,0.14251,0.15513,0.50399,0.59687,0.58401,0.37191,0.48767,0.58229,0.55329,0.29483,1.32497,2.12486,1.94077,1.60638,0.08972,0,0,0.000492136,0.000492136,0.000492136
250,93465.1,1.64031,2.59351,1.88499,1.79196,0.10682,0.14128,0.15378,0.50033,0.59466,0.57959,0.37405,0.48237,0.57742,0.55664,0.30533,1.31149,2.1159,1.92239,1.59553,0.08981,0,0,0.000490762,0.000490762,0.000490762
251,93838.4,1.63847,2.60397,1.91488,1.79677,0.1068,0.14403,0.15616,0.55927,0.55229,0.59253,0.37309,0.52562,0.5276,0.54849,0.29927,1.30869,2.11962,1.92117,1.6001,0.08934,0,0,0.000489387,0.000489387,0.000489387
252,94211.9,1.58209,2.55345,1.88869,1.79146,0.10595,0.14192,0.15417,0.51747,0.63717,0.61462,0.39844,0.49958,0.63744,0.58595,0.31948,1.31349,2.11984,1.84198,1.59642,0.08969,0,0,0.000488013,0.000488013,0.000488013
253,94585.8,1.60741,2.57289,1.88482,1.77881,0.10472,0.14187,0.15344,0.49428,0.6383,0.5964,0.3818,0.47536,0.61684,0.56584,0.30591,1.29276,2.11394,1.86767,1.57999,0.08916,0,0,0.000486639,0.000486639,0.000486639
254,94959.4,1.61925,2.56019,1.90168,1.78881,0.10365,0.13859,0.14974,0.51015,0.59435,0.5942,0.38263,0.49929,0.57865,0.56133,0.30871,1.29755,2.11235,1.85981,1.58672,0.08905,0,0,0.000485264,0.000485264,0.000485264
255,95332.6,1.62667,2.59634,1.87268,1.80737,0.10781,0.14426,0.15685,0.49231,0.62271,0.58762,0.37614,0.47359,0.59822,0.55328,0.2998,1.29875,2.1272,1.93535,1.58438,0.08932,0,0,0.00048389,0.00048389,0.00048389
256,95706.1,1.58367,2.51291,1.87433,1.77553,0.10388,0.13832,0.15176,0.55496,0.59065,0.60638,0.40474,0.53469,0.57315,0.57188,0.32109,1.2879,2.10047,1.86007,1.57382,0.08928,0,0,0.000482515,0.000482515,0.000482515
257,96079.9,1.60149,2.57325,1.85324,1.78876,0.10537,0.14023,0.15086,0.5468,0.62281,0.61212,0.39843,0.5028,0.58849,0.55682,0.31546,1.30207,2.09263,1.83936,1.58332,0.08899,0,0,0.000481141,0.000481141,0.000481141
258,96453.3,1.60401,2.57212,1.84377,1.77526,0.10341,0.13676,0.14646,0.54084,0.59315,0.60781,0.39593,0.51124,0.5744,0.56876,0.31407,1.2972,2.10665,1.90813,1.57992,0.08936,0,0,0.000479766,0.000479766,0.000479766
259,96827,1.56985,2.52186,1.84347,1.76658,0.10519,0.14501,0.15741,0.5314,0.59623,0.60937,0.38491,0.50633,0.57308,0.56553,0.30407,1.30123,2.0899,1.82328,1.58642,0.08909,0,0,0.000478392,0.000478392,0.000478392
260,97200.3,1.6045,2.55106,1.86732,1.76843,0.10283,0.13718,0.1492,0.52204,0.59346,0.6006,0.38428,0.488,0.60496,0.55622,0.30826,1.30964,2.10818,1.78926,1.58762,0.08896,0,0,0.000477017,0.000477017,0.000477017
261,97573.9,1.60673,2.55623,1.84705,1.77255,0.1031,0.13667,0.14705,0.55175,0.58425,0.62012,0.39367,0.52426,0.56275,0.57211,0.31106,1.29915,2.09189,1.79816,1.57797,0.08862,0,0,0.000475643,0.000475643,0.000475643
262,97947.3,1.56696,2.48256,1.77041,1.75068,0.10666,0.14127,0.15358,0.53732,0.61048,0.61955,0.39362,0.51262,0.57784,0.57822,0.31854,1.29088,2.07934,1.8375,1.57381,0.08845,0,0,0.000474269,0.000474269,0.000474269
263,98320.5,1.56293,2.49558,1.84644,1.76101,0.10334,0.13497,0.14756,0.55351,0.61415,0.63226,0.40859,0.52768,0.59968,0.59751,0.32713,1.2872,2.08785,1.88037,1.57009,0.08858,0,0,0.000472894,0.000472894,0.000472894
264,98694.5,1.58982,2.54784,1.81129,1.7608,0.1028,0.13604,0.1473,0.57851,0.57123,0.61926,0.39516,0.55063,0.55702,0.58016,0.32054,1.29142,2.08098,1.82506,1.57362,0.08854,0,0,0.00047152,0.00047152,0.00047152
265,99067.9,1.59634,2.47144,1.88542,1.76817,0.10427,0.13856,0.15052,0.53152,0.62901,0.61754,0.39458,0.51389,0.61316,0.58297,0.32197,1.29689,2.07126,1.83443,1.57106,0.0887,0,0,0.000470145,0.000470145,0.000470145
266,99441.5,1.6019,2.53184,1.83597,1.7503,0.10615,0.14177,0.15415,0.50583,0.62307,0.6076,0.39336,0.4971,0.56779,0.56836,0.31675,1.29184,2.07331,1.77395,1.57066,0.08822,0,0,0.000468771,0.000468771,0.000468771
267,99814.7,1.60415,2.52569,1.83649,1.78815,0.10482,0.13896,0.15045,0.50966,0.60931,0.60648,0.38749,0.49175,0.5945,0.58129,0.30808,1.29952,2.08437,1.89529,1.57643,0.08827,0,0,0.000467396,0.000467396,0.000467396
268,100188,1.58989,2.53486,1.89401,1.77201,0.10677,0.14066,0.15156,0.52113,0.58928,0.58446,0.37641,0.50379,0.57353,0.56309,0.30693,1.30588,2.07975,1.94282,1.58917,0.08847,0,0,0.000466022,0.000466022,0.000466022
269,100562,1.59835,2.52231,1.83145,1.77308,0.1041,0.13871,0.14996,0.48539,0.63238,0.59608,0.39017,0.46098,0.60282,0.54948,0.30793,1.29901,2.08132,1.94883,1.5858,0.08864,0,0,0.000464647,0.000464647,0.000464647
270,100935,1.59692,2.56887,1.84414,1.78341,0.1039,0.13451,0.14641,0.52448,0.64443,0.60247,0.39706,0.50574,0.60487,0.55311,0.30494,1.30111,2.08028,1.91931,1.57749,0.08837,0,0,0.000463273,0.000463273,0.000463273
271,101308,1.57175,2.49722,1.82034,1.76803,0.10297,0.1369,0.14881,0.54741,0.59849,0.60622,0.41432,0.52487,0.56607,0.55849,0.32058,1.28758,2.07594,1.86526,1.56467,0.08845,0,0,0.000461898,0.000461898,0.000461898
272,101681,1.57976,2.51736,1.8303,1.76676,0.10193,0.13778,0.14998,0.57426,0.61941,0.63326,0.43061,0.5484,0.59868,0.59636,0.33604,1.27619,2.06466,1.76347,1.56026,0.08841,0,0,0.000460524,0.000460524,0.000460524
273,102055,1.58001,2.49852,1.80434,1.74507,0.10303,0.13846,0.1496,0.57324,0.63444,0.63635,0.41295,0.54634,0.60731,0.5918,0.32641,1.27415,2.0688,1.90321,1.55459,0.0883,0,0,0.00045915,0.00045915,0.00045915
274,102429,1.56575,2.50174,1.8082,1.77139,0.10471,0.13761,0.14962,0.5314,0.62318,0.62772,0.40964,0.50708,0.60014,0.58745,0.32178,1.26852,2.06472,1.88317,1.5587,0.08822,0,0,0.000457775,0.000457775,0.000457775
275,102802,1.57935,2.4997,1.8077,1.76356,0.10623,0.13992,0.15218,0.49591,0.63943,0.61208,0.40912,0.47727,0.61851,0.57494,0.31973,1.25946,2.0578,1.85684,1.55156,0.08746,0,0,0.000456401,0.000456401,0.000456401
276,103175,1.57697,2.47952,1.79868,1.76488,0.10317,0.13845,0.14996,0.51738,0.61399,0.59806,0.39795,0.50035,0.59531,0.56291,0.31866,1.26068,2.07018,1.74917,1.54997,0.08757,0,0,0.000455026,0.000455026,0.000455026
277,103549,1.60169,2.53837,1.79012,1.7479,0.10833,0.14327,0.15493,0.5311,0.60803,0.61488,0.41035,0.51862,0.59361,0.5916,0.33145,1.26429,2.05807,1.79962,1.55374,0.08728,0,0,0.000453652,0.000453652,0.000453652
278,103922,1.57186,2.47621,1.77707,1.72938,0.10327,0.13983,0.15084,0.52435,0.62136,0.63369,0.41791,0.49928,0.61696,0.59895,0.34276,1.2609,2.04567,1.78237,1.54866,0.08758,0,0,0.000452277,0.000452277,0.000452277
279,104295,1.57316,2.55523,1.83525,1.75018,0.10252,0.13474,0.14626,0.50696,0.65722,0.6334,0.41452,0.49104,0.63146,0.599,0.33542,1.26997,2.06305,1.77581,1.55452,0.08756,0,0,0.000450903,0.000450903,0.000450903
280,104668,1.5588,2.49312,1.78238,1.75022,0.10503,0.14186,0.15306,0.53042,0.6043,0.62704,0.41812,0.5333,0.58312,0.6022,0.3429,1.2545,2.0572,1.79454,1.54163,0.08764,0,0,0.000449528,0.000449528,0.000449528
281,105042,1.57215,2.51615,1.78876,1.74556,0.10554,0.14225,0.15385,0.50199,0.63676,0.60783,0.39974,0.49574,0.61352,0.57598,0.32392,1.25485,2.05373,1.8186,1.53983,0.08792,0,0,0.000448154,0.000448154,0.000448154
282,105415,1.56315,2.50438,1.80479,1.73413,0.10265,0.13927,0.15015,0.5553,0.58271,0.61932,0.40721,0.54638,0.57143,0.58916,0.33202,1.251,2.04379,1.85855,1.53157,0.08734,0,0,0.00044678,0.00044678,0.00044678
283,105788,1.58667,2.52857,1.83094,1.75324,0.10483,0.13346,0.14577,0.53352,0.60306,0.61009,0.40033,0.51781,0.58001,0.57588,0.32194,1.25355,2.04285,1.75234,1.53983,0.0872,0,0,0.000445405,0.000445405,0.000445405
284,106162,1.58543,2.52734,1.80784,1.77242,0.10331,0.13871,0.14955,0.57174,0.59669,0.6133,0.39193,0.55372,0.58235,0.58493,0.32567,1.27451,2.04806,1.80864,1.5573,0.08762,0,0,0.000444031,0.000444031,0.000444031
285,106535,1.57794,2.53731,1.78969,1.75292,0.10344,0.14056,0.15274,0.59478,0.60772,0.63201,0.4122,0.59105,0.57739,0.60603,0.3396,1.24797,2.04032,1.67904,1.54166,0.08785,0,0,0.000442656,0.000442656,0.000442656
286,106909,1.57937,2.50599,1.8172,1.75812,0.10303,0.13621,0.14767,0.53387,0.632,0.62944,0.40715,0.51279,0.60685,0.59992,0.33598,1.24664,2.03433,1.72679,1.54011,0.08754,0,0,0.000441282,0.000441282,0.000441282
287,107282,1.54786,2.47122,1.78565,1.7625,0.10549,0.13757,0.14923,0.53355,0.63661,0.62749,0.40513,0.50666,0.61495,0.59263,0.32757,1.25661,2.04081,1.72363,1.54398,0.08707,0,0,0.000439907,0.000439907,0.000439907
288,107656,1.56787,2.51164,1.79503,1.74598,0.10348,0.13813,0.14991,0.54141,0.61713,0.62563,0.40492,0.52025,0.59351,0.59153,0.32945,1.26681,2.03781,1.76009,1.54674,0.08754,0,0,0.000438533,0.000438533,0.000438533
289,108029,1.56493,2.53537,1.79417,1.75955,0.10516,0.14093,0.15249,0.57249,0.63626,0.63951,0.41638,0.55479,0.62016,0.61127,0.34125,1.2599,2.04374,1.79876,1.54529,0.0874,0,0,0.000437158,0.000437158,0.000437158
290,108403,1.54611,2.45401,1.74848,1.73912,0.10585,0.13825,0.15081,0.54949,0.61972,0.63914,0.42158,0.54413,0.58601,0.60318,0.34315,1.24473,2.02124,1.77774,1.53105,0.08705,0,0,0.000435784,0.000435784,0.000435784
291,108776,1.52892,2.42492,1.72538,1.71713,0.10202,0.13696,0.14924,0.55634,0.6317,0.63486,0.43363,0.53912,0.61227,0.60103,0.34168,1.22828,2.02296,1.73402,1.51945,0.08724,0,0,0.000434409,0.000434409,0.000434409
292,109150,1.57819,2.45505,1.76302,1.75015,0.10407,0.13945,0.15115,0.57736,0.62396,0.64235,0.42763,0.54862,0.59804,0.59965,0.33419,1.22704,2.01822,1.71951,1.51535,0.08688,0,0,0.000433035,0.000433035,0.000433035
293,109524,1.55824,2.49127,1.80563,1.75509,0.10464,0.13707,0.14856,0.56768,0.61743,0.63572,0.4227,0.5531,0.59829,0.60318,0.33228,1.23519,2.03115,1.70882,1.52008,0.08677,0,0,0.000431661,0.000431661,0.000431661
294,109897,1.55798,2.4911,1.78848,1.7419,0.10177,0.13667,0.14856,0.54953,0.63443,0.62599,0.41047,0.53106,0.60987,0.59517,0.33406,1.23607,2.026,1.76315,1.52587,0.08722,0,0,0.000430286,0.000430286,0.000430286
295,110270,1.5677,2.48246,1.75776,1.7411,0.10307,0.13698,0.14831,0.53712,0.65081,0.64113,0.42084,0.51381,0.62724,0.61188,0.34288,1.22909,2.02656,1.71984,1.51849,0.08718,0,0,0.000428912,0.000428912,0.000428912
296,110644,1.52376,2.47832,1.74113,1.72517,0.1024,0.13387,0.14556,0.5906,0.60162,0.63871,0.4274,0.5675,0.58056,0.59607,0.33348,1.21833,2.01032,1.64064,1.51125,0.08637,0,0,0.000427537,0.000427537,0.000427537
297,111017,1.53682,2.47516,1.75307,1.75106,0.10487,0.13751,0.14894,0.54528,0.61558,0.6486,0.43153,0.53553,0.58574,0.6111,0.33918,1.22765,2.00981,1.6444,1.51986,0.08624,0,0,0.000426163,0.000426163,0.000426163
298,111390,1.55476,2.47001,1.77136,1.73551,0.10426,0.1368,0.14783,0.54888,0.66861,0.64768,0.43065,0.52892,0.64754,0.60709,0.34615,1.234,2.00356,1.69596,1.52187,0.08661,0,0,0.000424788,0.000424788,0.000424788
299,111764,1.55194,2.49422,1.75048,1.73285,0.10213,0.13148,0.14293,0.56359,0.65196,0.6505,0.4386,0.53986,0.63534,0.61977,0.34337,1.23019,2.00062,1.76741,1.51527,0.08664,0,0,0.000423414,0.000423414,0.000423414
300,112138,1.52905,2.46146,1.73392,1.71787,0.10427,0.13841,0.14976,0.56473,0.65475,0.6623,0.45225,0.55052,0.64101,0.62983,0.36715,1.21111,1.98641,1.6908,1.50735,0.08637,0,0,0.000422039,0.000422039,0.000422039
301,112512,1.49993,2.4475,1.74288,1.70176,0.10266,0.13568,0.14712,0.56426,0.64581,0.65118,0.43987,0.53704,0.61992,0.61006,0.35376,1.22195,1.99553,1.70018,1.51513,0.08694,0,0,0.000420665,0.000420665,0.000420665
302,112885,1.55605,2.46518,1.77219,1.75243,0.10373,0.13706,0.14933,0.51243,0.66539,0.6507,0.43533,0.49716,0.6478,0.62681,0.35457,1.22489,1.9987,1.75602,1.51775,0.08683,0,0,0.000419291,0.000419291,0.000419291
303,113258,1.54449,2.46636,1.72683,1.72693,0.10437,0.13499,0.14611,0.53147,0.65199,0.64085,0.42782,0.51357,0.6347,0.61655,0.34409,1.21284,1.991,1.79206,1.50679,0.08658,0,0,0.000417916,0.000417916,0.000417916
304,113632,1.52864,2.46569,1.7471,1.70075,0.10292,0.13838,0.1497,0.49081,0.68804,0.63549,0.42571,0.47549,0.66798,0.60272,0.33536,1.20145,1.99026,1.73781,1.49965,0.08678,0,0,0.000416542,0.000416542,0.000416542
305,114005,1.53172,2.42506,1.72468,1.70984,0.10235,0.13189,0.14384,0.527,0.63259,0.63684,0.41663,0.50335,0.58954,0.59816,0.33484,1.21745,1.99299,1.80378,1.51111,0.08667,0,0,0.000415167,0.000415167,0.000415167
306,114378,1.51057,2.42157,1.72298,1.70922,0.10118,0.13438,0.14435,0.52909,0.68204,0.6595,0.43332,0.51401,0.66135,0.62862,0.34845,1.22838,1.98248,1.7074,1.51109,0.0861,0,0,0.000413793,0.000413793,0.000413793
307,114752,1.51559,2.43982,1.71087,1.71497,0.10408,0.13735,0.14874,0.59419,0.56826,0.63598,0.42173,0.58185,0.5581,0.61658,0.34265,1.21563,1.98875,1.73625,1.50234,0.08627,0,0,0.000412418,0.000412418,0.000412418
308,115125,1.54897,2.46004,1.75591,1.73552,0.10393,0.13794,0.14957,0.5518,0.60595,0.62756,0.42279,0.5416,0.59467,0.61009,0.33672,1.20856,1.97924,1.81897,1.49685,0.08662,0,0,0.000411044,0.000411044,0.000411044
309,115498,1.51193,2.42351,1.73299,1.72676,0.10209,0.13344,0.14532,0.52562,0.65608,0.64361,0.44222,0.51897,0.64053,0.62361,0.34817,1.20189,1.97238,1.71912,1.49304,0.08638,0,0,0.000409669,0.000409669,0.000409669
310,115872,1.53489,2.41121,1.68654,1.70158,0.10094,0.13644,0.14676,0.56111,0.61483,0.65411,0.44443,0.53645,0.6076,0.63272,0.3597,1.2076,1.96805,1.70585,1.49515,0.08656,0,0,0.000408295,0.000408295,0.000408295
311,116245,1.52869,2.497,1.73329,1.71205,0.10551,0.14101,0.1527,0.51182,0.70855,0.65976,0.44012,0.49118,0.68534,0.62958,0.36171,1.20329,1.95898,1.71405,1.49783,0.08625,0,0,0.00040692,0.00040692,0.00040692
312,116618,1.5092,2.4212,1.698,1.70553,0.10063,0.13171,0.1416,0.65501,0.57927,0.66888,0.45433,0.63806,0.56627,0.6414,0.36513,1.20824,1.96596,1.76895,1.49834,0.08625,0,0,0.000405546,0.000405546,0.000405546
313,116993,1.52355,2.45262,1.69643,1.71849,0.10116,0.1336,0.14378,0.58225,0.6181,0.66098,0.44717,0.56958,0.59643,0.62521,0.35428,1.21762,1.96333,1.71881,1.50513,0.08632,0,0,0.000404172,0.000404172,0.000404172
314,117366,1.54681,2.44023,1.74552,1.72756,0.10156,0.13363,0.14559,0.57906,0.65246,0.6643,0.444,0.56361,0.63908,0.63438,0.35638,1.19804,1.97071,1.7306,1.49782,0.0862,0,0,0.000402797,0.000402797,0.000402797
315,117739,1.52378,2.41994,1.78572,1.72257,0.10131,0.13094,0.14345,0.57566,0.66782,0.64984,0.43725,0.54567,0.64052,0.61308,0.34785,1.20791,1.97215,1.80975,1.49803,0.08627,0,0,0.000401423,0.000401423,0.000401423
316,118112,1.54701,2.46501,1.75374,1.7253,0.1003,0.13186,0.14279,0.56332,0.66455,0.65907,0.4374,0.54695,0.6411,0.62864,0.34851,1.21782,1.96985,1.59677,1.50232,0.0859,0,0,0.000400048,0.000400048,0.000400048
317,118486,1.54175,2.46076,1.73136,1.71595,0.10096,0.13231,0.14344,0.55958,0.66958,0.66462,0.43991,0.55435,0.61748,0.63321,0.35661,1.20404,1.95788,1.68502,1.49285,0.08576,0,0,0.000398674,0.000398674,0.000398674
318,118859,1.50048,2.3645,1.71346,1.69742,0.10097,0.13008,0.1413,0.55603,0.68052,0.66899,0.45296,0.54828,0.64883,0.64547,0.36506,1.18529,1.95027,1.64567,1.48175,0.08566,0,0,0.000397299,0.000397299,0.000397299
319,119232,1.51718,2.40075,1.68957,1.70118,0.10315,0.1355,0.14658,0.53586,0.65905,0.65811,0.45084,0.54137,0.6249,0.63452,0.35909,1.1872,1.9468,1.65375,1.49002,0.08564,0,0,0.000395925,0.000395925,0.000395925
320,119606,1.49353,2.37967,1.67728,1.69138,0.1018,0.13046,0.1419,0.53847,0.67228,0.66401,0.43694,0.5189,0.64681,0.63571,0.35037,1.20601,1.95536,1.69443,1.50028,0.0852,0,0,0.00039455,0.00039455,0.00039455
321,119979,1.54027,2.40718,1.73756,1.69886,0.10324,0.13429,0.14567,0.58336,0.60853,0.6591,0.43521,0.52818,0.61752,0.62365,0.35028,1.1979,1.95751,1.66839,1.49735,0.08545,0,0,0.000393176,0.000393176,0.000393176
322,120353,1.51322,2.44417,1.69593,1.6995,0.10228,0.13576,0.14636,0.58321,0.62336,0.6632,0.45047,0.56275,0.60391,0.63105,0.35849,1.19289,1.94514,1.69342,1.49087,0.08571,0,0,0.000391802,0.000391802,0.000391802
323,120726,1.51885,2.43198,1.72275,1.71348,0.10106,0.13102,0.14137,0.55744,0.65286,0.65969,0.45524,0.5395,0.6363,0.63095,0.36222,1.18804,1.93799,1.65689,1.48513,0.08532,0,0,0.000390427,0.000390427,0.000390427
324,121099,1.51218,2.38387,1.65821,1.70838,0.1009,0.13088,0.14205,0.54987,0.67915,0.66981,0.44672,0.52915,0.66807,0.64193,0.36292,1.18066,1.9393,1.67256,1.48206,0.08551,0,0,0.000389053,0.000389053,0.000389053
325,121473,1.52132,2.39722,1.71594,1.70296,0.10314,0.13501,0.14627,0.55056,0.67549,0.66631,0.45428,0.53013,0.65833,0.63994,0.36364,1.18734,1.94722,1.62037,1.48033,0.08583,0,0,0.000387678,0.000387678,0.000387678
326,121846,1.53117,2.40666,1.70661,1.70912,0.10527,0.13484,0.14718,0.55445,0.67469,0.67506,0.45377,0.53843,0.65795,0.65238,0.36857,1.19138,1.94765,1.56465,1.48408,0.08522,0,0,0.000386304,0.000386304,0.000386304
327,122220,1.52231,2.41102,1.68954,1.67726,0.10253,0.13242,0.14369,0.5882,0.64612,0.68141,0.4581,0.57035,0.62836,0.65307,0.37779,1.19606,1.94013,1.62033,1.48602,0.08564,0,0,0.000384929,0.000384929,0.000384929
328,122594,1.49656,2.42069,1.65483,1.67393,0.09958,0.12902,0.13931,0.57727,0.6576,0.686,0.45869,0.53586,0.6561,0.65646,0.37475,1.1925,1.94396,1.6763,1.48298,0.08497,0,0,0.000383555,0.000383555,0.000383555
329,122967,1.50119,2.41638,1.74075,1.70648,0.10843,0.13877,0.15158,0.54046,0.67818,0.66394,0.43596,0.5152,0.66168,0.63607,0.36284,1.18328,1.93686,1.73603,1.48258,0.08533,0,0,0.00038218,0.00038218,0.00038218
330,123341,1.52197,2.41357,1.69225,1.69449,0.10337,0.13497,0.14474,0.54719,0.63006,0.65637,0.44471,0.52487,0.60855,0.62192,0.36094,1.19312,1.94719,1.70516,1.49169,0.08571,0,0,0.000380806,0.000380806,0.000380806
331,123714,1.48982,2.38383,1.72286,1.69079,0.10118,0.13308,0.14469,0.57074,0.67327,0.65693,0.43601,0.55087,0.65657,0.62575,0.3538,1.19238,1.93732,1.7185,1.48798,0.08548,0,0,0.000379431,0.000379431,0.000379431
332,124088,1.52352,2.37901,1.72736,1.69972,0.10453,0.13416,0.14625,0.62892,0.6243,0.66289,0.43666,0.60086,0.60832,0.62962,0.35507,1.18893,1.93229,1.61368,1.48135,0.08503,0,0,0.000378057,0.000378057,0.000378057
333,124461,1.48628,2.35997,1.67374,1.6911,0.10335,0.13205,0.14377,0.55931,0.65765,0.67614,0.45355,0.5303,0.64582,0.64404,0.36419,1.18632,1.93909,1.6682,1.48052,0.08534,0,0,0.000376683,0.000376683,0.000376683
334,124835,1.51102,2.39394,1.67535,1.68898,0.10138,0.13022,0.14172,0.59234,0.651,0.67327,0.44579,0.56718,0.6398,0.64653,0.36691,1.19247,1.93729,1.71797,1.4793,0.08571,0,0,0.000375308,0.000375308,0.000375308
335,125208,1.46888,2.36835,1.69938,1.69422,0.10107,0.13095,0.1419,0.59346,0.65617,0.67052,0.44621,0.56166,0.62968,0.63642,0.36716,1.17713,1.93114,1.74486,1.47308,0.08569,0,0,0.000373934,0.000373934,0.000373934
336,125581,1.4956,2.38033,1.68293,1.68282,0.10285,0.1321,0.14419,0.58855,0.64406,0.68092,0.4461,0.56482,0.62229,0.64855,0.36363,1.17843,1.92563,1.71622,1.47426,0.08509,0,0,0.000372559,0.000372559,0.000372559
337,125955,1.48451,2.35349,1.64163,1.68113,0.1008,0.13031,0.14159,0.61089,0.64036,0.67835,0.44459,0.61286,0.61095,0.6527,0.35938,1.16905,1.9147,1.63825,1.46737,0.08504,0,0,0.000371185,0.000371185,0.000371185
338,126328,1.46754,2.36719,1.64239,1.66073,0.10136,0.13032,0.14142,0.57669,0.68191,0.67307,0.45004,0.56308,0.65588,0.64237,0.36526,1.17213,1.91512,1.58088,1.46893,0.08547,0,0,0.00036981,0.00036981,0.00036981
339,126701,1.49856,2.3906,1.67622,1.68297,0.09974,0.13045,0.14101,0.57718,0.66816,0.68011,0.45164,0.56276,0.64652,0.65661,0.37526,1.17854,1.90647,1.5865,1.47544,0.08545,0,0,0.000368436,0.000368436,0.000368436
340,127075,1.48067,2.37765,1.66557,1.68456,0.10231,0.12805,0.13889,0.58066,0.67019,0.67784,0.45544,0.57045,0.66047,0.65664,0.3763,1.18399,1.90654,1.61131,1.47959,0.08519,0,0,0.000367061,0.000367061,0.000367061
341,127448,1.47474,2.3497,1.66182,1.66684,0.10037,0.12842,0.13933,0.54454,0.70544,0.67355,0.45231,0.5346,0.69575,0.6538,0.37696,1.16819,1.91096,1.64882,1.46082,0.08537,0,0,0.000365687,0.000365687,0.000365687
342,127821,1.48223,2.34373,1.67086,1.6917,0.10058,0.13043,0.14119,0.60457,0.63536,0.67344,0.45919,0.58829,0.61266,0.64985,0.37885,1.16219,1.90497,1.63585,1.4624,0.08512,0,0,0.000364313,0.000364313,0.000364313
343,128195,1.50797,2.36003,1.67425,1.69706,0.0985,0.12663,0.1373,0.59281,0.67826,0.67058,0.45727,0.57499,0.66555,0.64876,0.37083,1.16432,1.90019,1.63112,1.46342,0.08447,0,0,0.000362938,0.000362938,0.000362938
344,128568,1.47145,2.34233,1.66152,1.67491,0.10239,0.13027,0.1417,0.60192,0.64124,0.67514,0.46453,0.58406,0.62825,0.65271,0.37605,1.17367,1.90514,1.67914,1.46387,0.08453,0,0,0.000361564,0.000361564,0.000361564
345,128942,1.49005,2.39248,1.69207,1.6975,0.09998,0.12918,0.14067,0.56793,0.67915,0.67947,0.46107,0.55452,0.6654,0.65631,0.38057,1.17649,1.90764,1.65265,1.46939,0.08451,0,0,0.000360189,0.000360189,0.000360189
346,129316,1.50316,2.39191,1.67685,1.69257,0.10401,0.13524,0.14686,0.57311,0.67564,0.67754,0.45618,0.55858,0.65312,0.65285,0.37533,1.17469,1.90407,1.70387,1.46857,0.08492,0,0,0.000358815,0.000358815,0.000358815
347,129689,1.50142,2.41597,1.72463,1.70143,0.10297,0.13027,0.14171,0.58745,0.64831,0.66966,0.45041,0.57638,0.63669,0.64853,0.36557,1.18694,1.90744,1.62881,1.47752,0.08495,0,0,0.00035744,0.00035744,0.00035744
348,130063,1.49301,2.38644,1.64703,1.67361,0.10146,0.12988,0.14044,0.57962,0.65795,0.67794,0.45897,0.55786,0.6515,0.65479,0.36596,1.19128,1.89907,1.59361,1.48,0.08423,0,0,0.000356066,0.000356066,0.000356066
349,130436,1.49931,2.37303,1.66963,1.69711,0.10205,0.13049,0.14209,0.57253,0.6891,0.68115,0.4624,0.555,0.67062,0.65634,0.37006,1.1729,1.8992,1.58609,1.46571,0.08456,0,0,0.000354691,0.000354691,0.000354691
350,130810,1.46465,2.38558,1.64491,1.65327,0.10096,0.12972,0.14001,0.57468,0.68186,0.68316,0.46733,0.55718,0.66441,0.65865,0.37698,1.17826,1.90009,1.59149,1.46378,0.08456,0,0,0.000353317,0.000353317,0.000353317
351,131184,1.47756,2.34355,1.66086,1.68418,0.1027,0.13133,0.14306,0.57163,0.6988,0.67593,0.47246,0.58027,0.65128,0.65445,0.38116,1.15804,1.88666,1.62996,1.45374,0.08398,0,0,0.000351942,0.000351942,0.000351942
352,131558,1.50293,2.38991,1.68693,1.68824,0.10082,0.13088,0.14131,0.60479,0.68314,0.67696,0.46752,0.60957,0.64582,0.65735,0.38258,1.16363,1.89525,1.6073,1.45885,0.08425,0,0,0.000350568,0.000350568,0.000350568
353,131931,1.45748,2.32786,1.65077,1.66126,0.10094,0.12739,0.1387,0.58121,0.67552,0.67236,0.46683,0.56709,0.66071,0.65138,0.38567,1.16608,1.90056,1.54998,1.45799,0.08397,0,0,0.000349194,0.000349194,0.000349194
354,132304,1.48047,2.41599,1.68228,1.67846,0.10377,0.13316,0.14455,0.54789,0.6811,0.66517,0.46448,0.54038,0.6616,0.64514,0.37554,1.1641,1.89284,1.5998,1.45657,0.08431,0,0,0.000347819,0.000347819,0.000347819
355,132678,1.47319,2.38286,1.66113,1.67053,0.09952,0.12671,0.13807,0.60083,0.67141,0.67727,0.4724,0.58424,0.65572,0.65379,0.38255,1.16845,1.88683,1.59379,1.45894,0.08435,0,0,0.000346445,0.000346445,0.000346445
356,133052,1.47799,2.3756,1.65104,1.6612,0.10241,0.13335,0.14426,0.59371,0.67789,0.67823,0.46935,0.58021,0.66127,0.65317,0.38766,1.16006,1.88977,1.59363,1.4541,0.08407,0,0,0.00034507,0.00034507,0.00034507
357,133426,1.49673,2.36503,1.66107,1.676,0.10185,0.13072,0.14239,0.57404,0.69628,0.67773,0.46551,0.55571,0.68199,0.65079,0.37596,1.14925,1.88942,1.61658,1.44749,0.08411,0,0,0.000343696,0.000343696,0.000343696
358,133799,1.47131,2.34148,1.61375,1.66098,0.10149,0.12885,0.13985,0.56809,0.70793,0.67674,0.46336,0.55741,0.67941,0.64158,0.37208,1.14684,1.87925,1.59995,1.44567,0.08429,0,0,0.000342321,0.000342321,0.000342321
359,134172,1.45862,2.34731,1.62815,1.64663,0.10158,0.12706,0.13844,0.58075,0.69343,0.68761,0.46151,0.55954,0.67529,0.655,0.38066,1.14562,1.8782,1.64497,1.44766,0.08458,0,0,0.000340947,0.000340947,0.000340947
360,134546,1.47644,2.34319,1.62223,1.67798,0.10185,0.13109,0.1408,0.55671,0.65027,0.66786,0.44918,0.50242,0.68876,0.63309,0.38005,1.14345,1.88372,1.66609,1.44567,0.08426,0,0,0.000339572,0.000339572,0.000339572
361,134919,1.46002,2.35463,1.62699,1.66208,0.10214,0.12936,0.14111,0.57289,0.68468,0.6735,0.44373,0.56685,0.62824,0.63792,0.37848,1.15168,1.882,1.68959,1.44788,0.08451,0,0,0.000338198,0.000338198,0.000338198
362,135293,1.48137,2.37764,1.62898,1.67849,0.1025,0.13067,0.14149,0.60617,0.66093,0.68533,0.45772,0.58814,0.64308,0.65674,0.38377,1.14975,1.87142,1.63433,1.44768,0.08469,0,0,0.000336824,0.000336824,0.000336824
363,135666,1.44324,2.30443,1.59215,1.62926,0.1001,0.12901,0.13953,0.60309,0.68463,0.68691,0.46012,0.59794,0.64056,0.65839,0.37701,1.14275,1.86292,1.63007,1.43874,0.08457,0,0,0.000335449,0.000335449,0.000335449
364,136040,1.44661,2.32789,1.61026,1.645,0.10345,0.13383,0.14506,0.61183,0.67699,0.68553,0.46976,0.59907,0.66354,0.66315,0.37888,1.1288,1.85472,1.63485,1.4324,0.08453,0,0,0.000334075,0.000334075,0.000334075
365,136413,1.49202,2.31975,1.62594,1.64481,0.09988,0.12637,0.1365,0.61264,0.65857,0.68227,0.46815,0.58804,0.66461,0.66133,0.38714,1.13446,1.85928,1.62654,1.43237,0.08421,0,0,0.0003327,0.0003327,0.0003327
366,136786,1.45864,2.34635,1.63222,1.65364,0.10037,0.12594,0.13724,0.58944,0.65281,0.68938,0.47444,0.57672,0.64087,0.6686,0.38878,1.12708,1.85666,1.65155,1.42953,0.08406,0,0,0.000331326,0.000331326,0.000331326
367,137160,1.49023,2.33788,1.62677,1.66476,0.10024,0.12499,0.13492,0.54362,0.67732,0.68502,0.46912,0.5304,0.65777,0.662,0.38482,1.1292,1.85711,1.65628,1.43176,0.08396,0,0,0.000329951,0.000329951,0.000329951
368,137534,1.46821,2.32884,1.61237,1.64479,0.09846,0.12577,0.13647,0.56867,0.71184,0.68646,0.46535,0.55316,0.69328,0.6626,0.38735,1.12865,1.85625,1.62262,1.42756,0.08355,0,0,0.000328577,0.000328577,0.000328577
369,137907,1.46405,2.35417,1.62005,1.6422,0.10185,0.12871,0.13918,0.59235,0.68949,0.68967,0.47572,0.57925,0.67319,0.66818,0.38634,1.13554,1.85474,1.63728,1.43347,0.08343,0,0,0.000327202,0.000327202,0.000327202
370,138281,1.46051,2.29571,1.57693,1.62024,0.10032,0.12605,0.13718,0.59417,0.67925,0.69063,0.48021,0.59319,0.65162,0.67372,0.391,1.13342,1.85036,1.60254,1.43362,0.08352,0,0,0.000325828,0.000325828,0.000325828
371,138655,1.48131,2.34518,1.62552,1.64999,0.09841,0.12606,0.1366,0.56555,0.67969,0.69383,0.46542,0.53005,0.69779,0.67014,0.38802,1.13808,1.85417,1.63498,1.43844,0.08359,0,0,0.000324453,0.000324453,0.000324453
372,139028,1.44762,2.31563,1.58884,1.65891,0.10018,0.12656,0.13766,0.57207,0.7012,0.67981,0.45543,0.55475,0.6835,0.65453,0.36779,1.12544,1.8521,1.61772,1.42671,0.08364,0,0,0.000323079,0.000323079,0.000323079
373,139402,1.46099,2.34405,1.6379,1.64977,0.10053,0.12952,0.14021,0.62035,0.63454,0.68155,0.4733,0.58396,0.63512,0.6585,0.3824,1.12699,1.85427,1.63904,1.42816,0.08393,0,0,0.000321705,0.000321705,0.000321705
374,139775,1.44454,2.32383,1.62139,1.66066,0.10075,0.12909,0.14011,0.58035,0.70031,0.69497,0.46636,0.56306,0.67795,0.66757,0.38219,1.1246,1.85319,1.65987,1.42841,0.08391,0,0,0.00032033,0.00032033,0.00032033
375,140149,1.44518,2.28998,1.59413,1.65882,0.09802,0.12583,0.13565,0.54557,0.72584,0.69605,0.46788,0.53183,0.71323,0.6721,0.38514,1.14205,1.85136,1.69047,1.43536,0.0842,0,0,0.000318956,0.000318956,0.000318956
376,140522,1.50345,2.32374,1.62098,1.66935,0.09768,0.12285,0.13244,0.63632,0.64595,0.69691,0.47871,0.62298,0.63119,0.6715,0.38735,1.13479,1.85197,1.58363,1.43325,0.08388,0,0,0.000317581,0.000317581,0.000317581
377,140895,1.46502,2.33908,1.64651,1.64953,0.10007,0.12749,0.13761,0.6279,0.66118,0.69951,0.48338,0.62459,0.63741,0.67601,0.39567,1.13111,1.84693,1.63569,1.43234,0.08372,0,0,0.000316207,0.000316207,0.000316207
378,141270,1.44195,2.29571,1.5682,1.63589,0.09924,0.12732,0.13646,0.57687,0.70166,0.6953,0.48299,0.56504,0.69077,0.67908,0.39328,1.12617,1.84754,1.64909,1.42693,0.08353,0,0,0.000314832,0.000314832,0.000314832
379,141643,1.48892,2.3705,1.61892,1.68048,0.10091,0.12657,0.13697,0.63143,0.66093,0.69874,0.48334,0.61077,0.65148,0.67764,0.3902,1.13215,1.8521,1.68533,1.42813,0.08389,0,0,0.000313458,0.000313458,0.000313458
380,142016,1.42606,2.3062,1.58555,1.62581,0.10013,0.12723,0.13782,0.56377,0.71905,0.69794,0.49205,0.5454,0.69999,0.67603,0.39141,1.1293,1.84558,1.70874,1.42802,0.08348,0,0,0.000312083,0.000312083,0.000312083
381,142390,1.45603,2.33301,1.63358,1.65367,0.10193,0.12977,0.1409,0.60932,0.65663,0.70096,0.49307,0.59554,0.64455,0.67989,0.39609,1.12874,1.84779,1.68417,1.43041,0.08367,0,0,0.000310709,0.000310709,0.000310709
382,142764,1.46986,2.32976,1.58579,1.64885,0.10018,0.12707,0.13762,0.56989,0.74066,0.7003,0.49186,0.55724,0.7311,0.68053,0.40026,1.1211,1.83636,1.64052,1.42241,0.0836,0,0,0.000309335,0.000309335,0.000309335
383,143137,1.45458,2.31665,1.63563,1.65398,0.10245,0.12959,0.14104,0.57108,0.70523,0.69943,0.48567,0.558,0.69431,0.67736,0.39663,1.11839,1.83705,1.64738,1.42022,0.08368,0,0,0.00030796,0.00030796,0.00030796
384,143510,1.4251,2.30335,1.60858,1.65075,0.09915,0.12602,0.13595,0.56005,0.73673,0.70105,0.48713,0.54294,0.71722,0.67003,0.39466,1.11751,1.83687,1.6758,1.42017,0.08321,0,0,0.000306586,0.000306586,0.000306586
385,143884,1.45579,2.28426,1.60906,1.67013,0.10146,0.12658,0.13628,0.59133,0.69765,0.69678,0.48737,0.57143,0.68948,0.67214,0.39594,1.12132,1.8311,1.62309,1.42054,0.08303,0,0,0.000305211,0.000305211,0.000305211
386,144257,1.44687,2.30788,1.60125,1.63649,0.10093,0.12781,0.13864,0.60076,0.69106,0.70146,0.49308,0.57355,0.6988,0.68322,0.39679,1.12105,1.82593,1.67158,1.42506,0.08342,0,0,0.000303837,0.000303837,0.000303837
387,144631,1.41113,2.24335,1.58094,1.64501,0.09882,0.12109,0.13216,0.61413,0.67185,0.69808,0.48741,0.60877,0.65478,0.67447,0.39589,1.12505,1.82643,1.6664,1.42488,0.08389,0,0,0.000302462,0.000302462,0.000302462
388,145004,1.43639,2.31704,1.59296,1.65162,0.10001,0.12854,0.13947,0.63726,0.64693,0.69991,0.48302,0.60315,0.64138,0.66756,0.39619,1.11912,1.82245,1.64592,1.41974,0.08331,0,0,0.000301088,0.000301088,0.000301088
389,145377,1.46607,2.31604,1.62872,1.64917,0.10012,0.12631,0.13718,0.61634,0.67478,0.7011,0.48301,0.59106,0.65902,0.67015,0.39301,1.11612,1.82287,1.60369,1.41396,0.08314,0,0,0.000299713,0.000299713,0.000299713
390,145750,1.41701,2.26778,1.56059,1.61332,0.10169,0.12964,0.14049,0.56916,0.71674,0.70425,0.49237,0.5523,0.69778,0.67392,0.39832,1.12125,1.8187,1.59445,1.41721,0.08302,0,0,0.000298339,0.000298339,0.000298339
391,146124,1.42187,2.29222,1.57054,1.62534,0.10237,0.12737,0.139,0.58423,0.72186,0.70457,0.49721,0.57279,0.71191,0.68999,0.40322,1.10504,1.81333,1.58751,1.40958,0.08339,0,0,0.000296964,0.000296964,0.000296964
392,146497,1.44963,2.32281,1.59888,1.65203,0.09808,0.12727,0.13691,0.61645,0.70227,0.7026,0.4915,0.58977,0.70177,0.6834,0.3992,1.11134,1.82165,1.56835,1.41503,0.08272,0,0,0.00029559,0.00029559,0.00029559
393,146870,1.43802,2.3233,1.59256,1.64101,0.09974,0.12574,0.13651,0.59993,0.72193,0.69423,0.48736,0.57849,0.70342,0.66888,0.39651,1.11137,1.8213,1.55126,1.41605,0.08265,0,0,0.000294216,0.000294216,0.000294216
394,147244,1.44715,2.31318,1.58443,1.62915,0.10126,0.12826,0.13888,0.65221,0.65125,0.69913,0.49447,0.63277,0.63898,0.67547,0.39656,1.11019,1.81713,1.573,1.41643,0.08316,0,0,0.000292841,0.000292841,0.000292841
395,147617,1.46081,2.29927,1.58444,1.64542,0.10113,0.12866,0.13963,0.61328,0.69712,0.69694,0.49174,0.59348,0.68138,0.67297,0.39444,1.10936,1.8146,1.57696,1.41478,0.08317,0,0,0.000291467,0.000291467,0.000291467
396,147990,1.45742,2.25843,1.60962,1.63107,0.09961,0.12298,0.13425,0.61945,0.69261,0.69499,0.48822,0.59489,0.68607,0.67138,0.39159,1.11419,1.81536,1.55918,1.41467,0.083,0,0,0.000290092,0.000290092,0.000290092
397,148364,1.46359,2.34017,1.59733,1.6361,0.10021,0.12558,0.1356,0.59268,0.71403,0.69518,0.48837,0.5781,0.69925,0.6734,0.39695,1.11681,1.82179,1.59084,1.41617,0.08317,0,0,0.000288718,0.000288718,0.000288718
398,148737,1.43467,2.28592,1.56431,1.62839,0.09836,0.12395,0.13442,0.57924,0.71241,0.69503,0.48638,0.55768,0.69359,0.67266,0.39772,1.11318,1.81744,1.59654,1.41213,0.08314,0,0,0.000287343,0.000287343,0.000287343
399,149110,1.44254,2.27011,1.58184,1.61222,0.10027,0.12588,0.13653,0.62493,0.68217,0.70065,0.48991,0.61518,0.64548,0.67903,0.3999,1.11053,1.80972,1.56316,1.40955,0.08299,0,0,0.000285969,0.000285969,0.000285969
400,149484,1.43198,2.281,1.58872,1.62243,0.09835,0.1241,0.13447,0.62239,0.67327,0.70106,0.4941,0.59699,0.65536,0.67496,0.4046,1.10785,1.81041,1.57731,1.40867,0.08298,0,0,0.000284594,0.000284594,0.000284594
401,149857,1.40931,2.26446,1.53344,1.61688,0.1001,0.12586,0.13738,0.59567,0.71866,0.70251,0.4981,0.57925,0.70489,0.67521,0.40065,1.10549,1.80619,1.56809,1.40891,0.0828,0,0,0.00028322,0.00028322,0.00028322
402,150230,1.41111,2.23436,1.54,1.62007,0.09968,0.12632,0.13755,0.61689,0.70621,0.70189,0.49965,0.59825,0.68584,0.67362,0.40402,1.1035,1.80579,1.62655,1.40811,0.0831,0,0,0.000281846,0.000281846,0.000281846
403,150604,1.43417,2.2829,1.57398,1.63474,0.09966,0.12522,0.13557,0.65747,0.66682,0.70145,0.49417,0.64109,0.6504,0.675,0.40305,1.09864,1.7959,1.54266,1.4031,0.08304,0,0,0.000280471,0.000280471,0.000280471
404,150977,1.39994,2.25548,1.54133,1.5966,0.10011,0.12714,0.13823,0.61339,0.68975,0.69774,0.48971,0.60311,0.66934,0.67298,0.39899,1.10429,1.79783,1.52948,1.40742,0.08284,0,0,0.000279097,0.000279097,0.000279097
405,151351,1.4165,2.25229,1.58552,1.6394,0.10255,0.12949,0.13977,0.62742,0.69357,0.71127,0.49794,0.61271,0.67818,0.68586,0.40397,1.10543,1.80038,1.5127,1.40892,0.08268,0,0,0.000277722,0.000277722,0.000277722
406,151724,1.42102,2.27312,1.55462,1.63124,0.09992,0.12444,0.13571,0.64798,0.68614,0.72194,0.50224,0.64327,0.65466,0.69605,0.41188,1.09758,1.80289,1.51197,1.40336,0.08264,0,0,0.000276348,0.000276348,0.000276348
407,152098,1.41071,2.25018,1.57336,1.61522,0.0992,0.1261,0.13674,0.62352,0.71705,0.71722,0.50101,0.60752,0.70111,0.69145,0.40894,1.10122,1.80048,1.5417,1.4035,0.08283,0,0,0.000274973,0.000274973,0.000274973
408,152471,1.42247,2.26695,1.54904,1.60903,0.1011,0.128,0.13878,0.6109,0.72953,0.71477,0.5038,0.59479,0.71476,0.68765,0.40807,1.09938,1.79787,1.54912,1.40206,0.08254,0,0,0.000273599,0.000273599,0.000273599
409,152845,1.41659,2.25995,1.54351,1.60911,0.10299,0.12473,0.13768,0.64286,0.70726,0.71575,0.50755,0.62582,0.69351,0.69314,0.41039,1.09577,1.78658,1.52797,1.40059,0.08282,0,0,0.000272224,0.000272224,0.000272224
410,153219,1.40973,2.23077,1.53132,1.61608,0.09833,0.1228,0.13317,0.61861,0.74524,0.71761,0.50567,0.59663,0.73187,0.69015,0.40671,1.09627,1.78464,1.50033,1.39808,0.083,0,0,0.00027085,0.00027085,0.00027085
411,153592,1.43663,2.25085,1.5321,1.61782,0.09704,0.12362,0.13291,0.60428,0.72158,0.71451,0.50081,0.5899,0.70588,0.68955,0.40524,1.09674,1.79085,1.5052,1.39711,0.08256,0,0,0.000269475,0.000269475,0.000269475
412,153966,1.40901,2.2279,1.56153,1.60571,0.09896,0.12325,0.13362,0.60846,0.7268,0.71032,0.50223,0.57879,0.71395,0.68614,0.40655,1.08985,1.79139,1.51562,1.39363,0.08257,0,0,0.000268101,0.000268101,0.000268101
413,154339,1.39323,2.23126,1.55869,1.61714,0.0989,0.12248,0.13262,0.58611,0.74732,0.71669,0.50806,0.57542,0.73433,0.69471,0.41397,1.08305,1.78698,1.51591,1.39194,0.0824,0,0,0.000266727,0.000266727,0.000266727
414,154713,1.40988,2.26359,1.53592,1.60833,0.10196,0.12771,0.13847,0.62548,0.74294,0.71236,0.50679,0.61413,0.7292,0.69147,0.40955,1.08066,1.78143,1.52778,1.39035,0.08235,0,0,0.000265352,0.000265352,0.000265352
415,155086,1.40434,2.26476,1.54369,1.60638,0.09996,0.12495,0.13543,0.64505,0.71497,0.71438,0.5058,0.62107,0.70929,0.689,0.41453,1.08481,1.78746,1.53976,1.38985,0.08234,0,0,0.000263978,0.000263978,0.000263978
416,155460,1.41298,2.24669,1.55415,1.61554,0.10056,0.12545,0.13623,0.67024,0.6708,0.71433,0.51301,0.65229,0.65523,0.69113,0.41119,1.08805,1.78403,1.49016,1.39174,0.08219,0,0,0.000262603,0.000262603,0.000262603
417,155834,1.4338,2.29489,1.54741,1.61464,0.0982,0.12624,0.13607,0.63299,0.69665,0.70846,0.50874,0.6188,0.68212,0.68773,0.40721,1.08216,1.78073,1.50958,1.38944,0.08188,0,0,0.000261229,0.000261229,0.000261229
418,156207,1.43737,2.28801,1.53404,1.61425,0.09758,0.12255,0.13251,0.62326,0.74197,0.70631,0.5018,0.62048,0.71281,0.68411,0.40603,1.08292,1.77509,1.52993,1.38568,0.08213,0,0,0.000259854,0.000259854,0.000259854
419,156581,1.42233,2.24857,1.5478,1.62,0.1,0.12585,0.13642,0.58829,0.73369,0.70275,0.49707,0.58058,0.70631,0.67951,0.40029,1.08493,1.77584,1.5325,1.38817,0.0824,0,0,0.00025848,0.00025848,0.00025848
420,156954,1.4265,2.27484,1.54532,1.61041,0.09668,0.11841,0.1285,0.61347,0.72756,0.70304,0.50195,0.60133,0.71234,0.6825,0.40128,1.09122,1.78525,1.49133,1.39396,0.08241,0,0,0.000257105,0.000257105,0.000257105
421,157328,1.42061,2.22549,1.54149,1.60909,0.0972,0.12384,0.13342,0.61895,0.70697,0.70616,0.50315,0.61604,0.68456,0.691,0.40801,1.07676,1.77773,1.50992,1.3848,0.08222,0,0,0.000255731,0.000255731,0.000255731
422,157701,1.43623,2.27731,1.55502,1.61973,0.09966,0.12424,0.13569,0.63195,0.70599,0.71086,0.50862,0.61468,0.68788,0.68977,0.41382,1.07568,1.7754,1.52488,1.38627,0.08208,0,0,0.000254357,0.000254357,0.000254357
423,158075,1.40622,2.25669,1.539,1.60122,0.09765,0.12354,0.13369,0.60273,0.72067,0.71647,0.51209,0.58346,0.70211,0.69389,0.41313,1.07797,1.77652,1.5015,1.38679,0.08235,0,0,0.000252982,0.000252982,0.000252982
424,158448,1.40312,2.24541,1.51858,1.60454,0.09634,0.12071,0.13076,0.5967,0.73107,0.71651,0.50745,0.57376,0.71414,0.69422,0.41042,1.08054,1.77583,1.52779,1.38617,0.08218,0,0,0.000251608,0.000251608,0.000251608
425,158822,1.39879,2.22009,1.51337,1.59692,0.09958,0.12417,0.13486,0.60409,0.71709,0.70933,0.50622,0.58525,0.70727,0.68568,0.40912,1.07119,1.7648,1.53858,1.37921,0.08179,0,0,0.000250233,0.000250233,0.000250233
426,159195,1.43695,2.28969,1.53682,1.6052,0.10074,0.12771,0.13875,0.60413,0.71691,0.71098,0.50211,0.58575,0.71069,0.68573,0.41107,1.07168,1.7645,1.54015,1.37857,0.08177,0,0,0.000248859,0.000248859,0.000248859
427,159568,1.39562,2.20349,1.51183,1.59952,0.09617,0.11858,0.12826,0.60115,0.7228,0.71126,0.5081,0.58834,0.71273,0.68514,0.40996,1.07313,1.76222,1.55182,1.37856,0.08206,0,0,0.000247484,0.000247484,0.000247484
428,159941,1.4122,2.2216,1.55925,1.60579,0.10066,0.12323,0.13359,0.66753,0.65382,0.71631,0.50668,0.64358,0.64802,0.69059,0.41782,1.0742,1.7651,1.52381,1.38033,0.08194,0,0,0.00024611,0.00024611,0.00024611
429,160314,1.39618,2.23053,1.50887,1.61147,0.09755,0.12335,0.13365,0.63898,0.71844,0.72014,0.50929,0.62404,0.70125,0.69269,0.41676,1.07232,1.76105,1.48518,1.37977,0.08182,0,0,0.000244735,0.000244735,0.000244735
430,160688,1.41701,2.21141,1.53887,1.61303,0.10053,0.12609,0.13647,0.62555,0.72438,0.72422,0.5078,0.61116,0.70754,0.70109,0.41256,1.07587,1.76307,1.4684,1.38192,0.08201,0,0,0.000243361,0.000243361,0.000243361
431,161062,1.39996,2.22843,1.49651,1.59003,0.09749,0.12181,0.1322,0.62205,0.70707,0.72016,0.51377,0.60236,0.70059,0.69766,0.41743,1.06817,1.75711,1.47497,1.37742,0.08202,0,0,0.000241986,0.000241986,0.000241986
432,161436,1.43701,2.26203,1.53325,1.61088,0.09916,0.12509,0.13575,0.61094,0.74229,0.71548,0.51696,0.59955,0.72935,0.69763,0.4175,1.06923,1.75771,1.50569,1.3748,0.08176,0,0,0.000240612,0.000240612,0.000240612
433,161810,1.41119,2.22433,1.51491,1.61151,0.09597,0.12143,0.13144,0.60149,0.75576,0.71607,0.51916,0.58723,0.74494,0.69249,0.41588,1.06773,1.755,1.49917,1.37365,0.08176,0,0,0.000239238,0.000239238,0.000239238
434,162183,1.39115,2.22746,1.50556,1.60154,0.09774,0.12232,0.13269,0.59381,0.72511,0.71752,0.51979,0.58087,0.71245,0.69488,0.4206,1.06815,1.74786,1.46615,1.37439,0.08185,0,0,0.000237863,0.000237863,0.000237863
435,162557,1.39072,2.2216,1.55597,1.60886,0.09794,0.12071,0.13117,0.6102,0.70973,0.72356,0.52235,0.60835,0.67944,0.70365,0.42616,1.07143,1.752,1.46655,1.37676,0.08191,0,0,0.000236489,0.000236489,0.000236489
436,162931,1.40223,2.21392,1.51547,1.59512,0.10172,0.13019,0.13917,0.60773,0.70609,0.71923,0.51789,0.58408,0.7114,0.69677,0.41925,1.06604,1.74696,1.4697,1.37381,0.08205,0,0,0.000235114,0.000235114,0.000235114
437,163304,1.38945,2.21662,1.534,1.59369,0.09514,0.11942,0.12865,0.58306,0.76065,0.71874,0.51937,0.57242,0.74742,0.69684,0.41964,1.0632,1.75132,1.47649,1.37149,0.08193,0,0,0.00023374,0.00023374,0.00023374
438,163677,1.38405,2.17246,1.46771,1.59713,0.09669,0.12296,0.13162,0.5958,0.73126,0.72296,0.52761,0.58251,0.71145,0.70274,0.42288,1.0607,1.74843,1.47823,1.37252,0.08171,0,0,0.000232365,0.000232365,0.000232365
439,164051,1.38536,2.19736,1.50201,1.58865,0.09812,0.122,0.13261,0.5871,0.75118,0.72582,0.52719,0.57484,0.7379,0.70459,0.42443,1.06562,1.74633,1.47706,1.37696,0.08176,0,0,0.000230991,0.000230991,0.000230991
440,164425,1.38806,2.21496,1.49221,1.58675,0.09762,0.12287,0.13232,0.6125,0.75177,0.72498,0.52434,0.58729,0.75058,0.70288,0.42317,1.06502,1.74093,1.4803,1.3751,0.08178,0,0,0.000229616,0.000229616,0.000229616
441,164798,1.39098,2.2002,1.50249,1.60259,0.09844,0.12447,0.13444,0.61047,0.73284,0.71768,0.51804,0.59703,0.71893,0.69599,0.41832,1.06357,1.73968,1.46083,1.3735,0.08197,0,0,0.000228242,0.000228242,0.000228242
442,165172,1.39887,2.21258,1.54421,1.59883,0.09624,0.12031,0.12983,0.58959,0.74925,0.71439,0.51356,0.57791,0.73969,0.69298,0.41247,1.06234,1.73771,1.48908,1.37069,0.08182,0,0,0.000226868,0.000226868,0.000226868
443,165545,1.40908,2.24631,1.51495,1.59548,0.09704,0.11805,0.12893,0.64376,0.69978,0.71861,0.51365,0.61278,0.711,0.69825,0.41344,1.06709,1.73421,1.4705,1.3726,0.08152,0,0,0.000225493,0.000225493,0.000225493
444,165918,1.39905,2.22771,1.54338,1.59827,0.10016,0.12508,0.13651,0.65326,0.67894,0.71852,0.51403,0.64155,0.6677,0.70215,0.41021,1.06802,1.7352,1.47643,1.37424,0.08135,0,0,0.000224119,0.000224119,0.000224119
445,166292,1.41678,2.22093,1.52846,1.59879,0.10042,0.12445,0.13405,0.58836,0.74001,0.71386,0.5123,0.57821,0.72833,0.69708,0.41377,1.06099,1.73676,1.47863,1.36873,0.08193,0,0,0.000222744,0.000222744,0.000222744
446,166665,1.39052,2.21098,1.50938,1.5805,0.09789,0.11986,0.13084,0.59593,0.72647,0.7092,0.51283,0.58445,0.71783,0.69281,0.41355,1.05676,1.7304,1.48304,1.36551,0.08196,0,0,0.00022137,0.00022137,0.00022137
447,167038,1.39183,2.25024,1.50726,1.60295,0.09711,0.12186,0.13187,0.59519,0.72026,0.70802,0.51035,0.58911,0.71853,0.69227,0.41292,1.05904,1.7318,1.49337,1.36679,0.08214,0,0,0.000219995,0.000219995,0.000219995
448,167412,1.36957,2.21743,1.48696,1.5739,0.09882,0.12354,0.13361,0.63371,0.70313,0.71463,0.5155,0.62533,0.68859,0.69766,0.4143,1.06038,1.72908,1.49147,1.36778,0.08196,0,0,0.000218621,0.000218621,0.000218621
449,167785,1.38107,2.22418,1.47744,1.58422,0.0974,0.12283,0.13305,0.61659,0.71127,0.71744,0.51804,0.61644,0.69132,0.69869,0.42731,1.05849,1.72774,1.46286,1.36646,0.08167,0,0,0.000217246,0.000217246,0.000217246
450,168158,1.37612,2.2272,1.51194,1.59059,0.09863,0.12183,0.13295,0.63112,0.70274,0.71937,0.51828,0.62013,0.69411,0.70453,0.42544,1.05415,1.72175,1.50157,1.36068,0.08168,0,0,0.000215872,0.000215872,0.000215872
451,168531,1.38237,2.22781,1.48956,1.60097,0.09629,0.12293,0.13255,0.64113,0.70009,0.72298,0.52723,0.63838,0.68247,0.70786,0.42911,1.05568,1.71728,1.53957,1.36314,0.08167,0,0,0.000214497,0.000214497,0.000214497
452,168905,1.36943,2.20862,1.48716,1.59142,0.09975,0.12619,0.13582,0.5935,0.74324,0.72369,0.52668,0.58463,0.73253,0.70808,0.4324,1.05292,1.70919,1.49311,1.36153,0.08145,0,0,0.000213123,0.000213123,0.000213123
453,169279,1.3958,2.18057,1.50528,1.57769,0.09827,0.12492,0.13522,0.61841,0.73742,0.72263,0.51829,0.60968,0.72775,0.70782,0.42628,1.05624,1.71123,1.48554,1.36315,0.08139,0,0,0.000211749,0.000211749,0.000211749
454,169652,1.39551,2.21235,1.4934,1.59461,0.09886,0.12461,0.13489,0.62106,0.7396,0.7177,0.51726,0.61251,0.73242,0.70521,0.43135,1.05476,1.71484,1.48629,1.36294,0.08127,0,0,0.000210374,0.000210374,0.000210374
455,170026,1.36382,2.18355,1.48856,1.5827,0.09701,0.11971,0.12961,0.63739,0.73885,0.72423,0.52487,0.62762,0.7285,0.71124,0.42796,1.0539,1.71628,1.47167,1.36151,0.08118,0,0,0.000209,0.000209,0.000209
456,170399,1.36417,2.16482,1.47016,1.57001,0.09713,0.12127,0.1312,0.60442,0.75613,0.72692,0.52388,0.59397,0.74812,0.71144,0.42618,1.04641,1.71807,1.47554,1.3575,0.08133,0,0,0.000207625,0.000207625,0.000207625
457,170772,1.36975,2.21318,1.52239,1.56133,0.09861,0.12296,0.13412,0.62749,0.70651,0.72698,0.52358,0.61682,0.70115,0.7115,0.42375,1.04347,1.71614,1.47056,1.3572,0.08121,0,0,0.000206251,0.000206251,0.000206251
458,171146,1.40388,2.21989,1.51975,1.59891,0.09794,0.12327,0.13227,0.63591,0.72312,0.72881,0.52316,0.62598,0.71297,0.70926,0.42711,1.04333,1.71264,1.49677,1.35566,0.08114,0,0,0.000204876,0.000204876,0.000204876
459,171519,1.3868,2.19735,1.49396,1.58333,0.09823,0.12143,0.13252,0.6604,0.71894,0.72706,0.52503,0.65683,0.70677,0.71026,0.42728,1.03951,1.70665,1.51323,1.35299,0.08123,0,0,0.000203502,0.000203502,0.000203502
460,171893,1.36169,2.16886,1.46689,1.57661,0.09689,0.12107,0.13194,0.67018,0.70317,0.72721,0.53073,0.65335,0.69172,0.70969,0.43403,1.04449,1.70745,1.4825,1.35518,0.08132,0,0,0.000202127,0.000202127,0.000202127
461,172267,1.35856,2.16711,1.45245,1.57457,0.09772,0.12044,0.13027,0.61275,0.78407,0.71917,0.52062,0.60486,0.77454,0.70075,0.42126,1.05157,1.70846,1.47372,1.358,0.08158,0,0,0.000200753,0.000200753,0.000200753
462,172640,1.39069,2.21537,1.51637,1.58643,0.09682,0.12021,0.12957,0.65603,0.71984,0.7208,0.52231,0.63729,0.7184,0.70183,0.42343,1.0549,1.7145,1.4674,1.36071,0.08151,0,0,0.000199379,0.000199379,0.000199379
463,173013,1.39049,2.20814,1.50157,1.60465,0.09638,0.11848,0.12834,0.6344,0.74992,0.7215,0.5217,0.62627,0.74885,0.70432,0.42278,1.05308,1.71316,1.4614,1.35969,0.08137,0,0,0.000198004,0.000198004,0.000198004
464,173386,1.3628,2.19201,1.46878,1.57334,0.09902,0.11945,0.1309,0.63385,0.70911,0.72612,0.52465,0.61355,0.71589,0.70749,0.42705,1.055,1.71119,1.45386,1.36146,0.08108,0,0,0.00019663,0.00019663,0.00019663
465,173760,1.39456,2.22265,1.52346,1.59836,0.09733,0.12268,0.13196,0.61949,0.7367,0.72332,0.52691,0.60639,0.72504,0.70402,0.42834,1.0502,1.70695,1.44907,1.35701,0.08114,0,0,0.000195255,0.000195255,0.000195255
466,174133,1.41321,2.20174,1.5018,1.58879,0.09514,0.11551,0.12627,0.61397,0.72559,0.71975,0.51532,0.60258,0.71323,0.70061,0.42799,1.04413,1.70151,1.42343,1.35402,0.08123,0,0,0.000193881,0.000193881,0.000193881
467,174506,1.38964,2.19111,1.49993,1.58542,0.09871,0.12365,0.13376,0.61963,0.72882,0.71861,0.51703,0.60493,0.71789,0.69724,0.42755,1.04411,1.69756,1.41609,1.35361,0.08108,0,0,0.000192506,0.000192506,0.000192506
468,174879,1.38442,2.1999,1.52292,1.57459,0.09933,0.12353,0.1336,0.61266,0.72901,0.7215,0.51535,0.60371,0.71751,0.70335,0.4241,1.04373,1.69741,1.42056,1.35083,0.08112,0,0,0.000191132,0.000191132,0.000191132
469,175253,1.37112,2.18673,1.47203,1.56426,0.09397,0.1164,0.12589,0.64936,0.67745,0.72838,0.52262,0.61845,0.70165,0.71172,0.43653,1.04703,1.69591,1.37606,1.35334,0.08078,0,0,0.000189757,0.000189757,0.000189757
470,175626,1.36694,2.17498,1.50046,1.58687,0.09842,0.12158,0.13182,0.64287,0.70465,0.72687,0.52976,0.62082,0.71696,0.70867,0.43555,1.04917,1.69803,1.36312,1.35576,0.0807,0,0,0.000188383,0.000188383,0.000188383
471,176000,1.34941,2.18419,1.45857,1.56028,0.09764,0.12051,0.13171,0.61641,0.72061,0.72943,0.53232,0.60637,0.71065,0.71133,0.43798,1.0455,1.69856,1.37532,1.35215,0.0809,0,0,0.000187008,0.000187008,0.000187008
472,176373,1.36128,2.17392,1.47322,1.57503,0.09696,0.12284,0.13273,0.64813,0.71004,0.73619,0.53795,0.632,0.7052,0.71968,0.4421,1.04591,1.69477,1.38223,1.35116,0.08099,0,0,0.000185634,0.000185634,0.000185634
473,176747,1.38395,2.19756,1.49648,1.58648,0.09981,0.12366,0.13447,0.63628,0.72611,0.73485,0.53736,0.62499,0.71509,0.71796,0.4403,1.0468,1.69578,1.3997,1.35234,0.0811,0,0,0.00018426,0.00018426,0.00018426
474,177121,1.3716,2.21136,1.51841,1.59795,0.09624,0.11853,0.12763,0.63176,0.73222,0.73363,0.53363,0.62049,0.72273,0.71712,0.43859,1.03886,1.69262,1.41631,1.34819,0.08094,0,0,0.000182885,0.000182885,0.000182885
475,177494,1.37246,2.18233,1.46687,1.56273,0.09872,0.12058,0.13106,0.64987,0.70126,0.73105,0.52883,0.63668,0.68822,0.71212,0.4359,1.0365,1.69371,1.40671,1.34653,0.08076,0,0,0.000181511,0.000181511,0.000181511
476,177867,1.35642,2.15757,1.45684,1.55522,0.09595,0.11934,0.12878,0.66305,0.70987,0.73292,0.53227,0.63558,0.70797,0.71344,0.44118,1.03337,1.69343,1.41789,1.34185,0.08071,0,0,0.000180136,0.000180136,0.000180136
477,178240,1.36569,2.18752,1.4503,1.56336,0.09784,0.12095,0.1302,0.65989,0.72297,0.73825,0.53173,0.6485,0.71157,0.71983,0.44423,1.03244,1.69162,1.40571,1.34101,0.08062,0,0,0.000178762,0.000178762,0.000178762
478,178614,1.3695,2.21857,1.49183,1.57032,0.09785,0.12296,0.13315,0.65358,0.72866,0.73884,0.53784,0.64272,0.71782,0.72154,0.44497,1.02929,1.69041,1.42658,1.34125,0.0807,0,0,0.000177387,0.000177387,0.000177387
479,178988,1.37403,2.18503,1.47237,1.56064,0.09979,0.12126,0.13157,0.62597,0.75539,0.73643,0.53258,0.61616,0.74485,0.7188,0.43977,1.03352,1.69003,1.44122,1.34274,0.08078,0,0,0.000176013,0.000176013,0.000176013
480,179361,1.33143,2.12434,1.42914,1.55115,0.1002,0.12268,0.13345,0.66515,0.70679,0.73907,0.53951,0.64582,0.71669,0.72212,0.44242,1.02947,1.6891,1.41957,1.34048,0.08069,0,0,0.000174638,0.000174638,0.000174638
481,179734,1.35677,2.19067,1.45783,1.54622,0.09716,0.11958,0.1293,0.66615,0.72073,0.74204,0.54137,0.65254,0.708,0.72376,0.44422,1.03317,1.68897,1.40951,1.3415,0.08074,0,0,0.000173264,0.000173264,0.000173264
482,180108,1.33785,2.15601,1.43652,1.56517,0.09987,0.12416,0.13472,0.65172,0.72791,0.74575,0.54355,0.64047,0.71565,0.7308,0.44652,1.03229,1.68545,1.41637,1.3405,0.08072,0,0,0.00017189,0.00017189,0.00017189
483,180481,1.3596,2.16667,1.47191,1.56962,0.09855,0.12285,0.13348,0.65895,0.70977,0.74966,0.54599,0.64657,0.69697,0.73022,0.44725,1.03169,1.68348,1.43612,1.34001,0.0809,0,0,0.000170515,0.000170515,0.000170515
484,180855,1.35642,2.18743,1.46712,1.5764,0.09822,0.12153,0.1311,0.6195,0.77459,0.74602,0.54248,0.60301,0.77814,0.72931,0.43938,1.03255,1.68948,1.45206,1.34014,0.08103,0,0,0.000169141,0.000169141,0.000169141
485,181228,1.37771,2.17656,1.50712,1.57226,0.09514,0.11944,0.12941,0.62789,0.76018,0.74062,0.53889,0.61893,0.75154,0.72448,0.44056,1.03392,1.68975,1.42589,1.34131,0.08084,0,0,0.000167766,0.000167766,0.000167766
486,181601,1.34439,2.13621,1.47092,1.55497,0.0969,0.11904,0.12853,0.63242,0.76499,0.74029,0.54175,0.62023,0.75205,0.71857,0.43985,1.03562,1.68731,1.41183,1.34339,0.0807,0,0,0.000166392,0.000166392,0.000166392
487,181974,1.36192,2.13745,1.49514,1.57517,0.09762,0.12008,0.13015,0.67348,0.73609,0.74472,0.54627,0.66443,0.73,0.73149,0.44607,1.02608,1.68348,1.40538,1.33874,0.08055,0,0,0.000165017,0.000165017,0.000165017
488,182348,1.3742,2.21612,1.52322,1.57534,0.09667,0.12252,0.13141,0.67104,0.73969,0.74131,0.54241,0.66331,0.73145,0.72772,0.44647,1.02611,1.68142,1.40081,1.33834,0.08068,0,0,0.000163643,0.000163643,0.000163643
489,182721,1.34039,2.14894,1.45577,1.556,0.09789,0.1229,0.13312,0.66566,0.73809,0.73908,0.53972,0.65916,0.72804,0.72637,0.43754,1.02634,1.6784,1.42722,1.33876,0.08069,0,0,0.000162268,0.000162268,0.000162268
490,183094,1.32538,2.1421,1.43384,1.54395,0.09779,0.11906,0.12865,0.68487,0.71318,0.73492,0.53774,0.67808,0.70629,0.72272,0.43546,1.03409,1.68217,1.41739,1.34504,0.08053,0,0,0.000160894,0.000160894,0.000160894
491,183467,1.34947,2.12975,1.44562,1.56402,0.09542,0.12182,0.13098,0.67609,0.72149,0.73526,0.53884,0.6686,0.71506,0.72435,0.43762,1.02631,1.6813,1.43992,1.3412,0.08046,0,0,0.00015952,0.00015952,0.00015952
492,183840,1.34313,2.1731,1.45372,1.55529,0.09555,0.11841,0.12855,0.6838,0.70541,0.73531,0.54215,0.67729,0.69812,0.72457,0.43148,1.02424,1.67908,1.43306,1.33894,0.08065,0,0,0.000158145,0.000158145,0.000158145
493,184213,1.34296,2.13438,1.44666,1.5549,0.09583,0.11713,0.12781,0.68733,0.71349,0.73818,0.53947,0.68035,0.70601,0.72519,0.43126,1.0265,1.67932,1.42254,1.34204,0.08043,0,0,0.000156771,0.000156771,0.000156771
494,184587,1.3624,2.18639,1.47734,1.57594,0.09689,0.11937,0.12855,0.66326,0.73625,0.74099,0.54484,0.65235,0.72769,0.72353,0.43997,1.02817,1.67846,1.42839,1.34055,0.08029,0,0,0.000155396,0.000155396,0.000155396
495,184960,1.3506,2.1525,1.45101,1.56102,0.09701,0.11913,0.12915,0.69749,0.69416,0.73944,0.54805,0.68713,0.68233,0.72233,0.43997,1.02912,1.67833,1.42535,1.33927,0.08029,0,0,0.000154022,0.000154022,0.000154022
496,185333,1.38847,2.2013,1.48024,1.56184,0.09844,0.12159,0.1311,0.6855,0.71822,0.74032,0.54544,0.67458,0.69604,0.71675,0.4448,1.02766,1.67574,1.42492,1.33752,0.08048,0,0,0.000152647,0.000152647,0.000152647
497,185707,1.37253,2.16243,1.47492,1.57617,0.09461,0.11828,0.12687,0.66661,0.7155,0.73881,0.54427,0.65359,0.70243,0.71981,0.44276,1.02663,1.67584,1.43879,1.33677,0.08056,0,0,0.000151273,0.000151273,0.000151273
498,186080,1.3351,2.17156,1.43864,1.55755,0.09711,0.12084,0.13029,0.66174,0.74566,0.73733,0.54271,0.64913,0.73449,0.71888,0.43973,1.02082,1.67574,1.45164,1.33418,0.08043,0,0,0.000149898,0.000149898,0.000149898
499,186453,1.37817,2.14877,1.45828,1.56819,0.09723,0.11628,0.12661,0.64519,0.76393,0.73838,0.54698,0.63144,0.75413,0.7214,0.44211,1.02608,1.67817,1.43721,1.33727,0.08042,0,0,0.000148524,0.000148524,0.000148524
500,186827,1.36144,2.14946,1.45513,1.56483,0.09957,0.12593,0.13578,0.68448,0.72553,0.7355,0.54429,0.67455,0.71566,0.72304,0.43546,1.02688,1.67341,1.43567,1.34011,0.08026,0,0,0.000147149,0.000147149,0.000147149
501,187200,1.3568,2.17505,1.45225,1.56733,0.09665,0.12071,0.13055,0.70464,0.71567,0.7313,0.53528,0.69659,0.7061,0.71902,0.43948,1.02718,1.67475,1.43753,1.34,0.08032,0,0,0.000145775,0.000145775,0.000145775
502,187574,1.32583,2.11116,1.42518,1.54741,0.09683,0.11769,0.12756,0.70152,0.69988,0.73449,0.54293,0.70705,0.68012,0.7236,0.44347,1.0221,1.6763,1.42796,1.33742,0.08031,0,0,0.000144401,0.000144401,0.000144401
503,187947,1.33729,2.12716,1.44377,1.562,0.09379,0.11518,0.12427,0.68436,0.70428,0.73184,0.53788,0.67513,0.69506,0.71938,0.43843,1.02214,1.6772,1.43746,1.33614,0.08034,0,0,0.000143026,0.000143026,0.000143026
504,188320,1.3297,2.17511,1.42429,1.54717,0.09722,0.11854,0.12934,0.65852,0.72984,0.73353,0.54242,0.65366,0.72309,0.72269,0.44331,1.02319,1.67311,1.43726,1.33631,0.08024,0,0,0.000141652,0.000141652,0.000141652
505,188693,1.35481,2.14382,1.4665,1.55868,0.09456,0.11902,0.12816,0.69671,0.70281,0.73802,0.54693,0.69028,0.69523,0.72774,0.44541,1.02345,1.67058,1.42571,1.33479,0.08032,0,0,0.000140277,0.000140277,0.000140277
506,189067,1.33737,2.13382,1.42476,1.54721,0.09696,0.11899,0.12913,0.62442,0.7512,0.7385,0.54836,0.61688,0.74201,0.72764,0.4425,1.0216,1.66926,1.42832,1.33296,0.08028,0,0,0.000138903,0.000138903,0.000138903
507,189440,1.32163,2.15319,1.42599,1.54,0.0967,0.11897,0.12987,0.62807,0.76063,0.73638,0.54557,0.62004,0.75056,0.72494,0.44085,1.02044,1.66803,1.4418,1.33251,0.08043,0,0,0.000137528,0.000137528,0.000137528
508,189813,1.3382,2.15332,1.45932,1.54885,0.09599,0.1203,0.12996,0.68105,0.69924,0.73591,0.5424,0.67455,0.68988,0.72472,0.4399,1.02071,1.66679,1.43507,1.3326,0.08032,0,0,0.000136154,0.000136154,0.000136154
509,190186,1.33904,2.11273,1.44981,1.54142,0.09521,0.11642,0.12646,0.65979,0.72615,0.73467,0.54246,0.65217,0.7169,0.72235,0.43774,1.01458,1.66711,1.42339,1.32863,0.08013,0,0,0.000134779,0.000134779,0.000134779
510,190560,1.32588,2.14132,1.42989,1.54594,0.09599,0.11768,0.1273,0.67144,0.7097,0.73696,0.54357,0.66011,0.69841,0.72097,0.43867,1.01998,1.66627,1.42733,1.33071,0.08011,0,0,0.000133405,0.000133405,0.000133405
511,190934,1.352,2.12227,1.42913,1.54418,0.09814,0.12005,0.12988,0.64133,0.73367,0.73924,0.54581,0.6311,0.72265,0.72301,0.44532,1.0185,1.66218,1.42526,1.32936,0.08006,0,0,0.000132031,0.000132031,0.000132031
512,191308,1.37691,2.16344,1.46597,1.55983,0.09779,0.11959,0.13038,0.64915,0.72987,0.73845,0.54491,0.67307,0.67601,0.72637,0.44724,1.01568,1.66063,1.42887,1.32685,0.08008,0,0,0.000130656,0.000130656,0.000130656
513,191681,1.33424,2.13627,1.40884,1.55892,0.0968,0.11993,0.12966,0.69412,0.6762,0.74467,0.55333,0.68704,0.66986,0.73312,0.45282,1.01086,1.66241,1.42381,1.32298,0.08013,0,0,0.000129282,0.000129282,0.000129282
514,192055,1.33602,2.16086,1.43249,1.55588,0.09935,0.12077,0.13169,0.67628,0.73452,0.74428,0.55024,0.6658,0.72404,0.73152,0.45342,1.01381,1.66352,1.43016,1.3237,0.08028,0,0,0.000127907,0.000127907,0.000127907
515,192429,1.34267,2.1517,1.44106,1.56688,0.09868,0.12109,0.13108,0.64435,0.74125,0.74308,0.54958,0.63596,0.73266,0.73085,0.45247,1.01597,1.66191,1.42668,1.32594,0.08033,0,0,0.000126533,0.000126533,0.000126533
516,192803,1.33025,2.08247,1.4424,1.53915,0.09315,0.11371,0.12281,0.68546,0.69838,0.74393,0.55033,0.68386,0.68339,0.7325,0.45342,1.01603,1.66099,1.42763,1.32611,0.08037,0,0,0.000125158,0.000125158,0.000125158
517,193177,1.3292,2.10597,1.41767,1.53566,0.0979,0.12009,0.12966,0.69372,0.72198,0.74411,0.55233,0.70036,0.70651,0.73236,0.45092,1.01459,1.65847,1.41362,1.32546,0.08034,0,0,0.000123784,0.000123784,0.000123784
518,193550,1.34941,2.14945,1.45483,1.55449,0.09764,0.12031,0.12999,0.68734,0.69678,0.74153,0.54775,0.69119,0.67989,0.73009,0.45068,1.01328,1.65654,1.41446,1.32567,0.08016,0,0,0.000122409,0.000122409,0.000122409
519,193923,1.3413,2.10476,1.46745,1.56239,0.09718,0.12046,0.12905,0.67894,0.70369,0.73868,0.54814,0.67501,0.68958,0.72688,0.44986,1.0111,1.65705,1.41769,1.32391,0.08017,0,0,0.000121035,0.000121035,0.000121035
520,194297,1.33002,2.12717,1.42966,1.52922,0.09631,0.11831,0.1284,0.68047,0.70337,0.73752,0.54197,0.67518,0.69505,0.7269,0.44845,1.0124,1.65635,1.42122,1.32392,0.08003,0,0,0.00011966,0.00011966,0.00011966
521,194670,1.33254,2.10045,1.43365,1.55106,0.09843,0.12152,0.13072,0.68269,0.70401,0.7428,0.54399,0.67873,0.68952,0.72978,0.45354,1.01436,1.65097,1.42497,1.32516,0.07995,0,0,0.000118286,0.000118286,0.000118286
522,195043,1.32052,2.13311,1.39633,1.51746,0.09407,0.11666,0.1255,0.66949,0.72604,0.74258,0.54381,0.67461,0.6988,0.7286,0.44784,1.01343,1.65042,1.44086,1.32337,0.07999,0,0,0.000116912,0.000116912,0.000116912
523,195416,1.35243,2.13442,1.42408,1.53092,0.09498,0.11694,0.1259,0.68548,0.72083,0.74593,0.54589,0.67656,0.7058,0.72923,0.44987,1.01364,1.6498,1.43586,1.32287,0.08003,0,0,0.000115537,0.000115537,0.000115537
524,195790,1.35032,2.13215,1.43122,1.5422,0.0995,0.12068,0.13223,0.7004,0.71389,0.74596,0.54864,0.69353,0.7052,0.73105,0.44924,1.01095,1.64973,1.40981,1.32129,0.08006,0,0,0.000114163,0.000114163,0.000114163
525,196163,1.31636,2.11903,1.41267,1.52943,0.09675,0.12031,0.1301,0.68726,0.72402,0.74484,0.54839,0.67882,0.70445,0.73034,0.45009,1.00982,1.64695,1.39299,1.31995,0.08,0,0,0.000112788,0.000112788,0.000112788
526,196536,1.3057,2.13195,1.415,1.53112,0.09752,0.11833,0.12754,0.69177,0.72037,0.74243,0.54638,0.68446,0.71007,0.72722,0.44552,1.00616,1.64673,1.39328,1.31736,0.07992,0,0,0.000111414,0.000111414,0.000111414
527,196909,1.31516,2.11434,1.45811,1.53602,0.09703,0.11695,0.12696,0.69442,0.72658,0.74503,0.5456,0.68666,0.71855,0.73139,0.44578,1.00611,1.64509,1.38028,1.31772,0.07985,0,0,0.000110039,0.000110039,0.000110039
528,197282,1.34113,2.11522,1.46694,1.56198,0.09676,0.11948,0.12901,0.68994,0.72625,0.74509,0.54795,0.68179,0.71782,0.73238,0.44699,1.0063,1.64582,1.37003,1.31771,0.07988,0,0,0.000108665,0.000108665,0.000108665
529,197655,1.29774,2.10315,1.42995,1.53608,0.0979,0.12008,0.13137,0.67987,0.74167,0.74605,0.5503,0.66503,0.73917,0.73345,0.45167,1.00319,1.6444,1.37025,1.3169,0.0799,0,0,0.00010729,0.00010729,0.00010729
530,198028,1.32147,2.11883,1.43479,1.53719,0.09785,0.11885,0.12828,0.66282,0.7171,0.74599,0.54747,0.65511,0.70984,0.73291,0.45111,1.00325,1.64602,1.38981,1.31599,0.07994,0,0,0.000105916,0.000105916,0.000105916
531,198401,1.31849,2.13806,1.40807,1.53044,0.0943,0.11656,0.12656,0.66835,0.71962,0.74435,0.55011,0.66226,0.71282,0.73197,0.45214,1.00207,1.64506,1.40817,1.31555,0.07984,0,0,0.000104542,0.000104542,0.000104542
532,198775,1.3585,2.15448,1.43202,1.54666,0.09881,0.12,0.13027,0.66432,0.72164,0.74532,0.55358,0.65583,0.71121,0.73237,0.45041,1.00337,1.64649,1.41457,1.31662,0.07987,0,0,0.000103167,0.000103167,0.000103167
533,199148,1.30765,2.08697,1.3831,1.53105,0.09599,0.1189,0.12786,0.66837,0.71972,0.74396,0.55759,0.66084,0.71222,0.73138,0.44847,1.0017,1.64618,1.41266,1.31653,0.07984,0,0,0.000101793,0.000101793,0.000101793
534,199521,1.32778,2.11601,1.42454,1.54722,0.09342,0.11369,0.12337,0.66456,0.74275,0.74582,0.5591,0.6572,0.73442,0.73275,0.45326,0.9999,1.64544,1.3994,1.31578,0.07979,0,0,0.000100418,0.000100418,0.000100418
535,199894,1.30038,2.08495,1.3852,1.50734,0.09616,0.11739,0.12726,0.65306,0.73696,0.74409,0.55503,0.6476,0.72918,0.73165,0.45269,0.99745,1.64437,1.38978,1.31473,0.07966,0,0,9.90437e-05,9.90437e-05,9.90437e-05
536,200267,1.35051,2.1069,1.43507,1.56096,0.09366,0.11626,0.125,0.67291,0.72072,0.74659,0.55859,0.66894,0.71158,0.73489,0.4527,0.99689,1.64295,1.3945,1.3144,0.0797,0,0,9.76692e-05,9.76692e-05,9.76692e-05
537,200641,1.32879,2.10297,1.42493,1.55239,0.09745,0.11696,0.12722,0.67743,0.69631,0.75003,0.56029,0.67145,0.69106,0.7384,0.45608,0.99778,1.64125,1.40256,1.3145,0.07969,0,0,9.62948e-05,9.62948e-05,9.62948e-05
538,201014,1.31433,2.1075,1.42406,1.5365,0.09179,0.11326,0.12272,0.67274,0.70941,0.75042,0.55833,0.66335,0.70243,0.73802,0.45506,0.99614,1.64243,1.40341,1.31321,0.07971,0,0,9.49203e-05,9.49203e-05,9.49203e-05
539,201387,1.33417,2.09915,1.42184,1.54204,0.09492,0.11593,0.12547,0.68955,0.72212,0.75504,0.56036,0.68282,0.7143,0.74332,0.45963,0.99594,1.64376,1.40189,1.31364,0.07978,0,0,9.35459e-05,9.35459e-05,9.35459e-05
540,201761,1.34445,2.11738,1.41368,1.55387,0.09646,0.11957,0.12957,0.69969,0.72425,0.75561,0.56336,0.69381,0.71652,0.74369,0.46006,0.99278,1.64293,1.4019,1.31184,0.07975,0,0,9.21715e-05,9.21715e-05,9.21715e-05
541,202134,1.31036,2.1529,1.3885,1.5348,0.09488,0.11768,0.12656,0.70374,0.73069,0.75839,0.56295,0.68482,0.72703,0.74476,0.46123,0.9937,1.64257,1.4104,1.31311,0.0796,0,0,9.0797e-05,9.0797e-05,9.0797e-05
542,202508,1.31565,2.07958,1.40627,1.53333,0.09667,0.11782,0.12747,0.66479,0.75611,0.75823,0.56254,0.65325,0.75507,0.74519,0.46279,0.99397,1.64271,1.41703,1.31223,0.07957,0,0,8.94226e-05,8.94226e-05,8.94226e-05
543,202882,1.31728,2.08107,1.4253,1.54081,0.09734,0.11965,0.1288,0.65685,0.77639,0.75616,0.56495,0.6505,0.76941,0.74232,0.46042,0.99446,1.641,1.40965,1.31218,0.07957,0,0,8.80481e-05,8.80481e-05,8.80481e-05
544,203255,1.32509,2.11049,1.42569,1.5362,0.09614,0.11858,0.1286,0.64447,0.78469,0.7542,0.56258,0.63832,0.77751,0.74015,0.46153,0.99336,1.63938,1.41057,1.31205,0.07955,0,0,8.66736e-05,8.66736e-05,8.66736e-05
545,203629,1.3371,2.16734,1.41784,1.5297,0.09792,0.12164,0.13035,0.63272,0.78549,0.75197,0.55956,0.62809,0.77646,0.73786,0.45663,0.99262,1.63752,1.42331,1.31189,0.07955,0,0,8.52992e-05,8.52992e-05,8.52992e-05
546,204002,1.32277,2.1058,1.42898,1.535,0.09455,0.11493,0.12465,0.65506,0.7759,0.7537,0.56118,0.65099,0.76766,0.73865,0.4602,0.99215,1.63731,1.4199,1.31168,0.07955,0,0,8.39248e-05,8.39248e-05,8.39248e-05
547,204376,1.32438,2.10958,1.40897,1.53001,0.0955,0.12007,0.12854,0.66425,0.76153,0.74936,0.55777,0.65823,0.7555,0.73589,0.45894,0.99158,1.6341,1.4151,1.31066,0.07952,0,0,8.25503e-05,8.25503e-05,8.25503e-05
548,204749,1.31886,2.07041,1.40313,1.52013,0.09459,0.11349,0.12296,0.64909,0.76876,0.7488,0.55874,0.64364,0.76204,0.73536,0.45958,0.98993,1.63168,1.42011,1.30892,0.07961,0,0,8.11759e-05,8.11759e-05,8.11759e-05
549,205122,1.29223,2.10336,1.38915,1.51834,0.09627,0.11897,0.12831,0.64921,0.7643,0.74443,0.55474,0.64164,0.75746,0.73048,0.45557,0.99133,1.63182,1.41104,1.30856,0.07954,0,0,7.98014e-05,7.98014e-05,7.98014e-05
550,205495,1.30499,2.08024,1.41596,1.54088,0.09498,0.11815,0.12735,0.63737,0.76963,0.74101,0.55305,0.62778,0.76623,0.72625,0.45399,0.99311,1.63189,1.4132,1.30849,0.07953,0,0,7.84269e-05,7.84269e-05,7.84269e-05
551,205868,1.34059,2.11465,1.42809,1.53403,0.09827,0.12014,0.13023,0.61945,0.77796,0.74382,0.55566,0.61261,0.77199,0.7301,0.45458,0.99181,1.62934,1.41106,1.30818,0.07944,0,0,7.70525e-05,7.70525e-05,7.70525e-05
552,206241,1.30974,2.10401,1.40668,1.52504,0.09713,0.12031,0.13036,0.64207,0.76442,0.74721,0.55944,0.62274,0.76762,0.73316,0.45715,0.98844,1.62701,1.41809,1.30647,0.07942,0,0,7.5678e-05,7.5678e-05,7.5678e-05
553,206614,1.3086,2.05173,1.39253,1.52894,0.09631,0.1177,0.12701,0.64442,0.75273,0.74866,0.55883,0.62426,0.76453,0.73427,0.45565,0.98612,1.62631,1.41158,1.30477,0.07943,0,0,7.43036e-05,7.43036e-05,7.43036e-05
554,206988,1.33239,2.13427,1.40342,1.55035,0.09503,0.11751,0.12731,0.64737,0.74418,0.74779,0.5571,0.62229,0.76996,0.73248,0.45378,0.99114,1.62748,1.40715,1.30805,0.07961,0,0,7.29292e-05,7.29292e-05,7.29292e-05
555,207361,1.33705,2.14578,1.41592,1.55157,0.09731,0.12119,0.1296,0.64019,0.76995,0.74699,0.55689,0.62861,0.76656,0.73103,0.45418,0.99047,1.62698,1.40658,1.30696,0.07968,0,0,7.15547e-05,7.15547e-05,7.15547e-05
556,207734,1.27717,2.03019,1.38698,1.50516,0.09689,0.11794,0.12731,0.64078,0.76812,0.74714,0.55923,0.63256,0.76192,0.72977,0.45461,0.99166,1.62561,1.41355,1.30738,0.07971,0,0,7.01802e-05,7.01802e-05,7.01802e-05
557,208107,1.30583,2.09614,1.38767,1.52694,0.09522,0.11672,0.12597,0.62789,0.77621,0.74893,0.56161,0.62075,0.76859,0.7365,0.45839,0.99003,1.62551,1.40587,1.30669,0.07968,0,0,6.88058e-05,6.88058e-05,6.88058e-05
558,208480,1.30147,2.07357,1.39685,1.50933,0.09351,0.1148,0.12343,0.65381,0.74172,0.7485,0.56183,0.65188,0.72951,0.73293,0.45824,0.9902,1.62593,1.41277,1.30637,0.07965,0,0,6.74313e-05,6.74313e-05,6.74313e-05
559,208854,1.3205,2.1362,1.42712,1.53189,0.09566,0.11878,0.12769,0.68064,0.72352,0.74946,0.56176,0.67264,0.71598,0.73438,0.45816,0.99357,1.62674,1.40552,1.30827,0.07954,0,0,6.60569e-05,6.60569e-05,6.60569e-05
560,209227,1.34607,2.09315,1.43126,1.54437,0.09443,0.11635,0.12554,0.65367,0.78333,0.75252,0.56516,0.65931,0.76507,0.73684,0.46273,0.9908,1.62572,1.395,1.30643,0.07944,0,0,6.46825e-05,6.46825e-05,6.46825e-05
561,209601,1.32411,2.13115,1.38701,1.53802,0.09873,0.12045,0.12987,0.66029,0.76203,0.75249,0.56848,0.6556,0.74521,0.73616,0.46136,0.99149,1.62568,1.39924,1.30691,0.07943,0,0,6.3308e-05,6.3308e-05,6.3308e-05
562,209975,1.29205,2.09421,1.39896,1.53064,0.09332,0.11342,0.12244,0.65083,0.78951,0.75292,0.56962,0.65409,0.76485,0.7366,0.46146,0.98972,1.6241,1.40413,1.30648,0.07949,0,0,6.19335e-05,6.19335e-05,6.19335e-05
563,210348,1.30661,2.0702,1.38838,1.52635,0.0963,0.1186,0.12923,0.65634,0.77736,0.74939,0.56459,0.64701,0.76699,0.73035,0.45849,0.99242,1.62341,1.40564,1.30787,0.07947,0,0,6.05591e-05,6.05591e-05,6.05591e-05
564,210721,1.28238,2.05983,1.36921,1.50949,0.0946,0.11537,0.12546,0.64928,0.78399,0.75083,0.5633,0.6391,0.77247,0.73059,0.45829,0.99003,1.62414,1.40983,1.3066,0.07954,0,0,5.91846e-05,5.91846e-05,5.91846e-05
565,211094,1.27997,2.04818,1.374,1.5257,0.09444,0.11574,0.12532,0.66148,0.74254,0.74723,0.56098,0.65114,0.73496,0.72842,0.45518,0.98844,1.62469,1.40345,1.30509,0.0796,0,0,5.78102e-05,5.78102e-05,5.78102e-05
566,211467,1.30936,2.12084,1.38944,1.51474,0.09555,0.11884,0.12803,0.66823,0.73666,0.74991,0.56636,0.66094,0.7299,0.73595,0.46077,0.98585,1.62303,1.39692,1.30352,0.07947,0,0,5.64358e-05,5.64358e-05,5.64358e-05
567,211840,1.2738,2.09319,1.34558,1.5143,0.09268,0.11156,0.12003,0.65939,0.74958,0.75077,0.56525,0.64791,0.74945,0.73632,0.45922,0.98569,1.62283,1.39029,1.30279,0.07939,0,0,5.50613e-05,5.50613e-05,5.50613e-05
568,212213,1.30526,2.06054,1.38972,1.52508,0.0965,0.1184,0.12802,0.66805,0.72212,0.75065,0.56501,0.6587,0.72131,0.73702,0.45669,0.9878,1.62283,1.38861,1.30403,0.07935,0,0,5.36869e-05,5.36869e-05,5.36869e-05
569,212586,1.29838,2.06299,1.35654,1.5018,0.0946,0.11635,0.12534,0.66229,0.74477,0.74893,0.56382,0.65501,0.73821,0.73588,0.45642,0.98712,1.62174,1.37649,1.30359,0.07929,0,0,5.23124e-05,5.23124e-05,5.23124e-05
570,212959,1.30383,2.08603,1.3894,1.51392,0.09396,0.11722,0.1267,0.68002,0.73854,0.74981,0.56422,0.6638,0.73668,0.73658,0.45537,0.98671,1.62098,1.36651,1.30247,0.07933,0,0,5.09379e-05,5.09379e-05,5.09379e-05
571,213332,1.31679,2.08844,1.42621,1.53431,0.09673,0.11913,0.12859,0.68115,0.73386,0.74923,0.56232,0.67424,0.72801,0.73588,0.45473,0.98532,1.62113,1.37287,1.30142,0.07936,0,0,4.95635e-05,4.95635e-05,4.95635e-05
572,213705,1.30667,2.09806,1.39666,1.5362,0.09524,0.11836,0.12856,0.66294,0.74582,0.7494,0.56407,0.65849,0.73699,0.73744,0.45549,0.98591,1.62094,1.37896,1.30175,0.07937,0,0,4.81891e-05,4.81891e-05,4.81891e-05
573,214079,1.29645,2.09321,1.38868,1.50605,0.09671,0.12066,0.12974,0.66665,0.74913,0.74811,0.56402,0.69255,0.71171,0.73961,0.45722,0.98311,1.6193,1.38289,1.29983,0.07934,0,0,4.68146e-05,4.68146e-05,4.68146e-05
574,214452,1.33429,2.11677,1.41136,1.53409,0.09541,0.11602,0.12498,0.67985,0.71881,0.74916,0.56644,0.69113,0.70624,0.73778,0.45939,0.98445,1.619,1.39504,1.29999,0.07936,0,0,4.54402e-05,4.54402e-05,4.54402e-05
575,214825,1.27988,2.04833,1.38666,1.51926,0.09653,0.11784,0.12728,0.64858,0.75766,0.74701,0.56637,0.64467,0.74716,0.73671,0.45895,0.98536,1.61959,1.40372,1.30103,0.07937,0,0,4.40657e-05,4.40657e-05,4.40657e-05
576,215198,1.28487,2.0727,1.38765,1.51738,0.0956,0.11764,0.12683,0.69412,0.71035,0.75209,0.56749,0.68543,0.70193,0.73809,0.46162,0.98564,1.61912,1.40559,1.30147,0.07941,0,0,4.26912e-05,4.26912e-05,4.26912e-05
577,215571,1.30361,2.08197,1.37384,1.53064,0.09585,0.11745,0.12673,0.69439,0.71102,0.75019,0.56341,0.69246,0.70214,0.73973,0.45766,0.98647,1.61815,1.40394,1.30225,0.07943,0,0,4.13168e-05,4.13168e-05,4.13168e-05
578,215945,1.30262,2.05176,1.35548,1.52257,0.09253,0.11419,0.12291,0.66105,0.73253,0.75266,0.56764,0.65451,0.72631,0.742,0.46176,0.98711,1.61828,1.40216,1.30242,0.07945,0,0,3.99423e-05,3.99423e-05,3.99423e-05
579,216318,1.27338,2.04604,1.36871,1.50938,0.09386,0.11462,0.1245,0.65189,0.74856,0.75259,0.56616,0.64654,0.74029,0.74213,0.46271,0.98588,1.617,1.3963,1.30177,0.07941,0,0,3.85679e-05,3.85679e-05,3.85679e-05
580,216691,1.29614,2.10466,1.39102,1.51737,0.09595,0.11942,0.12919,0.65832,0.75261,0.75363,0.56641,0.65151,0.74474,0.74229,0.4618,0.98528,1.61607,1.37969,1.3021,0.07935,0,0,3.71935e-05,3.71935e-05,3.71935e-05
581,217064,1.29682,2.05296,1.39777,1.51367,0.09702,0.11857,0.12881,0.66705,0.75646,0.75401,0.56748,0.65952,0.74842,0.74158,0.46255,0.98529,1.61615,1.37865,1.30244,0.07936,0,0,3.5819e-05,3.5819e-05,3.5819e-05
582,217437,1.30996,2.06682,1.4145,1.52323,0.09446,0.11442,0.12344,0.66118,0.74626,0.75493,0.56853,0.65349,0.73889,0.74316,0.46451,0.98426,1.61552,1.38097,1.30207,0.07941,0,0,3.44445e-05,3.44445e-05,3.44445e-05
583,217811,1.28474,2.05621,1.36925,1.50357,0.09464,0.11573,0.126,0.65416,0.75599,0.75454,0.56929,0.64601,0.74789,0.74212,0.46471,0.9833,1.61496,1.37885,1.30138,0.07936,0,0,3.30701e-05,3.30701e-05,3.30701e-05
584,218184,1.31756,2.08883,1.38965,1.50784,0.09524,0.11518,0.12547,0.6489,0.7642,0.75606,0.56971,0.64146,0.75651,0.74426,0.46468,0.98184,1.61407,1.38274,1.30035,0.07946,0,0,3.16956e-05,3.16956e-05,3.16956e-05
585,218558,1.28733,2.08283,1.38867,1.51279,0.09622,0.11661,0.12604,0.64151,0.76523,0.75566,0.56975,0.63392,0.75722,0.74367,0.46247,0.9804,1.61263,1.38045,1.29924,0.07945,0,0,3.03212e-05,3.03212e-05,3.03212e-05
586,218931,1.30094,2.08033,1.39763,1.53576,0.09412,0.11482,0.12411,0.64484,0.76329,0.7555,0.56931,0.63741,0.75541,0.74315,0.46198,0.97896,1.61182,1.37974,1.29813,0.07939,0,0,2.89468e-05,2.89468e-05,2.89468e-05
587,219304,1.30933,2.04956,1.37924,1.50716,0.09378,0.11534,0.12353,0.6602,0.74758,0.75788,0.57068,0.65197,0.73929,0.74593,0.46179,0.97894,1.61261,1.38397,1.29779,0.07941,0,0,2.75723e-05,2.75723e-05,2.75723e-05
588,219678,1.29848,2.0729,1.37187,1.50899,0.09455,0.11725,0.12555,0.63824,0.76789,0.75851,0.57218,0.63161,0.76071,0.74677,0.46318,0.97869,1.61209,1.37585,1.2976,0.07932,0,0,2.61978e-05,2.61978e-05,2.61978e-05
589,220052,1.31237,2.12221,1.41298,1.516,0.09348,0.11665,0.12602,0.65455,0.75385,0.75847,0.57383,0.64639,0.74795,0.74617,0.46494,0.9781,1.61135,1.36972,1.29736,0.07929,0,0,2.48234e-05,2.48234e-05,2.48234e-05
590,220425,1.31576,2.14941,1.42357,1.53374,0.09724,0.12092,0.13059,0.65655,0.74258,0.76016,0.57474,0.64733,0.73873,0.74792,0.46614,0.97858,1.61099,1.3687,1.29791,0.07926,0,0,2.34489e-05,2.34489e-05,2.34489e-05
591,220801,1.23545,1.89451,1.26416,1.48966,0.08657,0.08286,0.09365,0.63761,0.75664,0.75808,0.56892,0.63022,0.74945,0.74692,0.46422,0.98754,1.62225,1.39164,1.30313,0.07975,0,0,2.20745e-05,2.20745e-05,2.20745e-05
592,221175,1.2453,1.92005,1.25752,1.49134,0.08426,0.08072,0.09017,0.63194,0.75867,0.75021,0.5622,0.62408,0.75615,0.74048,0.45737,0.99924,1.63696,1.39181,1.30994,0.08028,0,0,2.07001e-05,2.07001e-05,2.07001e-05
593,221548,1.26919,1.98973,1.28382,1.52046,0.08547,0.0814,0.09149,0.63097,0.75617,0.74968,0.55829,0.62435,0.74914,0.7401,0.45069,1.00854,1.64937,1.38484,1.31526,0.08059,0,0,1.93256e-05,1.93256e-05,1.93256e-05
594,221921,1.22741,1.95124,1.21771,1.47618,0.08419,0.07962,0.08865,0.62691,0.75253,0.749,0.5565,0.61887,0.74709,0.7393,0.45049,1.01655,1.65856,1.38289,1.32033,0.08079,0,0,1.79512e-05,1.79512e-05,1.79512e-05
595,222295,1.2217,1.88905,1.22514,1.48706,0.0842,0.07959,0.08886,0.6415,0.74897,0.74824,0.55318,0.63317,0.7414,0.73836,0.44655,1.02049,1.66233,1.37793,1.32304,0.08087,0,0,1.65767e-05,1.65767e-05,1.65767e-05
596,222668,1.22387,1.89543,1.20999,1.4867,0.08462,0.08037,0.08957,0.63789,0.75797,0.74851,0.55396,0.63084,0.75038,0.73933,0.44697,1.01983,1.66242,1.36926,1.32262,0.08083,0,0,1.52022e-05,1.52022e-05,1.52022e-05
597,223041,1.20573,1.90461,1.21159,1.47005,0.08361,0.0781,0.08789,0.64484,0.75081,0.74544,0.55317,0.63831,0.74386,0.73604,0.44703,1.02089,1.66233,1.3624,1.32352,0.08077,0,0,1.38278e-05,1.38278e-05,1.38278e-05
598,223415,1.21846,1.8996,1.22027,1.48234,0.08429,0.07941,0.0887,0.64678,0.74853,0.74554,0.55423,0.64481,0.73594,0.7361,0.44805,1.02049,1.66151,1.35891,1.32348,0.08069,0,0,1.24534e-05,1.24534e-05,1.24534e-05
599,223788,1.206,1.90893,1.2066,1.46606,0.08449,0.07886,0.08848,0.65113,0.74009,0.74397,0.5526,0.6524,0.72815,0.73475,0.44589,1.02009,1.6599,1.35462,1.32337,0.0806,0,0,1.10789e-05,1.10789e-05,1.10789e-05
600,224162,1.21435,1.8905,1.18436,1.46204,0.08463,0.07943,0.0882,0.66032,0.72669,0.74493,0.55299,0.65652,0.72219,0.73653,0.44633,1.01884,1.65854,1.35041,1.32262,0.08055,0,0,9.70445e-06,9.70445e-06,9.70445e-06
