epoch,time,train/box_loss,train/seg_loss,train/cls_loss,train/dfl_loss,train/sem_loss,train/heat_loss,train/seed_loss,metrics/precision(B),metrics/recall(B),metrics/mAP50(B),metrics/mAP50-95(B),metrics/precision(M),metrics/recall(M),metrics/mAP50(M),metrics/mAP50-95(M),val/box_loss,val/seg_loss,val/cls_loss,val/dfl_loss,val/sem_loss,val/heat_loss,val/seed_loss,lr/pg0,lr/pg1,lr/pg2
1,17.6702,3.84502,7.46419,5.19495,4.21793,0.84609,0.85708,0.84129,7e-05,0.09937,3e-05,1e-05,0,0,0,0,3.89136,5.2019,4.30695,4.15961,0,0,0,0.00012495,0.00012495,0.00012495
2,28.2017,3.97642,6.09213,5.15597,4.18678,0.84127,0.85195,0.83643,7e-05,0.10116,5e-05,2e-05,3e-05,0.06327,3e-05,1e-05,3.88845,5.18052,4.27112,4.1556,0,0,0,0.000257804,0.000257804,0.000257804
3,38.6788,4.03069,5.63121,5.07648,4.16348,0.83283,0.84463,0.82978,0.00013,0.01042,1e-05,0,0.00013,0.00338,0,0,3.88631,5.10602,4.18603,4.13933,0,0,0,0.000390218,0.000390218,0.000390218
4,48.9456,3.86774,5.11607,4.95564,4.13086,0.8211,0.83506,0.82193,0.00016,0.01178,4e-05,1e-05,0.00013,0.00899,2e-05,0,3.87859,4.93959,4.11571,4.11364,0,0,0,0.000522192,0.000522192,0.000522192
5,59.416,3.94789,4.88612,4.8946,4.11153,0.81058,0.8252,0.81216,0.0002,0.01598,6e-05,1e-05,0.00017,0.0142,2e-05,0,3.85869,4.60639,4.12302,4.06841,0,0,0,0.000653727,0.000653727,0.000653727
6,69.4468,3.8712,4.52169,4.84973,4.05493,0.7979,0.81333,0.79929,0.00021,0.02441,0.00027,7e-05,0.00015,0.01476,0.0001,1e-05,3.85598,4.40772,4.17806,3.9743,0,0,0,0.000784821,0.000784821,0.000784821
7,80.0159,3.82562,4.54719,4.76485,4.00873,0.78469,0.8011,0.78639,0.00024,0.03148,0.00201,0.00097,0.00015,0.01544,0.00192,0.0002,3.8666,4.48061,4.25422,3.88416,0,0,0,0.000824753,0.000824753,0.000824753
8,90.352,3.77734,4.52377,4.79551,3.90306,0.77151,0.78841,0.77297,0.00017,0.02388,0.00017,4e-05,0.00012,0.01485,6e-05,1e-05,3.85366,4.54091,4.88621,4.05863,0,0,0,0.000823379,0.000823379,0.000823379
9,100.687,3.67724,4.44832,4.70621,3.83721,0.75637,0.77497,0.75875,7e-05,0.00883,9e-05,2e-05,7e-05,0.00803,3e-05,1e-05,3.81919,4.48452,4.7093,3.89774,0,0,0,0.000822004,0.000822004,0.000822004
10,111.001,3.5533,4.49739,4.64775,3.73816,0.74066,0.76064,0.74326,0.00048,0.01157,3e-05,1e-05,0.00012,0.00879,3e-05,1e-05,3.68729,4.57698,4.77705,3.73044,0,0,0,0.00082063,0.00082063,0.00082063
11,121.59,3.59264,4.46104,4.58209,3.64794,0.72494,0.74496,0.72607,0.00022,0.017,4e-05,1e-05,0.12518,0.00421,3e-05,0,3.62298,4.578,5.80796,3.65518,0,0,0,0.000819255,0.000819255,0.000819255
12,132.01,3.42778,4.45495,4.53058,3.58226,0.70997,0.72838,0.70887,0.00017,0.02368,5e-05,1e-05,0.12545,0.0006,5e-05,1e-05,3.53285,4.39861,5.17133,3.60592,0,0,0,0.000817881,0.000817881,0.000817881
13,142.344,3.49854,4.38212,4.52225,3.54065,0.69582,0.71318,0.69334,0.00023,0.02648,5e-05,1e-05,0.00016,0.01284,3e-05,1e-05,3.46045,4.3806,4.99883,3.65215,0,0,0,0.000816507,0.000816507,0.000816507
14,152.563,3.5232,4.46354,4.52572,3.46797,0.68247,0.69825,0.67829,0.25086,0.00682,0.0002,3e-05,0.12519,0.00963,8e-05,1e-05,3.4785,4.35335,4.78719,3.56606,0,0,0,0.000815132,0.000815132,0.000815132
15,162.771,3.44666,4.29228,4.53101,3.47968,0.66888,0.6836,0.66404,0.25029,0.01164,0.00037,9e-05,0.37991,0.0004,0.00032,7e-05,3.50726,4.31471,4.24228,3.47962,0,0,0,0.000813758,0.000813758,0.000813758
16,173.013,3.34182,4.33556,4.41883,3.4184,0.65732,0.67115,0.65274,0.00531,0.07512,0.00193,0.00022,0.25091,0.01762,0.00019,4e-05,3.34658,4.35005,4.00477,3.33786,0,0,0,0.000812383,0.000812383,0.000812383
17,183.081,3.29312,4.29659,4.2766,3.31182,0.64611,0.65984,0.64216,0.00074,0.0454,0.00071,0.00022,0.00054,0.02596,0.0004,9e-05,3.25284,4.28312,3.95982,3.44287,0,0,0,0.000811009,0.000811009,0.000811009
18,193.35,3.22128,4.3079,4.36282,3.3452,0.63585,0.64899,0.63208,0.00109,0.04704,0.00095,0.00027,0.00087,0.02618,0.00052,0.00012,3.30125,4.31831,3.858,3.3436,0,0,0,0.000809634,0.000809634,0.000809634
19,203.602,3.33674,4.39761,4.41709,3.33909,0.62599,0.63752,0.62184,0.00051,0.04451,0.00047,0.00019,0.00033,0.02364,0.0002,4e-05,3.22982,4.34169,3.8535,3.32291,0,0,0,0.00080826,0.00080826,0.00080826
20,213.695,3.15256,4.29428,4.43619,3.35131,0.6171,0.62683,0.61203,0.25161,0.01264,0.00249,0.00103,0.12589,0.01244,0.00082,0.00015,3.17291,4.29591,3.89536,3.28956,0,0,0,0.000806885,0.000806885,0.000806885
21,224.049,3.21845,4.26589,4.31643,3.26305,0.60897,0.61847,0.60453,0.00101,0.05077,0.00074,0.00017,0.00083,0.03209,0.00055,0.00014,3.15079,4.29277,3.882,3.2998,0,0,0,0.000805511,0.000805511,0.000805511
22,234.427,3.1722,4.26297,4.34469,3.25056,0.60234,0.60982,0.59679,0.00099,0.05099,0.00103,0.0003,0.00056,0.02656,0.00039,7e-05,3.17145,4.26572,3.85778,3.27123,0,0,0,0.000804137,0.000804137,0.000804137
23,244.461,3.16153,4.30888,4.3257,3.22353,0.59519,0.6025,0.59042,0.00081,0.05033,0.00337,0.00134,0.00061,0.03086,0.00076,0.00013,3.1775,4.28426,3.83864,3.22382,0,0,0,0.000802762,0.000802762,0.000802762
24,254.906,3.15747,4.26781,4.25221,3.21006,0.58961,0.59544,0.5844,0.12809,0.00281,0.00134,0.00037,0.12787,0.00261,0.00114,0.00026,3.16378,4.31339,4.15654,3.19274,0,0,0,0.000801388,0.000801388,0.000801388
25,265.217,3.17302,4.30471,4.23127,3.22619,0.58552,0.58996,0.57984,0.2542,0.00542,0.00127,0.00022,0.38119,0.00421,0.00113,0.00019,3.18974,4.26631,3.94967,3.2108,0,0,0,0.000800013,0.000800013,0.000800013
26,275.454,3.1742,4.31738,4.30386,3.21198,0.58025,0.58379,0.57438,0.25883,0.00341,0.00081,0.00016,0.25881,0.00301,0.00118,0.00023,3.21846,4.25841,4.03689,3.19846,0,0,0,0.000798639,0.000798639,0.000798639
27,285.666,3.12938,4.33137,4.12002,3.08492,0.57502,0.57861,0.56955,0.05454,0.07313,0.01438,0.00278,0.88101,0.00421,0.00125,0.00022,3.18457,4.21062,3.99031,3.14997,0,0,0,0.000797264,0.000797264,0.000797264
28,295.995,3.12253,4.33823,4.14816,3.12486,0.57185,0.57471,0.56674,0.3789,0.02236,0.0014,0.00022,0.37857,0.01021,0.00135,0.00023,3.1481,4.2167,3.8259,3.16346,0,0,0,0.00079589,0.00079589,0.00079589
29,306.329,3.12917,4.23802,4.17836,3.08975,0.56694,0.57082,0.56319,0.37716,0.05281,0.00234,0.00054,0.37776,0.02158,0.00169,0.00047,3.12234,4.18867,3.73451,3.11187,0,0,0,0.000794515,0.000794515,0.000794515
30,316.497,3.06994,4.24023,4.12695,3.05877,0.56409,0.5658,0.55895,0.63334,0.00221,0.00333,0.00112,0.63445,0.00241,0.00186,0.00049,3.10887,4.16954,3.7108,3.10359,0,0,0,0.000793141,0.000793141,0.000793141
31,326.613,3.03188,4.15726,4.13582,3.01818,0.56019,0.56134,0.55492,0.51331,0.03207,0.0018,0.00052,0.0014,0.07521,0.00512,0.00099,3.12976,4.18003,3.72301,3.093,0,0,0,0.000791767,0.000791767,0.000791767
32,336.822,3.08893,4.26192,4.13797,3.05048,0.55753,0.55757,0.55193,0.63378,0.00863,0.00286,0.00075,0.00144,0.11066,0.00547,0.00117,3.07077,4.17015,3.64959,3.01658,0,0,0,0.000790392,0.000790392,0.000790392
33,347.166,2.99955,4.26829,4.11808,3.05147,0.55615,0.5548,0.54976,0.12918,0.01043,0.00151,0.00032,0.00139,0.08001,0.00136,0.00021,3.0757,4.19116,3.7035,2.9875,0,0,0,0.000789018,0.000789018,0.000789018
34,357.289,3.09289,4.1663,4.01356,2.96723,0.55324,0.55233,0.54747,0.38096,0.00482,0.00443,0.00121,0.38032,0.00542,0.00522,0.00069,3.04923,4.21112,3.67506,2.96848,0,0,0,0.000787643,0.000787643,0.000787643
35,367.638,2.9797,4.23905,4.0127,2.9544,0.55117,0.54949,0.54509,0.37986,0.00883,0.00217,0.00055,0.37969,0.00582,0.00152,0.00034,3.04784,4.181,3.69663,2.96908,0,0,0,0.000786269,0.000786269,0.000786269
36,378.071,2.99858,4.23511,3.94782,2.93183,0.54964,0.54672,0.54291,0.08227,0.1101,0.0112,0.00345,0.05074,0.0636,0.00831,0.0012,2.98429,4.17691,3.89548,2.95053,0,0,0,0.000784894,0.000784894,0.000784894
37,388.624,2.96211,4.24573,4.03106,2.92495,0.54762,0.54466,0.541,0.00488,0.10034,0.0079,0.00214,0.0034,0.05887,0.00384,0.00114,3.0715,4.17379,3.86695,2.98202,0,0,0,0.00078352,0.00078352,0.00078352
38,398.9,2.96716,4.28273,3.98106,2.9275,0.54493,0.54195,0.53871,0.64055,0.00682,0.00335,0.00086,0.63392,0.00356,0.0026,0.00057,2.98479,4.18974,3.62622,2.92402,0,0,0,0.000782145,0.000782145,0.000782145
39,409.337,2.9246,4.20224,4.01356,2.90562,0.54258,0.54005,0.53706,0.00964,0.12461,0.0042,0.00105,0.63007,0.00983,0.00247,0.00051,2.95983,4.14376,3.86266,2.90508,0,0,0,0.000780771,0.000780771,0.000780771
40,419.485,2.97117,4.20107,3.88631,2.87809,0.54306,0.53847,0.53626,0.00474,0.12138,0.01324,0.00302,0.00322,0.07764,0.00289,0.00062,2.90962,4.13503,3.61734,2.8919,0,0,0,0.000779396,0.000779396,0.000779396
41,429.624,2.92096,4.17639,3.95572,2.85323,0.54033,0.53678,0.53434,0.54136,0.00376,0.00444,0.0014,0.5436,0.00416,0.00336,0.00086,2.94968,4.14434,3.66218,2.90653,0,0,0,0.000778022,0.000778022,0.000778022
42,439.82,2.90636,4.18576,3.86873,2.83315,0.53868,0.53494,0.53284,0.00728,0.15469,0.01714,0.00516,0.66682,0.0046,0.00478,0.00089,2.92325,4.14925,3.67661,2.92261,0,0,0,0.000776648,0.000776648,0.000776648
43,450.332,2.97209,4.1734,3.96586,2.87733,0.53786,0.53393,0.53195,0.01078,0.21619,0.02456,0.00811,0.308,0.10926,0.0119,0.0023,2.89133,4.13187,3.55036,2.84283,0,0,0,0.000775273,0.000775273,0.000775273
44,460.747,2.91926,4.17982,3.95724,2.81294,0.53561,0.53222,0.53041,0.01159,0.12475,0.00803,0.00303,0.00714,0.12162,0.00671,0.00132,2.92008,4.09687,3.65092,2.80439,0,0,0,0.000773899,0.000773899,0.000773899
45,471.052,2.88739,4.11159,3.97638,2.81675,0.53664,0.53133,0.5299,0.00742,0.23228,0.0095,0.0026,0.76807,0.00702,0.0067,0.0013,2.97804,4.0976,3.87662,2.84116,0,0,0,0.000772524,0.000772524,0.000772524
46,481.351,2.89637,4.13598,3.91795,2.82568,0.53457,0.52983,0.5287,0.38231,0.08526,0.02313,0.00837,0.63299,0.01043,0.00902,0.00218,2.87363,4.0816,3.52447,2.7948,0,0,0,0.00077115,0.00077115,0.00077115
47,492.229,2.86367,4.10128,3.83199,2.75848,0.53352,0.52863,0.52751,0.63539,0.0322,0.01268,0.00441,0.00593,0.11097,0.00659,0.00116,2.85598,4.10809,3.65488,2.86743,0,0,0,0.000769775,0.000769775,0.000769775
48,503.429,2.82605,4.17404,3.79793,2.75763,0.53264,0.52793,0.52703,0.51886,0.01425,0.0204,0.00791,0.38536,0.03526,0.00369,0.00074,2.81009,4.08239,3.56057,2.85869,0,0,0,0.000768401,0.000768401,0.000768401
49,515.547,2.82198,4.1334,3.91248,2.79356,0.53305,0.52715,0.52638,0.01629,0.15912,0.0232,0.00775,0.00399,0.10542,0.01329,0.00283,2.8328,4.08366,5.01704,2.81711,0,0,0,0.000767026,0.000767026,0.000767026
50,529.145,2.86408,4.18764,3.82988,2.78432,0.53218,0.5264,0.5259,0.01439,0.23579,0.02853,0.01121,0.00633,0.20715,0.01243,0.00333,2.79782,4.08454,3.5388,2.75439,0,0,0,0.000765652,0.000765652,0.000765652
51,543.385,2.87499,4.14938,3.71272,2.70836,0.52936,0.52507,0.52421,0.00583,0.28173,0.02924,0.00958,0.63741,0.00943,0.00506,0.00108,2.83318,4.07471,3.48594,2.75276,0,0,0,0.000764278,0.000764278,0.000764278
52,557.544,2.82559,4.13288,3.76893,2.78232,0.52889,0.52396,0.52354,0.00803,0.23308,0.00744,0.00171,0.63296,0.00823,0.00361,0.00098,2.80615,4.0615,3.51651,2.75406,0,0,0,0.000762903,0.000762903,0.000762903
53,571.315,2.81729,4.19216,3.74825,2.71902,0.52739,0.5232,0.52291,0.01045,0.21649,0.01425,0.00409,0.66648,0.012,0.00785,0.00214,2.7818,4.07263,3.47022,2.76351,0,0,0,0.000761529,0.000761529,0.000761529
54,585.403,2.82882,4.09056,3.67372,2.65265,0.52742,0.52235,0.52177,0.02416,0.25698,0.01325,0.00367,0.64716,0.01757,0.00597,0.00151,2.7739,4.03253,3.46422,2.72982,0,0,0,0.000760154,0.000760154,0.000760154
55,599.538,2.72616,4.19902,3.69246,2.70861,0.52565,0.52128,0.52084,0.00803,0.22681,0.01134,0.00384,0.5074,0.02919,0.00825,0.00168,2.8018,4.04498,4.14765,2.73932,0,0,0,0.00075878,0.00075878,0.00075878
56,613.627,2.774,4.13813,3.72298,2.63785,0.5261,0.52074,0.52059,0.65638,0.03298,0.01765,0.0077,0.64477,0.01578,0.00907,0.00267,2.75523,4.02567,3.62096,2.67393,0,0,0,0.000757405,0.000757405,0.000757405
57,628.229,2.73807,4.08212,3.68923,2.68127,0.52451,0.51962,0.51964,0.3909,0.06999,0.00893,0.00285,0.66797,0.01176,0.00701,0.0016,2.80008,4.01521,3.47936,2.68157,0,0,0,0.000756031,0.000756031,0.000756031
58,642.182,2.7714,4.1094,3.64622,2.62141,0.52513,0.51952,0.51942,0.63922,0.04734,0.01132,0.00334,0.65388,0.01602,0.01597,0.0022,2.79666,4.05199,3.55944,2.68618,0,0,0,0.000754656,0.000754656,0.000754656
59,656.651,2.72923,4.04666,3.67062,2.58686,0.52229,0.51792,0.51803,0.56723,0.06791,0.02922,0.01094,0.55678,0.02819,0.01622,0.00352,2.68816,4.00001,3.71695,2.62278,0,0,0,0.000753282,0.000753282,0.000753282
60,671.725,2.79344,4.03084,3.60503,2.60797,0.52432,0.51799,0.51827,0.65778,0.02989,0.02642,0.00944,0.6408,0.02122,0.01256,0.00292,2.72615,4.00508,3.43213,2.65261,0,0,0,0.000751907,0.000751907,0.000751907
61,685.975,2.68424,4.00952,3.57993,2.57491,0.52196,0.51699,0.51735,0.65281,0.0366,0.03027,0.01331,0.64545,0.02669,0.01122,0.00273,2.64826,3.99727,3.24837,2.5766,0,0,0,0.000750533,0.000750533,0.000750533
62,700.292,2.72208,4.06315,3.60343,2.6193,0.52148,0.51689,0.51698,0.5835,0.05894,0.03091,0.0138,0.54614,0.0313,0.01487,0.00472,2.71441,3.99363,3.45784,2.58149,0,0,0,0.000749159,0.000749159,0.000749159
63,713.827,2.64401,4.05858,3.6114,2.58975,0.52171,0.51634,0.51681,0.53801,0.03101,0.01853,0.00656,0.51443,0.01844,0.00964,0.00244,2.65705,3.99379,3.36286,2.62743,0,0,0,0.000747784,0.000747784,0.000747784
64,726.857,2.67966,4.09542,3.60866,2.59987,0.52105,0.51623,0.51632,0.65182,0.03167,0.02805,0.01036,0.64404,0.02205,0.01112,0.00239,2.67695,3.99654,3.35724,2.64149,0,0,0,0.00074641,0.00074641,0.00074641
65,740.807,2.7219,4.11412,3.49386,2.55863,0.51978,0.51507,0.51544,0.64807,0.04192,0.01894,0.00737,0.65438,0.02928,0.00999,0.00246,2.62685,3.97158,3.5256,2.57893,0,0,0,0.000745035,0.000745035,0.000745035
66,752.524,2.69973,4.09226,3.5494,2.57246,0.52062,0.51518,0.51583,0.68749,0.02894,0.01043,0.0032,0.64917,0.02065,0.00677,0.0019,2.64461,4.00475,3.41104,2.60882,0,0,0,0.000743661,0.000743661,0.000743661
67,763.761,2.6884,4.13121,3.52229,2.55065,0.51933,0.51427,0.51466,0.41554,0.05452,0.03426,0.01378,0.52439,0.01481,0.00857,0.00229,2.65514,4.01536,3.27913,2.59297,0,0,0,0.000742286,0.000742286,0.000742286
68,774.469,2.63029,4.02674,3.4737,2.56322,0.51856,0.5138,0.51436,0.18981,0.03975,0.02065,0.00696,0.15349,0.01956,0.00931,0.00232,2.66563,4.00023,3.30951,2.59598,0,0,0,0.000740912,0.000740912,0.000740912
69,784.771,2.63675,3.98299,3.50181,2.53212,0.51857,0.51353,0.514,0.54463,0.0413,0.03728,0.01339,0.40641,0.02288,0.01234,0.00369,2.59145,3.97801,3.20554,2.54348,0,0,0,0.000739537,0.000739537,0.000739537
70,795.174,2.57755,3.95047,3.46723,2.49551,0.5166,0.51251,0.5127,0.64851,0.05276,0.0563,0.02385,0.52039,0.02377,0.01551,0.00413,2.58049,3.96309,3.15104,2.51866,0,0,0,0.000738163,0.000738163,0.000738163
71,805.658,2.59112,4.02187,3.41754,2.47127,0.51701,0.51257,0.51293,0.4344,0.04276,0.04416,0.01636,0.40311,0.02782,0.02013,0.00651,2.54261,3.9391,3.16804,2.51105,0,0,0,0.000736788,0.000736788,0.000736788
72,815.96,2.65342,4.05448,3.36153,2.42785,0.51739,0.51224,0.5126,0.52895,0.07421,0.04327,0.01491,0.53457,0.04376,0.01748,0.00531,2.58802,3.9263,3.20066,2.53869,0,0,0,0.000735414,0.000735414,0.000735414
73,826.321,2.64923,4.05986,3.42857,2.47819,0.51512,0.51128,0.51174,0.62731,0.05998,0.04925,0.01933,0.5293,0.03844,0.01479,0.00447,2.5626,3.91959,3.1395,2.54385,0,0,0,0.00073404,0.00073404,0.00073404
74,836.665,2.59416,3.95786,3.39733,2.47392,0.51663,0.51133,0.51198,0.58771,0.05183,0.06262,0.02435,0.52912,0.02884,0.02122,0.00582,2.6071,3.89973,3.1392,2.51419,0,0,0,0.000732665,0.000732665,0.000732665
75,847.12,2.63174,3.95204,3.31425,2.42896,0.51395,0.51021,0.51054,0.45671,0.06459,0.05874,0.02447,0.28306,0.03671,0.01901,0.00738,2.58876,3.90643,3.21705,2.54924,0,0,0,0.000731291,0.000731291,0.000731291
76,857.525,2.59114,4.06156,3.47117,2.52209,0.51686,0.51101,0.5117,0.46276,0.06132,0.06803,0.02949,0.41648,0.03851,0.03161,0.00865,2.56769,3.92412,3.15202,2.5409,0,0,0,0.000729916,0.000729916,0.000729916
77,868.008,2.52631,3.99015,3.29337,2.44891,0.515,0.51011,0.51096,0.28505,0.06886,0.06106,0.02478,0.21492,0.03135,0.03585,0.01128,2.50312,3.88278,3.07248,2.49813,0,0,0,0.000728542,0.000728542,0.000728542
78,878.222,2.60054,3.9589,3.2775,2.4498,0.5135,0.50969,0.51024,0.31549,0.10117,0.06157,0.02658,0.23744,0.05758,0.0321,0.00853,2.54613,3.88463,3.11359,2.50314,0,0,0,0.000727167,0.000727167,0.000727167
79,888.448,2.53527,3.9743,3.28214,2.4477,0.51188,0.5091,0.50943,0.29503,0.10469,0.07251,0.03161,0.16604,0.03264,0.02009,0.00674,2.49724,3.90659,3.13717,2.46823,0,0,0,0.000725793,0.000725793,0.000725793
80,899.045,2.61128,4.04109,3.25976,2.41724,0.51386,0.50912,0.50985,0.36431,0.0689,0.07117,0.03167,0.14688,0.02519,0.01521,0.00417,2.56389,3.91624,3.10311,2.51003,0,0,0,0.000724418,0.000724418,0.000724418
81,909.352,2.58074,3.9512,3.29825,2.41613,0.51303,0.50872,0.50963,0.32241,0.08611,0.06652,0.02859,0.15066,0.04519,0.01842,0.00456,2.52428,3.89332,3.06273,2.43679,0,0,0,0.000723044,0.000723044,0.000723044
82,919.581,2.61517,4.02383,3.26822,2.42776,0.51174,0.50841,0.50905,0.35033,0.09507,0.07525,0.03155,0.2321,0.05012,0.02527,0.00829,2.50884,3.91514,3.07514,2.44591,0,0,0,0.00072167,0.00072167,0.00072167
83,929.908,2.55842,3.99221,3.2544,2.42764,0.51174,0.50824,0.50871,0.40813,0.09446,0.08146,0.03504,0.33449,0.05052,0.0293,0.00815,2.44343,3.87737,2.93427,2.41474,0,0,0,0.000720295,0.000720295,0.000720295
84,940.332,2.60786,4.00574,3.25123,2.38242,0.51112,0.50758,0.50822,0.31911,0.11047,0.07221,0.03062,0.27888,0.04763,0.02503,0.00648,2.49154,3.87725,2.98193,2.45026,0,0,0,0.000718921,0.000718921,0.000718921
85,950.649,2.55382,3.98616,3.18439,2.38771,0.51083,0.50733,0.5082,0.3574,0.14209,0.0986,0.03895,0.23645,0.09211,0.04883,0.01416,2.48877,3.83403,2.93763,2.43194,0,0,0,0.000717546,0.000717546,0.000717546
86,961.059,2.5254,3.93494,3.19498,2.36642,0.51123,0.50719,0.50785,0.4035,0.12931,0.09654,0.04172,0.34518,0.06644,0.02997,0.00831,2.46846,3.8492,3.01111,2.41591,0,0,0,0.000716172,0.000716172,0.000716172
87,971.268,2.50451,3.98965,3.12811,2.36664,0.50856,0.50612,0.50677,0.42236,0.10621,0.08785,0.03638,0.35256,0.0673,0.03611,0.0105,2.49213,3.82595,2.94762,2.40102,0,0,0,0.000714797,0.000714797,0.000714797
88,981.691,2.50164,3.88701,3.23377,2.42017,0.50949,0.50654,0.5071,0.5141,0.11446,0.08238,0.03856,0.44026,0.07055,0.03276,0.0095,2.46646,3.87085,2.96069,2.4038,0,0,0,0.000713423,0.000713423,0.000713423
89,991.81,2.49699,4.03241,3.2103,2.37624,0.50817,0.50598,0.50614,0.50653,0.10608,0.0855,0.03624,0.44102,0.04889,0.03144,0.00812,2.49305,3.88313,2.93471,2.40807,0,0,0,0.000712048,0.000712048,0.000712048
90,1002.04,2.49705,3.95952,3.22165,2.38368,0.50907,0.50575,0.50644,0.41949,0.11349,0.09592,0.0389,0.16871,0.04968,0.0257,0.00675,2.4403,3.84989,2.95289,2.38741,0,0,0,0.000710674,0.000710674,0.000710674
91,1012.42,2.48774,3.95953,3.08848,2.35888,0.50793,0.50534,0.50589,0.36222,0.14943,0.11669,0.04537,0.20784,0.05366,0.03178,0.01046,2.4013,3.8354,2.81175,2.3798,0,0,0,0.000709299,0.000709299,0.000709299
92,1022.91,2.47489,3.93333,3.07287,2.33047,0.50611,0.50419,0.50465,0.3415,0.14466,0.10987,0.04859,0.18623,0.0819,0.04198,0.01112,2.41567,3.855,2.86387,2.39501,0,0,0,0.000707925,0.000707925,0.000707925
93,1033.28,2.46824,3.8965,3.00329,2.29114,0.50515,0.50416,0.50417,0.43828,0.10987,0.10563,0.04467,0.21447,0.07258,0.04686,0.0164,2.409,3.79181,2.74552,2.35458,0,0,0,0.000706551,0.000706551,0.000706551
94,1043.74,2.45516,3.89159,3.08448,2.36814,0.50628,0.50434,0.50504,0.33155,0.14895,0.11812,0.05057,0.20546,0.07302,0.04598,0.01232,2.39309,3.7961,2.74029,2.34969,0,0,0,0.000705176,0.000705176,0.000705176
95,1054.05,2.46567,3.90006,3.05858,2.37649,0.50614,0.50413,0.50468,0.23164,0.18102,0.12625,0.05426,0.08695,0.07892,0.05042,0.01625,2.40616,3.80729,2.77227,2.33953,0,0,0,0.000703802,0.000703802,0.000703802
96,1064.39,2.44253,3.90297,3.06338,2.39954,0.50612,0.50368,0.5046,0.31509,0.14124,0.1153,0.04862,0.19076,0.07461,0.0333,0.01075,2.34785,3.79058,2.77411,2.34334,0,0,0,0.000702427,0.000702427,0.000702427
97,1074.49,2.40676,3.86806,3.14579,2.3807,0.50717,0.50409,0.50475,0.27848,0.14603,0.11937,0.05331,0.05984,0.07857,0.03593,0.01006,2.36956,3.79759,2.80984,2.359,0,0,0,0.000701053,0.000701053,0.000701053
98,1084.76,2.42349,3.90195,3.071,2.3351,0.50588,0.50346,0.5042,0.23088,0.19203,0.131,0.05279,0.14195,0.14734,0.06564,0.02029,2.40532,3.79614,2.82782,2.35473,0,0,0,0.000699678,0.000699678,0.000699678
99,1095.07,2.40931,3.82782,3.10483,2.32952,0.50476,0.50276,0.5031,0.33775,0.16095,0.16674,0.06593,0.25646,0.10972,0.0841,0.0232,2.31832,3.77263,2.66063,2.30666,0,0,0,0.000698304,0.000698304,0.000698304
100,1105.61,2.45693,3.95951,2.96584,2.28359,0.50394,0.50273,0.50272,0.31441,0.20182,0.18747,0.07802,0.2181,0.10682,0.06328,0.0198,2.30833,3.79142,2.67173,2.28167,0,0,0,0.000696929,0.000696929,0.000696929
101,1116.23,2.49529,3.87983,2.93736,2.26845,0.5055,0.50263,0.5031,0.15098,0.21458,0.14614,0.06721,0.3527,0.08225,0.05101,0.01722,2.33468,3.73634,2.69015,2.27686,0,0,0,0.000695555,0.000695555,0.000695555
102,1126.54,2.43422,3.8608,2.90596,2.25435,0.50371,0.50232,0.50283,0.25753,0.24109,0.17017,0.07162,0.15128,0.15962,0.0673,0.02192,2.32358,3.76074,2.73652,2.27748,0,0,0,0.000694181,0.000694181,0.000694181
103,1136.78,2.4325,3.85315,3.01485,2.24527,0.50597,0.50276,0.50311,0.36033,0.17718,0.18411,0.06958,0.154,0.15664,0.05859,0.01842,2.32357,3.74815,2.69532,2.29091,0,0,0,0.000692806,0.000692806,0.000692806
104,1147.11,2.43887,3.8434,2.94293,2.28625,0.50204,0.50105,0.50148,0.30229,0.23447,0.21762,0.09318,0.15714,0.17186,0.0839,0.02706,2.31069,3.73672,2.56826,2.28683,0,0,0,0.000691432,0.000691432,0.000691432
105,1157.79,2.4315,3.92322,3.0422,2.29495,0.50479,0.50171,0.50239,0.35341,0.19317,0.18437,0.08306,0.16309,0.13357,0.0978,0.02956,2.27939,3.72159,2.62096,2.28771,0,0,0,0.000690057,0.000690057,0.000690057
106,1167.96,2.37466,3.80563,2.96811,2.27371,0.50312,0.501,0.50172,0.25075,0.20799,0.14206,0.06225,0.09835,0.10709,0.05937,0.01913,2.35168,3.72264,2.64608,2.31611,0,0,0,0.000688683,0.000688683,0.000688683
107,1178.24,2.42989,3.83178,2.93264,2.26849,0.50256,0.50023,0.50134,0.23076,0.20113,0.16696,0.07712,0.17916,0.07938,0.08143,0.02159,2.29867,3.70592,2.60836,2.26769,0,0,0,0.000687308,0.000687308,0.000687308
108,1188.51,2.41712,3.86972,2.86275,2.22526,0.50126,0.50039,0.50079,0.19991,0.20807,0.19138,0.08749,0.10312,0.12094,0.07624,0.02361,2.28342,3.71949,2.5238,2.2356,0,0,0,0.000685934,0.000685934,0.000685934
109,1198.96,2.38947,3.83436,2.87645,2.2715,0.5013,0.49995,0.50051,0.22471,0.23063,0.1853,0.08841,0.09247,0.14302,0.09576,0.028,2.26548,3.69461,2.55525,2.26193,0,0,0,0.000684559,0.000684559,0.000684559
110,1209.32,2.40779,3.80577,2.90048,2.26655,0.50056,0.49977,0.50016,0.37512,0.1774,0.1752,0.08279,0.2183,0.12987,0.0614,0.01892,2.30964,3.71912,2.56372,2.2602,0,0,0,0.000683185,0.000683185,0.000683185
111,1219.56,2.45415,3.92004,2.80523,2.17622,0.49985,0.49924,0.49938,0.28439,0.2491,0.19603,0.08658,0.19771,0.15253,0.09468,0.03038,2.28076,3.67831,2.54366,2.23038,0,0,0,0.00068181,0.00068181,0.00068181
112,1229.84,2.38053,3.83352,2.85018,2.26539,0.4996,0.49822,0.49892,0.38726,0.29774,0.22259,0.10339,0.25933,0.2507,0.09751,0.03208,2.23226,3.673,2.43888,2.1982,0,0,0,0.000680436,0.000680436,0.000680436
113,1240.23,2.38734,3.8889,2.85547,2.20911,0.50095,0.49914,0.49938,0.426,0.26857,0.21185,0.10582,0.34306,0.24348,0.13297,0.04166,2.24897,3.65099,2.46799,2.20075,0,0,0,0.000679062,0.000679062,0.000679062
114,1250.56,2.3268,3.78105,2.92331,2.23443,0.50329,0.49969,0.50019,0.3088,0.26736,0.20772,0.09924,0.20895,0.23301,0.12085,0.03778,2.21064,3.63577,2.4968,2.21026,0,0,0,0.000677687,0.000677687,0.000677687
115,1260.96,2.36066,3.88194,2.85508,2.2177,0.50035,0.49856,0.49921,0.33542,0.27115,0.2764,0.10939,0.23294,0.21465,0.14748,0.04127,2.23315,3.64463,2.46229,2.21405,0,0,0,0.000676313,0.000676313,0.000676313
116,1271.54,2.39553,3.78262,2.86448,2.21428,0.50113,0.49853,0.49907,0.39656,0.28859,0.1973,0.08601,0.28465,0.24737,0.11409,0.03517,2.20858,3.66692,2.4772,2.17772,0,0,0,0.000674938,0.000674938,0.000674938
117,1281.69,2.30963,3.83979,2.7376,2.20882,0.49681,0.49667,0.49733,0.21281,0.29974,0.16984,0.074,0.13389,0.24995,0.09082,0.02701,2.24159,3.61183,2.48455,2.18654,0,0,0,0.000673564,0.000673564,0.000673564
118,1291.82,2.30181,3.69744,2.70638,2.1592,0.49643,0.49668,0.49702,0.25563,0.30224,0.22159,0.09821,0.16243,0.21053,0.12956,0.0388,2.22895,3.63916,2.39731,2.1898,0,0,0,0.000672189,0.000672189,0.000672189
119,1302.09,2.29756,3.7338,2.7482,2.17593,0.49972,0.497,0.49795,0.25503,0.228,0.20936,0.08979,0.18325,0.16787,0.11948,0.03573,2.22016,3.61553,2.44941,2.19309,0,0,0,0.000670815,0.000670815,0.000670815
120,1312.18,2.31842,3.82443,2.77853,2.20374,0.49723,0.49688,0.49723,0.26799,0.24553,0.21157,0.09619,0.18211,0.16817,0.11501,0.03805,2.19224,3.62743,2.39487,2.17486,0,0,0,0.00066944,0.00066944,0.00066944
121,1322.42,2.3057,3.78735,2.73672,2.18835,0.49718,0.49673,0.49663,0.30808,0.26189,0.23615,0.10341,0.1749,0.24806,0.13804,0.04564,2.18548,3.63249,2.43986,2.15192,0,0,0,0.000668066,0.000668066,0.000668066
122,1332.77,2.32932,3.78134,2.7012,2.1352,0.4983,0.49666,0.49677,0.33947,0.27431,0.24017,0.1043,0.23672,0.26851,0.15021,0.04962,2.18373,3.63351,2.37629,2.16103,0,0,0,0.000666692,0.000666692,0.000666692
123,1343.21,2.34557,3.73199,2.72533,2.18983,0.49977,0.49636,0.49704,0.50781,0.24706,0.2935,0.12591,0.31868,0.20065,0.17989,0.06714,2.19526,3.6066,2.3935,2.16562,0,0,0,0.000665317,0.000665317,0.000665317
124,1353.63,2.30496,3.78762,2.70084,2.17757,0.49461,0.49506,0.49495,0.27996,0.36662,0.24457,0.11519,0.24712,0.21333,0.14421,0.04676,2.19454,3.57686,2.41004,2.15964,0,0,0,0.000663943,0.000663943,0.000663943
125,1363.79,2.3123,3.72705,2.60808,2.10303,0.49281,0.49385,0.4936,0.35799,0.30965,0.23398,0.10624,0.30195,0.2363,0.14572,0.04323,2.17044,3.56465,2.2931,2.16077,0,0,0,0.000662568,0.000662568,0.000662568
126,1374.17,2.26682,3.72083,2.71185,2.16072,0.49586,0.49479,0.49455,0.35728,0.29128,0.25274,0.12081,0.30443,0.22176,0.15494,0.05309,2.15581,3.57435,2.28366,2.15967,0,0,0,0.000661194,0.000661194,0.000661194
127,1384.47,2.29603,3.77219,2.64947,2.12266,0.49527,0.49453,0.49454,0.48824,0.21443,0.26141,0.1198,0.30907,0.14146,0.13562,0.04181,2.19089,3.59102,2.35584,2.18545,0,0,0,0.000659819,0.000659819,0.000659819
128,1394.66,2.32743,3.77553,2.59842,2.12851,0.49675,0.49426,0.49453,0.3534,0.35331,0.27598,0.13339,0.22986,0.25146,0.14337,0.04941,2.16371,3.55942,2.24832,2.14343,0,0,0,0.000658445,0.000658445,0.000658445
129,1404.94,2.21519,3.74544,2.62723,2.16456,0.49372,0.4929,0.49329,0.43266,0.32176,0.31364,0.13701,0.30032,0.25762,0.17482,0.0554,2.15637,3.55493,2.28693,2.14009,0,0,0,0.00065707,0.00065707,0.00065707
130,1415.05,2.3136,3.73786,2.69241,2.17889,0.49471,0.49396,0.49378,0.36958,0.26842,0.26362,0.11063,0.19985,0.22551,0.16068,0.0477,2.20308,3.57732,2.29281,2.16264,0,0,0,0.000655696,0.000655696,0.000655696
131,1425.29,2.27841,3.73641,2.64753,2.1506,0.49314,0.49234,0.493,0.44442,0.29013,0.23506,0.1071,0.3726,0.21423,0.14879,0.05113,2.17808,3.56406,2.32533,2.12221,0,0,0,0.000654321,0.000654321,0.000654321
132,1435.71,2.30249,3.73793,2.58612,2.11904,0.49269,0.49217,0.49212,0.2857,0.33389,0.26441,0.11769,0.2119,0.23117,0.155,0.04701,2.1377,3.53045,2.37453,2.12246,0,0,0,0.000652947,0.000652947,0.000652947
133,1445.9,2.17987,3.72729,2.57808,2.10645,0.49221,0.49198,0.49191,0.33954,0.34989,0.28088,0.13722,0.22968,0.296,0.17103,0.05861,2.12892,3.51689,2.21615,2.1011,0,0,0,0.000651573,0.000651573,0.000651573
134,1456.21,2.18373,3.64716,2.60499,2.14831,0.49186,0.49069,0.49136,0.40068,0.2717,0.29242,0.12856,0.23766,0.28098,0.17253,0.05607,2.1348,3.51726,2.23702,2.11985,0,0,0,0.000650198,0.000650198,0.000650198
135,1466.4,2.18234,3.69837,2.5524,2.14178,0.49034,0.49017,0.49046,0.44754,0.35604,0.33821,0.14969,0.34354,0.29955,0.21681,0.07492,2.0454,3.50812,2.20243,2.06125,0,0,0,0.000648824,0.000648824,0.000648824
136,1476.83,2.22852,3.65264,2.51165,2.06538,0.49063,0.49002,0.49005,0.44497,0.39825,0.35632,0.165,0.43842,0.28199,0.2435,0.08488,2.06439,3.48041,2.17513,2.05266,0,0,0,0.000647449,0.000647449,0.000647449
137,1487.28,2.25227,3.69925,2.55384,2.07392,0.49125,0.48978,0.48997,0.33276,0.36716,0.32394,0.15389,0.28258,0.3069,0.22531,0.07974,2.08418,3.49868,2.21754,2.06972,0,0,0,0.000646075,0.000646075,0.000646075
138,1497.45,2.22995,3.65133,2.59796,2.09309,0.4899,0.48886,0.4889,0.32986,0.38831,0.29386,0.15126,0.25478,0.31968,0.18972,0.07094,2.08956,3.49926,2.19739,2.06423,0,0,0,0.0006447,0.0006447,0.0006447
139,1507.68,2.24556,3.71474,2.55198,2.09863,0.4879,0.48803,0.488,0.51425,0.33546,0.3549,0.17002,0.42488,0.27807,0.25126,0.08718,2.04985,3.5005,2.12177,2.05494,0,0,0,0.000643326,0.000643326,0.000643326
140,1518.09,2.18533,3.68127,2.53737,2.0721,0.48682,0.48733,0.487,0.38383,0.36279,0.30805,0.1333,0.25447,0.26968,0.17774,0.06218,2.10592,3.54233,2.16925,2.10905,0,0,0,0.000641951,0.000641951,0.000641951
141,1528.29,2.23405,3.64993,2.48717,2.11246,0.48772,0.48746,0.48741,0.46939,0.3607,0.3442,0.16537,0.43149,0.27438,0.23397,0.08046,2.07694,3.49627,2.21029,2.05487,0,0,0,0.000640577,0.000640577,0.000640577
142,1538.5,2.18969,3.77696,2.5463,2.13149,0.48821,0.48647,0.48634,0.39232,0.42365,0.32067,0.15568,0.31882,0.32716,0.20675,0.07313,2.05268,3.4737,2.12465,2.0353,0,0,0,0.000639203,0.000639203,0.000639203
143,1548.87,2.22641,3.70662,2.50348,2.09555,0.49059,0.48676,0.48671,0.47721,0.27355,0.32057,0.13557,0.29281,0.26005,0.19289,0.06673,2.07387,3.47448,2.16562,2.08325,0,0,0,0.000637828,0.000637828,0.000637828
144,1558.96,2.22829,3.64824,2.60929,2.09612,0.49025,0.48579,0.48606,0.40201,0.40843,0.37186,0.16852,0.26042,0.30328,0.23381,0.08859,2.03563,3.44568,2.07274,2.03217,0,0,0,0.000636454,0.000636454,0.000636454
145,1569.07,2.19755,3.60401,2.49274,2.10538,0.48704,0.48431,0.4842,0.25555,0.36692,0.3076,0.15928,0.29538,0.33009,0.23088,0.07815,2.07454,3.47636,2.14986,2.07387,0,0,0,0.000635079,0.000635079,0.000635079
146,1579.39,2.19451,3.74717,2.49267,2.05743,0.4876,0.48428,0.48373,0.576,0.27291,0.30868,0.15372,0.43853,0.21705,0.18728,0.06609,2.06406,3.49975,2.17127,2.06272,0,0,0,0.000633705,0.000633705,0.000633705
147,1589.48,2.21391,3.61757,2.44252,2.08438,0.48547,0.48252,0.48178,0.39054,0.37276,0.34953,0.17674,0.30606,0.33049,0.22659,0.07994,1.98768,3.42873,2.0527,2.01292,0,0,0,0.00063233,0.00063233,0.00063233
148,1599.65,2.18804,3.74671,2.41281,2.05669,0.48546,0.48232,0.48084,0.43694,0.34747,0.36037,0.17451,0.33878,0.32705,0.23808,0.08791,2.00534,3.42686,2.01773,2.02063,0,0,0,0.000630956,0.000630956,0.000630956
149,1610.11,2.22826,3.63716,2.39934,2.04229,0.48602,0.48152,0.48047,0.50802,0.3276,0.36001,0.17395,0.42442,0.29555,0.26408,0.09816,1.98458,3.42333,2.07316,2.01411,0,0,0,0.000629581,0.000629581,0.000629581
150,1620.47,2.14141,3.55554,2.38898,2.02831,0.48474,0.48035,0.47889,0.45658,0.37049,0.34915,0.17667,0.39029,0.27101,0.26464,0.10108,2.01015,3.41747,2.04074,2.02807,0,0,0,0.000628207,0.000628207,0.000628207
151,1630.88,2.20211,3.70272,2.43244,2.00442,0.48321,0.47878,0.47715,0.41662,0.42212,0.38816,0.1882,0.3418,0.35005,0.25083,0.09632,2.01144,3.42627,2.04902,2.02013,0,0,0,0.000626832,0.000626832,0.000626832
152,1641.29,2.15106,3.61001,2.36639,2.03893,0.48235,0.47689,0.47544,0.40241,0.38264,0.33089,0.16152,0.32719,0.31155,0.22581,0.08538,2.06043,3.46173,2.09183,2.02969,0,0,0,0.000625458,0.000625458,0.000625458
153,1651.62,2.18673,3.58349,2.44615,2.06322,0.48647,0.47745,0.4756,0.50147,0.41211,0.40546,0.21092,0.38906,0.32406,0.25551,0.10343,2.00003,3.42372,2.0436,2.02596,0,0,0,0.000624084,0.000624084,0.000624084
154,1661.92,2.13409,3.52979,2.3961,2.00921,0.4859,0.47432,0.47212,0.45151,0.34631,0.38195,0.17902,0.3856,0.2611,0.27007,0.09908,2.06958,3.44919,2.0842,2.06225,0,0,0,0.000622709,0.000622709,0.000622709
155,1672.06,2.12063,3.54206,2.37299,2.01781,0.48278,0.47117,0.46917,0.41677,0.42767,0.38723,0.19379,0.38827,0.31919,0.26118,0.09872,1.99687,3.42191,2.01687,2.01678,0,0,0,0.000621335,0.000621335,0.000621335
156,1682.35,2.13071,3.52311,2.38376,2.02556,0.48315,0.46954,0.46629,0.53616,0.40034,0.43822,0.21711,0.42947,0.32359,0.26197,0.09717,1.92797,3.36863,1.91693,1.96392,0,0,0,0.00061996,0.00061996,0.00061996
157,1692.54,2.14686,3.5822,2.37285,2.03503,0.48186,0.46694,0.46252,0.46823,0.42424,0.41298,0.20888,0.36183,0.33367,0.24922,0.09454,1.91065,3.35189,1.97073,1.93924,0,0,0,0.000618586,0.000618586,0.000618586
158,1702.71,2.12885,3.57213,2.39241,2.0159,0.47959,0.46321,0.45818,0.38824,0.49737,0.38976,0.20261,0.28614,0.271,0.22961,0.08747,1.97565,3.36126,1.9805,1.98786,0,0,0,0.000617211,0.000617211,0.000617211
159,1713.06,2.09021,3.6148,2.31239,2.03811,0.47919,0.45902,0.45424,0.39504,0.43657,0.38133,0.19273,0.2921,0.34364,0.22782,0.09031,1.97203,3.38134,1.94983,1.98483,0,0,0,0.000615837,0.000615837,0.000615837
160,1723.22,2.05043,3.61752,2.33384,2.00351,0.48035,0.4534,0.44962,0.37813,0.42889,0.3892,0.19997,0.2906,0.34813,0.24982,0.09935,1.97007,3.34559,1.90297,1.97105,0,0,0,0.000614462,0.000614462,0.000614462
161,1733.37,2.15837,3.60583,2.30053,2.02138,0.47906,0.44574,0.44211,0.42964,0.46376,0.41373,0.20648,0.35003,0.3897,0.29541,0.10893,1.94512,3.32408,1.98208,1.96323,0,0,0,0.000613088,0.000613088,0.000613088
162,1743.99,2.14674,3.59287,2.36317,1.99215,0.47877,0.4393,0.43467,0.43494,0.45674,0.41785,0.20815,0.49004,0.30932,0.31691,0.12208,1.91831,3.32417,1.91513,1.9396,0,0,0,0.000611714,0.000611714,0.000611714
163,1754.34,2.17518,3.52884,2.34492,1.95719,0.47724,0.43142,0.42568,0.43111,0.51246,0.45245,0.22829,0.4025,0.29335,0.26458,0.10088,1.92955,3.33463,1.93431,1.93867,0,0,0,0.000610339,0.000610339,0.000610339
164,1764.53,2.12751,3.5287,2.2793,1.95761,0.47405,0.41801,0.41366,0.58179,0.41754,0.44131,0.23371,0.52137,0.321,0.29077,0.11086,1.88761,3.30858,1.90942,1.92399,0,0,0,0.000608965,0.000608965,0.000608965
165,1774.9,2.13409,3.52839,2.29893,1.99005,0.47115,0.41122,0.40772,0.5643,0.40364,0.41593,0.21223,0.29235,0.33714,0.2422,0.09003,1.92231,3.3523,1.90255,1.95467,0,0,0,0.00060759,0.00060759,0.00060759
166,1785.28,2.07621,3.56231,2.35227,2.01541,0.47057,0.40101,0.39846,0.42406,0.43766,0.41682,0.21519,0.37557,0.28545,0.26416,0.10064,1.90392,3.33168,1.86796,1.94042,0,0,0,0.000606216,0.000606216,0.000606216
167,1795.42,2.09811,3.4626,2.21859,1.94994,0.46529,0.39456,0.39197,0.60778,0.38359,0.43208,0.22546,0.53119,0.34429,0.32411,0.12504,1.90208,3.28855,1.87335,1.93364,0,0,0,0.000604841,0.000604841,0.000604841
168,1805.79,2.06076,3.56647,2.3109,1.99088,0.45979,0.38313,0.38222,0.41964,0.46621,0.45054,0.24226,0.38435,0.37467,0.28712,0.11974,1.94058,3.30934,1.88663,1.95236,0,0,0,0.000603467,0.000603467,0.000603467
169,1816.27,2.1252,3.55279,2.30137,2.01528,0.45795,0.37453,0.37304,0.50267,0.44702,0.46905,0.25318,0.40837,0.3614,0.30381,0.11594,1.85387,3.27358,1.87058,1.90814,0,0,0,0.000602092,0.000602092,0.000602092
170,1826.57,2.06118,3.56056,2.30291,2.0105,0.45245,0.36845,0.3675,0.41071,0.40063,0.42167,0.22555,0.30368,0.3881,0.28484,0.1083,1.91321,3.28381,1.91714,1.95423,0,0,0,0.000600718,0.000600718,0.000600718
171,1836.8,2.07019,3.50762,2.19728,1.97597,0.4395,0.35267,0.35011,0.46327,0.45913,0.42998,0.22739,0.3859,0.36306,0.30464,0.11329,1.90509,3.29034,1.89721,1.93842,0,0,0,0.000599343,0.000599343,0.000599343
172,1846.97,2.12649,3.54077,2.32261,2.04786,0.43259,0.34724,0.34581,0.58545,0.42002,0.46449,0.24037,0.51079,0.35123,0.33656,0.12874,1.90392,3.27727,1.83534,1.93063,0,0,0,0.000597969,0.000597969,0.000597969
173,1857.24,2.06569,3.46463,2.27854,1.99285,0.4324,0.33648,0.33404,0.63812,0.38178,0.46528,0.24048,0.39968,0.37489,0.316,0.12871,1.90733,3.28676,1.94795,1.93594,0,0,0,0.000596595,0.000596595,0.000596595
174,1867.54,2.12153,3.51641,2.2209,1.96584,0.42585,0.32639,0.32518,0.53418,0.44565,0.48915,0.2637,0.41408,0.36897,0.35525,0.14888,1.89012,3.26035,1.91687,1.91902,0,0,0,0.00059522,0.00059522,0.00059522
175,1877.79,2.09057,3.5522,2.14598,1.90559,0.41996,0.3167,0.31247,0.53257,0.42649,0.46531,0.26197,0.41321,0.34675,0.3036,0.11613,1.87691,3.29902,1.81291,1.91236,0,0,0,0.000593846,0.000593846,0.000593846
176,1888,2.05425,3.49168,2.22974,1.9626,0.41691,0.30357,0.30341,0.52511,0.43477,0.46987,0.25655,0.41565,0.34965,0.32253,0.12871,1.84186,3.25205,1.84069,1.89279,0,0,0,0.000592471,0.000592471,0.000592471
177,1898.28,2.02639,3.51226,2.23607,1.96005,0.40964,0.28304,0.2821,0.6367,0.42031,0.50715,0.28229,0.54221,0.34058,0.37452,0.16017,1.83321,3.23139,1.84534,1.87847,0,0,0,0.000591097,0.000591097,0.000591097
178,1908.67,2.04289,3.5402,2.17204,1.93432,0.402,0.26761,0.26799,0.49992,0.50181,0.46186,0.25722,0.41405,0.37665,0.31204,0.12411,1.84611,3.27536,1.81755,1.87619,0,0,0,0.000589722,0.000589722,0.000589722
179,1918.95,2.07458,3.47417,2.23802,1.96522,0.39769,0.254,0.25779,0.51264,0.42763,0.44099,0.2365,0.40507,0.34161,0.28488,0.11819,1.87377,3.25453,1.83642,1.88277,0,0,0,0.000588348,0.000588348,0.000588348
180,1929.24,2.06423,3.57189,2.17867,1.94444,0.39444,0.24718,0.25417,0.54465,0.5153,0.50799,0.27854,0.48753,0.35228,0.34786,0.14261,1.82254,3.20225,1.74742,1.85973,0,0,0,0.000586973,0.000586973,0.000586973
181,1939.49,2.08526,3.51137,2.16443,1.92803,0.38417,0.23265,0.24357,0.48476,0.52186,0.47846,0.27174,0.46407,0.39477,0.34286,0.13609,1.83726,3.21113,1.7474,1.8791,0,0,0,0.000585599,0.000585599,0.000585599
182,1949.64,2.07047,3.50999,2.17234,1.92661,0.37687,0.2205,0.23284,0.68008,0.41484,0.5158,0.28491,0.5516,0.33991,0.37286,0.15468,1.80183,3.19991,1.76676,1.84542,0,0,0,0.000584225,0.000584225,0.000584225
183,1960.01,1.98873,3.37525,2.05054,1.88652,0.37404,0.21341,0.22941,0.58278,0.47265,0.47302,0.26133,0.4603,0.37933,0.31659,0.1344,1.81015,3.18828,1.78221,1.8411,0,0,0,0.00058285,0.00058285,0.00058285
184,1970.15,1.91297,3.38512,2.09283,1.93195,0.37025,0.21131,0.23142,0.50483,0.38787,0.44052,0.24617,0.40991,0.3344,0.30871,0.12433,1.83019,3.19197,1.78417,1.86894,0,0,0,0.000581476,0.000581476,0.000581476
185,1980.28,2.02481,3.44469,2.14451,1.9184,0.35741,0.20147,0.22258,0.5431,0.40574,0.4574,0.24683,0.41651,0.32204,0.31952,0.12774,1.90344,3.21216,1.83884,1.9033,0,0,0,0.000580101,0.000580101,0.000580101
186,1990.57,2.07692,3.48651,2.14611,1.8933,0.34391,0.18967,0.21279,0.48252,0.48683,0.44793,0.23716,0.36786,0.33381,0.28443,0.11328,1.88085,3.23257,1.83455,1.90836,0,0,0,0.000578727,0.000578727,0.000578727
187,2000.67,2.08285,3.44946,2.24434,1.93683,0.34088,0.19062,0.21587,0.55904,0.46521,0.50053,0.283,0.4657,0.39489,0.36077,0.13814,1.84324,3.17935,1.74217,1.87057,0,0,0,0.000577352,0.000577352,0.000577352
188,2010.79,1.99433,3.49608,2.15251,1.941,0.33794,0.19531,0.21941,0.52971,0.45986,0.50514,0.28662,0.43729,0.38843,0.35727,0.14488,1.80728,3.18147,1.71704,1.83482,0,0,0,0.000575978,0.000575978,0.000575978
189,2020.95,2.03054,3.46037,2.12887,1.93413,0.32474,0.1802,0.20639,0.53992,0.52475,0.52777,0.30023,0.49376,0.39505,0.36088,0.14622,1.81097,3.151,1.69161,1.83845,0,0,0,0.000574603,0.000574603,0.000574603
190,2031.45,1.96699,3.45477,2.03919,1.90753,0.3149,0.18083,0.20502,0.46315,0.53466,0.48829,0.25358,0.38021,0.43049,0.30665,0.12286,1.82676,3.20838,1.74025,1.84271,0,0,0,0.000573229,0.000573229,0.000573229
191,2041.59,2.11996,3.47888,2.12221,1.87656,0.30757,0.1804,0.2044,0.51544,0.54248,0.53467,0.29051,0.42231,0.42981,0.36593,0.13893,1.80264,3.14756,1.71594,1.82493,0,0,0,0.000571854,0.000571854,0.000571854
192,2051.72,2.01122,3.41237,2.10709,1.89246,0.28627,0.17256,0.19819,0.59792,0.46461,0.51137,0.28005,0.46097,0.34963,0.34208,0.13641,1.76691,3.13376,1.70532,1.82267,0,0,0,0.00057048,0.00057048,0.00057048
193,2061.9,1.96055,3.4148,2.05558,1.87656,0.27352,0.17347,0.19697,0.60542,0.47754,0.53238,0.30332,0.53546,0.34914,0.37086,0.1567,1.74526,3.12336,1.70404,1.80241,0,0,0,0.000569106,0.000569106,0.000569106
194,2072.18,1.98623,3.33656,2.1141,1.91129,0.26498,0.17081,0.19804,0.5691,0.50227,0.53592,0.30859,0.46174,0.41712,0.38678,0.16127,1.80066,3.14516,1.67735,1.81719,0,0,0,0.000567731,0.000567731,0.000567731
195,2082.51,1.96552,3.38775,2.02335,1.8946,0.25335,0.1703,0.19614,0.4723,0.54701,0.51507,0.28765,0.46981,0.37644,0.38664,0.15767,1.78391,3.15217,1.72022,1.81295,0,0,0,0.000566357,0.000566357,0.000566357
196,2092.63,2.09,3.50411,2.08035,1.86227,0.24342,0.16451,0.18782,0.44512,0.56557,0.51153,0.27989,0.34908,0.45387,0.37462,0.15382,1.78834,3.13936,1.77725,1.82276,0,0,0,0.000564982,0.000564982,0.000564982
197,2102.96,2.05883,3.41144,2.08031,1.88295,0.23518,0.16559,0.18758,0.51003,0.5155,0.52351,0.29009,0.38537,0.46504,0.40889,0.16469,1.79753,3.1306,1.74532,1.81718,0,0,0,0.000563608,0.000563608,0.000563608
198,2113.17,1.95912,3.38577,2.04074,1.88328,0.23187,0.16592,0.18964,0.53958,0.53558,0.54943,0.31401,0.44991,0.46995,0.42534,0.18184,1.74632,3.0903,1.68332,1.78541,0,0,0,0.000562233,0.000562233,0.000562233
199,2123.44,1.97025,3.41493,2.03868,1.86117,0.23883,0.16962,0.19499,0.53406,0.56353,0.56513,0.32771,0.44471,0.4495,0.41079,0.1868,1.73884,3.05553,1.63655,1.77455,0,0,0,0.000560859,0.000560859,0.000560859
200,2133.81,1.93358,3.34823,2.01413,1.84417,0.22636,0.16528,0.18848,0.54473,0.54782,0.53906,0.3028,0.48401,0.44218,0.39078,0.17145,1.76279,3.08594,1.66171,1.7828,0,0,0,0.000559484,0.000559484,0.000559484
201,2143.87,1.97308,3.38342,2.03269,1.88663,0.22456,0.16931,0.18867,0.56261,0.5174,0.54628,0.30068,0.44805,0.46035,0.39966,0.16507,1.78135,3.1102,1.71601,1.79813,0,0,0,0.00055811,0.00055811,0.00055811
202,2153.96,1.93475,3.39203,2.01251,1.91117,0.22364,0.17199,0.1902,0.60094,0.5127,0.57557,0.32639,0.52905,0.41257,0.4013,0.17543,1.759,3.06914,1.64363,1.78589,0,0,0,0.000556736,0.000556736,0.000556736
203,2164.29,1.92811,3.34259,1.97219,1.8574,0.21725,0.16547,0.18404,0.62389,0.55595,0.56151,0.33038,0.51766,0.47291,0.41495,0.19581,1.73831,3.05163,1.59743,1.77836,0,0,0,0.000555361,0.000555361,0.000555361
204,2174.46,2.00256,3.35618,2.01715,1.84558,0.21662,0.16164,0.18053,0.65927,0.4667,0.5176,0.2923,0.56332,0.39817,0.3959,0.17141,1.75935,3.06856,1.6766,1.78114,0,0,0,0.000553987,0.000553987,0.000553987
205,2184.76,1.94715,3.34036,1.97541,1.82543,0.21393,0.15787,0.17503,0.59299,0.52618,0.57346,0.33948,0.50509,0.41854,0.41349,0.18284,1.74019,3.05945,1.61676,1.77643,0,0,0,0.000552612,0.000552612,0.000552612
206,2194.88,1.94077,3.37154,2.01505,1.83152,0.20492,0.15279,0.17095,0.55443,0.50941,0.53584,0.31867,0.4619,0.4245,0.3955,0.18302,1.74892,3.06221,1.62304,1.77291,0,0,0,0.000551238,0.000551238,0.000551238
207,2205.15,1.9682,3.33332,1.99478,1.88597,0.20737,0.15635,0.17195,0.51243,0.53913,0.52214,0.31618,0.46154,0.4174,0.39072,0.17675,1.72138,3.0666,1.62709,1.76187,0,0,0,0.000549863,0.000549863,0.000549863
208,2215.19,1.87866,3.38366,1.97502,1.86592,0.21173,0.16009,0.17747,0.69382,0.48464,0.56584,0.33722,0.59586,0.39556,0.42129,0.19852,1.70671,3.03688,1.57226,1.76635,0,0,0,0.000548489,0.000548489,0.000548489
209,2225.5,1.94587,3.39496,2.00285,1.86841,0.20639,0.15471,0.17208,0.58078,0.5518,0.57137,0.34686,0.49176,0.44127,0.43159,0.19751,1.73462,3.05392,1.6001,1.78693,0,0,0,0.000547114,0.000547114,0.000547114
210,2235.81,1.91756,3.3545,2.04556,1.89642,0.20787,0.15918,0.17468,0.64999,0.51145,0.55837,0.33538,0.55853,0.42548,0.42108,0.20049,1.69503,3.01585,1.60214,1.74853,0,0,0,0.00054574,0.00054574,0.00054574
211,2246.01,1.98696,3.44845,2.01413,1.83427,0.20487,0.16002,0.17469,0.56401,0.53533,0.54986,0.32485,0.47355,0.44513,0.39955,0.18179,1.71303,3.05841,1.64841,1.75405,0,0,0,0.000544365,0.000544365,0.000544365
212,2256.16,1.92315,3.3837,2.00895,1.84368,0.2019,0.16085,0.17527,0.5723,0.52936,0.54642,0.315,0.44358,0.4224,0.38927,0.18268,1.70066,3.02818,1.65356,1.74715,0,0,0,0.000542991,0.000542991,0.000542991
213,2266.49,1.93587,3.3157,1.96117,1.83486,0.20539,0.16475,0.17905,0.59782,0.53167,0.54201,0.31356,0.50509,0.44014,0.39034,0.17632,1.69891,3.03868,1.64395,1.74469,0,0,0,0.000541617,0.000541617,0.000541617
214,2276.66,1.88889,3.35689,2.04323,1.85335,0.19691,0.14997,0.16512,0.62234,0.52192,0.54178,0.31129,0.55416,0.42952,0.40355,0.17106,1.67959,2.99896,1.65033,1.74302,0,0,0,0.000540242,0.000540242,0.000540242
215,2286.84,1.9155,3.2985,1.95475,1.82129,0.19813,0.15516,0.16837,0.54774,0.53604,0.55341,0.31445,0.45135,0.44086,0.4018,0.16845,1.71391,3.01514,1.65313,1.74948,0,0,0,0.000538868,0.000538868,0.000538868
216,2297.1,1.9001,3.24843,1.95662,1.827,0.20024,0.15844,0.17091,0.58245,0.51407,0.55803,0.3245,0.49174,0.43751,0.42471,0.19874,1.6744,2.96861,1.61393,1.72952,0,0,0,0.000537493,0.000537493,0.000537493
217,2307.3,2.06215,3.4185,2.08629,1.8628,0.20606,0.15812,0.17143,0.56984,0.49614,0.52908,0.30065,0.45486,0.40686,0.37726,0.16174,1.74088,3.05137,1.64629,1.7797,0,0,0,0.000536119,0.000536119,0.000536119
218,2317.49,1.96136,3.32058,2.01466,1.84695,0.19588,0.15723,0.16993,0.54856,0.52476,0.54057,0.2899,0.37711,0.47134,0.37107,0.15046,1.78269,3.09331,1.67763,1.79764,0,0,0,0.000534744,0.000534744,0.000534744
219,2327.6,2.01828,3.35893,2.03688,1.81795,0.19757,0.15631,0.16814,0.62329,0.52611,0.5803,0.34866,0.53167,0.4432,0.4363,0.1921,1.66557,2.96161,1.51424,1.72048,0,0,0,0.00053337,0.00053337,0.00053337
220,2337.94,1.92614,3.29009,1.92473,1.8238,0.19786,0.15894,0.17334,0.65596,0.54389,0.59503,0.36071,0.55211,0.45102,0.43652,0.19073,1.68709,2.97328,1.51613,1.7416,0,0,0,0.000531995,0.000531995,0.000531995
221,2348.37,1.88003,3.29183,1.91407,1.82333,0.19547,0.15521,0.16849,0.57194,0.56862,0.59137,0.3557,0.50111,0.4789,0.43925,0.19255,1.66649,2.98435,1.53031,1.71906,0,0,0,0.000530621,0.000530621,0.000530621
222,2358.49,1.84967,3.30931,1.87152,1.79202,0.18563,0.15381,0.16528,0.57709,0.58601,0.60742,0.36195,0.45692,0.47679,0.41521,0.18496,1.69205,2.99815,1.52184,1.74355,0,0,0,0.000529247,0.000529247,0.000529247
223,2368.73,1.90525,3.24387,1.87135,1.79384,0.18349,0.14845,0.16034,0.57853,0.57223,0.58897,0.36255,0.54595,0.45732,0.43986,0.1959,1.66631,2.97198,1.51802,1.73228,0,0,0,0.000527872,0.000527872,0.000527872
224,2378.95,1.86049,3.27112,1.87296,1.80781,0.19755,0.16049,0.17472,0.52301,0.61789,0.59023,0.35771,0.55626,0.43192,0.43715,0.19245,1.64582,2.94031,1.50177,1.72748,0,0,0,0.000526498,0.000526498,0.000526498
225,2389.07,1.93117,3.21485,1.95953,1.80438,0.18603,0.15085,0.164,0.59033,0.55684,0.58456,0.34424,0.50987,0.43128,0.41731,0.19118,1.6477,2.94798,1.51117,1.71921,0,0,0,0.000525123,0.000525123,0.000525123
226,2399.14,1.88826,3.2528,1.91492,1.81187,0.18016,0.14861,0.16149,0.64016,0.55749,0.5942,0.35098,0.55283,0.46854,0.44772,0.20848,1.63333,2.92825,1.49148,1.70001,0,0,0,0.000523749,0.000523749,0.000523749
227,2409.66,1.82868,3.25182,1.89627,1.8038,0.19226,0.15375,0.16692,0.5793,0.57654,0.60769,0.35927,0.53421,0.4513,0.45176,0.21096,1.60746,2.9019,1.50755,1.68466,0,0,0,0.000522374,0.000522374,0.000522374
228,2420.02,1.86874,3.25464,1.9047,1.83415,0.19019,0.15782,0.17128,0.54069,0.59413,0.59731,0.36868,0.55107,0.42719,0.45019,0.21393,1.6238,2.92132,1.53759,1.69765,0,0,0,0.000521,0.000521,0.000521
229,2430.3,1.89478,3.2856,1.87205,1.77473,0.18164,0.15217,0.16428,0.53299,0.60912,0.60374,0.35559,0.56428,0.4287,0.44978,0.19085,1.62191,2.93053,1.51325,1.7105,0,0,0,0.000519625,0.000519625,0.000519625
230,2440.55,1.84953,3.23873,1.82681,1.78393,0.18558,0.15602,0.17033,0.63606,0.54917,0.59213,0.35451,0.5335,0.42281,0.43442,0.19444,1.63458,2.95166,1.55116,1.70787,0,0,0,0.000518251,0.000518251,0.000518251
231,2450.67,1.92076,3.23631,1.88518,1.80224,0.18002,0.1501,0.16205,0.66909,0.57264,0.60816,0.36094,0.5063,0.43739,0.40861,0.17943,1.62492,2.93885,1.53397,1.70113,0,0,0,0.000516877,0.000516877,0.000516877
232,2460.76,1.87649,3.27825,1.87897,1.81608,0.183,0.15298,0.1649,0.72815,0.54613,0.61502,0.35866,0.60785,0.44713,0.4321,0.19034,1.62552,2.9416,1.47175,1.69347,0,0,0,0.000515502,0.000515502,0.000515502
233,2470.84,1.89102,3.22809,1.91134,1.78502,0.18101,0.15097,0.16324,0.61136,0.60115,0.6002,0.35194,0.53288,0.45324,0.44707,0.20056,1.61338,2.92568,1.48324,1.68077,0,0,0,0.000514128,0.000514128,0.000514128
234,2481.15,1.89481,3.31525,1.91999,1.81606,0.17563,0.1483,0.16219,0.57098,0.63336,0.60223,0.36967,0.46536,0.53237,0.44556,0.20613,1.59937,2.90057,1.48453,1.67699,0,0,0,0.000512753,0.000512753,0.000512753
235,2491.25,1.90169,3.24544,1.87794,1.78609,0.18206,0.15549,0.16883,0.56991,0.6271,0.59683,0.36803,0.46481,0.50681,0.42313,0.19616,1.59172,2.89033,1.48906,1.67379,0,0,0,0.000511379,0.000511379,0.000511379
236,2501.45,1.85822,3.21588,1.82358,1.76472,0.18233,0.15608,0.16959,0.58114,0.60583,0.57932,0.35401,0.44,0.49221,0.38647,0.1782,1.58329,2.90056,1.4961,1.66627,0,0,0,0.000510004,0.000510004,0.000510004
237,2511.58,1.80083,3.21579,1.89283,1.78707,0.18803,0.15799,0.17419,0.62597,0.58629,0.6129,0.37233,0.52924,0.50037,0.44597,0.21425,1.53284,2.85194,1.49934,1.62153,0,0,0,0.00050863,0.00050863,0.00050863
238,2521.98,1.8182,3.11552,1.81786,1.73622,0.17809,0.15152,0.16503,0.63842,0.55184,0.60898,0.37524,0.56595,0.48865,0.47818,0.22286,1.53779,2.83636,1.42888,1.62465,0,0,0,0.000507255,0.000507255,0.000507255
239,2532.32,1.82471,3.15623,1.78432,1.74269,0.17772,0.1498,0.16312,0.62202,0.60067,0.64364,0.40515,0.59427,0.51926,0.50986,0.23417,1.53195,2.82271,1.39857,1.62714,0,0,0,0.000505881,0.000505881,0.000505881
240,2542.59,1.80993,3.2253,1.81039,1.79108,0.18588,0.15491,0.16947,0.65622,0.59011,0.64343,0.40008,0.57508,0.50182,0.49109,0.22036,1.55439,2.83006,1.40802,1.65088,0,0,0,0.000504506,0.000504506,0.000504506
241,2552.94,1.8276,3.14454,1.83103,1.76323,0.1742,0.14592,0.15988,0.59763,0.62414,0.62189,0.38051,0.49264,0.52822,0.45438,0.20088,1.56521,2.85292,1.46486,1.64496,0,0,0,0.000503132,0.000503132,0.000503132
242,2563.05,1.89636,3.14226,1.81854,1.73981,0.17117,0.14687,0.15928,0.67642,0.5256,0.61994,0.38542,0.6147,0.40691,0.45492,0.21294,1.57705,2.88433,1.43486,1.65644,0,0,0,0.000501758,0.000501758,0.000501758
243,2573.16,1.90535,3.26084,1.86912,1.76848,0.17558,0.15276,0.16269,0.59042,0.57988,0.62618,0.38191,0.48307,0.46208,0.44693,0.21946,1.60001,2.89159,1.46879,1.65892,0,0,0,0.000500383,0.000500383,0.000500383
244,2583.27,1.79252,3.16782,1.79948,1.74753,0.18057,0.15348,0.16742,0.62721,0.57879,0.60824,0.36368,0.53187,0.47568,0.46652,0.21828,1.61211,2.88324,1.49525,1.65934,0,0,0,0.000499009,0.000499009,0.000499009
245,2593.25,1.85811,3.11,1.80451,1.77957,0.17235,0.14618,0.15987,0.59099,0.58652,0.60517,0.36394,0.50208,0.49371,0.44943,0.21416,1.59622,2.89289,1.47772,1.65091,0,0,0,0.000497634,0.000497634,0.000497634
246,2603.37,1.85577,3.26384,1.84862,1.82122,0.17384,0.14499,0.15976,0.61333,0.56986,0.61071,0.3699,0.49239,0.47624,0.45931,0.21577,1.59382,2.87628,1.45321,1.66048,0,0,0,0.00049626,0.00049626,0.00049626
247,2613.59,1.88437,3.18901,1.84883,1.77743,0.17118,0.14977,0.16171,0.66931,0.54114,0.62816,0.38646,0.54765,0.45121,0.469,0.21727,1.57517,2.87593,1.45173,1.65159,0,0,0,0.000494885,0.000494885,0.000494885
248,2623.94,1.88112,3.15948,1.7565,1.71143,0.16866,0.14743,0.15923,0.62805,0.58192,0.60898,0.38406,0.51848,0.48953,0.46636,0.22133,1.54571,2.83757,1.46648,1.62599,0,0,0,0.000493511,0.000493511,0.000493511
249,2634,1.84548,3.21374,1.83688,1.76304,0.18133,0.15194,0.1672,0.60749,0.56282,0.59714,0.36603,0.5434,0.47376,0.47362,0.22571,1.55545,2.8144,1.44193,1.63428,0,0,0,0.000492136,0.000492136,0.000492136
250,2644.13,1.83131,3.09866,1.75491,1.73922,0.17273,0.14865,0.16169,0.69199,0.56052,0.6203,0.38749,0.58155,0.49948,0.47423,0.23454,1.5765,2.80323,1.41096,1.65492,0,0,0,0.000490762,0.000490762,0.000490762
251,2654.44,1.79915,3.15211,1.7712,1.72654,0.16729,0.14648,0.15855,0.68777,0.57057,0.62397,0.39227,0.57337,0.47396,0.46848,0.2274,1.55858,2.82911,1.45867,1.64246,0,0,0,0.000489387,0.000489387,0.000489387
252,2664.65,1.80663,3.17763,1.78791,1.74441,0.17002,0.1466,0.16099,0.72026,0.58713,0.64789,0.40668,0.62349,0.49987,0.50366,0.24493,1.51674,2.77798,1.38122,1.62579,0,0,0,0.000488013,0.000488013,0.000488013
253,2674.91,1.81329,3.14556,1.76008,1.73305,0.17599,0.15015,0.16481,0.71614,0.5869,0.64258,0.3987,0.64746,0.5249,0.53372,0.2475,1.51872,2.7751,1.41625,1.61614,0,0,0,0.000486639,0.000486639,0.000486639
254,2684.97,1.83009,3.25201,1.81131,1.76526,0.17431,0.15061,0.16351,0.64546,0.58122,0.62825,0.38533,0.5485,0.53033,0.50228,0.23618,1.49783,2.7636,1.37811,1.61249,0,0,0,0.000485264,0.000485264,0.000485264
255,2695.29,1.86298,3.15172,1.72216,1.71266,0.17141,0.14937,0.1618,0.6768,0.60567,0.63695,0.39544,0.595,0.50863,0.49629,0.23761,1.49041,2.73758,1.37526,1.60679,0,0,0,0.00048389,0.00048389,0.00048389
256,2705.38,1.82854,3.16863,1.78798,1.72807,0.17178,0.15213,0.16488,0.61583,0.62917,0.63918,0.39137,0.55001,0.53976,0.49745,0.23991,1.51365,2.7288,1.38903,1.60752,0,0,0,0.000482515,0.000482515,0.000482515
257,2715.51,1.80201,3.07792,1.75633,1.73364,0.16302,0.13969,0.15143,0.65079,0.59276,0.62256,0.38061,0.6102,0.50681,0.51596,0.24235,1.51161,2.73716,1.36556,1.60562,0,0,0,0.000481141,0.000481141,0.000481141
258,2725.77,1.77975,3.13948,1.72007,1.73022,0.1702,0.14599,0.16031,0.6539,0.60868,0.61669,0.37693,0.60868,0.5484,0.52771,0.25207,1.53287,2.73893,1.40175,1.61669,0,0,0,0.000479766,0.000479766,0.000479766
259,2735.82,1.83946,3.11063,1.81784,1.74606,0.17558,0.14661,0.16028,0.58995,0.64245,0.61892,0.3917,0.50863,0.5476,0.48914,0.2352,1.54406,2.79879,1.40531,1.64046,0,0,0,0.000478392,0.000478392,0.000478392
260,2745.99,1.89926,3.15679,1.76308,1.70736,0.16847,0.14007,0.1564,0.6055,0.61912,0.6351,0.4071,0.50392,0.53189,0.49137,0.22965,1.50731,2.75866,1.36891,1.61052,0,0,0,0.000477017,0.000477017,0.000477017
261,2756.05,1.86527,3.19624,1.79431,1.75131,0.17775,0.15136,0.16534,0.65439,0.61093,0.64586,0.40804,0.57863,0.5298,0.51055,0.23817,1.51909,2.76469,1.38357,1.60972,0,0,0,0.000475643,0.000475643,0.000475643
262,2766.37,1.80396,3.14935,1.81363,1.73788,0.17046,0.14638,0.1589,0.64572,0.60871,0.63796,0.41043,0.55252,0.51375,0.48176,0.24016,1.51819,2.74915,1.42005,1.6112,0,0,0,0.000474269,0.000474269,0.000474269
263,2776.56,1.78045,3.16856,1.70615,1.68109,0.17082,0.1496,0.16166,0.64168,0.60858,0.63932,0.40432,0.57399,0.51231,0.49807,0.24779,1.48772,2.73795,1.3754,1.59907,0,0,0,0.000472894,0.000472894,0.000472894
264,2786.7,1.78556,3.09363,1.74244,1.74785,0.18781,0.1578,0.17267,0.67232,0.62327,0.661,0.42364,0.57469,0.55643,0.52579,0.27237,1.51121,2.72727,1.36904,1.61401,0,0,0,0.00047152,0.00047152,0.00047152
265,2796.96,1.79427,3.03636,1.7626,1.74113,0.17488,0.1436,0.15981,0.64121,0.63017,0.66003,0.39819,0.5455,0.54057,0.53098,0.25205,1.49833,2.73033,1.38026,1.60396,0,0,0,0.000470145,0.000470145,0.000470145
266,2807.03,1.78986,3.11599,1.79816,1.72619,0.16876,0.13924,0.15427,0.65539,0.61492,0.66035,0.41621,0.62089,0.47271,0.50617,0.24763,1.50179,2.7141,1.35521,1.6049,0,0,0,0.000468771,0.000468771,0.000468771
267,2817.16,1.75332,3.07,1.7365,1.7285,0.17249,0.14711,0.16015,0.68643,0.61427,0.66686,0.4163,0.59249,0.51886,0.50509,0.25339,1.48837,2.69433,1.36145,1.59767,0,0,0,0.000467396,0.000467396,0.000467396
268,2827.27,1.80225,3.12189,1.74968,1.75084,0.16971,0.1443,0.15743,0.7409,0.58399,0.65511,0.40169,0.64492,0.47581,0.49766,0.23944,1.50997,2.73725,1.40943,1.61436,0,0,0,0.000466022,0.000466022,0.000466022
269,2837.53,1.82793,3.17653,1.71348,1.6953,0.16821,0.14438,0.15806,0.69358,0.63394,0.66421,0.42611,0.60742,0.54145,0.52145,0.26034,1.47816,2.71995,1.34649,1.59149,0,0,0,0.000464647,0.000464647,0.000464647
270,2847.65,1.77478,3.05919,1.67444,1.69184,0.16892,0.14703,0.15979,0.66738,0.67111,0.66463,0.4278,0.61584,0.54184,0.51385,0.26814,1.46128,2.7051,1.3462,1.57184,0,0,0,0.000463273,0.000463273,0.000463273
271,2857.74,1.80522,3.12499,1.76768,1.74351,0.173,0.14858,0.16163,0.64883,0.65286,0.65889,0.40459,0.59757,0.54105,0.5066,0.2578,1.48261,2.68756,1.33668,1.57182,0,0,0,0.000461898,0.000461898,0.000461898
272,2867.94,1.77823,3.04263,1.66295,1.67601,0.17111,0.14895,0.16203,0.58323,0.68644,0.65622,0.41232,0.57428,0.52699,0.5111,0.25527,1.48509,2.65969,1.33977,1.57324,0,0,0,0.000460524,0.000460524,0.000460524
273,2878.07,1.80927,3.04581,1.6555,1.68627,0.16861,0.15055,0.16182,0.56389,0.66284,0.6637,0.41866,0.61273,0.50271,0.50438,0.25,1.46633,2.65264,1.36675,1.57167,0,0,0,0.00045915,0.00045915,0.00045915
274,2888.16,1.89571,3.1202,1.80025,1.73751,0.17614,0.14719,0.16278,0.63069,0.64515,0.67153,0.42144,0.56111,0.53228,0.51414,0.25721,1.4658,2.65326,1.35999,1.57091,0,0,0,0.000457775,0.000457775,0.000457775
275,2898.14,1.82756,3.12911,1.70158,1.69324,0.16638,0.14162,0.15414,0.62821,0.62387,0.66142,0.41831,0.55763,0.53423,0.53108,0.25848,1.46261,2.66688,1.33871,1.56598,0,0,0,0.000456401,0.000456401,0.000456401
276,2908.37,1.72963,3.04484,1.71537,1.68571,0.18172,0.15661,0.16842,0.64689,0.60205,0.64017,0.41271,0.5501,0.51471,0.4984,0.25149,1.44663,2.66685,1.34236,1.55349,0,0,0,0.000455026,0.000455026,0.000455026
277,2918.47,1.81698,3.08189,1.77276,1.67345,0.1648,0.14338,0.15658,0.62262,0.63401,0.65686,0.41191,0.49455,0.57889,0.52839,0.25167,1.44923,2.65751,1.32899,1.56448,0,0,0,0.000453652,0.000453652,0.000453652
278,2928.61,1.77632,3.13723,1.6876,1.66969,0.16984,0.14916,0.16188,0.67883,0.59557,0.66302,0.41756,0.63172,0.48553,0.53701,0.2724,1.44913,2.6511,1.3329,1.56237,0,0,0,0.000452277,0.000452277,0.000452277
279,2939.16,1.74375,2.99418,1.66719,1.679,0.16245,0.13511,0.15068,0.63595,0.63589,0.66141,0.41602,0.57761,0.51949,0.52647,0.25575,1.46119,2.67671,1.3196,1.5682,0,0,0,0.000450903,0.000450903,0.000450903
280,2949.34,1.75999,3.11624,1.71434,1.69738,0.16929,0.14529,0.15909,0.66046,0.65592,0.67934,0.42699,0.57111,0.5418,0.52748,0.25958,1.43378,2.66199,1.27489,1.54873,0,0,0,0.000449528,0.000449528,0.000449528
281,2959.42,1.70988,3.02675,1.65707,1.66903,0.16789,0.14504,0.15746,0.67386,0.6328,0.67972,0.44814,0.6269,0.54461,0.53822,0.27789,1.42389,2.63396,1.28363,1.54522,0,0,0,0.000448154,0.000448154,0.000448154
282,2969.91,1.73297,3.01216,1.63574,1.67149,0.17116,0.14728,0.1618,0.72219,0.58893,0.69445,0.44943,0.64425,0.52481,0.55219,0.27672,1.43504,2.63432,1.28479,1.54142,0,0,0,0.00044678,0.00044678,0.00044678
283,2980.26,1.70848,3.0133,1.6207,1.64467,0.17036,0.14777,0.16012,0.60453,0.70627,0.69687,0.44789,0.62809,0.53069,0.56768,0.27455,1.43941,2.62601,1.27913,1.54331,0,0,0,0.000445405,0.000445405,0.000445405
284,2990.39,1.7775,3.03375,1.68706,1.66979,0.16896,0.14404,0.15734,0.72831,0.63152,0.69842,0.44697,0.67574,0.52597,0.54936,0.27611,1.43253,2.61643,1.27256,1.53233,0,0,0,0.000444031,0.000444031,0.000444031
285,3000.35,1.69935,3.04786,1.62075,1.64301,0.16245,0.13955,0.15405,0.65695,0.6715,0.69365,0.43184,0.54971,0.60607,0.55396,0.26205,1.46185,2.63191,1.27536,1.54726,0,0,0,0.000442656,0.000442656,0.000442656
286,3010.64,1.72512,3.03532,1.65727,1.70743,0.17295,0.1524,0.16486,0.69499,0.66062,0.68922,0.44013,0.60668,0.56588,0.53528,0.26219,1.42447,2.60438,1.27449,1.53003,0,0,0,0.000441282,0.000441282,0.000441282
287,3020.7,1.67949,2.9752,1.65434,1.6607,0.16772,0.14619,0.15906,0.74501,0.57863,0.69333,0.45107,0.69114,0.48743,0.54607,0.2708,1.44212,2.61876,1.31656,1.54627,0,0,0,0.000439907,0.000439907,0.000439907
288,3030.83,1.79178,3.0519,1.66035,1.6631,0.16302,0.13779,0.15211,0.71795,0.61681,0.69348,0.45373,0.61815,0.52808,0.55057,0.27687,1.4304,2.58447,1.29431,1.53784,0,0,0,0.000438533,0.000438533,0.000438533
289,3041.26,1.74403,3.01771,1.63628,1.65592,0.15847,0.13671,0.14916,0.6171,0.68217,0.68533,0.44033,0.54079,0.58745,0.55295,0.28658,1.45145,2.59951,1.30521,1.54548,0,0,0,0.000437158,0.000437158,0.000437158
290,3051.46,1.74721,2.99783,1.65163,1.67091,0.16794,0.14163,0.15651,0.73829,0.63286,0.69569,0.43723,0.63521,0.53928,0.55792,0.28484,1.44636,2.58632,1.31577,1.5369,0,0,0,0.000435784,0.000435784,0.000435784
291,3061.61,1.75383,3.02899,1.64924,1.67666,0.16939,0.14632,0.15872,0.70413,0.6813,0.69796,0.44439,0.63404,0.59884,0.5736,0.28099,1.42272,2.58319,1.31042,1.52885,0,0,0,0.000434409,0.000434409,0.000434409
292,3071.85,1.78783,3.01981,1.73045,1.70415,0.16255,0.13953,0.15193,0.71538,0.61964,0.68658,0.42834,0.62866,0.54769,0.5556,0.27033,1.44656,2.5983,1.29882,1.55202,0,0,0,0.000433035,0.000433035,0.000433035
293,3081.98,1.73251,2.94901,1.65869,1.70361,0.16866,0.14598,0.1586,0.62997,0.66955,0.68728,0.43611,0.53068,0.57785,0.55089,0.27065,1.44311,2.57394,1.2861,1.54197,0,0,0,0.000431661,0.000431661,0.000431661
294,3092.07,1.71784,2.96341,1.62011,1.69422,0.17051,0.14982,0.16253,0.65794,0.6384,0.68633,0.43334,0.5793,0.54233,0.54728,0.28454,1.42409,2.57778,1.27884,1.53245,0,0,0,0.000430286,0.000430286,0.000430286
295,3102.33,1.69375,2.94295,1.68025,1.66936,0.16368,0.13714,0.1514,0.64587,0.64573,0.68206,0.4336,0.58984,0.55563,0.55876,0.28349,1.45769,2.57165,1.26672,1.55523,0,0,0,0.000428912,0.000428912,0.000428912
296,3112.46,1.79744,3.06917,1.73011,1.68631,0.15936,0.13915,0.15114,0.68677,0.63582,0.67605,0.43182,0.63984,0.55316,0.55558,0.27931,1.46416,2.58477,1.28128,1.56544,0,0,0,0.000427537,0.000427537,0.000427537
297,3122.54,1.73965,2.9869,1.66486,1.66353,0.16824,0.14597,0.15942,0.66491,0.65589,0.70273,0.45819,0.68546,0.53288,0.56573,0.29036,1.40469,2.57339,1.3113,1.52215,0,0,0,0.000426163,0.000426163,0.000426163
298,3132.79,1.70279,2.97777,1.7106,1.70417,0.16982,0.14394,0.15751,0.65567,0.6881,0.70241,0.45974,0.64498,0.53929,0.564,0.28059,1.41435,2.58007,1.26856,1.52356,0,0,0,0.000424788,0.000424788,0.000424788
299,3143.1,1.73838,2.94947,1.627,1.65012,0.17026,0.14668,0.16041,0.64064,0.67384,0.68022,0.43474,0.55177,0.5778,0.53814,0.26223,1.43798,2.60094,1.3069,1.5375,0,0,0,0.000423414,0.000423414,0.000423414
300,3153.26,1.66626,2.94401,1.63424,1.67024,0.16101,0.1385,0.15073,0.69077,0.6698,0.69749,0.45068,0.5908,0.57466,0.57753,0.29209,1.38659,2.5457,1.30547,1.50743,0,0,0,0.000422039,0.000422039,0.000422039
301,3163.34,1.72788,2.98237,1.63035,1.65267,0.16912,0.14783,0.16074,0.74663,0.63613,0.70481,0.46787,0.66812,0.54723,0.58311,0.29394,1.38029,2.51691,1.24415,1.50108,0,0,0,0.000420665,0.000420665,0.000420665
302,3173.89,1.68705,2.97187,1.61272,1.67651,0.16209,0.14015,0.15189,0.75176,0.64473,0.70373,0.47145,0.65148,0.5581,0.58103,0.29605,1.3871,2.5274,1.26261,1.50543,0,0,0,0.000419291,0.000419291,0.000419291
303,3184.2,1.82499,3.08382,1.6536,1.64204,0.16722,0.14594,0.1558,0.71056,0.6536,0.70171,0.46014,0.59253,0.5775,0.58611,0.30763,1.40914,2.57674,1.30705,1.51693,0,0,0,0.000417916,0.000417916,0.000417916
304,3194.52,1.66118,2.9934,1.55274,1.6266,0.161,0.14136,0.15241,0.65341,0.65887,0.69207,0.45573,0.70759,0.52702,0.59314,0.3044,1.37039,2.56584,1.26782,1.49219,0,0,0,0.000416542,0.000416542,0.000416542
305,3204.66,1.68906,2.93107,1.56208,1.63794,0.17044,0.14726,0.15685,0.68035,0.67546,0.69156,0.44765,0.60978,0.6092,0.58199,0.29358,1.39066,2.55001,1.24924,1.50838,0,0,0,0.000415167,0.000415167,0.000415167
306,3214.97,1.76156,2.9229,1.60884,1.65099,0.1594,0.13689,0.14987,0.72172,0.6591,0.70116,0.45903,0.60313,0.59254,0.56008,0.29818,1.4186,2.5656,1.23522,1.51886,0,0,0,0.000413793,0.000413793,0.000413793
307,3225.17,1.75275,2.95956,1.58164,1.66192,0.16483,0.14118,0.15255,0.74395,0.66713,0.70902,0.47494,0.65585,0.58787,0.59267,0.32027,1.37703,2.53938,1.21616,1.49866,0,0,0,0.000412418,0.000412418,0.000412418
308,3235.53,1.66619,2.95748,1.56676,1.62499,0.16649,0.1446,0.15567,0.7527,0.62516,0.70064,0.46899,0.68262,0.53544,0.57243,0.30569,1.37546,2.54767,1.22283,1.4857,0,0,0,0.000411044,0.000411044,0.000411044
309,3245.93,1.82347,3.06447,1.62585,1.60849,0.16779,0.14347,0.15638,0.73662,0.60924,0.68795,0.43839,0.6825,0.53654,0.56644,0.28288,1.4052,2.52833,1.2503,1.50183,0,0,0,0.000409669,0.000409669,0.000409669
310,3256.05,1.74744,3.02309,1.61592,1.64053,0.16462,0.14644,0.15676,0.68252,0.66259,0.70107,0.45894,0.60025,0.57259,0.58398,0.30531,1.4055,2.52962,1.26276,1.50066,0,0,0,0.000408295,0.000408295,0.000408295
311,3266.17,1.72465,2.99818,1.57958,1.64634,0.16624,0.14663,0.15684,0.71547,0.66126,0.69656,0.48376,0.62891,0.56815,0.56367,0.3055,1.36473,2.50021,1.23053,1.48049,0,0,0,0.00040692,0.00040692,0.00040692
312,3276.36,1.72356,3.01701,1.62481,1.60742,0.15997,0.13788,0.14914,0.69769,0.67006,0.69425,0.47854,0.66378,0.55797,0.5616,0.31641,1.36229,2.48773,1.21353,1.47888,0,0,0,0.000405546,0.000405546,0.000405546
313,3286.63,1.6833,2.9551,1.56073,1.63779,0.16386,0.14662,0.15575,0.69546,0.66027,0.70989,0.48897,0.66691,0.55116,0.58866,0.31596,1.35179,2.51088,1.2032,1.47334,0,0,0,0.000404172,0.000404172,0.000404172
314,3296.95,1.66365,2.8479,1.56847,1.61482,0.15079,0.13286,0.14251,0.6636,0.65414,0.69803,0.47027,0.65122,0.52289,0.54957,0.30163,1.37986,2.55717,1.24118,1.49134,0,0,0,0.000402797,0.000402797,0.000402797
315,3307.03,1.70972,2.91558,1.5171,1.59862,0.16022,0.13984,0.15065,0.73231,0.62822,0.69167,0.46828,0.65917,0.54493,0.57194,0.31593,1.37957,2.53259,1.23612,1.48684,0,0,0,0.000401423,0.000401423,0.000401423
316,3317.37,1.68272,2.96192,1.58039,1.64422,0.15651,0.1368,0.14765,0.67557,0.66874,0.69101,0.47719,0.57269,0.56372,0.55415,0.3055,1.37003,2.53304,1.23776,1.48295,0,0,0,0.000400048,0.000400048,0.000400048
317,3327.5,1.63071,2.92872,1.51823,1.61694,0.16248,0.14115,0.15387,0.66564,0.68038,0.70184,0.4812,0.69366,0.51389,0.57514,0.31729,1.3383,2.48584,1.24617,1.46841,0,0,0,0.000398674,0.000398674,0.000398674
318,3337.66,1.702,2.97851,1.57657,1.63539,0.16462,0.14178,0.15282,0.66468,0.6665,0.69227,0.46955,0.58348,0.56811,0.56747,0.30199,1.38264,2.51884,1.2672,1.49605,0,0,0,0.000397299,0.000397299,0.000397299
319,3347.83,1.65837,2.9522,1.5525,1.62459,0.16833,0.14905,0.15973,0.70935,0.64062,0.70081,0.47081,0.60279,0.57823,0.57528,0.29734,1.34097,2.49094,1.28185,1.47104,0,0,0,0.000395925,0.000395925,0.000395925
320,3357.99,1.66453,2.91689,1.58251,1.6395,0.15951,0.14146,0.15242,0.66832,0.69481,0.71379,0.47784,0.58065,0.58988,0.57139,0.30579,1.35335,2.50379,1.27568,1.46952,0,0,0,0.00039455,0.00039455,0.00039455
321,3368.12,1.67572,2.82813,1.55541,1.61284,0.1543,0.13625,0.14685,0.7053,0.68431,0.70045,0.47155,0.64786,0.60134,0.58189,0.29514,1.34388,2.48673,1.20657,1.46269,0,0,0,0.000393176,0.000393176,0.000393176
322,3378.19,1.63391,2.89752,1.50642,1.59138,0.16262,0.14507,0.15439,0.67847,0.70164,0.71262,0.48847,0.62662,0.61675,0.61203,0.32521,1.34654,2.45993,1.17983,1.47183,0,0,0,0.000391802,0.000391802,0.000391802
323,3388.7,1.63574,2.87322,1.55141,1.63678,0.15778,0.13476,0.1474,0.69606,0.7075,0.71662,0.4852,0.68816,0.58036,0.6119,0.3267,1.36651,2.45164,1.16471,1.4926,0,0,0,0.000390427,0.000390427,0.000390427
324,3398.65,1.60849,2.92624,1.56212,1.67064,0.16304,0.14262,0.15215,0.72149,0.66745,0.7196,0.48723,0.69134,0.56004,0.60339,0.32361,1.35133,2.45667,1.16716,1.48202,0,0,0,0.000389053,0.000389053,0.000389053
325,3408.71,1.65399,2.83629,1.58581,1.6295,0.15883,0.14389,0.15308,0.75579,0.64806,0.72431,0.49259,0.68412,0.58349,0.60398,0.32546,1.35704,2.45573,1.19278,1.47504,0,0,0,0.000387678,0.000387678,0.000387678
326,3418.98,1.70674,2.89815,1.55186,1.60649,0.16132,0.14255,0.15458,0.72924,0.67166,0.71758,0.48887,0.65291,0.5884,0.59194,0.30566,1.36571,2.47985,1.19427,1.4686,0,0,0,0.000386304,0.000386304,0.000386304
327,3429.17,1.70163,2.96532,1.58983,1.63573,0.17153,0.14978,0.16193,0.71617,0.68158,0.70852,0.47843,0.65932,0.58958,0.58768,0.30508,1.36543,2.48396,1.21176,1.47251,0,0,0,0.000384929,0.000384929,0.000384929
328,3439.24,1.65048,2.88812,1.52015,1.60354,0.16627,0.14663,0.15916,0.69959,0.69359,0.70471,0.48022,0.64312,0.59543,0.57729,0.31356,1.33517,2.44575,1.17602,1.45662,0,0,0,0.000383555,0.000383555,0.000383555
329,3449.37,1.70597,2.88738,1.53605,1.61826,0.15326,0.13853,0.14759,0.69746,0.67957,0.72037,0.48978,0.60309,0.59288,0.57987,0.31433,1.33801,2.43304,1.17112,1.45316,0,0,0,0.00038218,0.00038218,0.00038218
330,3459.69,1.64156,2.93414,1.55295,1.63092,0.16299,0.14522,0.15531,0.70315,0.66425,0.70179,0.46795,0.596,0.59112,0.56708,0.29414,1.38321,2.46436,1.22472,1.47696,0,0,0,0.000380806,0.000380806,0.000380806
331,3469.74,1.65117,2.88037,1.55291,1.61917,0.16584,0.14861,0.16057,0.69917,0.62879,0.68832,0.46373,0.60568,0.52645,0.52861,0.28611,1.38005,2.49284,1.24431,1.48362,0,0,0,0.000379431,0.000379431,0.000379431
332,3479.94,1.67786,2.93301,1.51458,1.6084,0.16038,0.14309,0.15367,0.68851,0.66915,0.69294,0.45277,0.60935,0.58163,0.55864,0.29668,1.329,2.43882,1.20269,1.45006,0,0,0,0.000378057,0.000378057,0.000378057
333,3490.05,1.62199,2.79656,1.52836,1.61064,0.16973,0.14896,0.16051,0.74151,0.68638,0.71856,0.48412,0.65589,0.60224,0.59412,0.3254,1.33812,2.41649,1.17324,1.45027,0,0,0,0.000376683,0.000376683,0.000376683
334,3500.28,1.62476,2.80174,1.48636,1.59545,0.15289,0.14188,0.1503,0.74195,0.6484,0.72043,0.50948,0.6596,0.56045,0.58258,0.31361,1.32354,2.41049,1.17991,1.44952,0,0,0,0.000375308,0.000375308,0.000375308
335,3510.65,1.59805,2.75285,1.512,1.58921,0.16404,0.14187,0.15217,0.73058,0.61338,0.71818,0.46846,0.68162,0.53928,0.58579,0.30168,1.36337,2.41262,1.19224,1.48025,0,0,0,0.000373934,0.000373934,0.000373934
336,3520.77,1.69903,2.8255,1.602,1.64324,0.16416,0.13886,0.15284,0.72611,0.64281,0.73393,0.49699,0.59816,0.56677,0.59095,0.32241,1.34196,2.38164,1.15933,1.46414,0,0,0,0.000372559,0.000372559,0.000372559
337,3531.09,1.70982,2.91256,1.53037,1.5926,0.15682,0.1351,0.14823,0.67072,0.69596,0.72464,0.49533,0.67099,0.56105,0.599,0.32324,1.33299,2.42544,1.16499,1.45705,0,0,0,0.000371185,0.000371185,0.000371185
338,3541.5,1.65583,2.84605,1.5479,1.60627,0.15973,0.14513,0.15286,0.6513,0.71747,0.72751,0.49919,0.62762,0.57642,0.59819,0.32225,1.31952,2.4414,1.16562,1.44122,0,0,0,0.00036981,0.00036981,0.00036981
339,3551.65,1.56979,2.81611,1.47467,1.57728,0.16167,0.14762,0.15594,0.73204,0.67234,0.73265,0.50212,0.66743,0.57916,0.61489,0.33286,1.32355,2.42042,1.16375,1.44171,0,0,0,0.000368436,0.000368436,0.000368436
340,3561.94,1.60408,2.82486,1.52447,1.6146,0.15838,0.14568,0.15522,0.75275,0.64755,0.72614,0.50554,0.68673,0.56606,0.59492,0.32065,1.34103,2.42816,1.14999,1.44881,0,0,0,0.000367061,0.000367061,0.000367061
341,3572.12,1.70517,2.84718,1.51779,1.58846,0.15445,0.13694,0.14756,0.70476,0.68454,0.72704,0.49355,0.6312,0.5698,0.57728,0.31479,1.35478,2.42359,1.154,1.45455,0,0,0,0.000365687,0.000365687,0.000365687
342,3582.22,1.57278,2.757,1.5241,1.59696,0.16167,0.14249,0.15381,0.73371,0.66865,0.7207,0.475,0.60956,0.59659,0.58657,0.31412,1.34553,2.41203,1.18616,1.45034,0,0,0,0.000364313,0.000364313,0.000364313
343,3592.24,1.64963,2.8422,1.49035,1.58296,0.15913,0.14685,0.15452,0.70446,0.69335,0.7176,0.46819,0.60573,0.61099,0.58261,0.29952,1.33871,2.40739,1.17066,1.45012,0,0,0,0.000362938,0.000362938,0.000362938
344,3602.3,1.64947,2.84754,1.47031,1.58674,0.15521,0.1405,0.14833,0.66521,0.69919,0.71359,0.47096,0.64299,0.55891,0.58707,0.31121,1.32311,2.40268,1.18519,1.43877,0,0,0,0.000361564,0.000361564,0.000361564
345,3612.51,1.63616,2.80893,1.52356,1.62336,0.15077,0.13774,0.1452,0.62512,0.71977,0.72125,0.49733,0.62378,0.57069,0.60585,0.32763,1.30397,2.3977,1.18887,1.42447,0,0,0,0.000360189,0.000360189,0.000360189
346,3622.71,1.65137,2.83823,1.50591,1.57216,0.15132,0.13855,0.14829,0.7545,0.63535,0.71855,0.48579,0.68347,0.56208,0.59977,0.32079,1.31288,2.39829,1.1822,1.43284,0,0,0,0.000358815,0.000358815,0.000358815
347,3632.83,1.61902,2.84723,1.4751,1.5807,0.15594,0.14163,0.15091,0.63752,0.71979,0.72619,0.47626,0.68104,0.57234,0.61159,0.32862,1.3453,2.40042,1.16833,1.44809,0,0,0,0.00035744,0.00035744,0.00035744
348,3643.12,1.63488,2.82273,1.48227,1.58837,0.14819,0.1344,0.14348,0.66585,0.70237,0.72912,0.49133,0.67254,0.58092,0.61756,0.33883,1.30175,2.38305,1.1413,1.43026,0,0,0,0.000356066,0.000356066,0.000356066
349,3653.17,1.54942,2.77384,1.42187,1.57169,0.15245,0.14059,0.1493,0.69632,0.67945,0.73475,0.50005,0.70845,0.56546,0.62753,0.32867,1.31816,2.38523,1.1287,1.44533,0,0,0,0.000354691,0.000354691,0.000354691
350,3663.27,1.58437,2.81317,1.46226,1.59826,0.16492,0.14361,0.15432,0.73667,0.65788,0.72094,0.49737,0.64985,0.54649,0.57463,0.31224,1.32263,2.3852,1.16067,1.43889,0,0,0,0.000353317,0.000353317,0.000353317
351,3673.4,1.60615,2.82073,1.46396,1.5985,0.16586,0.14982,0.15998,0.70984,0.67838,0.73314,0.51543,0.63095,0.59951,0.6046,0.33704,1.2811,2.35581,1.1544,1.40863,0,0,0,0.000351942,0.000351942,0.000351942
352,3683.94,1.64158,2.80411,1.52293,1.59519,0.15235,0.14147,0.15186,0.75833,0.64962,0.73601,0.51565,0.68687,0.59087,0.62944,0.34545,1.30718,2.357,1.15211,1.42619,0,0,0,0.000350568,0.000350568,0.000350568
353,3694.34,1.6165,2.77048,1.43976,1.55921,0.15546,0.14502,0.15295,0.66275,0.73435,0.73683,0.51272,0.65727,0.60681,0.62195,0.34763,1.3163,2.36623,1.13808,1.4389,0,0,0,0.000349194,0.000349194,0.000349194
354,3704.47,1.6116,2.8778,1.46248,1.56239,0.16794,0.15053,0.15999,0.68732,0.71024,0.7326,0.51504,0.65351,0.60696,0.62658,0.35317,1.2927,2.37786,1.14101,1.42371,0,0,0,0.000347819,0.000347819,0.000347819
355,3714.88,1.60111,2.86508,1.43605,1.55269,0.15978,0.144,0.15368,0.67941,0.71058,0.73044,0.52398,0.64847,0.59556,0.6042,0.34775,1.28013,2.36744,1.15859,1.41053,0,0,0,0.000346445,0.000346445,0.000346445
356,3725.16,1.6347,2.76786,1.49216,1.59606,0.16047,0.14231,0.15138,0.69875,0.72006,0.74071,0.52629,0.6279,0.62839,0.60458,0.34589,1.26536,2.3285,1.16259,1.39517,0,0,0,0.00034507,0.00034507,0.00034507
357,3735.38,1.64741,2.77889,1.48693,1.54829,0.155,0.13752,0.14607,0.72451,0.6841,0.73488,0.52871,0.68032,0.59581,0.60707,0.3302,1.26117,2.31809,1.11416,1.38702,0,0,0,0.000343696,0.000343696,0.000343696
358,3745.58,1.61889,2.75192,1.43986,1.56059,0.15241,0.13893,0.14831,0.71426,0.70908,0.72105,0.50979,0.71148,0.56578,0.59299,0.32541,1.27133,2.32174,1.09511,1.39525,0,0,0,0.000342321,0.000342321,0.000342321
359,3755.69,1.56754,2.83442,1.47928,1.59522,0.16445,0.14719,0.15632,0.72983,0.70339,0.72713,0.50051,0.66779,0.60098,0.61081,0.32898,1.27477,2.33847,1.11459,1.4014,0,0,0,0.000340947,0.000340947,0.000340947
360,3765.75,1.6161,2.8171,1.47655,1.57721,0.15377,0.14022,0.15037,0.76029,0.71333,0.74863,0.51643,0.69467,0.6179,0.63095,0.34963,1.26915,2.33436,1.09151,1.40674,0,0,0,0.000339572,0.000339572,0.000339572
361,3775.78,1.61472,2.86988,1.48028,1.57978,0.15919,0.14486,0.15425,0.77387,0.69238,0.75367,0.53998,0.71263,0.59698,0.62578,0.35208,1.25106,2.29665,1.08221,1.39186,0,0,0,0.000338198,0.000338198,0.000338198
362,3786.22,1.57374,2.81948,1.41237,1.56046,0.15894,0.14509,0.15399,0.76844,0.68016,0.75358,0.53315,0.70874,0.60493,0.65667,0.3568,1.24673,2.29165,1.08899,1.38634,0,0,0,0.000336824,0.000336824,0.000336824
363,3796.35,1.6152,2.76272,1.45938,1.5715,0.14976,0.13294,0.14412,0.71002,0.73819,0.75605,0.5399,0.63936,0.65009,0.63611,0.35674,1.24344,2.28758,1.09722,1.3894,0,0,0,0.000335449,0.000335449,0.000335449
364,3806.65,1.59001,2.82086,1.45159,1.55439,0.15501,0.14087,0.14886,0.71784,0.69631,0.74846,0.52907,0.6501,0.6162,0.62967,0.35168,1.24826,2.26886,1.09448,1.39321,0,0,0,0.000334075,0.000334075,0.000334075
365,3816.95,1.54987,2.72488,1.44646,1.57308,0.1613,0.14097,0.15199,0.71139,0.69425,0.74902,0.51884,0.62924,0.60652,0.61388,0.34051,1.25147,2.29502,1.10573,1.39928,0,0,0,0.0003327,0.0003327,0.0003327
366,3827.15,1.59213,2.74364,1.43526,1.55533,0.15265,0.14137,0.15053,0.73216,0.67616,0.74396,0.51848,0.6435,0.58893,0.60853,0.34274,1.2839,2.31246,1.12187,1.42065,0,0,0,0.000331326,0.000331326,0.000331326
367,3837.2,1.60913,2.72048,1.47465,1.53599,0.14974,0.13614,0.14454,0.80397,0.64414,0.73848,0.5192,0.72273,0.57147,0.61146,0.34393,1.26268,2.28812,1.10428,1.39468,0,0,0,0.000329951,0.000329951,0.000329951
368,3847.5,1.60137,2.70502,1.43492,1.55025,0.15509,0.13772,0.14681,0.67965,0.73961,0.73969,0.51697,0.6975,0.59346,0.62443,0.34724,1.25773,2.28234,1.09013,1.38005,0,0,0,0.000328577,0.000328577,0.000328577
369,3857.62,1.55379,2.65852,1.38081,1.54831,0.14986,0.14402,0.15219,0.7578,0.6903,0.75094,0.52436,0.74639,0.59757,0.64419,0.34983,1.2721,2.28216,1.0932,1.3945,0,0,0,0.000327202,0.000327202,0.000327202
370,3867.7,1.63234,2.78061,1.44078,1.58256,0.15131,0.13747,0.14733,0.7469,0.69834,0.74004,0.52195,0.69765,0.63642,0.63761,0.35334,1.26525,2.28082,1.10728,1.39294,0,0,0,0.000325828,0.000325828,0.000325828
371,3877.76,1.56913,2.73985,1.38685,1.54601,0.15225,0.14248,0.15128,0.77473,0.6941,0.74436,0.51898,0.70302,0.6111,0.63052,0.35418,1.22577,2.24607,1.11806,1.36679,0,0,0,0.000324453,0.000324453,0.000324453
372,3888.06,1.62373,2.73658,1.41757,1.54084,0.14605,0.13434,0.14236,0.77802,0.69774,0.74174,0.51403,0.74547,0.615,0.64039,0.34846,1.22882,2.25463,1.10242,1.37406,0,0,0,0.000323079,0.000323079,0.000323079
373,3898.07,1.63285,2.72713,1.44021,1.52231,0.13967,0.12684,0.13585,0.73149,0.71171,0.73984,0.50006,0.67705,0.62473,0.64536,0.3518,1.27631,2.25314,1.09614,1.38993,0,0,0,0.000321705,0.000321705,0.000321705
374,3908.12,1.57817,2.70343,1.41357,1.53429,0.1596,0.14376,0.15387,0.76657,0.70522,0.74477,0.51821,0.70526,0.62935,0.65592,0.36305,1.23148,2.25373,1.07339,1.36854,0,0,0,0.00032033,0.00032033,0.00032033
375,3918.4,1.54595,2.62552,1.37887,1.53341,0.13751,0.1339,0.14062,0.73377,0.74026,0.75228,0.52693,0.74488,0.59687,0.6376,0.35979,1.23054,2.22803,1.0648,1.36753,0,0,0,0.000318956,0.000318956,0.000318956
376,3928.68,1.54878,2.73726,1.41122,1.53767,0.16038,0.14684,0.15581,0.73786,0.71832,0.7456,0.52428,0.7084,0.61843,0.62722,0.35022,1.24113,2.22988,1.06256,1.37257,0,0,0,0.000317581,0.000317581,0.000317581
377,3938.75,1.63143,2.75089,1.45668,1.55803,0.15436,0.14274,0.1513,0.80245,0.68166,0.75052,0.52598,0.76038,0.6044,0.6375,0.35026,1.23167,2.24806,1.05653,1.36357,0,0,0,0.000316207,0.000316207,0.000316207
378,3949.06,1.52027,2.67661,1.39489,1.53792,0.15944,0.1503,0.15874,0.76641,0.71897,0.74948,0.53434,0.71591,0.63541,0.64278,0.35667,1.23826,2.25772,1.06285,1.36901,0,0,0,0.000314832,0.000314832,0.000314832
379,3959.09,1.56808,2.74736,1.40822,1.53112,0.15099,0.13883,0.1499,0.79171,0.71424,0.75611,0.53523,0.71551,0.63768,0.64244,0.3631,1.22421,2.23413,1.07206,1.35809,0,0,0,0.000313458,0.000313458,0.000313458
380,3969.46,1.54466,2.68031,1.37717,1.51256,0.15257,0.13765,0.14686,0.78964,0.7211,0.76543,0.54473,0.70785,0.64342,0.65431,0.37512,1.21846,2.2198,1.06112,1.35651,0,0,0,0.000312083,0.000312083,0.000312083
381,3979.87,1.56045,2.79016,1.38749,1.52236,0.1515,0.13828,0.14768,0.81841,0.6749,0.75588,0.52737,0.74683,0.58908,0.65033,0.36405,1.25025,2.25258,1.07077,1.37202,0,0,0,0.000310709,0.000310709,0.000310709
382,3990.2,1.57276,2.79374,1.39416,1.55984,0.1606,0.1442,0.15553,0.80185,0.71025,0.76465,0.5428,0.72211,0.63068,0.65292,0.37142,1.22672,2.22343,1.07797,1.35928,0,0,0,0.000309335,0.000309335,0.000309335
383,4000.33,1.57909,2.74134,1.40782,1.53356,0.15131,0.13825,0.14626,0.78326,0.72745,0.76342,0.53692,0.70274,0.64721,0.64639,0.36695,1.23568,2.22514,1.08531,1.36565,0,0,0,0.00030796,0.00030796,0.00030796
384,4010.4,1.5266,2.74204,1.39531,1.52787,0.14708,0.13806,0.14571,0.75753,0.72404,0.75416,0.53623,0.69973,0.62022,0.63881,0.36481,1.23138,2.23144,1.08604,1.36679,0,0,0,0.000306586,0.000306586,0.000306586
385,4020.6,1.5448,2.7216,1.35978,1.52273,0.14868,0.13712,0.14483,0.74787,0.70953,0.75399,0.52346,0.68499,0.62049,0.63424,0.36963,1.21239,2.21006,1.07901,1.35423,0,0,0,0.000305211,0.000305211,0.000305211
386,4030.72,1.5705,2.74469,1.39424,1.51459,0.14287,0.1367,0.1429,0.71489,0.69882,0.75036,0.51644,0.71522,0.56249,0.61858,0.35507,1.22686,2.22147,1.06202,1.36043,0,0,0,0.000303837,0.000303837,0.000303837
387,4040.83,1.61326,2.73807,1.39707,1.5128,0.14344,0.1321,0.14014,0.73717,0.69291,0.75832,0.53282,0.643,0.60941,0.62728,0.35666,1.21161,2.21422,1.05483,1.35277,0,0,0,0.000302462,0.000302462,0.000302462
388,4050.9,1.58972,2.75311,1.3818,1.50981,0.14918,0.14278,0.14888,0.72303,0.71971,0.75417,0.54114,0.65227,0.63194,0.62081,0.3637,1.19196,2.19303,1.04633,1.3426,0,0,0,0.000301088,0.000301088,0.000301088
389,4061.31,1.61222,2.81482,1.42056,1.52369,0.14655,0.13893,0.14564,0.76317,0.72834,0.75996,0.55237,0.66454,0.63104,0.62503,0.3626,1.19711,2.18475,1.05966,1.34586,0,0,0,0.000299713,0.000299713,0.000299713
390,4071.49,1.56097,2.68512,1.36106,1.49327,0.14912,0.14733,0.15167,0.75541,0.72793,0.75432,0.53938,0.65836,0.63079,0.62549,0.35811,1.21005,2.20507,1.07054,1.35093,0,0,0,0.000298339,0.000298339,0.000298339
391,4081.53,1.49438,2.59759,1.35601,1.52502,0.14941,0.14145,0.14872,0.72589,0.73742,0.7599,0.54241,0.64123,0.64511,0.62655,0.36221,1.21259,2.2138,1.05633,1.34891,0,0,0,0.000296964,0.000296964,0.000296964
392,4091.78,1.50873,2.67698,1.37059,1.50142,0.1511,0.13712,0.14439,0.76339,0.69352,0.76495,0.5383,0.71398,0.61494,0.65071,0.37075,1.25045,2.22144,1.05297,1.36429,0,0,0,0.00029559,0.00029559,0.00029559
393,4101.91,1.57219,2.78401,1.43147,1.51091,0.14702,0.13588,0.14376,0.73426,0.70917,0.7504,0.52341,0.65479,0.62986,0.63473,0.36,1.26214,2.22953,1.05857,1.36945,0,0,0,0.000294216,0.000294216,0.000294216
394,4112.07,1.538,2.61824,1.39981,1.53345,0.15706,0.14507,0.15193,0.75646,0.71634,0.75006,0.51789,0.67906,0.63527,0.64827,0.36222,1.26199,2.23168,1.08927,1.3742,0,0,0,0.000292841,0.000292841,0.000292841
395,4122.16,1.59791,2.68399,1.40224,1.52048,0.14378,0.13545,0.14396,0.69985,0.74836,0.74775,0.52769,0.68046,0.61305,0.64109,0.35801,1.23733,2.23251,1.08863,1.36331,0,0,0,0.000291467,0.000291467,0.000291467
396,4132.32,1.54217,2.64634,1.3614,1.49906,0.14432,0.13702,0.14571,0.76867,0.73473,0.75624,0.53418,0.69769,0.65216,0.65529,0.35893,1.23219,2.22434,1.06004,1.35937,0,0,0,0.000290092,0.000290092,0.000290092
397,4142.64,1.51275,2.6587,1.39773,1.55338,0.15233,0.13613,0.14356,0.72983,0.77761,0.77931,0.56494,0.72298,0.63596,0.66909,0.3747,1.19467,2.19399,1.03367,1.34225,0,0,0,0.000288718,0.000288718,0.000288718
398,4152.86,1.57792,2.76327,1.41814,1.50705,0.14515,0.13392,0.14277,0.75404,0.73968,0.77496,0.55601,0.67978,0.66693,0.66708,0.36525,1.22018,2.21173,1.05505,1.35479,0,0,0,0.000287343,0.000287343,0.000287343
399,4163.19,1.56308,2.71919,1.391,1.50407,0.15418,0.13976,0.14903,0.73522,0.73056,0.7709,0.54816,0.68777,0.64868,0.65584,0.36712,1.21995,2.20389,1.05453,1.34923,0,0,0,0.000285969,0.000285969,0.000285969
400,4173.35,1.56661,2.62797,1.34437,1.46183,0.1453,0.13802,0.14583,0.80712,0.68233,0.77748,0.55576,0.73248,0.62471,0.66334,0.38111,1.19788,2.19001,1.04393,1.33598,0,0,0,0.000284594,0.000284594,0.000284594
401,4183.48,1.61107,2.80466,1.43665,1.51028,0.16005,0.14578,0.15526,0.80287,0.66857,0.76463,0.54293,0.7195,0.61497,0.6498,0.37153,1.18646,2.17567,1.04205,1.33068,0,0,0,0.00028322,0.00028322,0.00028322
402,4193.78,1.52389,2.61899,1.33393,1.47968,0.15121,0.14151,0.15086,0.71611,0.72569,0.75767,0.53513,0.67008,0.62736,0.62544,0.36807,1.19716,2.18585,1.03341,1.34234,0,0,0,0.000281846,0.000281846,0.000281846
403,4203.77,1.55386,2.64421,1.36709,1.51241,0.1504,0.14385,0.15204,0.77105,0.70911,0.76646,0.54592,0.70576,0.64013,0.65149,0.38152,1.19768,2.17899,1.02449,1.34518,0,0,0,0.000280471,0.000280471,0.000280471
404,4213.81,1.52009,2.64387,1.36453,1.52677,0.14568,0.13781,0.14678,0.75944,0.71532,0.76994,0.5513,0.69744,0.62614,0.64587,0.38462,1.21113,2.171,1.02087,1.34962,0,0,0,0.000279097,0.000279097,0.000279097
405,4223.91,1.49064,2.72385,1.33215,1.49382,0.15174,0.14327,0.15104,0.7156,0.71872,0.76594,0.55342,0.74027,0.57872,0.6287,0.37028,1.2114,2.18898,1.03226,1.34738,0,0,0,0.000277722,0.000277722,0.000277722
406,4233.95,1.47805,2.61006,1.31695,1.50648,0.15097,0.1371,0.14782,0.76578,0.70512,0.76495,0.56262,0.73733,0.59017,0.63545,0.37307,1.22347,2.18257,1.0421,1.34364,0,0,0,0.000276348,0.000276348,0.000276348
407,4243.99,1.47603,2.59314,1.32242,1.50755,0.1355,0.13,0.13646,0.74918,0.70864,0.76338,0.55059,0.73863,0.58767,0.64072,0.38001,1.23286,2.17521,1.0301,1.35066,0,0,0,0.000274973,0.000274973,0.000274973
408,4254.25,1.554,2.65593,1.37387,1.5265,0.14885,0.13818,0.14646,0.70359,0.70932,0.76442,0.55162,0.71754,0.59481,0.6537,0.37796,1.21182,2.18404,1.03289,1.34183,0,0,0,0.000273599,0.000273599,0.000273599
409,4264.38,1.47882,2.50339,1.3372,1.4971,0.13903,0.13233,0.13809,0.74443,0.71317,0.76265,0.55059,0.75417,0.59425,0.65381,0.37436,1.20364,2.17379,1.03295,1.34153,0,0,0,0.000272224,0.000272224,0.000272224
410,4274.57,1.48705,2.62398,1.3161,1.50084,0.15757,0.14814,0.1576,0.71177,0.75525,0.76804,0.55401,0.64559,0.65937,0.65498,0.38235,1.1728,2.14665,1.02316,1.32789,0,0,0,0.00027085,0.00027085,0.00027085
411,4284.67,1.57318,2.6531,1.33686,1.49467,0.14438,0.13886,0.14639,0.71695,0.74257,0.77137,0.54595,0.68371,0.6313,0.65488,0.3689,1.17659,2.1673,1.04145,1.32958,0,0,0,0.000269475,0.000269475,0.000269475
412,4294.86,1.5152,2.53399,1.40326,1.52818,0.14565,0.13283,0.14144,0.76125,0.72884,0.77103,0.55313,0.6902,0.64393,0.64527,0.37382,1.16348,2.13396,1.0373,1.32107,0,0,0,0.000268101,0.000268101,0.000268101
413,4304.97,1.55644,2.6396,1.36491,1.50146,0.14934,0.14115,0.14928,0.72183,0.74669,0.77893,0.5543,0.7971,0.58509,0.67393,0.3941,1.16024,2.11832,1.02543,1.32226,0,0,0,0.000266727,0.000266727,0.000266727
414,4315.2,1.56566,2.72622,1.35542,1.49103,0.16209,0.14996,0.15941,0.73164,0.74487,0.77691,0.55029,0.73529,0.60383,0.66181,0.38661,1.15271,2.10629,1.03094,1.32081,0,0,0,0.000265352,0.000265352,0.000265352
415,4325.52,1.53258,2.70023,1.37074,1.52216,0.1498,0.13979,0.14994,0.73347,0.74133,0.77301,0.54707,0.6633,0.66581,0.66355,0.38195,1.16486,2.12208,1.03415,1.32396,0,0,0,0.000263978,0.000263978,0.000263978
416,4335.67,1.45121,2.64239,1.31464,1.49338,0.14756,0.13825,0.14551,0.72881,0.71609,0.76252,0.54817,0.65711,0.64763,0.65552,0.38424,1.16711,2.12955,1.025,1.31989,0,0,0,0.000262603,0.000262603,0.000262603
417,4345.75,1.57463,2.68656,1.34953,1.48998,0.14481,0.13409,0.1432,0.72565,0.72489,0.76429,0.53825,0.65556,0.65024,0.65167,0.37951,1.1844,2.13082,1.02784,1.32955,0,0,0,0.000261229,0.000261229,0.000261229
418,4356.01,1.48433,2.66606,1.33209,1.50141,0.14911,0.14209,0.14923,0.79432,0.69175,0.77353,0.53802,0.66499,0.6243,0.63897,0.37455,1.20695,2.15197,1.034,1.34457,0,0,0,0.000259854,0.000259854,0.000259854
419,4366.16,1.53796,2.6269,1.32205,1.49156,0.13876,0.13517,0.14257,0.79557,0.69042,0.77504,0.55977,0.71132,0.62143,0.64882,0.38255,1.19871,2.14922,1.02815,1.33798,0,0,0,0.00025848,0.00025848,0.00025848
420,4376.28,1.51951,2.61298,1.35742,1.50854,0.14641,0.1416,0.14937,0.78617,0.69889,0.77581,0.55865,0.70534,0.6197,0.63974,0.37926,1.18714,2.13454,1.0296,1.32683,0,0,0,0.000257105,0.000257105,0.000257105
421,4386.43,1.52481,2.62632,1.35455,1.47519,0.14794,0.14028,0.14938,0.74593,0.72711,0.76885,0.56151,0.66572,0.64047,0.64656,0.38368,1.17787,2.14412,1.06037,1.31951,0,0,0,0.000255731,0.000255731,0.000255731
422,4396.75,1.5192,2.56296,1.32317,1.45155,0.14422,0.13584,0.14439,0.71231,0.74859,0.76732,0.55322,0.71088,0.61878,0.65372,0.38408,1.17753,2.13185,1.03173,1.31592,0,0,0,0.000254357,0.000254357,0.000254357
423,4406.8,1.51487,2.62517,1.36415,1.49515,0.14212,0.12919,0.13812,0.71137,0.74243,0.76588,0.5444,0.65647,0.65333,0.64417,0.37817,1.20496,2.1582,1.02654,1.3254,0,0,0,0.000252982,0.000252982,0.000252982
424,4416.95,1.50743,2.55089,1.37026,1.49569,0.14431,0.1343,0.14293,0.74097,0.73337,0.76662,0.54852,0.68079,0.64824,0.64732,0.38676,1.20778,2.1657,1.03298,1.32834,0,0,0,0.000251608,0.000251608,0.000251608
425,4427.21,1.55697,2.63642,1.31798,1.49285,0.14613,0.13762,0.14597,0.73142,0.74225,0.78064,0.56423,0.68798,0.66145,0.67821,0.40251,1.1945,2.15442,1.02479,1.3196,0,0,0,0.000250233,0.000250233,0.000250233
426,4437.53,1.49864,2.62353,1.28372,1.47986,0.14129,0.13093,0.14168,0.79255,0.71476,0.78494,0.56596,0.73278,0.65636,0.68588,0.39912,1.17203,2.14954,1.02384,1.30553,0,0,0,0.000248859,0.000248859,0.000248859
427,4447.7,1.57646,2.66351,1.3593,1.46923,0.14118,0.13367,0.14044,0.78885,0.71723,0.77207,0.54771,0.74561,0.65419,0.67215,0.38658,1.17658,2.14308,1.04134,1.31051,0,0,0,0.000247484,0.000247484,0.000247484
428,4458.04,1.51457,2.56445,1.30693,1.47242,0.1393,0.13407,0.14204,0.8139,0.69027,0.77393,0.56261,0.77024,0.63421,0.66528,0.38768,1.15353,2.11891,1.03534,1.30052,0,0,0,0.00024611,0.00024611,0.00024611
429,4468.22,1.51027,2.63645,1.32184,1.47724,0.14765,0.14066,0.14893,0.78439,0.72735,0.77642,0.55889,0.74592,0.63273,0.65652,0.39057,1.16965,2.11424,1.01214,1.31199,0,0,0,0.000244735,0.000244735,0.000244735
430,4478.4,1.51152,2.52068,1.30638,1.45264,0.14296,0.13519,0.1435,0.85222,0.64535,0.77716,0.5544,0.79282,0.58756,0.669,0.38603,1.16502,2.10133,0.99926,1.31418,0,0,0,0.000243361,0.000243361,0.000243361
431,4488.6,1.56215,2.57128,1.33353,1.44303,0.13164,0.12629,0.13476,0.83099,0.65611,0.77895,0.5531,0.81344,0.56866,0.66849,0.39075,1.17326,2.10522,1.01317,1.31578,0,0,0,0.000241986,0.000241986,0.000241986
432,4498.95,1.48206,2.60853,1.29514,1.47037,0.141,0.13316,0.14132,0.79123,0.70174,0.77685,0.56224,0.70869,0.6195,0.6677,0.39343,1.17451,2.11015,1.01863,1.31538,0,0,0,0.000240612,0.000240612,0.000240612
433,4509.07,1.468,2.6269,1.31006,1.47988,0.15146,0.13785,0.14782,0.73598,0.72335,0.77574,0.56211,0.66427,0.64934,0.65875,0.39004,1.16509,2.09689,1.00197,1.30974,0,0,0,0.000239238,0.000239238,0.000239238
434,4519.25,1.49163,2.58883,1.32157,1.45663,0.15269,0.13771,0.14717,0.76523,0.7298,0.78223,0.55509,0.6722,0.67846,0.67074,0.38556,1.14882,2.0824,0.98087,1.30412,0,0,0,0.000237863,0.000237863,0.000237863
435,4529.45,1.4513,2.5329,1.29839,1.46844,0.14097,0.13051,0.1391,0.76938,0.71841,0.7816,0.55515,0.68111,0.6858,0.69322,0.39517,1.14602,2.0838,0.98912,1.30494,0,0,0,0.000236489,0.000236489,0.000236489
436,4539.53,1.49205,2.58333,1.3195,1.47969,0.14278,0.13489,0.14331,0.74201,0.73577,0.77841,0.55736,0.68959,0.68653,0.69435,0.40159,1.14428,2.0697,1.00332,1.30441,0,0,0,0.000235114,0.000235114,0.000235114
437,4549.62,1.48049,2.54285,1.33713,1.51167,0.13869,0.12995,0.13909,0.72544,0.73809,0.78788,0.5628,0.67866,0.68812,0.70355,0.4079,1.15465,2.07964,1.00385,1.30311,0,0,0,0.00023374,0.00023374,0.00023374
438,4559.93,1.53285,2.60705,1.32099,1.45725,0.13837,0.13033,0.1391,0.75268,0.74132,0.78478,0.54785,0.70774,0.66703,0.69357,0.39323,1.1515,2.06548,0.99068,1.30213,0,0,0,0.000232365,0.000232365,0.000232365
439,4570.32,1.50174,2.55566,1.3033,1.51805,0.14585,0.13578,0.14548,0.74016,0.75147,0.77726,0.55464,0.68053,0.66623,0.68218,0.39981,1.14718,2.08264,0.99923,1.299,0,0,0,0.000230991,0.000230991,0.000230991
440,4580.28,1.46666,2.60244,1.29177,1.47105,0.14181,0.13264,0.14212,0.75321,0.73871,0.78089,0.57275,0.76723,0.60281,0.67335,0.40675,1.1496,2.09609,1.0002,1.29703,0,0,0,0.000229616,0.000229616,0.000229616
441,4590.47,1.42832,2.54808,1.26427,1.45183,0.14504,0.13993,0.14924,0.80375,0.72846,0.78448,0.58276,0.73883,0.64631,0.68159,0.41127,1.14327,2.08562,0.98752,1.29439,0,0,0,0.000228242,0.000228242,0.000228242
442,4600.89,1.40323,2.5677,1.29012,1.45462,0.14857,0.13492,0.14499,0.81686,0.72163,0.78765,0.58461,0.74795,0.63752,0.68811,0.40829,1.13027,2.08317,0.97265,1.28848,0,0,0,0.000226868,0.000226868,0.000226868
443,4610.98,1.49287,2.60822,1.28062,1.43999,0.14405,0.13601,0.14509,0.74759,0.75227,0.78923,0.57633,0.66672,0.69959,0.68482,0.40275,1.14383,2.08548,0.96977,1.2974,0,0,0,0.000225493,0.000225493,0.000225493
444,4621.09,1.4868,2.6198,1.30608,1.49256,0.15071,0.14093,0.15099,0.76565,0.73822,0.7871,0.57551,0.70541,0.67474,0.68446,0.392,1.13328,2.07666,0.96543,1.2929,0,0,0,0.000224119,0.000224119,0.000224119
445,4631.25,1.46991,2.65798,1.293,1.47221,0.14723,0.14017,0.1497,0.75642,0.7436,0.77975,0.58554,0.68745,0.67464,0.66663,0.40519,1.11785,2.06458,0.97701,1.28535,0,0,0,0.000222744,0.000222744,0.000222744
446,4641.6,1.46035,2.59579,1.27921,1.46452,0.14394,0.13632,0.14558,0.74641,0.74404,0.78424,0.57629,0.67872,0.66836,0.67164,0.40068,1.12481,2.06161,0.97477,1.2847,0,0,0,0.00022137,0.00022137,0.00022137
447,4651.67,1.47009,2.60419,1.27441,1.42255,0.14506,0.1397,0.1469,0.75219,0.74994,0.78456,0.57513,0.68452,0.67576,0.67429,0.40496,1.11767,2.03966,0.97931,1.28048,0,0,0,0.000219995,0.000219995,0.000219995
448,4661.82,1.58215,2.59711,1.33519,1.46409,0.13869,0.12927,0.13926,0.80071,0.72909,0.79439,0.58398,0.72251,0.64282,0.68403,0.41448,1.11138,2.05487,0.98165,1.27816,0,0,0,0.000218621,0.000218621,0.000218621
449,4672.28,1.49094,2.53143,1.2778,1.4487,0.13467,0.13057,0.13853,0.74822,0.75923,0.79138,0.58479,0.67773,0.67869,0.68366,0.40514,1.11126,2.04405,0.96877,1.27927,0,0,0,0.000217246,0.000217246,0.000217246
450,4682.41,1.44149,2.54942,1.29125,1.49,0.14166,0.12988,0.14058,0.79273,0.73476,0.78116,0.58337,0.72375,0.66549,0.66828,0.40036,1.12028,2.05539,0.96644,1.28394,0,0,0,0.000215872,0.000215872,0.000215872
451,4692.59,1.45423,2.58036,1.24668,1.4501,0.14187,0.13657,0.14516,0.82774,0.69654,0.78171,0.57735,0.74962,0.63032,0.6731,0.40201,1.13068,2.06931,0.97801,1.28957,0,0,0,0.000214497,0.000214497,0.000214497
452,4702.66,1.5681,2.64602,1.32389,1.46484,0.1415,0.13526,0.14414,0.78856,0.70832,0.79314,0.57621,0.74577,0.61919,0.68165,0.40526,1.14053,2.08935,0.99137,1.29377,0,0,0,0.000213123,0.000213123,0.000213123
453,4712.95,1.47022,2.59112,1.33616,1.48022,0.14304,0.13518,0.14488,0.78358,0.71886,0.78617,0.57628,0.72723,0.63941,0.68063,0.39921,1.12318,2.07844,0.98009,1.28242,0,0,0,0.000211749,0.000211749,0.000211749
454,4723.09,1.4325,2.59143,1.27661,1.46709,0.14439,0.1366,0.14616,0.79705,0.72295,0.78129,0.57463,0.72882,0.64505,0.66969,0.39793,1.11403,2.05508,0.96428,1.27727,0,0,0,0.000210374,0.000210374,0.000210374
455,4733.24,1.42788,2.49238,1.24012,1.44398,0.13965,0.13774,0.14533,0.81402,0.69032,0.78183,0.57863,0.70355,0.64377,0.67522,0.40171,1.10984,2.03365,0.96611,1.27392,0,0,0,0.000209,0.000209,0.000209
456,4743.77,1.47757,2.49857,1.24171,1.42925,0.15197,0.14494,0.15434,0.78891,0.70039,0.78988,0.58188,0.70653,0.62905,0.67453,0.40985,1.12819,2.04329,0.97507,1.28606,0,0,0,0.000207625,0.000207625,0.000207625
457,4753.84,1.43368,2.5513,1.2484,1.42653,0.13859,0.13383,0.14299,0.81282,0.70647,0.789,0.57786,0.73299,0.63612,0.67662,0.40845,1.12013,2.02705,0.9671,1.28478,0,0,0,0.000206251,0.000206251,0.000206251
458,4763.9,1.43327,2.49137,1.23663,1.4556,0.14513,0.13745,0.14794,0.7775,0.72553,0.78842,0.58173,0.76616,0.61894,0.67113,0.39981,1.10426,2.00207,0.95175,1.28097,0,0,0,0.000204876,0.000204876,0.000204876
459,4774.16,1.46872,2.51571,1.25288,1.46591,0.14062,0.13139,0.14,0.80629,0.71548,0.78913,0.57727,0.73012,0.64795,0.67951,0.41833,1.0976,1.98814,0.955,1.27706,0,0,0,0.000203502,0.000203502,0.000203502
460,4784.48,1.52405,2.59516,1.26889,1.42009,0.14068,0.13471,0.14427,0.81413,0.73149,0.79328,0.58207,0.75594,0.6368,0.67876,0.4155,1.09938,2.00017,0.94864,1.27589,0,0,0,0.000202127,0.000202127,0.000202127
461,4794.65,1.45561,2.55714,1.23318,1.41175,0.1373,0.12846,0.13822,0.80239,0.7238,0.78991,0.57539,0.73804,0.63211,0.67295,0.40635,1.10512,1.9985,0.94838,1.2813,0,0,0,0.000200753,0.000200753,0.000200753
462,4804.88,1.52273,2.62374,1.28498,1.44749,0.1322,0.12964,0.13828,0.7874,0.72366,0.78765,0.57473,0.72992,0.64332,0.6711,0.39899,1.1124,2.00727,0.95092,1.28568,0,0,0,0.000199379,0.000199379,0.000199379
463,4815.2,1.46745,2.67265,1.29067,1.45127,0.13794,0.12894,0.13831,0.77758,0.72222,0.7851,0.57516,0.7194,0.65328,0.66662,0.40309,1.1085,2.02672,0.95584,1.28296,0,0,0,0.000198004,0.000198004,0.000198004
464,4825.33,1.41571,2.54043,1.28079,1.48792,0.13543,0.12914,0.13769,0.7655,0.7248,0.77946,0.57309,0.70567,0.64978,0.66728,0.39938,1.10489,2.03102,0.96194,1.27862,0,0,0,0.00019663,0.00019663,0.00019663
465,4835.42,1.52476,2.56915,1.31481,1.48382,0.13973,0.12741,0.1372,0.76251,0.72769,0.78692,0.57764,0.64779,0.65128,0.65427,0.40374,1.10572,2.02494,0.95959,1.27819,0,0,0,0.000195255,0.000195255,0.000195255
466,4845.58,1.44142,2.58103,1.27898,1.46465,0.1404,0.13089,0.14147,0.73699,0.75666,0.78663,0.57112,0.65974,0.66694,0.67097,0.40117,1.11105,2.0375,0.97272,1.27756,0,0,0,0.000193881,0.000193881,0.000193881
467,4855.82,1.486,2.59141,1.28591,1.49147,0.13664,0.13119,0.14121,0.71889,0.76036,0.7863,0.57674,0.65114,0.68708,0.68147,0.41017,1.11925,2.04841,0.97875,1.27402,0,0,0,0.000192506,0.000192506,0.000192506
468,4866.03,1.47762,2.5595,1.30529,1.45246,0.13694,0.12897,0.13831,0.77348,0.71996,0.78553,0.58568,0.69419,0.66771,0.68635,0.4118,1.10588,2.02254,0.9714,1.26754,0,0,0,0.000191132,0.000191132,0.000191132
469,4876.12,1.45371,2.52319,1.2479,1.44357,0.13136,0.12799,0.13594,0.77393,0.73004,0.78963,0.58462,0.68886,0.69259,0.68892,0.40892,1.11728,2.0073,0.96297,1.27412,0,0,0,0.000189757,0.000189757,0.000189757
470,4886.41,1.43649,2.51254,1.24524,1.42328,0.13458,0.13259,0.14155,0.78191,0.73135,0.78678,0.58405,0.6828,0.67584,0.67951,0.40381,1.11253,2.01113,0.95768,1.27828,0,0,0,0.000188383,0.000188383,0.000188383
471,4896.42,1.42225,2.51055,1.2344,1.43527,0.13351,0.13204,0.13968,0.78246,0.71972,0.78361,0.58676,0.72309,0.66153,0.69223,0.41463,1.10546,2.00484,0.95703,1.27418,0,0,0,0.000187008,0.000187008,0.000187008
472,4906.76,1.53271,2.56552,1.31096,1.45714,0.12777,0.12312,0.13128,0.76511,0.73341,0.77999,0.58439,0.69804,0.67173,0.68272,0.4153,1.10386,2.00616,0.97309,1.27039,0,0,0,0.000185634,0.000185634,0.000185634
473,4916.89,1.4151,2.41787,1.23365,1.42313,0.13406,0.12923,0.13915,0.77241,0.73432,0.78166,0.58534,0.72298,0.66497,0.70119,0.41691,1.09614,2.01239,0.96172,1.26213,0,0,0,0.00018426,0.00018426,0.00018426
474,4927.23,1.37639,2.41668,1.20699,1.41899,0.13397,0.12883,0.13769,0.7723,0.74539,0.78164,0.58831,0.70318,0.67531,0.68358,0.41432,1.09291,2.00743,0.9469,1.25947,0,0,0,0.000182885,0.000182885,0.000182885
475,4937.51,1.50686,2.56325,1.32562,1.49485,0.15127,0.13787,0.14783,0.78625,0.74475,0.7877,0.58737,0.71006,0.66634,0.67871,0.41564,1.10146,2.0161,0.94582,1.26738,0,0,0,0.000181511,0.000181511,0.000181511
476,4947.82,1.43154,2.54175,1.22707,1.43239,0.1413,0.13451,0.14347,0.79057,0.74788,0.78849,0.58991,0.70065,0.67509,0.66533,0.41228,1.10141,2.00788,0.94285,1.26243,0,0,0,0.000180136,0.000180136,0.000180136
477,4958.06,1.55056,2.58079,1.33861,1.48644,0.13631,0.12504,0.13579,0.7945,0.7266,0.78816,0.58877,0.67038,0.68406,0.66721,0.41127,1.09606,2.01138,0.94872,1.2583,0,0,0,0.000178762,0.000178762,0.000178762
478,4968.12,1.49614,2.56669,1.28782,1.44099,0.13494,0.13085,0.13959,0.79041,0.73907,0.78856,0.59203,0.70524,0.66106,0.68791,0.41471,1.10091,2.02117,0.9552,1.25949,0,0,0,0.000177387,0.000177387,0.000177387
479,4978.43,1.4393,2.4698,1.22436,1.40178,0.12558,0.12492,0.13354,0.77761,0.75857,0.7912,0.59308,0.70416,0.70063,0.69739,0.42086,1.09953,2.01718,0.95173,1.25949,0,0,0,0.000176013,0.000176013,0.000176013
480,4988.96,1.39304,2.46242,1.22224,1.45225,0.13673,0.12804,0.13718,0.82261,0.73366,0.79533,0.59351,0.70231,0.71756,0.70186,0.42315,1.08807,2.00955,0.94622,1.25317,0,0,0,0.000174638,0.000174638,0.000174638
481,4999.31,1.47787,2.53643,1.2524,1.43369,0.13979,0.1376,0.14732,0.7968,0.7514,0.7934,0.58954,0.71126,0.68503,0.6871,0.42068,1.07632,1.97659,0.94822,1.24933,0,0,0,0.000173264,0.000173264,0.000173264
482,5009.5,1.46537,2.49529,1.23883,1.40047,0.13954,0.13222,0.14088,0.83167,0.73191,0.79197,0.58662,0.74461,0.65537,0.68479,0.41799,1.08345,1.96942,0.94686,1.25574,0,0,0,0.00017189,0.00017189,0.00017189
483,5019.71,1.3979,2.40109,1.18763,1.41814,0.13574,0.13233,0.14085,0.81174,0.73755,0.79235,0.58411,0.73158,0.65639,0.68342,0.41181,1.09452,1.97316,0.93445,1.25816,0,0,0,0.000170515,0.000170515,0.000170515
484,5030.03,1.44142,2.5676,1.23159,1.42377,0.13436,0.13129,0.13953,0.79722,0.73731,0.78809,0.57836,0.72399,0.66709,0.68412,0.41168,1.09433,1.97572,0.94369,1.25694,0,0,0,0.000169141,0.000169141,0.000169141
485,5040.27,1.47777,2.48858,1.25295,1.4422,0.13859,0.13368,0.14427,0.78147,0.74852,0.78357,0.57411,0.718,0.6767,0.67958,0.4068,1.09317,1.97595,0.95181,1.25778,0,0,0,0.000167766,0.000167766,0.000167766
486,5050.4,1.49203,2.55498,1.26062,1.43988,0.14461,0.1405,0.14976,0.78079,0.74855,0.78317,0.57457,0.70071,0.66647,0.67134,0.41329,1.08527,1.98069,0.95383,1.25789,0,0,0,0.000166392,0.000166392,0.000166392
487,5060.73,1.49998,2.55476,1.27861,1.42429,0.13753,0.13096,0.13891,0.77494,0.74798,0.78472,0.58031,0.69254,0.67788,0.677,0.4161,1.08266,1.96921,0.95127,1.2564,0,0,0,0.000165017,0.000165017,0.000165017
488,5070.85,1.40451,2.41031,1.23196,1.41991,0.14309,0.13491,0.14541,0.73269,0.77904,0.78416,0.58053,0.65677,0.70578,0.67694,0.40972,1.07777,1.96541,0.95012,1.25183,0,0,0,0.000163643,0.000163643,0.000163643
489,5080.92,1.41376,2.484,1.19495,1.38481,0.13237,0.12915,0.13716,0.7244,0.7785,0.79095,0.58509,0.63867,0.69489,0.67327,0.41365,1.07302,1.9507,0.93769,1.24688,0,0,0,0.000162268,0.000162268,0.000162268
490,5091.21,1.35557,2.4286,1.19709,1.41892,0.13022,0.12702,0.13527,0.74331,0.74784,0.78688,0.58083,0.66839,0.6855,0.67935,0.41211,1.08294,1.95633,0.93633,1.24752,0,0,0,0.000160894,0.000160894,0.000160894
491,5101.31,1.44403,2.5909,1.26886,1.42158,0.13658,0.13231,0.14044,0.71977,0.76727,0.78892,0.58598,0.77035,0.60821,0.68016,0.41034,1.09293,1.96696,0.93939,1.24903,0,0,0,0.00015952,0.00015952,0.00015952
492,5111.5,1.41703,2.41896,1.2127,1.4256,0.13406,0.13061,0.13939,0.81811,0.70406,0.78463,0.58511,0.74788,0.63688,0.68739,0.42217,1.09223,1.9663,0.9424,1.24857,0,0,0,0.000158145,0.000158145,0.000158145
493,5121.65,1.44157,2.47241,1.22049,1.42571,0.13279,0.1318,0.13906,0.73252,0.7734,0.786,0.58098,0.75788,0.62111,0.68473,0.42014,1.08975,1.95846,0.94578,1.24774,0,0,0,0.000156771,0.000156771,0.000156771
494,5131.71,1.41881,2.47096,1.21507,1.40968,0.13434,0.12934,0.13832,0.74355,0.76717,0.79181,0.58495,0.68874,0.6819,0.69469,0.42229,1.08601,1.96116,0.93896,1.24673,0,0,0,0.000155396,0.000155396,0.000155396
495,5141.75,1.45775,2.49938,1.25512,1.43996,0.13913,0.1302,0.13907,0.77,0.75014,0.7913,0.58182,0.6972,0.68332,0.69407,0.42537,1.07191,1.95962,0.93952,1.24111,0,0,0,0.000154022,0.000154022,0.000154022
496,5151.88,1.37961,2.44158,1.25134,1.43343,0.13372,0.13142,0.13998,0.7807,0.75005,0.79115,0.58613,0.71545,0.68441,0.69336,0.4318,1.0734,1.9618,0.938,1.24129,0,0,0,0.000152647,0.000152647,0.000152647
497,5162.24,1.38034,2.48288,1.22458,1.41616,0.12949,0.12311,0.13252,0.76911,0.74971,0.79197,0.59089,0.70279,0.6872,0.70211,0.43253,1.08163,1.97333,0.94401,1.24678,0,0,0,0.000151273,0.000151273,0.000151273
498,5172.49,1.41121,2.52595,1.22097,1.44121,0.14858,0.14043,0.15042,0.77879,0.73009,0.79049,0.58745,0.69198,0.68286,0.68955,0.42534,1.07861,1.96132,0.94486,1.24642,0,0,0,0.000149898,0.000149898,0.000149898
499,5182.67,1.4,2.49163,1.22295,1.41827,0.14517,0.13653,0.14439,0.77886,0.74669,0.79132,0.58788,0.69188,0.66605,0.68562,0.42007,1.07109,1.9571,0.94247,1.24098,0,0,0,0.000148524,0.000148524,0.000148524
500,5192.92,1.39613,2.39454,1.17116,1.40918,0.13548,0.12648,0.1362,0.78681,0.74491,0.79397,0.59386,0.69597,0.68136,0.69117,0.42289,1.06062,1.94421,0.92953,1.23462,0,0,0,0.000147149,0.000147149,0.000147149
501,5203.05,1.42963,2.4892,1.22599,1.40441,0.14326,0.13572,0.14547,0.79082,0.74007,0.79281,0.59301,0.69532,0.69751,0.69577,0.43191,1.06835,1.94284,0.92828,1.23723,0,0,0,0.000145775,0.000145775,0.000145775
502,5213.38,1.39577,2.48422,1.19522,1.43559,0.13973,0.1386,0.14624,0.77635,0.74606,0.80108,0.59959,0.70797,0.68078,0.6991,0.4369,1.07785,1.94691,0.92439,1.24173,0,0,0,0.000144401,0.000144401,0.000144401
503,5223.64,1.42642,2.46278,1.20903,1.40994,0.13815,0.13554,0.14291,0.79704,0.74062,0.80087,0.59858,0.72746,0.67846,0.69976,0.4305,1.06172,1.94283,0.92196,1.23359,0,0,0,0.000143026,0.000143026,0.000143026
504,5233.89,1.40849,2.38631,1.2128,1.42453,0.13453,0.13133,0.14018,0.74502,0.77045,0.79756,0.58891,0.67977,0.69553,0.68706,0.42736,1.06497,1.94404,0.93182,1.23474,0,0,0,0.000141652,0.000141652,0.000141652
505,5243.98,1.37541,2.39093,1.238,1.42418,0.13548,0.13131,0.14082,0.77191,0.74868,0.78836,0.58394,0.70888,0.683,0.67932,0.41844,1.08524,1.93911,0.93658,1.24288,0,0,0,0.000140277,0.000140277,0.000140277
506,5254.1,1.38303,2.42896,1.21545,1.4339,0.13572,0.13233,0.14072,0.74073,0.77912,0.7925,0.59444,0.66736,0.69835,0.66888,0.41379,1.07395,1.94178,0.92597,1.23696,0,0,0,0.000138903,0.000138903,0.000138903
507,5264.25,1.40552,2.45265,1.20991,1.42432,0.13416,0.13256,0.14123,0.74646,0.76417,0.79032,0.59132,0.66982,0.68815,0.66675,0.41447,1.06284,1.94526,0.92443,1.23606,0,0,0,0.000137528,0.000137528,0.000137528
508,5274.25,1.41416,2.49459,1.21267,1.40492,0.14448,0.13816,0.14871,0.77173,0.75496,0.80349,0.59787,0.69771,0.68417,0.69434,0.43274,1.06445,1.94415,0.92863,1.23734,0,0,0,0.000136154,0.000136154,0.000136154
509,5284.37,1.37558,2.43689,1.19639,1.41863,0.13728,0.13688,0.14492,0.76277,0.7623,0.79117,0.58652,0.6829,0.68393,0.67981,0.42513,1.06146,1.94227,0.93674,1.2336,0,0,0,0.000134779,0.000134779,0.000134779
510,5294.42,1.38599,2.46414,1.17655,1.4034,0.13851,0.13545,0.14288,0.75092,0.77598,0.79109,0.58936,0.67325,0.69515,0.67977,0.42312,1.0435,1.93407,0.9235,1.22301,0,0,0,0.000133405,0.000133405,0.000133405
511,5304.65,1.41404,2.49025,1.25138,1.44894,0.13757,0.12824,0.13748,0.76244,0.75618,0.79291,0.59013,0.68446,0.67966,0.68367,0.42252,1.04764,1.93355,0.91592,1.22575,0,0,0,0.000132031,0.000132031,0.000132031
512,5314.8,1.44857,2.3997,1.25886,1.40952,0.14554,0.13768,0.14637,0.76624,0.75794,0.79441,0.59081,0.7039,0.66057,0.6765,0.42143,1.053,1.92583,0.9176,1.22727,0,0,0,0.000130656,0.000130656,0.000130656
513,5324.83,1.38882,2.43285,1.22646,1.412,0.13841,0.13334,0.14258,0.76991,0.74023,0.79079,0.5945,0.79902,0.60117,0.67838,0.42556,1.06061,1.92171,0.92773,1.22842,0,0,0,0.000129282,0.000129282,0.000129282
514,5334.99,1.38237,2.42997,1.19296,1.37939,0.12752,0.12954,0.13593,0.74488,0.76321,0.78906,0.59734,0.71674,0.64779,0.68471,0.42882,1.04948,1.91289,0.92001,1.22222,0,0,0,0.000127907,0.000127907,0.000127907
515,5345.42,1.44395,2.50353,1.24033,1.41478,0.1358,0.1261,0.13557,0.76447,0.76725,0.79444,0.59695,0.68789,0.68448,0.68642,0.43189,1.04166,1.91064,0.90817,1.21924,0,0,0,0.000126533,0.000126533,0.000126533
516,5355.42,1.42759,2.46175,1.20871,1.40508,0.13966,0.13815,0.14665,0.74738,0.77357,0.79362,0.59809,0.67992,0.68684,0.68442,0.43392,1.04174,1.91758,0.90676,1.21968,0,0,0,0.000125158,0.000125158,0.000125158
517,5365.54,1.40786,2.46958,1.22352,1.41805,0.13521,0.128,0.13838,0.767,0.77088,0.79469,0.60098,0.69049,0.68815,0.67873,0.42881,1.04577,1.92048,0.9152,1.22282,0,0,0,0.000123784,0.000123784,0.000123784
518,5375.74,1.39107,2.41679,1.21379,1.41983,0.12845,0.12292,0.13285,0.7561,0.77237,0.78916,0.60063,0.68405,0.69339,0.67966,0.42702,1.0645,1.93027,0.92357,1.22943,0,0,0,0.000122409,0.000122409,0.000122409
519,5385.75,1.40042,2.48441,1.2161,1.41709,0.13289,0.13079,0.13922,0.7924,0.74516,0.79312,0.59504,0.70588,0.67793,0.68215,0.42739,1.06118,1.92274,0.91764,1.22861,0,0,0,0.000121035,0.000121035,0.000121035
520,5395.85,1.43177,2.46207,1.18793,1.38814,0.1384,0.13139,0.14049,0.78102,0.75839,0.79294,0.59852,0.69931,0.67874,0.67952,0.42576,1.06109,1.9122,0.91533,1.22881,0,0,0,0.00011966,0.00011966,0.00011966
521,5406.07,1.36688,2.45758,1.20872,1.40019,0.13804,0.13633,0.14554,0.78511,0.74743,0.7965,0.60273,0.70277,0.66336,0.68916,0.43596,1.05577,1.90361,0.91881,1.22356,0,0,0,0.000118286,0.000118286,0.000118286
522,5416.48,1.42386,2.44786,1.2306,1.41191,0.13922,0.13158,0.14058,0.78005,0.76194,0.79642,0.60135,0.7022,0.68708,0.70155,0.4359,1.06037,1.90712,0.92986,1.22367,0,0,0,0.000116912,0.000116912,0.000116912
523,5426.61,1.4243,2.46229,1.25779,1.43012,0.13139,0.12775,0.13855,0.80783,0.75561,0.79914,0.60523,0.72173,0.68323,0.69529,0.43363,1.05429,1.91176,0.923,1.21974,0,0,0,0.000115537,0.000115537,0.000115537
524,5436.91,1.48385,2.53161,1.21456,1.40558,0.13618,0.13327,0.14171,0.79566,0.75333,0.79642,0.60177,0.70182,0.67998,0.69528,0.43714,1.04784,1.90948,0.90812,1.21703,0,0,0,0.000114163,0.000114163,0.000114163
525,5447.32,1.45251,2.48349,1.21591,1.41719,0.13867,0.13379,0.14395,0.79631,0.76407,0.79785,0.59811,0.71288,0.68317,0.6919,0.43377,1.04708,1.91504,0.90525,1.22002,0,0,0,0.000112788,0.000112788,0.000112788
526,5457.44,1.37053,2.41059,1.16367,1.35843,0.13007,0.12886,0.13688,0.78902,0.77224,0.796,0.6025,0.71436,0.69102,0.69094,0.43731,1.04075,1.91048,0.90223,1.216,0,0,0,0.000111414,0.000111414,0.000111414
527,5467.64,1.42264,2.44159,1.20302,1.39726,0.13583,0.13337,0.14173,0.7756,0.78089,0.79917,0.60199,0.72757,0.68726,0.6926,0.43542,1.03771,1.90598,0.8982,1.21574,0,0,0,0.000110039,0.000110039,0.000110039
528,5477.91,1.38196,2.46073,1.193,1.40263,0.12835,0.12586,0.13417,0.79695,0.76293,0.79993,0.59908,0.72958,0.6933,0.69471,0.4331,1.04364,1.91385,0.89484,1.21908,0,0,0,0.000108665,0.000108665,0.000108665
529,5487.91,1.41278,2.41983,1.18024,1.3964,0.13314,0.13266,0.14236,0.77417,0.77661,0.79982,0.59739,0.74948,0.66361,0.70341,0.44187,1.04198,1.90579,0.89608,1.22007,0,0,0,0.00010729,0.00010729,0.00010729
530,5497.98,1.39109,2.43063,1.20272,1.40087,0.1398,0.13246,0.14361,0.75671,0.78535,0.79541,0.60324,0.73389,0.67038,0.70364,0.4417,1.0349,1.89277,0.89599,1.21714,0,0,0,0.000105916,0.000105916,0.000105916
531,5508.44,1.37981,2.39029,1.21189,1.41859,0.12662,0.12454,0.13259,0.77173,0.76992,0.79902,0.60715,0.72738,0.67524,0.69621,0.44157,1.03749,1.89749,0.89802,1.21899,0,0,0,0.000104542,0.000104542,0.000104542
532,5518.67,1.40603,2.46106,1.22141,1.43029,0.13686,0.13082,0.14109,0.77414,0.77136,0.79645,0.6093,0.72499,0.67607,0.69309,0.4415,1.03411,1.88963,0.90021,1.21815,0,0,0,0.000103167,0.000103167,0.000103167
533,5528.93,1.37587,2.38966,1.17468,1.39553,0.13804,0.13426,0.14435,0.78306,0.73313,0.79746,0.60573,0.72409,0.67538,0.70203,0.44446,1.03417,1.88834,0.89693,1.21899,0,0,0,0.000101793,0.000101793,0.000101793
534,5539.05,1.43161,2.49861,1.20992,1.37537,0.13978,0.13606,0.14499,0.77882,0.74958,0.79704,0.60197,0.71848,0.68283,0.70522,0.44372,1.03983,1.88479,0.89943,1.21994,0,0,0,0.000100418,0.000100418,0.000100418
535,5549.28,1.42168,2.49683,1.26873,1.42767,0.1353,0.13115,0.13927,0.78334,0.75146,0.79709,0.60668,0.72166,0.668,0.69257,0.44488,1.03546,1.87872,0.90529,1.21577,0,0,0,9.90437e-05,9.90437e-05,9.90437e-05
536,5559.57,1.44587,2.47872,1.22883,1.39299,0.136,0.13111,0.13977,0.78165,0.75596,0.80551,0.61216,0.70255,0.67952,0.70269,0.45252,1.02537,1.87782,0.90449,1.21139,0,0,0,9.76692e-05,9.76692e-05,9.76692e-05
537,5569.89,1.46272,2.47506,1.2297,1.3865,0.12691,0.12417,0.13315,0.77948,0.74455,0.80722,0.6087,0.71029,0.67982,0.70062,0.45384,1.02134,1.87991,0.90281,1.21135,0,0,0,9.62948e-05,9.62948e-05,9.62948e-05
538,5580.07,1.35018,2.40359,1.16974,1.39783,0.13421,0.12767,0.13839,0.73732,0.76767,0.79733,0.60344,0.68514,0.68459,0.69127,0.44309,1.01975,1.88973,0.89971,1.21085,0,0,0,9.49203e-05,9.49203e-05,9.49203e-05
539,5590.12,1.33779,2.40597,1.16588,1.41294,0.13103,0.12765,0.13747,0.74552,0.75443,0.79703,0.60527,0.72569,0.65855,0.69509,0.44736,1.01797,1.87877,0.89524,1.20986,0,0,0,9.35459e-05,9.35459e-05,9.35459e-05
540,5600.15,1.36989,2.31759,1.17961,1.41367,0.13863,0.13216,0.14115,0.76664,0.76075,0.80162,0.60902,0.73758,0.6474,0.6967,0.44343,1.0303,1.88194,0.89572,1.21366,0,0,0,9.21715e-05,9.21715e-05,9.21715e-05
541,5610.11,1.34323,2.3407,1.14934,1.3791,0.1342,0.13206,0.1415,0.76727,0.75457,0.8007,0.60296,0.68631,0.69439,0.7019,0.44413,1.03775,1.88822,0.89834,1.21594,0,0,0,9.0797e-05,9.0797e-05,9.0797e-05
542,5620.51,1.39936,2.44957,1.17136,1.371,0.13,0.12816,0.13497,0.79263,0.74479,0.80199,0.60011,0.76946,0.63701,0.70444,0.44101,1.03251,1.87782,0.89615,1.21431,0,0,0,8.94226e-05,8.94226e-05,8.94226e-05
543,5630.68,1.40227,2.42983,1.19839,1.39035,0.12583,0.12593,0.1342,0.79435,0.75944,0.80299,0.60261,0.70105,0.6983,0.70517,0.44363,1.03208,1.87562,0.89631,1.214,0,0,0,8.80481e-05,8.80481e-05,8.80481e-05
544,5640.85,1.3887,2.45888,1.19953,1.44066,0.13631,0.1321,0.14171,0.78558,0.7671,0.80145,0.605,0.69823,0.69999,0.70894,0.4491,1.02231,1.87375,0.89189,1.20703,0,0,0,8.66736e-05,8.66736e-05,8.66736e-05
545,5650.78,1.3789,2.38413,1.16337,1.37292,0.12377,0.12412,0.13181,0.7845,0.74978,0.80271,0.61013,0.71198,0.67568,0.70021,0.45012,1.02107,1.87512,0.89492,1.20478,0,0,0,8.52992e-05,8.52992e-05,8.52992e-05
546,5661,1.36479,2.40895,1.20703,1.39052,0.1295,0.12564,0.13327,0.77494,0.7698,0.80202,0.60984,0.70409,0.69718,0.70169,0.44808,1.02405,1.86966,0.89634,1.20494,0,0,0,8.39248e-05,8.39248e-05,8.39248e-05
547,5671.09,1.3137,2.39877,1.17599,1.38848,0.13241,0.13158,0.14109,0.77857,0.76379,0.79878,0.60326,0.70598,0.69069,0.70238,0.44038,1.03411,1.87148,0.89826,1.20948,0,0,0,8.25503e-05,8.25503e-05,8.25503e-05
548,5681.07,1.35893,2.42315,1.15723,1.37653,0.13797,0.13702,0.1459,0.76679,0.77835,0.80029,0.6011,0.6942,0.70427,0.70322,0.44139,1.03328,1.87545,0.89935,1.21161,0,0,0,8.11759e-05,8.11759e-05,8.11759e-05
549,5691.28,1.39915,2.43097,1.16639,1.37584,0.14433,0.13845,0.14972,0.75642,0.78233,0.80006,0.59985,0.7044,0.68543,0.70416,0.44298,1.02594,1.87911,0.9008,1.20927,0,0,0,7.98014e-05,7.98014e-05,7.98014e-05
550,5701.31,1.37223,2.32699,1.18737,1.36064,0.13413,0.12954,0.13901,0.77429,0.76053,0.80315,0.6048,0.71564,0.68083,0.70697,0.44397,1.02069,1.87887,0.89931,1.20628,0,0,0,7.84269e-05,7.84269e-05,7.84269e-05
551,5711.38,1.34455,2.34946,1.16521,1.37261,0.13046,0.12623,0.13623,0.78093,0.75162,0.80258,0.60393,0.70923,0.66314,0.69478,0.4415,1.01967,1.87292,0.89636,1.20446,0,0,0,7.70525e-05,7.70525e-05,7.70525e-05
552,5721.45,1.28877,2.2944,1.11818,1.38098,0.12611,0.12471,0.13278,0.78474,0.77102,0.80242,0.60366,0.70648,0.69565,0.70333,0.44037,1.01926,1.87262,0.89297,1.20399,0,0,0,7.5678e-05,7.5678e-05,7.5678e-05
553,5731.69,1.33517,2.43524,1.16747,1.38955,0.13624,0.13327,0.14219,0.78921,0.76904,0.80271,0.61003,0.71223,0.69557,0.70543,0.44295,1.01724,1.86577,0.8858,1.20315,0,0,0,7.43036e-05,7.43036e-05,7.43036e-05
554,5741.71,1.33596,2.39902,1.16174,1.39615,0.12774,0.12643,0.13325,0.79446,0.75411,0.80132,0.6059,0.73361,0.66652,0.70255,0.44364,1.01364,1.86138,0.87966,1.20293,0,0,0,7.29292e-05,7.29292e-05,7.29292e-05
555,5751.83,1.36605,2.43551,1.16417,1.38573,0.13514,0.1317,0.14166,0.79999,0.75547,0.80274,0.60987,0.71156,0.68095,0.70136,0.43717,1.01227,1.86407,0.88062,1.20257,0,0,0,7.15547e-05,7.15547e-05,7.15547e-05
556,5761.99,1.425,2.38083,1.20397,1.38699,0.1268,0.12739,0.13447,0.78908,0.77778,0.80266,0.60959,0.6968,0.68594,0.68913,0.43686,1.01361,1.85743,0.88421,1.20365,0,0,0,7.01802e-05,7.01802e-05,7.01802e-05
557,5772.15,1.33197,2.35267,1.12901,1.39824,0.13703,0.12831,0.13866,0.79521,0.78728,0.80615,0.60887,0.70757,0.70909,0.70547,0.43735,1.01567,1.85737,0.88358,1.20472,0,0,0,6.88058e-05,6.88058e-05,6.88058e-05
558,5782.35,1.38161,2.4315,1.16472,1.39466,0.13332,0.13318,0.14136,0.7712,0.79057,0.80472,0.60893,0.70161,0.71272,0.69527,0.43848,1.01191,1.85833,0.88486,1.20199,0,0,0,6.74313e-05,6.74313e-05,6.74313e-05
559,5792.59,1.3532,2.34887,1.12995,1.36098,0.13443,0.1359,0.14337,0.77961,0.78123,0.80577,0.61417,0.69403,0.70002,0.69883,0.44193,1.01145,1.86001,0.88538,1.19953,0,0,0,6.60569e-05,6.60569e-05,6.60569e-05
560,5802.9,1.4089,2.43739,1.16787,1.38029,0.13374,0.13039,0.13946,0.78055,0.77729,0.80593,0.61269,0.69966,0.69487,0.69767,0.44884,1.00811,1.86069,0.88699,1.19767,0,0,0,6.46825e-05,6.46825e-05,6.46825e-05
561,5812.99,1.41432,2.48397,1.17508,1.39364,0.14316,0.13548,0.14457,0.78431,0.77312,0.80414,0.61309,0.70419,0.69821,0.69511,0.44838,1.01061,1.85566,0.88447,1.19608,0,0,0,6.3308e-05,6.3308e-05,6.3308e-05
562,5823.1,1.34754,2.37393,1.1686,1.38681,0.13452,0.13078,0.14012,0.78954,0.78867,0.80541,0.61157,0.69779,0.71313,0.70005,0.44849,1.01506,1.85726,0.88191,1.19787,0,0,0,6.19335e-05,6.19335e-05,6.19335e-05
563,5833.39,1.36195,2.39594,1.16626,1.37576,0.12651,0.12673,0.13562,0.79416,0.77373,0.80399,0.61012,0.70361,0.70968,0.70228,0.44824,1.01275,1.85947,0.87813,1.19815,0,0,0,6.05591e-05,6.05591e-05,6.05591e-05
564,5843.52,1.35929,2.4121,1.15226,1.37656,0.13989,0.13694,0.14461,0.80034,0.77117,0.80272,0.61299,0.71949,0.69669,0.70225,0.44694,1.01224,1.85539,0.87386,1.19947,0,0,0,5.91846e-05,5.91846e-05,5.91846e-05
565,5853.63,1.41708,2.45229,1.18731,1.40103,0.13497,0.13262,0.14091,0.78996,0.77476,0.80246,0.61397,0.71069,0.70212,0.70227,0.44888,1.01653,1.85521,0.87627,1.20136,0,0,0,5.78102e-05,5.78102e-05,5.78102e-05
566,5863.73,1.3914,2.42469,1.21207,1.38367,0.12708,0.12809,0.1354,0.79475,0.74717,0.80264,0.61102,0.68795,0.70783,0.69842,0.44917,1.01517,1.85608,0.87702,1.19995,0,0,0,5.64358e-05,5.64358e-05,5.64358e-05
567,5874,1.37258,2.40553,1.1906,1.4069,0.13748,0.13111,0.14011,0.78068,0.77587,0.80176,0.61207,0.69654,0.70363,0.70529,0.45029,1.00387,1.85213,0.87417,1.19504,0,0,0,5.50613e-05,5.50613e-05,5.50613e-05
568,5884.13,1.37708,2.39142,1.15569,1.37215,0.13006,0.1294,0.138,0.79023,0.76162,0.80194,0.61425,0.70258,0.69411,0.70526,0.45114,0.99809,1.8497,0.87186,1.19254,0,0,0,5.36869e-05,5.36869e-05,5.36869e-05
569,5894.5,1.40298,2.40368,1.18012,1.38716,0.13564,0.13167,0.14115,0.7822,0.76758,0.8018,0.61218,0.69921,0.69972,0.70769,0.45521,0.99717,1.84279,0.869,1.19138,0,0,0,5.23124e-05,5.23124e-05,5.23124e-05
570,5904.85,1.41144,2.40431,1.18008,1.36863,0.13434,0.13071,0.14051,0.79824,0.75955,0.80294,0.61346,0.71697,0.68997,0.70854,0.45559,1.00265,1.84045,0.87328,1.19225,0,0,0,5.09379e-05,5.09379e-05,5.09379e-05
571,5915.23,1.34609,2.294,1.14289,1.40263,0.12707,0.12865,0.13622,0.78299,0.76994,0.8021,0.61122,0.72313,0.68807,0.71071,0.45519,1.00691,1.83793,0.87833,1.19553,0,0,0,4.95635e-05,4.95635e-05,4.95635e-05
572,5925.42,1.32947,2.41738,1.14347,1.34728,0.13402,0.13255,0.14135,0.78616,0.77195,0.80056,0.61187,0.70949,0.69333,0.7074,0.45346,1.0054,1.83597,0.87942,1.19476,0,0,0,4.81891e-05,4.81891e-05,4.81891e-05
573,5935.58,1.3941,2.41858,1.18509,1.36445,0.12804,0.12892,0.13561,0.77392,0.77038,0.80032,0.61072,0.6914,0.69299,0.70561,0.45834,1.00078,1.83472,0.87946,1.194,0,0,0,4.68146e-05,4.68146e-05,4.68146e-05
574,5946.25,1.41501,2.33983,1.2178,1.37954,0.13417,0.12846,0.13749,0.77877,0.77768,0.80115,0.60933,0.72121,0.68633,0.70607,0.45423,1.00097,1.83668,0.87923,1.19348,0,0,0,4.54402e-05,4.54402e-05,4.54402e-05
575,5956.3,1.3381,2.35731,1.14571,1.37708,0.1296,0.12834,0.1355,0.76793,0.77813,0.80142,0.6086,0.67341,0.72782,0.70726,0.45253,1.00085,1.83494,0.87776,1.19303,0,0,0,4.40657e-05,4.40657e-05,4.40657e-05
576,5966.33,1.38865,2.38499,1.1557,1.38314,0.12391,0.12602,0.13261,0.77916,0.77825,0.80252,0.60831,0.70263,0.69618,0.70647,0.45181,0.99917,1.83368,0.87482,1.19135,0,0,0,4.26912e-05,4.26912e-05,4.26912e-05
577,5976.49,1.38167,2.44535,1.14394,1.35037,0.12147,0.12354,0.13103,0.77203,0.77944,0.80249,0.61114,0.70161,0.70068,0.70761,0.45583,0.99854,1.83513,0.87382,1.19143,0,0,0,4.13168e-05,4.13168e-05,4.13168e-05
578,5986.7,1.37313,2.37543,1.1507,1.3705,0.13022,0.12821,0.1361,0.77347,0.78322,0.80182,0.61203,0.71124,0.69828,0.70425,0.45428,1.00266,1.83933,0.87505,1.19357,0,0,0,3.99423e-05,3.99423e-05,3.99423e-05
579,5996.75,1.29011,2.25567,1.14167,1.38888,0.13419,0.13139,0.14047,0.7822,0.7746,0.80231,0.61211,0.71685,0.69678,0.70605,0.45384,1.0037,1.83575,0.8778,1.19362,0,0,0,3.85679e-05,3.85679e-05,3.85679e-05
580,6006.77,1.361,2.34428,1.17125,1.38035,0.13225,0.12605,0.13586,0.79421,0.75538,0.80308,0.61154,0.7253,0.68674,0.7082,0.45522,0.9989,1.82952,0.87535,1.19123,0,0,0,3.71935e-05,3.71935e-05,3.71935e-05
581,6016.98,1.38578,2.33521,1.18563,1.36993,0.13409,0.1301,0.1396,0.78255,0.78476,0.80526,0.61459,0.70586,0.71397,0.71547,0.45683,0.9963,1.82727,0.87293,1.1891,0,0,0,3.5819e-05,3.5819e-05,3.5819e-05
582,6027.36,1.2834,2.30521,1.12097,1.37138,0.13516,0.13428,0.14311,0.78466,0.78158,0.80426,0.61529,0.70483,0.69807,0.69837,0.4545,0.99412,1.82426,0.87134,1.18811,0,0,0,3.44445e-05,3.44445e-05,3.44445e-05
583,6037.47,1.40644,2.43066,1.15424,1.37772,0.13499,0.13503,0.14267,0.78812,0.77664,0.8044,0.61911,0.70686,0.69401,0.6981,0.45664,0.99109,1.82078,0.87029,1.18759,0,0,0,3.30701e-05,3.30701e-05,3.30701e-05
584,6047.81,1.32009,2.3084,1.14707,1.39152,0.13935,0.13374,0.14323,0.77412,0.78925,0.80358,0.61699,0.6837,0.7112,0.69454,0.45449,0.99006,1.82202,0.87279,1.18789,0,0,0,3.16956e-05,3.16956e-05,3.16956e-05
585,6057.98,1.35371,2.32528,1.1886,1.39011,0.12709,0.12428,0.13294,0.78811,0.78311,0.80349,0.61667,0.69884,0.69688,0.69537,0.45565,0.99281,1.82532,0.87434,1.18808,0,0,0,3.03212e-05,3.03212e-05,3.03212e-05
586,6068.02,1.28581,2.26459,1.13145,1.37037,0.12124,0.12442,0.13166,0.79164,0.78145,0.80526,0.61758,0.69995,0.69371,0.69882,0.45774,0.99202,1.82562,0.87395,1.18821,0,0,0,2.89468e-05,2.89468e-05,2.89468e-05
587,6078.14,1.35098,2.3077,1.17823,1.39027,0.13491,0.13123,0.13913,0.78032,0.78532,0.80422,0.61857,0.69177,0.70173,0.6983,0.45581,0.98877,1.82453,0.87114,1.18727,0,0,0,2.75723e-05,2.75723e-05,2.75723e-05
588,6088.37,1.33523,2.33811,1.15505,1.37523,0.1249,0.1273,0.13516,0.78005,0.78801,0.8059,0.62066,0.70719,0.70039,0.69912,0.458,0.98806,1.82785,0.8704,1.18655,0,0,0,2.61978e-05,2.61978e-05,2.61978e-05
589,6098.57,1.36293,2.42784,1.17788,1.38031,0.12737,0.12419,0.13226,0.79023,0.78328,0.80701,0.61823,0.71828,0.68976,0.69734,0.45946,0.98782,1.82707,0.86847,1.18609,0,0,0,2.48234e-05,2.48234e-05,2.48234e-05
590,6108.62,1.33677,2.37671,1.16803,1.38224,0.12408,0.12034,0.12912,0.78243,0.78653,0.80614,0.6174,0.70961,0.69026,0.69978,0.46002,0.98611,1.82464,0.86885,1.18443,0,0,0,2.34489e-05,2.34489e-05,2.34489e-05
591,6122.6,1.41409,2.37615,1.19564,1.40998,0.10346,0.086,0.09596,0.78927,0.77439,0.80412,0.61218,0.69329,0.69619,0.69796,0.45597,1.01004,1.84195,0.88535,1.18939,0,0,0,2.20745e-05,2.20745e-05,2.20745e-05
592,6132.84,1.33369,2.29589,1.118,1.38324,0.10025,0.08443,0.09334,0.78017,0.77407,0.80035,0.60732,0.69748,0.68698,0.68977,0.44533,1.04103,1.88541,0.90053,1.20174,0,0,0,2.07001e-05,2.07001e-05,2.07001e-05
593,6142.82,1.35242,2.2872,1.10744,1.39507,0.09591,0.08367,0.09248,0.80311,0.75015,0.79654,0.60219,0.74362,0.66684,0.69165,0.44125,1.06545,1.92022,0.90893,1.21286,0,0,0,1.93256e-05,1.93256e-05,1.93256e-05
594,6152.69,1.3041,2.27219,1.10396,1.3723,0.09483,0.0833,0.09102,0.78906,0.75955,0.79314,0.60213,0.7147,0.68496,0.6877,0.43852,1.07968,1.94018,0.90844,1.21938,0,0,0,1.79512e-05,1.79512e-05,1.79512e-05
595,6162.9,1.31456,2.23731,1.09881,1.35675,0.10029,0.08371,0.09327,0.747,0.79147,0.79101,0.59865,0.67774,0.71687,0.68563,0.43316,1.08941,1.96098,0.91118,1.22393,0,0,0,1.65767e-05,1.65767e-05,1.65767e-05
596,6172.91,1.27147,2.25253,1.0802,1.37343,0.09455,0.08423,0.09148,0.74238,0.78578,0.79023,0.60089,0.67698,0.70967,0.68579,0.43317,1.08485,1.96,0.90811,1.22293,0,0,0,1.52022e-05,1.52022e-05,1.52022e-05
597,6182.94,1.2637,2.22126,1.06584,1.31872,0.08786,0.08054,0.08705,0.76292,0.79139,0.79411,0.60382,0.69626,0.72017,0.69215,0.43663,1.08369,1.95429,0.90484,1.22223,0,0,0,1.38278e-05,1.38278e-05,1.38278e-05
598,6192.98,1.29172,2.27208,1.07149,1.35442,0.09195,0.08186,0.08816,0.76303,0.78547,0.79461,0.59902,0.70502,0.72259,0.70257,0.43943,1.0821,1.94738,0.90413,1.22201,0,0,0,1.24534e-05,1.24534e-05,1.24534e-05
599,6202.93,1.3213,2.28299,1.0675,1.30619,0.09078,0.0817,0.08773,0.76273,0.78173,0.79411,0.5997,0.69516,0.71644,0.69,0.43738,1.08055,1.94287,0.90367,1.22086,0,0,0,1.10789e-05,1.10789e-05,1.10789e-05
600,6212.85,1.29937,2.22622,1.0651,1.35352,0.09026,0.08138,0.08824,0.76605,0.77118,0.79514,0.60025,0.69158,0.71853,0.68999,0.43919,1.07916,1.93959,0.90254,1.22025,0,0,0,9.70445e-06,9.70445e-06,9.70445e-06
