epoch,time,train/box_loss,train/seg_loss,train/cls_loss,train/dfl_loss,train/sem_loss,train/heat_loss,train/seed_loss,metrics/precision(B),metrics/recall(B),metrics/mAP50(B),metrics/mAP50-95(B),metrics/precision(M),metrics/recall(M),metrics/mAP50(M),metrics/mAP50-95(M),val/box_loss,val/seg_loss,val/cls_loss,val/dfl_loss,val/sem_loss,val/heat_loss,val/seed_loss,lr/pg0,lr/pg1,lr/pg2
1,107.031,3.89663,7.46782,6.15836,4.22216,0.83532,0.84893,0.84302,0.00012,0.10736,2e-05,0,0,0,0,0,3.39866,4.55309,4.14792,3.67611,0,0,0,0.000274475,0.000274475,0.000274475
2,212.731,3.74362,5.77711,5.71584,4.15478,0.80842,0.82954,0.82305,0.00015,0.01174,1e-05,0,0.00014,0.01095,1e-05,0,3.35737,4.24682,4.00138,3.61006,0,0,0,0.000551231,0.000551231,0.000551231
3,318.298,3.64333,4.82347,5.69052,3.99847,0.76767,0.79099,0.786,0.00015,0.04754,3e-05,1e-05,0.00013,0.04577,1e-05,0,3.18624,4.38437,4.7683,3.41135,0,0,0,0.00082707,0.00082707,0.00082707
4,423.952,3.42471,4.60079,5.36103,3.73255,0.72063,0.74472,0.74013,0.87607,0.00151,8e-05,2e-05,0.87765,0.00054,4e-05,1e-05,3.02334,4.38335,5.00411,3.33484,0,0,0,0.000828877,0.000828877,0.000828877
5,529.392,3.27593,4.53788,5.22987,3.54783,0.67356,0.69655,0.69353,0.00049,0.12056,0.00023,3e-05,0.0002,0.02006,3e-05,1e-05,2.98091,3.974,5.17011,3.07448,0,0,0,0.000827502,0.000827502,0.000827502
6,634.887,3.17918,4.48867,5.1031,3.38133,0.63335,0.65305,0.65103,0.00024,0.02741,8e-05,2e-05,0.00021,0.02255,7e-05,1e-05,2.89894,3.96416,5.37236,2.95871,0,0,0,0.000826128,0.000826128,0.000826128
7,740.098,3.08847,4.41811,4.93881,3.31492,0.6025,0.61797,0.61652,0.00036,0.02972,0.0001,2e-05,0.87565,0.00259,9e-05,1e-05,2.83339,3.96204,4.92837,2.9012,0,0,0,0.000824753,0.000824753,0.000824753
8,845.202,3.07533,4.38315,4.98219,3.31483,0.57937,0.59103,0.59024,0.00024,0.02655,0.00012,2e-05,0.0002,0.02202,8e-05,1e-05,2.78237,3.89343,4.7107,2.85948,0,0,0,0.000823379,0.000823379,0.000823379
9,950.46,2.99138,4.41301,4.90634,3.19047,0.56266,0.5698,0.5694,0.00064,0.0351,0.00018,3e-05,0.00043,0.02778,0.00012,2e-05,2.69512,3.89713,4.69304,2.80422,0,0,0,0.000822004,0.000822004,0.000822004
10,1055.93,2.97358,4.41053,4.82277,3.14647,0.55135,0.55485,0.5547,0.00076,0.04039,0.00022,4e-05,0.00036,0.03311,0.00016,3e-05,2.6815,3.88094,5.21867,2.76371,0,0,0,0.00082063,0.00082063,0.00082063
11,1161.23,3.0017,4.38296,4.82908,3.09491,0.54213,0.54329,0.54356,0.0017,0.0388,0.00038,0.00011,0.00165,0.03146,0.00059,0.0001,2.61218,3.88316,4.51478,2.73197,0,0,0,0.000819255,0.000819255,0.000819255
12,1266.42,2.92642,4.3519,4.76963,3.08722,0.53678,0.53561,0.53631,0.00028,0.04113,0.00039,8e-05,0.00023,0.03357,0.00038,8e-05,2.59923,3.84612,4.80593,2.75073,0,0,0,0.000817881,0.000817881,0.000817881
13,1371.54,2.89739,4.33689,4.73092,3.08525,0.53169,0.52939,0.53029,0.00048,0.04271,0.00047,0.0001,0.0004,0.03532,0.00047,0.0001,2.57473,3.86532,5.21518,2.67864,0,0,0,0.000816507,0.000816507,0.000816507
14,1476.61,2.9001,4.27948,4.75232,3.00954,0.52796,0.52493,0.52606,0.0028,0.04306,0.00053,0.00013,0.00151,0.03772,0.00054,0.00014,2.58623,3.8402,4.83425,2.67479,0,0,0,0.000815132,0.000815132,0.000815132
15,1582.08,2.8765,4.32389,4.62343,2.98929,0.5253,0.52147,0.5228,0.39309,0.00248,0.00108,0.00022,0.39152,0.00227,0.00098,0.00019,2.55555,3.82569,5.41812,2.65083,0,0,0,0.000813758,0.000813758,0.000813758
16,1687.22,2.85315,4.24345,4.69415,2.99758,0.52376,0.51844,0.52003,0.00054,0.04482,0.00061,0.00013,0.00041,0.03727,0.00076,0.00017,2.57793,3.78006,4.2615,2.6314,0,0,0,0.000812383,0.000812383,0.000812383
17,1792.52,2.8828,4.23784,4.60968,2.98268,0.52094,0.51584,0.51733,0.25745,0.00475,0.00155,0.0006,0.2603,0.00507,0.00171,0.00078,2.52837,3.80978,5.85838,2.63722,0,0,0,0.000811009,0.000811009,0.000811009
18,1897.93,2.80085,4.19256,4.62014,2.9213,0.51861,0.51368,0.51505,0.00094,0.05618,0.00077,0.00016,0.2528,0.00745,0.00072,0.00016,2.5398,3.75197,4.77296,2.60772,0,0,0,0.000809634,0.000809634,0.000809634
19,2003.14,2.86475,4.18122,4.63737,2.9431,0.51779,0.51209,0.51365,0.0013,0.06208,0.00208,0.00076,0.00076,0.04893,0.00165,0.00072,2.47628,3.75772,4.89134,2.57699,0,0,0,0.00080826,0.00080826,0.00080826
20,2108.67,2.80681,4.21107,4.55299,2.9319,0.51685,0.51064,0.51241,0.2532,0.01123,0.00162,0.0006,0.25382,0.01015,0.00161,0.00078,2.45699,3.73745,6.07625,2.57146,0,0,0,0.000806885,0.000806885,0.000806885
21,2213.89,2.77957,4.16269,4.49293,2.89999,0.51439,0.50887,0.51042,0.37943,0.00389,0.00116,0.0003,0.38252,0.00313,0.00113,0.00026,2.47782,3.70284,5.39576,2.56255,0,0,0,0.000805511,0.000805511,0.000805511
22,2319.07,2.77542,4.18261,4.45641,2.8724,0.51522,0.50802,0.50995,0.38178,0.00961,0.00257,0.00098,0.39879,0.00281,0.00284,0.00091,2.43552,3.6847,5.27042,2.55328,0,0,0,0.000804137,0.000804137,0.000804137
23,2424.5,2.74093,4.19295,4.50757,2.88955,0.51437,0.50639,0.50843,0.88471,0.00421,0.00233,0.00089,0.89777,0.00324,0.00265,0.00096,2.42875,3.694,4.71297,2.53968,0,0,0,0.000802762,0.000802762,0.000802762
24,2529.85,2.77592,4.14256,4.435,2.83493,0.51115,0.50439,0.50639,0.38758,0.00367,0.00234,0.00075,0.39252,0.00464,0.00243,0.00081,2.43291,3.67383,5.89245,2.52935,0,0,0,0.000801388,0.000801388,0.000801388
25,2635.17,2.71109,4.11703,4.47152,2.83832,0.51124,0.50345,0.50556,0.26303,0.00302,0.00218,0.0006,0.26433,0.00302,0.00225,0.00069,2.43156,3.66109,6.74959,2.53775,0,0,0,0.000800013,0.000800013,0.000800013
26,2740.49,2.71168,4.18086,4.39823,2.81914,0.51075,0.50249,0.50476,0.50981,0.00464,0.00269,0.00081,0.51119,0.00475,0.00272,0.0008,2.425,3.67957,5.02871,2.53756,0,0,0,0.000798639,0.000798639,0.000798639
27,2845.76,2.70206,4.1091,4.42216,2.82023,0.50788,0.50042,0.50276,0.25604,0.00432,0.00213,0.00078,0.26284,0.00378,0.00255,0.00096,2.44139,3.6618,5.64561,2.52994,0,0,0,0.000797264,0.000797264,0.000797264
28,2951.03,2.71142,4.1157,4.42054,2.83331,0.50654,0.49875,0.50134,0.38683,0.00443,0.00306,0.00087,0.38885,0.00464,0.00285,0.00103,2.39205,3.64338,5.22527,2.49837,0,0,0,0.00079589,0.00079589,0.00079589
29,3056.36,2.67256,4.05673,4.41639,2.81426,0.50686,0.49732,0.50054,0.01164,0.10187,0.00548,0.00123,0.89459,0.00475,0.00347,0.00094,2.37296,3.60453,4.68498,2.50065,0,0,0,0.000794515,0.000794515,0.000794515
30,3161.87,2.7083,4.11567,4.36617,2.80657,0.50496,0.49507,0.4989,0.64064,0.00723,0.00366,0.0009,0.64023,0.00669,0.00349,0.0009,2.40154,3.60702,5.69545,2.48861,0,0,0,0.000793141,0.000793141,0.000793141
31,3267.21,2.68938,4.02118,4.30005,2.77595,0.5029,0.49213,0.49714,0.5119,0.00723,0.0037,0.00109,0.51172,0.00712,0.00316,0.00114,2.37384,3.60794,6.54995,2.46766,0,0,0,0.000791767,0.000791767,0.000791767
32,3372.78,2.6871,4.12094,4.33279,2.75128,0.50048,0.48776,0.49471,0.26892,0.00443,0.00473,0.00127,0.2697,0.00432,0.00319,0.00106,2.37365,3.617,4.63141,2.47731,0,0,0,0.000790392,0.000790392,0.000790392
33,3477.95,2.63558,4.0572,4.32861,2.76678,0.49859,0.48179,0.49211,0.38548,0.00518,0.00355,0.00109,0.38827,0.00561,0.00353,0.00104,2.35005,3.60901,4.67189,2.4847,0,0,0,0.000789018,0.000789018,0.000789018
34,3583.23,2.64887,4.06653,4.27404,2.73984,0.49542,0.47095,0.4882,0.51389,0.00878,0.00478,0.00147,0.51361,0.00777,0.0041,0.00149,2.33243,3.58105,7.04103,2.44304,0,0,0,0.000787643,0.000787643,0.000787643
35,3688.79,2.69666,4.06185,4.26915,2.73832,0.48914,0.44877,0.48103,0.5141,0.00669,0.00386,0.00098,0.51769,0.00734,0.00462,0.00119,2.34987,3.57176,4.97363,2.44209,0,0,0,0.000786269,0.000786269,0.000786269
36,3794.11,2.62844,4.08554,4.26668,2.74376,0.48023,0.41188,0.47043,0.63462,0.00756,0.00425,0.001,0.63526,0.00702,0.00475,0.0011,2.3641,3.55386,6.08144,2.43557,0,0,0,0.000784894,0.000784894,0.000784894
37,3899.41,2.6503,4.06067,4.22148,2.70219,0.45874,0.3575,0.4456,0.77047,0.00691,0.00896,0.00194,0.77015,0.0068,0.00841,0.00211,2.3158,3.55029,5.16303,2.41077,0,0,0,0.00078352,0.00078352,0.00078352
38,4004.85,2.59823,4.00573,4.28259,2.72502,0.41443,0.30061,0.3966,0.02202,0.15631,0.00906,0.00225,0.76115,0.0109,0.00997,0.00197,2.32832,3.55624,5.81408,2.42436,0,0,0,0.000782145,0.000782145,0.000782145
39,4110.28,2.57189,4.05193,4.19674,2.72461,0.35132,0.25031,0.32635,0.64193,0.01177,0.00743,0.00214,0.64222,0.01025,0.00689,0.002,2.31758,3.52148,6.24545,2.42111,0,0,0,0.000780771,0.000780771,0.000780771
40,4215.41,2.61997,3.98564,4.21347,2.72208,0.29156,0.21258,0.26254,0.01945,0.12951,0.00688,0.00194,0.76641,0.00853,0.00514,0.00145,2.30604,3.49496,6.10814,2.41861,0,0,0,0.000779396,0.000779396,0.000779396
41,4320.92,2.58704,3.97988,4.17662,2.67727,0.24542,0.17788,0.21657,0.64254,0.00907,0.00609,0.0019,0.64145,0.00831,0.006,0.00155,2.30449,3.56668,6.16118,2.39229,0,0,0,0.000778022,0.000778022,0.000778022
42,4426.17,2.57234,4.02894,4.15869,2.68851,0.2201,0.15325,0.18414,0.76236,0.01306,0.00519,0.00157,0.76205,0.00928,0.0044,0.00141,2.28312,3.4925,5.52593,2.39334,0,0,0,0.000776648,0.000776648,0.000776648
43,4531.36,2.5782,3.9403,4.16433,2.66204,0.20531,0.13955,0.16253,0.39037,0.01209,0.00661,0.00177,0.39203,0.00928,0.00575,0.00151,2.27318,3.48678,4.93599,2.40038,0,0,0,0.000775273,0.000775273,0.000775273
44,4636.65,2.56105,4.01411,4.1717,2.66669,0.19049,0.13442,0.14846,0.63932,0.01389,0.00635,0.00186,0.64167,0.01209,0.00566,0.00154,2.27005,3.50168,6.50334,2.37104,0,0,0,0.000773899,0.000773899,0.000773899
45,4742.04,2.5448,3.9911,4.0813,2.61511,0.17413,0.13152,0.1413,0.76216,0.01403,0.00693,0.00187,0.76207,0.01263,0.00737,0.00195,2.27437,3.53032,6.26666,2.41169,0,0,0,0.000772524,0.000772524,0.000772524
46,4847.2,2.54551,3.97249,4.16694,2.65825,0.16517,0.12853,0.13838,0.64381,0.01123,0.00769,0.00225,0.64266,0.01023,0.00669,0.00202,2.26223,3.47647,4.78599,2.38073,0,0,0,0.00077115,0.00077115,0.00077115
47,4952.77,2.54816,3.90477,4.12289,2.64245,0.15984,0.12931,0.13983,0.89027,0.01554,0.00795,0.00223,0.89116,0.0122,0.00726,0.00203,2.25068,3.43095,5.48498,2.34944,0,0,0,0.000769775,0.000769775,0.000769775
48,5058.14,2.51371,3.94576,4.03624,2.61839,0.15441,0.12688,0.13716,0.01915,0.17748,0.01206,0.0035,0.01811,0.13665,0.01361,0.00405,2.24178,3.46153,6.02873,2.33391,0,0,0,0.000768401,0.000768401,0.000768401
49,5163.72,2.52202,3.92397,4.08509,2.61658,0.1545,0.12425,0.13706,0.76489,0.01813,0.01513,0.00371,0.76775,0.01252,0.01186,0.00282,2.23926,3.45725,6.71872,2.34399,0,0,0,0.000767026,0.000767026,0.000767026
50,5269.07,2.50305,3.83753,4.05061,2.60058,0.15075,0.11925,0.13394,0.76792,0.01651,0.01363,0.00305,0.76519,0.01241,0.01564,0.00361,2.21341,3.42465,6.23019,2.33099,0,0,0,0.000765652,0.000765652,0.000765652
51,5374.45,2.49915,3.93303,4.00846,2.60577,0.15,0.11856,0.13421,0.89204,0.01511,0.01526,0.00443,0.89058,0.01382,0.01035,0.00312,2.22509,3.46147,7.04829,2.33125,0,0,0,0.000764278,0.000764278,0.000764278
52,5479.94,2.48769,3.92413,3.99295,2.57587,0.15183,0.11996,0.13557,0.64134,0.01457,0.0128,0.00329,0.76627,0.01274,0.00708,0.00194,2.21517,3.4522,5.37935,2.31734,0,0,0,0.000762903,0.000762903,0.000762903
53,5585.14,2.43175,3.87562,3.98501,2.57205,0.15104,0.11553,0.13439,0.64273,0.01889,0.03928,0.00823,0.63908,0.01716,0.02359,0.00542,2.21097,3.42227,5.50265,2.32091,0,0,0,0.000761529,0.000761529,0.000761529
54,5690.83,2.49156,3.89802,3.94996,2.57859,0.1498,0.11417,0.13365,0.51759,0.02623,0.05752,0.0102,0.64172,0.01587,0.01511,0.00388,2.18945,3.42213,6.48651,2.29244,0,0,0,0.000760154,0.000760154,0.000760154
55,5796.47,2.51197,3.96513,4.18084,2.57477,0.15091,0.11503,0.13561,0.68362,0.0275,0.02322,0.00599,0.64956,0.02159,0.01281,0.00314,2.16553,3.41366,5.80632,2.27605,0,0,0,0.00075878,0.00075878,0.00075878
56,5901.66,2.46854,3.91981,3.91373,2.54853,0.15042,0.11582,0.13434,0.65467,0.02137,0.02114,0.00577,0.64884,0.01835,0.01641,0.00434,2.17946,3.39375,4.92317,2.28476,0,0,0,0.000757405,0.000757405,0.000757405
57,6006.87,2.47697,3.91009,4.04154,2.55568,0.14991,0.11158,0.13361,0.6512,0.02126,0.0181,0.00493,0.64932,0.01867,0.01562,0.00378,2.19644,3.41586,5.25317,2.29806,0,0,0,0.000756031,0.000756031,0.000756031
58,6112.13,2.47362,3.88548,3.94544,2.53248,0.153,0.11577,0.1364,0.66016,0.02925,0.02217,0.00614,0.77171,0.02062,0.01868,0.00471,2.15783,3.37122,5.29354,2.26024,0,0,0,0.000754656,0.000754656,0.000754656
59,6217.33,2.44605,3.85501,3.87268,2.51425,0.15093,0.11326,0.13462,0.02005,0.3892,0.02933,0.01004,0.64704,0.01792,0.01434,0.00388,2.13887,3.38364,5.66786,2.25959,0,0,0,0.000753282,0.000753282,0.000753282
60,6322.63,2.44087,3.82481,3.91998,2.53316,0.14696,0.11333,0.13185,0.01815,0.35905,0.02925,0.00925,0.65067,0.01889,0.01395,0.00421,2.16019,3.40318,6.11378,2.27181,0,0,0,0.000751907,0.000751907,0.000751907
61,6427.97,2.43082,3.85033,3.9018,2.55313,0.14478,0.11084,0.12947,0.01736,0.34235,0.02807,0.00977,0.64472,0.02752,0.01841,0.00491,2.12861,3.37268,6.2955,2.25616,0,0,0,0.000750533,0.000750533,0.000750533
62,6533.35,2.40933,3.83559,3.92498,2.51973,0.14799,0.11157,0.13241,0.72057,0.02087,0.05029,0.00933,0.69305,0.0171,0.04558,0.00678,2.15341,3.36642,5.08608,2.27211,0,0,0,0.000749159,0.000749159,0.000749159
63,6638.85,2.39793,3.85456,3.78222,2.50153,0.14329,0.11239,0.12899,0.62186,0.03517,0.03721,0.01351,0.64375,0.02461,0.01437,0.00411,2.14318,3.38273,6.13038,2.25744,0,0,0,0.000747784,0.000747784,0.000747784
64,6744.46,2.41134,3.8468,3.81877,2.50179,0.15021,0.11376,0.13423,0.56232,0.02718,0.03415,0.01293,0.64038,0.01995,0.00941,0.00257,2.14642,3.35748,5.68654,2.2588,0,0,0,0.00074641,0.00074641,0.00074641
65,6849.69,2.38479,3.8854,3.7786,2.48033,0.15085,0.11499,0.13378,0.57139,0.03358,0.03928,0.01078,0.52083,0.01846,0.02011,0.00483,2.12236,3.35457,6.66788,2.25264,0,0,0,0.000745035,0.000745035,0.000745035
66,6954.97,2.42365,3.82158,3.75339,2.46768,0.14681,0.11244,0.13073,0.53998,0.03999,0.0544,0.01682,0.65887,0.02389,0.02194,0.00554,2.1001,3.34344,5.45337,2.22137,0,0,0,0.000743661,0.000743661,0.000743661
67,7060.42,2.36237,3.85295,3.75511,2.45143,0.14794,0.11017,0.13155,0.69276,0.02965,0.04149,0.01578,0.67743,0.02583,0.02048,0.00457,2.12268,3.40284,5.82603,2.24195,0,0,0,0.000742286,0.000742286,0.000742286
68,7165.69,2.40975,3.74093,3.75458,2.48536,0.14534,0.11175,0.13098,0.56439,0.03691,0.0433,0.01833,0.52824,0.02865,0.01811,0.00538,2.08161,3.32433,5.5448,2.22771,0,0,0,0.000740912,0.000740912,0.000740912
69,7271.08,2.3808,3.84433,3.76928,2.4803,0.14837,0.11247,0.13266,0.56117,0.03838,0.05405,0.01859,0.53427,0.02665,0.0787,0.01801,2.11796,3.34119,4.73083,2.24226,0,0,0,0.000739537,0.000739537,0.000739537
70,7376.61,2.38034,3.80757,3.70029,2.471,0.1484,0.11271,0.13182,0.54503,0.03947,0.04937,0.01809,0.52764,0.03246,0.03326,0.00997,2.1027,3.29501,6.52876,2.2296,0,0,0,0.000738163,0.000738163,0.000738163
71,7481.7,2.31092,3.80923,3.73315,2.45543,0.14553,0.10805,0.12948,0.57426,0.0338,0.06129,0.01817,0.53836,0.02887,0.03586,0.00828,2.07439,3.302,5.31063,2.21263,0,0,0,0.000736788,0.000736788,0.000736788
72,7586.93,2.36909,3.75675,3.72765,2.46573,0.14757,0.11354,0.13278,0.53534,0.04461,0.05404,0.02295,0.5413,0.04117,0.03458,0.01032,2.0497,3.27614,5.96906,2.18357,0,0,0,0.000735414,0.000735414,0.000735414
73,7692.16,2.35565,3.72309,3.6034,2.41829,0.14802,0.11295,0.13153,0.54131,0.04861,0.04334,0.01599,0.57471,0.03657,0.02681,0.00748,2.06006,3.26852,5.36424,2.21607,0,0,0,0.00073404,0.00073404,0.00073404
74,7797.43,2.35627,3.79674,3.68455,2.46564,0.15069,0.11534,0.13526,0.43087,0.04751,0.04766,0.01897,0.41306,0.0384,0.03477,0.00867,nan,nan,nan,nan,0,0,0,0.000732665,0.000732665,0.000732665
75,7902.78,2.30963,3.79408,3.65059,2.43774,0.15073,0.11556,0.13441,0.54374,0.04054,0.0402,0.01383,0.53213,0.0319,0.02497,0.00701,2.06916,3.29514,5.53636,2.22145,0,0,0,0.000731291,0.000731291,0.000731291
76,8008.1,2.34123,3.78665,3.64185,2.42018,0.14148,0.10679,0.12664,0.42086,0.06172,0.03957,0.01439,0.42131,0.04992,0.03005,0.00711,2.07623,3.25397,6.17537,2.17528,0,0,0,0.000729916,0.000729916,0.000729916
77,8113.24,2.32296,3.77986,3.60201,2.41681,0.14296,0.10806,0.12794,0.5411,0.04642,0.05435,0.02059,0.55005,0.04352,0.02333,0.00729,2.01547,3.27016,5.03254,2.15998,0,0,0,0.000728542,0.000728542,0.000728542
78,8218.47,2.33767,3.71101,3.6235,2.40353,0.14539,0.11217,0.13026,0.44786,0.04341,0.06042,0.02396,0.42268,0.03442,0.03213,0.00812,2.02647,3.2614,5.1897,2.17415,0,0,0,0.000727167,0.000727167,0.000727167
79,8323.57,2.29989,3.69703,3.63371,2.40573,0.14518,0.10895,0.12975,0.55449,0.06275,0.0765,0.0275,0.55507,0.04022,0.02985,0.00846,2.06516,3.23276,5.80642,2.18521,0,0,0,0.000725793,0.000725793,0.000725793
80,8428.82,2.33097,3.75716,3.52203,2.38762,0.15105,0.11534,0.13406,0.42084,0.05573,0.06442,0.02374,0.41664,0.04453,0.04912,0.01154,2.02435,3.31501,5.3872,2.16722,0,0,0,0.000724418,0.000724418,0.000724418
81,8534.29,2.32647,3.76787,3.52835,2.40153,0.15175,0.11574,0.13431,0.47699,0.07911,0.06735,0.02812,0.40786,0.05494,0.03817,0.00938,2.01794,3.22897,6.46225,2.14243,0,0,0,0.000723044,0.000723044,0.000723044
82,8639.81,2.30388,3.72519,3.58239,2.39889,0.14086,0.10683,0.12655,0.35735,0.07242,0.07446,0.02971,0.41517,0.04535,0.0394,0.00981,1.9786,3.21364,6.6949,2.12356,0,0,0,0.00072167,0.00072167,0.00072167
83,8745.33,2.28435,3.73047,3.52406,2.37559,0.14969,0.11497,0.13328,0.37709,0.05916,0.07366,0.02778,0.32174,0.03779,0.04455,0.01169,1.98633,3.22622,5.0814,2.13185,0,0,0,0.000720295,0.000720295,0.000720295
84,8850.51,2.24622,3.7531,3.4856,2.36551,0.15031,0.11415,0.13302,0.4615,0.06972,0.07291,0.02903,0.45298,0.05353,0.06324,0.01555,2.02021,3.22709,5.24727,2.14377,0,0,0,0.000718921,0.000718921,0.000718921
85,8955.96,2.26265,3.70556,3.47584,2.36061,0.14664,0.11248,0.13082,0.32328,0.06848,0.06032,0.02215,0.40685,0.0498,0.06481,0.01124,2.00639,3.23215,6.13027,2.12975,0,0,0,0.000717546,0.000717546,0.000717546
86,9061.18,2.29471,3.6794,3.46868,2.38784,0.14834,0.1158,0.13369,0.41839,0.07903,0.06215,0.0237,0.55326,0.05507,0.03776,0.00941,2.01036,3.19252,5.95984,2.13149,0,0,0,0.000716172,0.000716172,0.000716172
87,9166.46,2.3047,3.72812,3.55813,2.39715,0.14225,0.10748,0.12705,0.57804,0.05959,0.05309,0.02128,0.56401,0.04657,0.02958,0.00899,2.00945,3.25822,4.83458,2.15281,0,0,0,0.000714797,0.000714797,0.000714797
88,9271.77,2.26344,3.6857,3.51163,2.36026,0.1455,0.11271,0.13057,0.49394,0.06385,0.06718,0.0301,0.4478,0.04712,0.0348,0.00953,1.97541,3.19205,5.18271,2.13279,0,0,0,0.000713423,0.000713423,0.000713423
89,9376.94,2.25109,3.66683,3.46172,2.3512,0.14203,0.10419,0.12629,0.46168,0.0653,0.06336,0.02512,0.4567,0.05738,0.03461,0.00967,1.96741,3.17824,5.03997,2.0961,0,0,0,0.000712048,0.000712048,0.000712048
90,9482.26,2.29629,3.74424,3.44904,2.32342,0.14679,0.11282,0.13163,0.37636,0.08444,0.05588,0.02206,0.32024,0.05759,0.03016,0.00785,2.0115,3.22209,5.12294,2.1382,0,0,0,0.000710674,0.000710674,0.000710674
91,9587.48,2.24748,3.62391,3.3875,2.30223,0.14207,0.10967,0.12807,0.43707,0.06929,0.09246,0.03887,0.42279,0.05708,0.04866,0.01272,1.96725,3.16053,5.55464,2.09324,0,0,0,0.000709299,0.000709299,0.000709299
92,9693.04,2.22622,3.69907,3.4396,2.32026,0.14319,0.1085,0.12815,0.38879,0.11119,0.07704,0.03138,0.3219,0.06876,0.04501,0.01134,1.97147,3.16625,5.55236,2.10914,0,0,0,0.000707925,0.000707925,0.000707925
93,9798.33,2.26961,3.6539,3.40432,2.33015,0.15206,0.11559,0.13444,0.42348,0.07767,0.07124,0.02789,0.41653,0.06114,0.03561,0.00954,1.95448,3.14116,5.92859,2.09751,0,0,0,0.000706551,0.000706551,0.000706551
94,9903.46,2.22006,3.68883,3.34352,2.31837,0.14565,0.1117,0.12921,0.40687,0.1114,0.07783,0.03323,0.31858,0.06765,0.04327,0.01161,1.96393,3.13677,5.69238,2.09882,0,0,0,0.000705176,0.000705176,0.000705176
95,10008.6,2.25411,3.66783,3.39621,2.31425,0.14004,0.10846,0.12554,0.38591,0.0816,0.0705,0.03256,0.31839,0.05507,0.03341,0.01069,nan,nan,nan,nan,0,0,0,0.000703802,0.000703802,0.000703802
96,10114,2.23915,3.68967,3.3378,2.31725,0.14154,0.10823,0.12739,0.37006,0.11901,0.0933,0.04026,0.29166,0.0765,0.04266,0.01156,1.9259,3.17319,7.46031,2.08039,0,0,0,0.000702427,0.000702427,0.000702427
97,10219.4,2.25104,3.62512,3.36429,2.29359,0.13834,0.1043,0.12396,0.42086,0.08379,0.08339,0.03386,0.35982,0.06033,0.04851,0.01295,1.94043,3.14861,4.6125,2.07884,0,0,0,0.000701053,0.000701053,0.000701053
98,10324.5,2.20438,3.58847,3.30902,2.29853,0.14374,0.11244,0.12896,0.47519,0.08476,0.08415,0.03223,0.45007,0.0701,0.06156,0.01605,1.92456,3.1192,5.74824,2.0757,0,0,0,0.000699678,0.000699678,0.000699678
99,10429.7,2.22263,3.67991,3.53659,2.31882,0.14287,0.10681,0.12803,0.26558,0.09399,0.07864,0.03139,0.18923,0.06481,0.07493,0.01774,nan,nan,nan,nan,0,0,0,0.000698304,0.000698304,0.000698304
100,10534.8,2.15724,3.67591,3.30548,2.29037,0.14417,0.11444,0.13027,0.40099,0.10774,0.08852,0.04042,0.32804,0.0693,0.05565,0.01413,1.92847,3.14629,4.85101,2.07817,0,0,0,0.000696929,0.000696929,0.000696929
101,10640.2,2.20098,3.57415,3.33234,2.3323,0.141,0.10675,0.12697,0.42526,0.13744,0.10218,0.04773,0.32254,0.08444,0.07757,0.01784,1.89434,3.13657,4.94467,2.04444,0,0,0,0.000695555,0.000695555,0.000695555
102,10745.5,2.1816,3.614,3.3168,2.29632,0.1484,0.11347,0.13158,0.47373,0.09571,0.07532,0.03359,0.46127,0.06965,0.04775,0.01254,1.9165,3.1154,5.75898,2.04712,0,0,0,0.000694181,0.000694181,0.000694181
103,10850.7,2.17729,3.58535,3.28284,2.25657,0.14417,0.11172,0.12971,0.39773,0.11478,0.0911,0.04047,0.35344,0.08731,0.05543,0.01539,1.91207,3.11382,4.76979,2.05317,0,0,0,0.000692806,0.000692806,0.000692806
104,10956,2.18532,3.61122,3.23582,2.29902,0.13928,0.10753,0.12475,0.40212,0.13569,0.13461,0.04627,0.34588,0.09452,0.07798,0.02222,1.90371,3.08417,5.1237,2.03682,0,0,0,0.000691432,0.000691432,0.000691432
105,11061.6,2.16868,3.64682,3.19168,2.28184,0.14694,0.11627,0.13224,0.27236,0.13559,0.13015,0.06035,0.22186,0.12782,0.08406,0.02396,1.90936,3.11426,7.42693,2.03601,0,0,0,0.000690057,0.000690057,0.000690057
106,11166.9,2.17934,3.6019,3.22431,2.30939,0.14809,0.11472,0.13183,0.33715,0.13634,0.11783,0.04942,0.28351,0.10298,0.08838,0.02517,1.86636,3.08111,5.1715,2.02789,0,0,0,0.000688683,0.000688683,0.000688683
107,11272.1,2.17353,3.6479,3.18871,2.26961,0.15045,0.11742,0.13433,0.31354,0.15338,0.1443,0.04989,0.23256,0.09814,0.05923,0.01558,1.88761,3.072,6.1235,2.04518,0,0,0,0.000687308,0.000687308,0.000687308
108,11377.2,2.14437,3.62926,3.21533,2.27447,0.14594,0.11406,0.13019,0.42045,0.14108,0.12339,0.0521,0.25781,0.1076,0.07227,0.02072,nan,nan,nan,nan,0,0,0,0.000685934,0.000685934,0.000685934
109,11482.3,2.16028,3.56214,3.21179,2.28491,0.1439,0.1113,0.12937,0.30929,0.1378,0.11394,0.05005,0.25001,0.09602,0.06437,0.01937,1.87939,3.06662,5.04523,2.03055,0,0,0,0.000684559,0.000684559,0.000684559
110,11587.4,2.17937,3.58251,3.21883,2.30327,0.14574,0.11401,0.13016,0.32854,0.13822,0.12368,0.04855,0.22182,0.09515,0.08278,0.02546,1.88066,nan,nan,2.03229,0,0,0,0.000683185,0.000683185,0.000683185
111,11692.4,2.16053,3.59715,3.33528,2.28442,0.14523,0.11004,0.12865,0.4128,0.11939,0.10661,0.04816,0.3717,0.07893,0.05041,0.01519,1.83627,3.05075,5.06754,2.01371,0,0,0,0.00068181,0.00068181,0.00068181
112,11797.6,2.14627,3.5551,3.15087,2.25758,0.14268,0.11251,0.12789,0.41288,0.14667,0.17279,0.07542,0.34328,0.10438,0.08086,0.02429,nan,nan,nan,nan,0,0,0,0.000680436,0.000680436,0.000680436
113,11902.9,2.14972,3.54543,3.14776,2.24921,0.1393,0.10685,0.12527,0.32103,0.1713,0.15535,0.06251,0.22714,0.10271,0.10065,0.02864,1.81067,2.99183,6.19438,1.97531,0,0,0,0.000679062,0.000679062,0.000679062
114,12008.2,2.18227,3.56903,3.17717,2.26104,0.14365,0.11361,0.12878,0.34096,0.1408,0.11895,0.05189,0.28064,0.09902,0.08639,0.02378,1.84946,2.99589,4.96637,2.00942,0,0,0,0.000677687,0.000677687,0.000677687
115,12113.2,2.12728,3.53277,3.16395,2.24528,0.14193,0.11107,0.1286,0.31883,0.14833,0.13726,0.06165,0.26039,0.10264,0.09516,0.03165,1.82301,2.98102,5.0235,1.99696,0,0,0,0.000676313,0.000676313,0.000676313
116,12218.4,2.10776,3.5379,3.15869,2.25267,0.14387,0.11306,0.12908,0.37571,0.1653,0.16406,0.0763,0.27141,0.11424,0.10831,0.03105,1.84187,2.99082,6.4585,1.98189,0,0,0,0.000674938,0.000674938,0.000674938
117,12323.9,2.0874,3.54309,3.10165,2.25035,0.14469,0.11216,0.12878,0.33499,0.18058,0.14542,0.0668,0.2559,0.12721,0.09257,0.02929,1.84779,3.00021,7.12553,1.99188,0,0,0,0.000673564,0.000673564,0.000673564
118,12429.1,2.13598,3.51281,3.08872,2.2259,0.14002,0.10975,0.12561,0.25932,0.1703,0.16163,0.06617,0.23649,0.13507,0.12826,0.0341,nan,nan,nan,nan,0,0,0,0.000672189,0.000672189,0.000672189
119,12534.2,2.11766,3.56931,3.15498,2.23267,0.14122,0.10954,0.12637,0.32657,0.18215,0.20208,0.08721,0.25365,0.13018,0.12903,0.03373,nan,nan,nan,nan,0,0,0,0.000670815,0.000670815,0.000670815
120,12639.4,2.11572,3.46635,3.08444,2.22621,0.13679,0.10785,0.1244,0.33838,0.20105,0.17429,0.07225,0.24119,0.13626,0.10304,0.02543,1.82837,2.98932,5.00318,1.99758,0,0,0,0.00066944,0.00066944,0.00066944
121,12744.5,2.1116,3.44981,3.05334,2.21649,0.14465,0.11228,0.12868,0.31449,0.18765,0.12917,0.05714,0.27079,0.09493,0.07182,0.01938,nan,nan,nan,nan,0,0,0,0.000668066,0.000668066,0.000668066
122,12849.7,2.11763,3.4739,3.07437,2.21259,0.14988,0.11701,0.13348,0.32945,0.16867,0.12758,0.05427,0.21869,0.10925,0.09414,0.02321,nan,nan,nan,nan,0,0,0,0.000666692,0.000666692,0.000666692
123,12954.9,2.11508,3.53335,3.07645,2.18616,0.14478,0.11159,0.12957,0.32305,0.20149,0.16147,0.07251,0.259,0.15555,0.112,0.03294,1.81316,2.97177,6.6118,1.96321,0,0,0,0.000665317,0.000665317,0.000665317
124,13060,2.09816,3.51104,3.06474,2.21038,0.1468,0.11263,0.13103,0.36645,0.17094,0.14099,0.06535,0.26874,0.11539,0.0801,0.02248,1.7898,2.94541,4.88317,1.96296,0,0,0,0.000663943,0.000663943,0.000663943
125,13165.1,2.10913,3.45038,3.05808,2.21527,0.1384,0.10847,0.12417,0.31104,0.19133,0.15291,0.06446,0.2913,0.16648,0.10204,0.03269,1.78113,2.93517,5.63397,1.94904,0,0,0,0.000662568,0.000662568,0.000662568
126,13270,2.08028,3.45955,3.07071,2.19692,0.1418,0.11082,0.12723,0.29306,0.16348,0.16064,0.06687,0.24989,0.12972,0.11915,0.03034,1.85179,2.99459,5.01641,2.00121,0,0,0,0.000661194,0.000661194,0.000661194
127,13375.2,2.09176,3.50094,3.02834,2.20482,0.14241,0.11199,0.12882,0.32726,0.20855,0.16096,0.07195,0.26711,0.14634,0.10105,0.03126,1.78987,2.96893,6.20258,1.94669,0,0,0,0.000659819,0.000659819,0.000659819
128,13480.3,2.08525,3.4426,3.00185,2.18878,0.14007,0.10797,0.12545,0.37451,0.17796,0.22612,0.0891,0.28395,0.14336,0.16258,0.03994,1.7689,2.93714,4.58857,1.93545,0,0,0,0.000658445,0.000658445,0.000658445
129,13585.4,2.10729,3.43544,2.99176,2.18885,0.14524,0.10927,0.12977,0.36001,0.19692,0.17523,0.07807,0.26556,0.14493,0.11026,0.02826,1.81652,2.95913,4.66275,1.99173,0,0,0,0.00065707,0.00065707,0.00065707
130,13690.5,2.08375,3.44792,3.0395,2.19963,0.14221,0.10956,0.12762,0.32991,0.21568,0.18197,0.07912,0.23749,0.16934,0.09966,0.03029,nan,nan,nan,nan,0,0,0,0.000655696,0.000655696,0.000655696
131,13795.7,2.10055,3.48217,3.02444,2.19089,0.13977,0.11024,0.12631,0.33042,0.18637,0.14181,0.06291,0.27655,0.14584,0.09163,0.02717,nan,nan,nan,nan,0,0,0,0.000654321,0.000654321,0.000654321
132,13900.8,2.06572,3.48834,2.97545,2.17528,0.14111,0.11168,0.12658,0.39168,0.2269,0.26058,0.09286,0.30433,0.16571,0.13362,0.03738,1.7645,2.93034,5.17076,1.92417,0,0,0,0.000652947,0.000652947,0.000652947
133,14006.2,2.07627,3.46586,2.97745,2.17971,0.14306,0.11043,0.12812,0.30047,0.27058,0.21149,0.09552,0.22223,0.24738,0.16064,0.03727,1.76585,2.9371,5.40856,1.93003,0,0,0,0.000651573,0.000651573,0.000651573
134,14111.5,2.06094,3.43548,2.92325,2.1911,0.14199,0.11204,0.12815,0.37014,0.25812,0.17889,0.07885,0.29026,0.1802,0.10783,0.03114,1.72509,2.8822,7.03276,1.88817,0,0,0,0.000650198,0.000650198,0.000650198
135,14216.6,2.08369,3.48117,3.00705,2.19286,0.14209,0.11088,0.12796,0.35201,0.22445,0.1796,0.08145,0.31821,0.18136,0.1562,0.04127,1.74512,2.90687,4.47631,1.91743,0,0,0,0.000648824,0.000648824,0.000648824
136,14321.7,2.08444,3.44135,2.98057,2.17928,0.14079,0.10726,0.12678,0.33988,0.19481,0.15345,0.0638,0.23533,0.15484,0.11611,0.02826,1.7691,2.95075,6.11336,1.92215,0,0,0,0.000647449,0.000647449,0.000647449
137,14426.8,2.04283,3.40814,2.90534,2.15153,0.14004,0.11127,0.12655,0.32416,0.24193,0.1931,0.08559,0.18181,0.26562,0.13267,0.04043,1.72377,2.88592,6.07031,1.88995,0,0,0,0.000646075,0.000646075,0.000646075
138,14532,2.08288,3.44172,2.9289,2.15013,0.14253,0.11151,0.12821,0.22647,0.31396,0.17842,0.0869,0.15607,0.22269,0.11123,0.03491,1.75966,2.91394,5.01849,1.92129,0,0,0,0.0006447,0.0006447,0.0006447
139,14637.2,2.08102,3.4127,2.9103,2.15616,0.14411,0.11652,0.13063,0.2267,0.34032,0.24052,0.09612,0.21731,0.25067,0.16999,0.057,1.72641,2.88472,5.3042,1.8976,0,0,0,0.000643326,0.000643326,0.000643326
140,14742.6,2.03679,3.39816,2.87848,2.14696,0.14436,0.1149,0.12998,0.2551,0.34466,0.21496,0.11014,0.18903,0.26904,0.14774,0.0551,1.70998,2.85286,5.50736,1.87745,0,0,0,0.000641951,0.000641951,0.000641951
141,14847.8,2.055,3.42499,2.91575,2.16204,0.14014,0.10874,0.12636,0.25874,0.31914,0.23311,0.0952,0.17368,0.21743,0.13509,0.03602,1.75512,2.9119,3.8549,1.93525,0,0,0,0.000640577,0.000640577,0.000640577
142,14953,2.03778,3.42961,2.87194,2.15628,0.13823,0.10833,0.12383,0.23982,0.2705,0.18757,0.08569,0.15442,0.19856,0.11483,0.03679,1.75111,2.87707,4.60106,1.91798,0,0,0,0.000639203,0.000639203,0.000639203
143,15058.4,2.04313,3.38984,2.88854,2.12279,0.14269,0.11226,0.12904,0.30912,0.34857,0.27927,0.12325,0.18803,0.33029,0.17632,0.06213,1.70069,2.85729,7.65291,1.87318,0,0,0,0.000637828,0.000637828,0.000637828
144,15163.8,2.04564,3.40681,2.88354,2.1212,0.13564,0.10708,0.12359,0.26699,0.32458,0.23366,0.11579,0.23028,0.27787,0.17905,0.05794,1.71164,2.87328,5.63131,1.86446,0,0,0,0.000636454,0.000636454,0.000636454
145,15268.9,2.01252,3.40874,2.84445,2.13099,0.1391,0.10652,0.12512,0.31714,0.3314,0.26003,0.12632,0.21319,0.26397,0.18005,0.06596,1.70904,2.83318,5.4126,1.87509,0,0,0,0.000635079,0.000635079,0.000635079
146,15374.3,2.0085,3.38766,2.86231,2.13849,0.14263,0.11104,0.12705,0.26534,0.37522,0.22221,0.10613,0.18598,0.30907,0.14741,0.04885,1.68738,2.85636,6.00764,1.85333,0,0,0,0.000633705,0.000633705,0.000633705
147,15479.4,1.98324,3.42116,2.82574,2.13773,0.13708,0.10658,0.12393,0.33778,0.33523,0.26511,0.12556,0.24676,0.31242,0.18279,0.0523,nan,nan,nan,nan,0,0,0,0.00063233,0.00063233,0.00063233
148,15584.6,2.04972,3.39215,2.84081,2.13152,0.14225,0.11137,0.12836,0.31759,0.37281,0.26,0.11499,0.21031,0.28811,0.16829,0.05781,1.69506,2.80383,6.09783,1.86581,0,0,0,0.000630956,0.000630956,0.000630956
149,15689.8,2.04561,3.38036,2.83877,2.12926,0.13904,0.11167,0.12646,0.28058,0.27119,0.23442,0.11937,0.1952,0.20284,0.1516,0.052,nan,nan,nan,nan,0,0,0,0.000629581,0.000629581,0.000629581
150,15794.8,1.99225,3.37565,2.7992,2.1201,0.13959,0.10715,0.12583,0.31246,0.33159,0.24016,0.11714,0.24083,0.23138,0.16251,0.05385,1.68102,2.81095,5.91181,1.85038,0,0,0,0.000628207,0.000628207,0.000628207
151,15899.9,2.02195,3.3466,2.83318,2.13054,0.14336,0.11466,0.13013,0.32733,0.34391,0.28893,0.1408,0.19538,0.2394,0.16222,0.06215,1.69018,2.80736,5.14848,1.84362,0,0,0,0.000626832,0.000626832,0.000626832
152,16005.1,1.99527,3.32831,2.89534,2.0887,0.13949,0.1086,0.12564,0.29213,0.36172,0.27215,0.12639,0.21317,0.25658,0.16871,0.05435,1.66528,2.79561,5.12536,1.83312,0,0,0,0.000625458,0.000625458,0.000625458
153,16110.2,2.0443,3.36787,2.88556,2.15197,0.13883,0.10665,0.1234,0.28428,0.38292,0.2541,0.12848,0.20893,0.30455,0.17801,0.06393,1.70612,2.80002,5.1974,1.85496,0,0,0,0.000624084,0.000624084,0.000624084
154,16215.3,2.01729,3.39659,2.83541,2.12969,0.14668,0.11533,0.13161,0.34305,0.36263,0.27425,0.13331,0.26391,0.30586,0.18832,0.06563,1.68706,2.79883,4.86771,1.85104,0,0,0,0.000622709,0.000622709,0.000622709
155,16320.4,1.99731,3.32898,2.77422,2.07762,0.14364,0.11601,0.12981,0.3551,0.32739,0.30084,0.14361,0.27562,0.26773,0.21831,0.06661,1.65815,2.80151,4.50389,1.8321,0,0,0,0.000621335,0.000621335,0.000621335
156,16425.8,2.04999,3.36935,2.72958,2.08882,0.13587,0.10845,0.12341,0.35841,0.36493,0.2907,0.15089,0.27838,0.26953,0.19913,0.06883,1.64739,2.7736,5.96257,1.81479,0,0,0,0.00061996,0.00061996,0.00061996
157,16531.4,2.02464,3.35443,2.71842,2.07207,0.13926,0.11034,0.12569,0.28317,0.37856,0.29027,0.13298,0.19821,0.30449,0.1991,0.06316,1.66322,2.77181,7.39815,1.81731,0,0,0,0.000618586,0.000618586,0.000618586
158,16636.5,2.00993,3.3008,2.7796,2.11256,0.14191,0.11297,0.12906,0.30046,0.42946,0.29134,0.14631,0.21747,0.34476,0.19119,0.0649,1.64302,2.75446,6.28501,1.79925,0,0,0,0.000617211,0.000617211,0.000617211
159,16741.5,1.97079,3.34148,2.72219,2.07849,0.14497,0.11459,0.13055,0.35144,0.35354,0.26699,0.13487,0.26768,0.2803,0.17825,0.06138,1.65816,2.78361,5.24022,1.80909,0,0,0,0.000615837,0.000615837,0.000615837
160,16846.7,1.9772,3.33247,2.7235,2.07568,0.14073,0.11108,0.1277,0.37084,0.3502,0.28651,0.13594,0.32237,0.2974,0.22605,0.06891,nan,nan,nan,nan,0,0,0,0.000614462,0.000614462,0.000614462
161,16951.8,1.93083,3.27162,2.69107,2.07709,0.13336,0.10696,0.12149,0.30738,0.39578,0.28756,0.14771,0.26081,0.30576,0.21731,0.07791,1.62537,2.75729,5.44862,1.80013,0,0,0,0.000613088,0.000613088,0.000613088
162,17057.2,2.02476,3.3393,2.72453,2.10738,0.13935,0.10926,0.12663,0.24824,0.41728,0.2779,0.13481,0.18859,0.34917,0.19881,0.07561,1.64228,2.73633,6.28372,1.81141,0,0,0,0.000611714,0.000611714,0.000611714
163,17162.2,1.97799,3.31385,2.71529,2.13362,0.14317,0.11212,0.12776,0.3043,0.3793,0.27087,0.13741,0.22961,0.31251,0.20222,0.07304,1.64117,2.73432,6.52728,1.82455,0,0,0,0.000610339,0.000610339,0.000610339
164,17267.7,1.99858,3.30504,2.67795,2.04589,0.14227,0.11332,0.12846,0.30307,0.4169,0.31803,0.1415,0.31391,0.24217,0.20576,0.0709,1.66099,2.74362,8.42518,1.82476,0,0,0,0.000608965,0.000608965,0.000608965
165,17372.9,1.96662,3.22054,2.68065,2.08313,0.13878,0.11114,0.12596,0.40327,0.37889,0.34964,0.16471,0.34287,0.26703,0.23994,0.07952,1.63357,2.70545,5.67039,1.80623,0,0,0,0.00060759,0.00060759,0.00060759
166,17478.1,1.96009,3.32808,2.64259,2.04783,0.13908,0.11122,0.12628,0.36604,0.35193,0.31085,0.15112,0.34617,0.27355,0.23491,0.08165,1.66347,2.74839,4.71032,1.82851,0,0,0,0.000606216,0.000606216,0.000606216
167,17583,1.98421,3.31068,2.66102,2.09686,0.14102,0.11139,0.12773,0.34578,0.34499,0.26706,0.13862,0.25162,0.27181,0.17968,0.06341,1.6492,2.74205,4.09543,1.83797,0,0,0,0.000604841,0.000604841,0.000604841
168,17688,1.952,3.26516,2.69457,2.08045,0.14243,0.11098,0.12664,0.3552,0.38949,0.35194,0.17013,0.33208,0.35641,0.28925,0.1076,1.60853,2.72106,4.96594,1.81016,0,0,0,0.000603467,0.000603467,0.000603467
169,17793.4,1.98612,3.32461,2.66377,2.06449,0.1439,0.11478,0.12935,0.41087,0.36021,0.30481,0.14099,0.33805,0.31783,0.24118,0.07974,1.62052,2.73251,5.41484,1.80203,0,0,0,0.000602092,0.000602092,0.000602092
170,17898.6,1.94289,3.23673,2.59674,2.03975,0.1402,0.11173,0.12662,0.35162,0.40575,0.35358,0.18025,0.26561,0.3374,0.25307,0.0967,1.59897,2.69852,5.90981,1.79799,0,0,0,0.000600718,0.000600718,0.000600718
171,18003.6,1.97842,3.26688,2.60174,2.06417,0.13334,0.10698,0.12158,0.30234,0.41535,0.33252,0.17057,0.232,0.33602,0.25258,0.09433,1.62357,2.70777,5.32061,1.81213,0,0,0,0.000599343,0.000599343,0.000599343
172,18108.7,1.93136,3.20853,2.72421,2.09025,0.13559,0.1049,0.12193,0.3948,0.37599,0.35282,0.18465,0.35948,0.29966,0.27324,0.09751,1.57255,2.67486,5.95284,1.76427,0,0,0,0.000597969,0.000597969,0.000597969
173,18213.9,1.93764,3.31899,2.75778,2.09934,0.14228,0.11061,0.12704,0.33392,0.41256,0.3298,0.15715,0.31908,0.32646,0.24449,0.0794,1.5949,2.68075,5.94233,1.77236,0,0,0,0.000596595,0.000596595,0.000596595
174,18318.9,1.95595,3.2898,2.66006,2.07407,0.1356,0.10692,0.12298,0.30391,0.39125,0.32337,0.15823,0.25067,0.33549,0.24612,0.08304,1.64315,2.72247,4.60014,1.8176,0,0,0,0.00059522,0.00059522,0.00059522
175,18424,1.93692,3.24258,2.55103,2.02611,0.13489,0.10809,0.12246,0.35689,0.38184,0.30847,0.15591,0.29928,0.29663,0.22491,0.07725,1.59632,2.69706,5.06766,1.77976,0,0,0,0.000593846,0.000593846,0.000593846
176,18529.2,1.97582,3.3287,2.61676,2.0325,0.14127,0.11335,0.12881,0.36385,0.35934,0.35387,0.1727,0.32157,0.28583,0.26318,0.09809,1.5971,2.68812,6.97502,1.76517,0,0,0,0.000592471,0.000592471,0.000592471
177,18634.1,1.94978,3.23853,2.66734,2.06627,0.14096,0.11192,0.12798,0.34125,0.4292,0.33451,0.164,0.26589,0.34059,0.24332,0.08676,1.57216,2.68306,5.25496,1.76571,0,0,0,0.000591097,0.000591097,0.000591097
178,18739.3,1.94519,3.2735,2.62552,2.04798,0.13946,0.11141,0.12607,0.37831,0.3592,0.35415,0.16859,0.33808,0.32218,0.26363,0.09049,1.61139,2.71376,6.15496,1.78168,0,0,0,0.000589722,0.000589722,0.000589722
179,18844.4,1.90812,3.22933,2.51906,2.02877,0.1408,0.11323,0.12771,0.34919,0.42257,0.32849,0.16833,0.30518,0.34403,0.2439,0.09607,1.58889,2.68051,6.29091,1.76218,0,0,0,0.000588348,0.000588348,0.000588348
180,18949.6,1.93308,3.19975,2.54228,2.02845,0.13459,0.10785,0.12295,0.36632,0.42494,0.35764,0.18603,0.29963,0.36113,0.27086,0.10498,1.56689,2.68592,5.70136,1.7435,0,0,0,0.000586973,0.000586973,0.000586973
181,19054.8,1.90921,3.2317,2.57145,2.04275,0.13905,0.11029,0.12597,0.3739,0.42684,0.358,0.18189,0.30167,0.3374,0.25987,0.0939,1.54925,2.65381,5.3013,1.74294,0,0,0,0.000585599,0.000585599,0.000585599
182,19159.9,1.92158,3.20623,2.50905,2.02902,0.14085,0.11261,0.12616,0.36838,0.38863,0.34113,0.16768,0.32634,0.34734,0.26598,0.0927,1.62512,2.73748,5.37981,1.79738,0,0,0,0.000584225,0.000584225,0.000584225
183,19265,1.93959,3.21294,2.68367,2.05038,0.13715,0.10875,0.12402,0.3583,0.44737,0.37984,0.19783,0.29917,0.35262,0.28162,0.10048,1.56999,2.63115,5.66736,1.75254,0,0,0,0.00058285,0.00058285,0.00058285
184,19370.4,1.95374,3.21011,2.61869,2.04825,0.13581,0.10761,0.12318,0.34823,0.41188,0.39604,0.20306,0.27105,0.38558,0.30496,0.12675,1.5296,2.59884,5.46552,1.72156,0,0,0,0.000581476,0.000581476,0.000581476
185,19475.8,1.91883,3.22449,2.54758,2.0348,0.13505,0.10642,0.12199,0.40275,0.40509,0.40367,0.21713,0.31761,0.32372,0.29,0.11889,1.52768,2.59306,6.14949,1.7263,0,0,0,0.000580101,0.000580101,0.000580101
186,19581.2,1.93062,3.2321,2.50719,2.01499,0.14374,0.11386,0.12952,0.39138,0.4095,0.3468,0.1908,0.33773,0.32035,0.25339,0.09558,1.56845,2.64198,5.97998,1.7439,0,0,0,0.000578727,0.000578727,0.000578727
187,19686.3,1.88045,3.15187,2.63402,1.99739,0.13403,0.1072,0.12138,0.37633,0.40935,0.3619,0.2035,0.32718,0.35941,0.28376,0.10644,1.56325,2.61875,5.12117,1.74369,0,0,0,0.000577352,0.000577352,0.000577352
188,19791.3,1.92321,3.18855,2.55065,2.0312,0.13741,0.10955,0.12396,0.34138,0.3776,0.31837,0.16638,0.30105,0.34012,0.24745,0.08468,1.66267,2.72348,4.91902,1.83962,0,0,0,0.000575978,0.000575978,0.000575978
189,19896.5,1.93263,3.22032,2.54874,2.0031,0.14072,0.1143,0.12754,0.29767,0.39885,0.32971,0.17477,0.21957,0.32101,0.25195,0.09722,1.6111,2.68674,5.66624,1.80065,0,0,0,0.000574603,0.000574603,0.000574603
190,20001.6,1.88049,3.1908,2.50437,2.00468,0.13622,0.10996,0.12412,0.37909,0.4412,0.39085,0.1999,0.4652,0.27964,0.29679,0.11306,1.58386,2.6227,5.04518,1.74412,0,0,0,0.000573229,0.000573229,0.000573229
191,20106.8,1.89919,3.19318,2.55795,2.01746,0.13502,0.10783,0.12227,0.47058,0.43249,0.41212,0.205,0.40154,0.35463,0.31038,0.10946,1.58672,2.65092,5.40707,1.74949,0,0,0,0.000571854,0.000571854,0.000571854
192,20211.9,1.88303,3.19659,2.495,2.00726,0.13598,0.10758,0.12382,0.37749,0.50806,0.43077,0.23852,0.3191,0.39564,0.32194,0.12641,1.50612,2.5456,5.87379,1.69187,0,0,0,0.00057048,0.00057048,0.00057048
193,20317.3,1.89975,3.20304,2.50985,2.00546,0.14002,0.11021,0.12603,0.33587,0.48615,0.37958,0.21568,0.25775,0.38713,0.26819,0.1118,1.51995,2.5429,6.3572,1.71175,0,0,0,0.000569106,0.000569106,0.000569106
194,20422.5,1.93533,3.18362,2.54477,2.0099,0.13451,0.1057,0.12151,0.3817,0.43089,0.36856,0.20584,0.2701,0.38412,0.2609,0.10292,1.52662,2.5775,6.33099,1.7103,0,0,0,0.000567731,0.000567731,0.000567731
195,20527.6,1.90716,3.15822,2.46936,1.99115,0.13594,0.10993,0.12362,0.32227,0.49247,0.37138,0.20973,0.24481,0.42673,0.27602,0.112,1.50313,2.55665,6.41953,1.68257,0,0,0,0.000566357,0.000566357,0.000566357
196,20632.8,1.92921,3.11191,2.46206,1.99508,0.13904,0.11057,0.12547,0.33203,0.45189,0.40379,0.21731,0.24841,0.37653,0.30155,0.11825,1.53003,2.5598,4.97963,1.72387,0,0,0,0.000564982,0.000564982,0.000564982
197,20737.8,1.8432,3.16469,2.40402,1.98207,0.13918,0.11063,0.12494,0.35975,0.45938,0.41556,0.22769,0.30808,0.39121,0.31656,0.12985,1.48945,2.57607,7.07237,1.69177,0,0,0,0.000563608,0.000563608,0.000563608
198,20842.9,1.86599,3.21691,2.47784,2.00059,0.13951,0.11082,0.1254,0.34977,0.51367,0.43013,0.23666,0.29291,0.43354,0.32585,0.13386,1.49576,2.56559,6.42484,1.69966,0,0,0,0.000562233,0.000562233,0.000562233
199,20948.3,1.86937,3.15071,2.46431,1.99504,0.14034,0.11135,0.12615,0.43348,0.44509,0.39357,0.2099,0.35888,0.38085,0.28632,0.11927,1.51537,2.5907,5.68782,1.7074,0,0,0,0.000560859,0.000560859,0.000560859
200,21053.6,1.88978,3.15015,2.44309,1.98814,0.13913,0.11173,0.12582,0.3388,0.45653,0.37039,0.20866,0.27355,0.40113,0.28682,0.11114,1.4979,2.57434,6.08204,1.69205,0,0,0,0.000559484,0.000559484,0.000559484
201,21158.8,1.86217,3.16156,2.42662,1.98264,0.1396,0.11258,0.12677,0.37904,0.48282,0.41512,0.21504,0.29929,0.40556,0.31285,0.12334,1.5015,2.56661,5.36371,1.69701,0,0,0,0.00055811,0.00055811,0.00055811
202,21263.8,1.85263,3.18912,2.5021,2.02586,0.13608,0.10867,0.12372,0.36183,0.50149,0.40071,0.21781,0.27428,0.4225,0.30445,0.12425,1.5001,2.56347,6.45335,1.70177,0,0,0,0.000556736,0.000556736,0.000556736
203,21368.9,1.8459,3.08728,2.35286,1.96847,0.14244,0.11495,0.12796,0.37205,0.48179,0.4336,0.2287,0.26427,0.40536,0.30614,0.13,1.50034,2.54391,6.23621,1.69699,0,0,0,0.000555361,0.000555361,0.000555361
204,21474,1.85767,3.13158,2.42792,1.99097,0.14017,0.11131,0.12651,0.40704,0.51516,0.43948,0.2442,0.31875,0.43206,0.31498,0.12673,1.4596,2.5045,5.50208,1.66855,0,0,0,0.000553987,0.000553987,0.000553987
205,21579.3,1.86868,3.14643,2.4157,1.98193,0.13846,0.11133,0.12531,0.39833,0.53018,0.45259,0.25326,0.3409,0.45975,0.36008,0.14346,1.48286,2.52782,5.69386,1.68231,0,0,0,0.000552612,0.000552612,0.000552612
206,21684.7,1.84639,3.15893,2.43832,1.96659,0.14112,0.11049,0.12681,0.42226,0.42884,0.41534,0.21396,0.34723,0.36979,0.31331,0.12376,1.519,2.57576,5.63512,1.72037,0,0,0,0.000551238,0.000551238,0.000551238
207,21789.8,1.81573,3.09233,2.32952,1.92674,0.1404,0.11044,0.12618,0.39227,0.48415,0.41634,0.22055,0.29257,0.40043,0.29163,0.12165,nan,nan,nan,nan,0,0,0,0.000549863,0.000549863,0.000549863
208,21894.8,1.84785,3.12348,2.48121,1.96426,0.1366,0.1069,0.12278,0.44898,0.40693,0.40719,0.22085,0.40636,0.3459,0.30176,0.12739,1.4661,2.51334,6.29004,1.65724,0,0,0,0.000548489,0.000548489,0.000548489
209,21999.9,1.88542,3.15632,2.41704,1.96843,0.13887,0.1115,0.12537,0.40508,0.4438,0.42212,0.22982,0.3022,0.41504,0.32022,0.12699,1.48165,2.55309,5.59636,1.68736,0,0,0,0.000547114,0.000547114,0.000547114
210,22104.9,1.84297,3.08019,2.40018,1.97201,0.13677,0.10956,0.12343,0.46704,0.43168,0.45451,0.23656,0.36525,0.35486,0.34007,0.1389,1.4818,2.54275,6.30731,1.68469,0,0,0,0.00054574,0.00054574,0.00054574
211,22210,1.8712,3.13731,2.4206,1.98639,0.13785,0.11119,0.12508,0.48369,0.46115,0.44219,0.24654,0.3987,0.37954,0.33419,0.13841,1.45168,2.4898,6.41781,1.65172,0,0,0,0.000544365,0.000544365,0.000544365
212,22315.3,1.87687,3.09671,2.40094,1.97839,0.135,0.10854,0.12227,0.45628,0.43527,0.43345,0.24078,0.38979,0.36753,0.34333,0.13831,1.50372,2.53476,6.01443,1.69442,0,0,0,0.000542991,0.000542991,0.000542991
213,22420.3,1.87569,3.09724,2.40524,1.98135,0.14131,0.11192,0.12737,0.36227,0.49196,0.44128,0.22913,0.31083,0.42901,0.347,0.12387,1.4698,2.51845,5.34011,1.66571,0,0,0,0.000541617,0.000541617,0.000541617
214,22525.4,1.87157,3.10055,2.3579,1.98294,0.13568,0.10886,0.12233,0.44488,0.42326,0.40317,0.23041,0.4335,0.33632,0.31324,0.11786,1.5044,2.54119,5.41242,1.70429,0,0,0,0.000540242,0.000540242,0.000540242
215,22630.6,1.84281,3.08611,2.37359,1.95931,0.14091,0.11501,0.12771,0.38856,0.48394,0.44963,0.25226,0.31198,0.39928,0.33657,0.14513,1.46862,2.48007,5.45257,1.671,0,0,0,0.000538868,0.000538868,0.000538868
216,22735.9,1.83891,3.07264,2.35016,1.97554,0.1338,0.11002,0.12266,0.35328,0.52864,0.46995,0.24884,0.2838,0.4479,0.36561,0.14844,1.44206,2.44142,6.48662,1.64645,0,0,0,0.000537493,0.000537493,0.000537493
217,22841.1,1.8553,3.03661,2.3511,1.93546,0.13299,0.10714,0.1214,0.4076,0.41938,0.39214,0.21413,0.39136,0.34391,0.30324,0.12932,1.54779,2.58225,5.80888,1.7287,0,0,0,0.000536119,0.000536119,0.000536119
218,22946.1,1.85156,3.07532,2.37534,1.96881,0.13857,0.11147,0.12461,0.40966,0.5125,0.46327,0.26575,0.37711,0.40716,0.37375,0.16171,1.48916,2.49503,5.3969,1.68013,0,0,0,0.000534744,0.000534744,0.000534744
219,23051.4,1.81996,3.10834,2.32215,1.94795,0.13447,0.11351,0.12378,0.42827,0.48129,0.4554,0.25221,0.35126,0.39989,0.33638,0.14347,1.46947,2.46003,5.62263,1.66952,0,0,0,0.00053337,0.00053337,0.00053337
220,23156.5,1.8382,3.08854,2.37492,1.96056,0.13889,0.10945,0.12461,0.43355,0.45933,0.4416,0.25742,0.3727,0.36112,0.33266,0.14141,1.50399,2.50851,5.20891,1.70005,0,0,0,0.000531995,0.000531995,0.000531995
221,23261.6,1.84015,3.08355,2.39889,1.97911,0.13946,0.11093,0.12645,0.43433,0.40445,0.38491,0.19763,0.35965,0.33343,0.28973,0.11091,1.61101,2.6537,4.64251,1.79292,0,0,0,0.000530621,0.000530621,0.000530621
222,23366.7,1.83697,3.06198,2.39083,1.96155,0.13602,0.10564,0.12279,0.52509,0.372,0.43452,0.23015,0.49434,0.3202,0.35314,0.14395,1.53476,2.56954,4.6023,1.72852,0,0,0,0.000529247,0.000529247,0.000529247
223,23471.7,1.86009,3.09669,2.36479,1.96081,0.13552,0.10503,0.12252,0.49894,0.42309,0.44926,0.24086,0.42777,0.37243,0.34864,0.14579,1.46283,2.44462,5.04045,1.66198,0,0,0,0.000527872,0.000527872,0.000527872
224,23576.8,1.83691,3.0959,2.32377,1.95122,0.13141,0.10555,0.12033,0.39579,0.52255,0.47536,0.25582,0.33244,0.42059,0.3529,0.16304,1.43858,2.44394,5.40873,1.63914,0,0,0,0.000526498,0.000526498,0.000526498
225,23681.7,1.81927,3.03338,2.32567,1.94536,0.13605,0.11106,0.12371,0.37644,0.48057,0.41666,0.23029,0.35649,0.39339,0.32244,0.12712,1.49359,2.50638,4.76291,1.69762,0,0,0,0.000525123,0.000525123,0.000525123
226,23786.9,1.82805,3.06849,2.29305,1.94376,0.14426,0.11611,0.1288,0.45113,0.45406,0.45037,0.244,0.37425,0.40102,0.35542,0.14991,1.44024,2.44633,6.13662,1.65202,0,0,0,0.000523749,0.000523749,0.000523749
227,23892.1,1.82249,3.01133,2.25309,1.94034,0.14191,0.11395,0.12781,0.39931,0.53803,0.45616,0.25297,0.3363,0.48838,0.37107,0.1521,1.44758,2.45036,6.56647,1.64504,0,0,0,0.000522374,0.000522374,0.000522374
228,23997.2,1.80137,2.9853,2.20568,1.89481,0.1429,0.11774,0.12931,0.41098,0.53574,0.46605,0.26328,0.37242,0.45847,0.37439,0.15475,1.41488,2.39495,6.63229,1.62284,0,0,0,0.000521,0.000521,0.000521
229,24102.2,1.79263,3.01698,2.33943,1.9454,0.13991,0.10749,0.12463,0.4509,0.48733,0.4487,0.26545,0.35244,0.41452,0.34188,0.14565,1.45849,2.44707,6.01584,1.65304,0,0,0,0.000519625,0.000519625,0.000519625
230,24207.3,1.83243,3.03224,2.30912,1.9156,0.13652,0.10918,0.12326,0.44143,0.51863,0.47771,0.27475,0.37548,0.41913,0.36374,0.16739,1.42117,2.41764,6.12565,1.61568,0,0,0,0.000518251,0.000518251,0.000518251
231,24312.5,1.77392,2.97599,2.2851,1.91937,0.13291,0.10852,0.12183,0.40763,0.54576,0.48025,0.26118,0.36336,0.45331,0.38893,0.17303,1.44527,2.42687,4.88962,1.65122,0,0,0,0.000516877,0.000516877,0.000516877
232,24417.6,1.77331,3.11168,2.26186,1.90667,0.14323,0.11413,0.12872,0.42843,0.51352,0.49687,0.28776,0.39599,0.42544,0.3912,0.17292,1.40815,2.41,6.03094,1.6162,0,0,0,0.000515502,0.000515502,0.000515502
233,24523,1.8355,3.0212,2.22492,1.92308,0.13539,0.1116,0.12391,0.40253,0.52678,0.49583,0.28262,0.40425,0.40926,0.39468,0.17852,1.39713,2.36839,7.07691,1.5944,0,0,0,0.000514128,0.000514128,0.000514128
234,24628.2,1.80627,3.07592,2.29327,1.93547,0.13343,0.10682,0.12149,0.43243,0.48827,0.48419,0.27756,0.33469,0.44106,0.37146,0.16672,1.41234,2.40423,5.85219,1.60433,0,0,0,0.000512753,0.000512753,0.000512753
235,24733.3,1.79359,3.07255,2.2587,1.92476,0.13735,0.10996,0.12421,0.43481,0.50145,0.48642,0.27601,0.35507,0.44616,0.39182,0.17719,1.4016,2.371,5.38164,1.60012,0,0,0,0.000511379,0.000511379,0.000511379
236,24838.4,1.78326,3.02722,2.31391,1.92754,0.14208,0.11356,0.12736,0.37802,0.54609,0.45916,0.25063,0.30947,0.45165,0.36234,0.15764,1.42731,2.4194,6.568,1.6168,0,0,0,0.000510004,0.000510004,0.000510004
237,24943.6,1.79163,3.00239,2.19903,1.91681,0.14295,0.11705,0.1291,0.44055,0.52369,0.48276,0.25812,0.36976,0.43829,0.37187,0.14887,1.44382,2.43269,6.9177,1.62144,0,0,0,0.00050863,0.00050863,0.00050863
238,25048.6,1.75595,2.95564,2.22843,1.89154,0.13518,0.11035,0.1227,0.40647,0.55936,0.4837,0.26558,0.35254,0.46327,0.37584,0.15475,1.40045,2.39464,5.72399,1.59625,0,0,0,0.000507255,0.000507255,0.000507255
239,25153.7,1.81146,3.01453,2.27913,1.9121,0.13694,0.10966,0.12435,0.40652,0.56513,0.49894,0.28935,0.41517,0.41389,0.38015,0.16038,1.38854,2.38789,6.24668,1.58386,0,0,0,0.000505881,0.000505881,0.000505881
240,25258.8,1.76394,2.9697,2.21263,1.89039,0.1351,0.111,0.12326,0.48776,0.50108,0.49459,0.27155,0.43217,0.37688,0.36347,0.14708,1.43674,2.42912,5.32743,1.63078,0,0,0,0.000504506,0.000504506,0.000504506
241,25363.9,1.83098,3.02705,2.25929,1.88431,0.1407,0.11288,0.127,0.44414,0.53505,0.48302,0.26649,0.35919,0.46095,0.35502,0.15345,1.407,2.39932,5.76249,1.61348,0,0,0,0.000503132,0.000503132,0.000503132
242,25469.1,1.79084,2.99443,2.29378,1.93027,0.14066,0.11442,0.12754,0.48977,0.49492,0.48967,0.28354,0.4237,0.43034,0.38138,0.17776,1.41728,2.38422,5.69682,1.61097,0,0,0,0.000501758,0.000501758,0.000501758
243,25574.4,1.80583,3.04457,2.29513,1.93844,0.13374,0.10693,0.1207,0.46032,0.48481,0.48279,0.27866,0.39043,0.40671,0.37415,0.16497,1.42048,2.39126,5.13378,1.62766,0,0,0,0.000500383,0.000500383,0.000500383
244,25679.6,1.80796,3.01359,2.22253,1.8911,0.13682,0.11032,0.12369,0.43482,0.57098,0.49817,0.28772,0.35528,0.47931,0.38149,0.16454,1.37811,2.35568,5.80476,1.5864,0,0,0,0.000499009,0.000499009,0.000499009
245,25784.8,1.77984,3.00334,2.26366,1.91368,0.13647,0.10838,0.12358,0.44993,0.52858,0.49093,0.28638,0.37165,0.45172,0.37276,0.17103,1.37294,2.37734,5.3159,1.59883,0,0,0,0.000497634,0.000497634,0.000497634
246,25890,1.78489,2.98454,2.22216,1.88528,0.13792,0.11175,0.12492,0.40374,0.53089,0.46894,0.27693,0.32825,0.464,0.34789,0.16302,1.3969,2.39474,5.80621,1.60363,0,0,0,0.00049626,0.00049626,0.00049626
247,25995.1,1.77436,2.97304,2.19283,1.88208,0.13315,0.10631,0.12046,0.39752,0.51617,0.42881,0.2365,0.33088,0.42138,0.34488,0.14712,1.49677,2.4739,4.24287,1.68451,0,0,0,0.000494885,0.000494885,0.000494885
248,26100.3,1.79577,2.92786,2.27868,1.89869,0.12844,0.10574,0.11795,0.40082,0.55097,0.47048,0.28401,0.35728,0.45385,0.36158,0.16258,1.41775,2.41203,4.88794,1.62094,0,0,0,0.000493511,0.000493511,0.000493511
249,26205.4,1.76842,2.86636,2.14986,1.88727,0.13724,0.11143,0.1239,0.40843,0.56195,0.5099,0.30902,0.37225,0.46836,0.41267,0.19279,1.37504,2.34623,6.18546,1.57939,0,0,0,0.000492136,0.000492136,0.000492136
250,26310.8,1.76369,3.00395,2.16732,1.87865,0.13984,0.11244,0.12604,0.48083,0.53148,0.53665,0.31738,0.38224,0.42856,0.39509,0.18505,1.36778,2.33753,6.04908,1.57647,0,0,0,0.000490762,0.000490762,0.000490762
251,26416.1,1.7727,2.96832,2.19319,1.88044,0.13681,0.11231,0.12494,0.48829,0.51606,0.49927,0.29945,0.3834,0.42263,0.36521,0.17134,1.40326,2.37939,5.27326,1.60361,0,0,0,0.000489387,0.000489387,0.000489387
252,26521.1,1.79434,2.96414,2.212,1.909,0.13767,0.10996,0.12409,0.47454,0.55255,0.51974,0.30979,0.41071,0.42453,0.39016,0.18341,1.35641,2.35513,6.15977,1.56886,0,0,0,0.000488013,0.000488013,0.000488013
253,26626.3,1.76041,2.93338,2.14586,1.86165,0.12933,0.10742,0.11837,0.43452,0.54256,0.47471,0.27748,0.37701,0.47376,0.37315,0.17347,1.36778,2.35029,5.39653,1.5703,0,0,0,0.000486639,0.000486639,0.000486639
254,26731.4,1.75617,2.94928,2.17947,1.8779,0.14176,0.11561,0.12765,0.45225,0.54028,0.53002,0.32577,0.33477,0.51307,0.41721,0.20269,1.345,2.3462,5.74056,1.55636,0,0,0,0.000485264,0.000485264,0.000485264
255,26836.6,1.71806,2.98829,2.1936,1.89317,0.13262,0.10734,0.12044,0.42367,0.54105,0.49251,0.28883,0.37407,0.44893,0.37812,0.18625,1.34723,2.37298,6.31988,1.55927,0,0,0,0.00048389,0.00048389,0.00048389
256,26941.7,1.75848,2.91853,2.18844,1.89118,0.13574,0.10704,0.12184,0.48429,0.52817,0.49472,0.28227,0.44911,0.43492,0.40602,0.19288,1.41562,2.40513,5.50196,1.60403,0,0,0,0.000482515,0.000482515,0.000482515
257,27046.9,1.76415,2.98751,2.18789,1.85912,0.13612,0.11089,0.12333,0.43224,0.58201,0.51773,0.31645,0.38929,0.49993,0.42983,0.21538,1.34438,2.35994,6.07959,1.56272,0,0,0,0.000481141,0.000481141,0.000481141
258,27152.3,1.78616,3.03236,2.18982,1.8766,0.13698,0.11187,0.12445,0.50735,0.52245,0.53411,0.323,0.42047,0.4578,0.41937,0.20845,1.34761,2.34681,5.7764,1.55486,0,0,0,0.000479766,0.000479766,0.000479766
259,27257.3,1.73403,2.89043,2.17587,1.86267,0.13349,0.10627,0.11999,0.44248,0.5582,0.5438,0.32751,0.38723,0.47226,0.427,0.20166,1.331,2.31273,6.18739,1.53846,0,0,0,0.000478392,0.000478392,0.000478392
260,27362.3,1.76668,2.89756,2.13454,1.87542,0.1365,0.11084,0.1237,0.49145,0.51401,0.53015,0.32057,0.41217,0.43537,0.42068,0.19241,1.39884,2.33196,5.33742,1.59321,0,0,0,0.000477017,0.000477017,0.000477017
261,27467.4,1.71342,2.8939,2.11604,1.86348,0.13902,0.11314,0.12428,0.4621,0.5311,0.53122,0.32275,0.37374,0.43416,0.40547,0.18357,1.37018,2.33713,6.00734,1.5766,0,0,0,0.000475643,0.000475643,0.000475643
262,27572.5,1.74167,2.95328,2.11967,1.85894,0.13444,0.11094,0.12239,0.52564,0.51182,0.53685,0.32057,0.45234,0.43856,0.4106,0.1982,1.34116,2.32943,7.33027,1.54981,0,0,0,0.000474269,0.000474269,0.000474269
263,27677.5,1.70348,2.90752,2.15754,1.83516,0.13212,0.10637,0.11986,0.46048,0.57818,0.53262,0.31127,0.39462,0.4804,0.41357,0.20084,1.31719,2.30808,5.85559,1.53766,0,0,0,0.000472894,0.000472894,0.000472894
264,27782.7,1.75236,2.94674,2.14886,1.87453,0.13442,0.10802,0.122,0.45748,0.55665,0.53442,0.31763,0.39439,0.4743,0.41325,0.19449,1.3209,2.31003,6.34301,1.53913,0,0,0,0.00047152,0.00047152,0.00047152
265,27887.7,1.70547,2.93972,2.13959,1.84926,0.1363,0.11135,0.12399,0.47818,0.56146,0.54498,0.32172,0.40358,0.49102,0.42649,0.20019,1.3118,2.27522,7.0522,1.52071,0,0,0,0.000470145,0.000470145,0.000470145
266,27992.7,1.74478,2.9139,2.16982,1.86282,0.13593,0.11258,0.12342,0.5307,0.5549,0.53137,0.31506,0.48382,0.4647,0.43007,0.19924,1.36748,2.31442,5.35949,1.57231,0,0,0,0.000468771,0.000468771,0.000468771
267,28097.7,1.7172,2.85708,2.11188,1.85159,0.13368,0.11204,0.12189,0.52525,0.55404,0.54867,0.34007,0.42564,0.48339,0.42022,0.20209,1.30219,2.26856,5.94904,1.52006,0,0,0,0.000467396,0.000467396,0.000467396
268,28203.2,1.71831,2.91374,2.09688,1.83037,0.13286,0.10786,0.12066,0.48599,0.59669,0.55349,0.33556,0.41175,0.50741,0.43598,0.2117,1.28873,2.26174,5.77093,1.5092,0,0,0,0.000466022,0.000466022,0.000466022
269,28308.4,1.71837,2.9103,2.09543,1.8506,0.1296,0.10598,0.1184,0.55403,0.53279,0.54275,0.31876,0.48591,0.4552,0.43343,0.19979,1.31084,2.22836,6.11079,1.53051,0,0,0,0.000464647,0.000464647,0.000464647
270,28413.4,1.73787,2.92824,2.12844,1.85574,0.13201,0.10695,0.119,0.48796,0.56046,0.5305,0.32228,0.4788,0.4365,0.42076,0.20117,1.3164,2.23921,6.17705,1.5293,0,0,0,0.000463273,0.000463273,0.000463273
271,28518.5,1.73443,2.99404,2.14661,1.86676,0.13769,0.11162,0.12436,0.48294,0.50523,0.51938,0.31349,0.45272,0.42732,0.40948,0.19491,1.29885,2.25412,6.37338,1.51888,0,0,0,0.000461898,0.000461898,0.000461898
272,28623.5,1.71051,2.91077,2.08082,1.84065,0.1353,0.1101,0.12176,0.49779,0.55045,0.54356,0.33358,0.42985,0.46138,0.42715,0.20913,1.29883,2.2477,7.38118,1.51825,0,0,0,0.000460524,0.000460524,0.000460524
273,28728.6,1.74622,2.88175,2.12046,1.85763,0.1356,0.11191,0.12328,0.5318,0.53638,0.54508,0.32999,0.46741,0.45477,0.42962,0.19748,1.32282,2.26201,6.66693,1.53781,0,0,0,0.00045915,0.00045915,0.00045915
274,28833.7,1.73932,2.93112,2.09218,1.83889,0.12457,0.10357,0.1137,0.49578,0.53795,0.54587,0.33806,0.4521,0.44212,0.42177,0.20118,1.30172,2.24176,7.03816,1.51627,0,0,0,0.000457775,0.000457775,0.000457775
275,28938.8,1.71108,2.88114,2.13029,1.84562,0.13351,0.10944,0.12089,0.45673,0.58026,0.53927,0.32492,0.39815,0.52525,0.43488,0.20802,1.30282,2.23756,6.1956,1.5189,0,0,0,0.000456401,0.000456401,0.000456401
276,29043.9,1.7302,2.85915,2.09394,1.84949,0.13404,0.10943,0.12105,0.45445,0.57868,0.53737,0.33079,0.40338,0.49218,0.43895,0.21374,1.28333,2.22012,6.39718,1.51174,0,0,0,0.000455026,0.000455026,0.000455026
277,29149,1.70896,2.84471,2.11352,1.82571,0.13212,0.10853,0.12108,0.48672,0.53949,0.53059,0.32889,0.44708,0.45566,0.41494,0.20516,1.3137,2.24971,5.13485,1.53748,0,0,0,0.000453652,0.000453652,0.000453652
278,29254,1.70174,2.86502,2.06632,1.83018,0.13291,0.10937,0.12051,0.53767,0.49894,0.48552,0.28666,0.4584,0.44128,0.3916,0.18207,1.42465,2.37439,4.24501,1.63299,0,0,0,0.000452277,0.000452277,0.000452277
279,29359,1.7361,2.90846,2.12957,1.86145,0.1391,0.11329,0.12586,0.43604,0.56857,0.51492,0.31327,0.37581,0.52942,0.42247,0.19451,1.32194,2.25304,5.64432,1.53192,0,0,0,0.000450903,0.000450903,0.000450903
280,29464.1,1.7016,2.86699,2.0777,1.83723,0.13443,0.11013,0.12213,0.4814,0.5631,0.5693,0.35111,0.40707,0.47071,0.4475,0.22727,1.26234,2.22149,6.48296,1.49308,0,0,0,0.000449528,0.000449528,0.000449528
281,29569.6,1.74713,2.9333,2.0853,1.83687,0.13952,0.11406,0.12468,0.49616,0.53663,0.54405,0.32461,0.43955,0.46489,0.4301,0.20815,1.30498,2.25106,6.41668,1.52435,0,0,0,0.000448154,0.000448154,0.000448154
282,29674.6,1.69863,2.84446,2.04841,1.84833,0.13183,0.11083,0.11992,0.50603,0.54005,0.56328,0.33961,0.41231,0.485,0.44578,0.21587,1.29954,2.25196,5.51358,1.52157,0,0,0,0.00044678,0.00044678,0.00044678
283,29779.7,1.71684,2.88398,2.12876,1.84698,0.13747,0.10945,0.12388,0.50573,0.53427,0.53697,0.32463,0.46395,0.46491,0.42466,0.19605,1.26654,2.21881,6.94431,1.49621,0,0,0,0.000445405,0.000445405,0.000445405
284,29884.9,1.69977,2.84885,2.00859,1.80435,0.12972,0.10889,0.11924,0.52457,0.55136,0.55743,0.33695,0.45604,0.48337,0.44655,0.22446,1.26094,2.18404,6.40371,1.4909,0,0,0,0.000444031,0.000444031,0.000444031
285,29990,1.70146,2.81742,2.05301,1.81021,0.134,0.11251,0.12191,0.5173,0.53207,0.53745,0.32218,0.44189,0.47958,0.44138,0.21266,1.33938,2.24916,6.08933,1.5468,0,0,0,0.000442656,0.000442656,0.000442656
286,30095.1,1.72576,2.91186,2.10865,1.82764,0.13439,0.10939,0.12137,0.45357,0.61228,0.54548,0.32528,0.38619,0.52632,0.44258,0.20323,1.33896,2.23662,6.89023,1.5453,0,0,0,0.000441282,0.000441282,0.000441282
287,30200.2,1.68692,2.8952,2.03461,1.83823,0.1338,0.11075,0.12083,0.44553,0.57977,0.52752,0.31477,0.39149,0.47649,0.40075,0.19673,1.34899,2.29497,6.15231,1.55549,0,0,0,0.000439907,0.000439907,0.000439907
288,30305.3,1.68525,2.88751,1.99749,1.81672,0.13848,0.11403,0.12408,0.49174,0.57053,0.56333,0.35426,0.42184,0.50788,0.44878,0.22273,1.27505,2.20392,6.82455,1.50222,0,0,0,0.000438533,0.000438533,0.000438533
289,30410.4,1.70114,2.86276,2.07797,1.85821,0.13194,0.10774,0.1189,0.47107,0.59316,0.57552,0.35794,0.43139,0.52065,0.47319,0.23017,1.25889,2.17053,7.40718,1.48983,0,0,0,0.000437158,0.000437158,0.000437158
290,30515.7,1.71197,2.83644,2.06649,1.80236,0.13506,0.1118,0.1225,0.48963,0.58622,0.56424,0.34241,0.4311,0.51579,0.46422,0.22672,1.27783,2.1951,7.01968,1.50467,0,0,0,0.000435784,0.000435784,0.000435784
291,30620.8,1.68735,2.79233,2.01917,1.82153,0.13252,0.10993,0.12096,0.46987,0.60324,0.56123,0.33834,0.4209,0.544,0.46569,0.22052,1.25836,2.19743,6.88721,1.4902,0,0,0,0.000434409,0.000434409,0.000434409
292,30725.9,1.65167,2.86695,2.02124,1.80653,0.1407,0.11543,0.12655,0.57163,0.49775,0.57709,0.35334,0.47664,0.43492,0.4568,0.22656,1.26714,2.19797,6.9048,1.4993,0,0,0,0.000433035,0.000433035,0.000433035
293,30830.9,1.65519,2.83174,1.99518,1.80556,0.1354,0.10838,0.1201,0.5047,0.55411,0.55672,0.34008,0.4612,0.47152,0.44075,0.21478,1.29691,2.20752,5.72846,1.51889,0,0,0,0.000431661,0.000431661,0.000431661
294,30935.9,1.6808,2.8118,2.0244,1.81072,0.13627,0.11069,0.12255,0.46564,0.56662,0.54583,0.32631,0.43033,0.43204,0.43294,0.199,1.32799,2.23607,5.15583,1.54589,0,0,0,0.000430286,0.000430286,0.000430286
295,31041,1.71052,2.85532,2.02669,1.82312,0.13678,0.11372,0.12407,0.48728,0.55332,0.52344,0.29733,0.39937,0.47161,0.40985,0.19042,1.3662,2.25533,6.34604,1.57687,0,0,0,0.000428912,0.000428912,0.000428912
296,31145.9,1.67631,2.84312,2.06544,1.81628,0.127,0.10573,0.11508,0.48716,0.5682,0.55211,0.32798,0.42667,0.49353,0.42926,0.20506,1.27361,2.17947,6.58238,1.49477,0,0,0,0.000427537,0.000427537,0.000427537
297,31251,1.67622,2.84752,1.97606,1.79481,0.13293,0.10935,0.12047,0.57063,0.51874,0.57515,0.34438,0.49214,0.4498,0.44834,0.21812,1.28568,2.1943,6.27359,1.50081,0,0,0,0.000426163,0.000426163,0.000426163
298,31356,1.65518,2.75221,1.95005,1.78225,0.12881,0.10853,0.11737,0.58451,0.53404,0.55294,0.34135,0.50868,0.4584,0.43876,0.21105,1.30678,2.21119,5.58167,1.52301,0,0,0,0.000424788,0.000424788,0.000424788
299,31461.1,1.71015,2.81769,2.07776,1.8297,0.13021,0.10661,0.11774,0.50447,0.60757,0.58274,0.35225,0.45667,0.5099,0.4633,0.22476,1.27746,2.20834,6.60242,1.5091,0,0,0,0.000423414,0.000423414,0.000423414
300,31566.2,1.67566,2.86105,1.98431,1.80927,0.1366,0.11488,0.12433,0.52665,0.54167,0.57307,0.33997,0.44782,0.46424,0.44178,0.21123,1.31443,2.19997,6.413,1.5241,0,0,0,0.000422039,0.000422039,0.000422039
301,31671.3,1.66834,2.84947,2.00783,1.815,0.1303,0.11005,0.12001,0.54134,0.48331,0.49849,0.28588,0.4664,0.40941,0.39159,0.18433,1.38261,2.296,5.33877,1.57989,0,0,0,0.000420665,0.000420665,0.000420665
302,31776.3,1.66195,2.81389,2.02513,1.81849,0.13301,0.11001,0.12161,0.49036,0.57965,0.5682,0.34733,0.43575,0.50483,0.46485,0.23234,1.26938,2.18638,6.024,1.4858,0,0,0,0.000419291,0.000419291,0.000419291
303,31881.5,1.68151,2.78098,1.95863,1.7984,0.14142,0.11797,0.12708,0.46316,0.60538,0.56527,0.34012,0.40671,0.53989,0.46993,0.22777,1.27653,2.18495,6.73925,1.49932,0,0,0,0.000417916,0.000417916,0.000417916
304,31986.5,1.69348,2.82725,2.02497,1.80717,0.13797,0.11461,0.12474,0.45913,0.60699,0.55984,0.33787,0.37014,0.50185,0.42563,0.19715,1.3497,2.26404,5.96502,1.5515,0,0,0,0.000416542,0.000416542,0.000416542
305,32091.6,1.63845,2.7665,1.99225,1.77143,0.12713,0.10504,0.11489,0.41687,0.61031,0.56061,0.33466,0.35172,0.49793,0.44164,0.21021,1.32744,2.2211,5.34885,1.53813,0,0,0,0.000415167,0.000415167,0.000415167
306,32196.7,1.6888,2.83611,2.01222,1.81912,0.13571,0.11242,0.12352,0.50442,0.64235,0.58424,0.36647,0.43165,0.55881,0.48652,0.24052,1.25376,2.14935,6.33379,1.4829,0,0,0,0.000413793,0.000413793,0.000413793
307,32302,1.66815,2.80585,2.01395,1.79121,0.12888,0.10699,0.11746,0.49369,0.60844,0.57557,0.35798,0.43366,0.53702,0.4753,0.22608,1.24417,2.15209,7.42938,1.47404,0,0,0,0.000412418,0.000412418,0.000412418
308,32407,1.64604,2.81956,2.04223,1.79484,0.12924,0.10777,0.11754,0.51275,0.59396,0.58672,0.37068,0.44982,0.51042,0.47571,0.23326,1.23519,2.15057,6.28036,1.47158,0,0,0,0.000411044,0.000411044,0.000411044
309,32512,1.67386,2.81494,2.00222,1.81492,0.13165,0.10877,0.11836,0.50813,0.63208,0.5836,0.36205,0.44143,0.55141,0.47671,0.23205,1.25497,2.16547,6.51643,1.48728,0,0,0,0.000409669,0.000409669,0.000409669
310,32617,1.65632,2.85366,2.0156,1.81179,0.13084,0.10512,0.1164,0.58027,0.53772,0.56625,0.35843,0.49697,0.46638,0.45038,0.2208,1.29146,2.18541,6.21725,1.50907,0,0,0,0.000408295,0.000408295,0.000408295
311,32722.1,1.67949,2.78167,2.00066,1.79993,0.13631,0.11322,0.12406,0.56946,0.58554,0.58237,0.35771,0.50953,0.51655,0.48016,0.23443,1.26948,2.1534,6.57633,1.48861,0,0,0,0.00040692,0.00040692,0.00040692
312,32827.1,1.61385,2.73957,1.93006,1.76595,0.13572,0.1131,0.12268,0.50888,0.63012,0.58159,0.36115,0.44255,0.55568,0.47826,0.24365,1.22833,2.11303,7.27178,1.45815,0,0,0,0.000405546,0.000405546,0.000405546
313,32932.1,1.60705,2.75635,1.90996,1.77263,0.13344,0.10972,0.11943,0.50624,0.60967,0.57485,0.36457,0.43978,0.53675,0.45837,0.22422,1.22387,2.11409,6.62029,1.45552,0,0,0,0.000404172,0.000404172,0.000404172
314,33037.1,1.67484,2.83499,2.0163,1.80677,0.13416,0.10684,0.11847,0.51866,0.60422,0.57276,0.36342,0.49624,0.49573,0.45024,0.22337,1.24543,2.13905,5.83895,1.47462,0,0,0,0.000402797,0.000402797,0.000402797
315,33142.2,1.64941,2.7324,1.95806,1.78888,0.13177,0.10974,0.11812,0.48056,0.6163,0.5776,0.35571,0.43251,0.50724,0.45328,0.21482,1.28219,2.15638,5.40596,1.49224,0,0,0,0.000401423,0.000401423,0.000401423
316,33247.3,1.6644,2.7827,2.00842,1.77999,0.1335,0.1091,0.11931,0.5087,0.64229,0.5838,0.36437,0.44084,0.55794,0.46426,0.22984,1.22569,2.10331,6.49919,1.45608,0,0,0,0.000400048,0.000400048,0.000400048
317,33352.4,1.66999,2.77644,1.99913,1.79131,0.13347,0.10944,0.11981,0.51496,0.60819,0.57137,0.34265,0.48951,0.48996,0.46029,0.22867,1.25069,2.13568,6.14497,1.47921,0,0,0,0.000398674,0.000398674,0.000398674
318,33457.3,1.60811,2.75678,1.95611,1.78256,0.12879,0.10327,0.11518,0.51718,0.57386,0.56412,0.33266,0.46115,0.46602,0.45393,0.22431,1.28963,2.18235,5.21843,1.49779,0,0,0,0.000397299,0.000397299,0.000397299
319,33562.4,1.62123,2.80169,1.98366,1.77758,0.14242,0.11709,0.12834,0.52172,0.5673,0.58046,0.35131,0.45715,0.50298,0.46729,0.23314,1.24218,2.13511,6.64405,1.47307,0,0,0,0.000395925,0.000395925,0.000395925
320,33667.5,1.64544,2.79905,1.94984,1.77325,0.13141,0.10887,0.1179,0.50131,0.65148,0.59435,0.36791,0.43223,0.56101,0.47037,0.23826,1.22833,2.08629,7.33758,1.45252,0,0,0,0.00039455,0.00039455,0.00039455
321,33772.7,1.66626,2.75619,1.96031,1.78555,0.13508,0.11006,0.12072,0.53145,0.59058,0.57644,0.34768,0.45997,0.51641,0.46422,0.22341,1.28028,2.16274,6.76875,1.49887,0,0,0,0.000393176,0.000393176,0.000393176
322,33877.7,1.61963,2.74437,1.96601,1.77633,0.12612,0.10336,0.11388,0.49298,0.61963,0.58293,0.36343,0.4335,0.5327,0.46986,0.23866,1.24956,2.10442,6.62882,1.46569,0,0,0,0.000391802,0.000391802,0.000391802
323,33982.9,1.64511,2.75281,1.93726,1.77265,0.13632,0.11041,0.12057,0.48866,0.61736,0.58305,0.37112,0.43231,0.53173,0.46754,0.23909,1.20919,2.0924,5.98622,1.4392,0,0,0,0.000390427,0.000390427,0.000390427
324,34088.2,1.64814,2.81696,1.9449,1.76668,0.13636,0.11005,0.12121,0.54144,0.57351,0.58628,0.36717,0.39342,0.5966,0.47331,0.23726,1.20318,2.08034,6.84321,1.4328,0,0,0,0.000389053,0.000389053,0.000389053
325,34193.2,1.62807,2.72843,1.95116,1.75689,0.13141,0.10712,0.11598,0.50322,0.617,0.58683,0.3701,0.43275,0.57304,0.48174,0.24014,1.20998,2.08304,5.96905,1.43778,0,0,0,0.000387678,0.000387678,0.000387678
326,34298.5,1.64558,2.74637,1.92684,1.77271,0.13314,0.10791,0.11894,0.52195,0.61734,0.58854,0.3738,0.45581,0.5584,0.48605,0.2411,1.20767,2.08737,6.44102,1.43756,0,0,0,0.000386304,0.000386304,0.000386304
327,34403.7,1.63871,2.7771,1.93042,1.77918,0.13449,0.10792,0.11999,0.57844,0.59027,0.6104,0.39656,0.52188,0.50927,0.4986,0.25868,1.21269,2.08538,6.65122,1.441,0,0,0,0.000384929,0.000384929,0.000384929
328,34509,1.61096,2.72635,1.9056,1.74794,0.12503,0.10348,0.11368,0.55003,0.62128,0.61175,0.38401,0.50356,0.51137,0.49435,0.24129,1.22912,2.10368,6.26229,1.45851,0,0,0,0.000383555,0.000383555,0.000383555
329,34614,1.577,2.72009,1.90384,1.74306,0.13385,0.10801,0.1202,0.53463,0.60758,0.60936,0.37916,0.48642,0.52194,0.49657,0.25261,1.20352,2.06581,5.96843,1.43682,0,0,0,0.00038218,0.00038218,0.00038218
330,34718.9,1.63795,2.74443,1.93585,1.76839,0.12891,0.10446,0.11524,0.47849,0.57234,0.56518,0.3445,0.40954,0.51311,0.45043,0.21796,1.29943,2.15883,5.16018,1.51475,0,0,0,0.000380806,0.000380806,0.000380806
331,34824.1,1.6069,2.75151,1.88274,1.76574,0.13241,0.11004,0.12007,0.54399,0.54492,0.59756,0.36403,0.43843,0.51447,0.48479,0.23735,1.24005,2.09201,6.37709,1.46501,0,0,0,0.000379431,0.000379431,0.000379431
332,34929,1.60377,2.70539,1.90788,1.76551,0.13173,0.10704,0.11743,0.50292,0.63474,0.57221,0.34475,0.43074,0.57384,0.45569,0.21485,1.29339,2.16005,5.54569,1.50148,0,0,0,0.000378057,0.000378057,0.000378057
333,35034.1,1.62623,2.71836,1.91317,1.75532,0.13065,0.1078,0.11823,0.53737,0.58766,0.59254,0.38153,0.47806,0.51876,0.48906,0.24907,1.22105,2.0947,6.82507,1.45138,0,0,0,0.000376683,0.000376683,0.000376683
334,35139.2,1.6042,2.71871,1.90108,1.72123,0.12965,0.10739,0.11686,0.58413,0.5694,0.60272,0.37362,0.51693,0.50053,0.49062,0.2412,1.19311,2.08637,6.95131,1.42673,0,0,0,0.000375308,0.000375308,0.000375308
335,35244.1,1.64513,2.74073,1.95568,1.78176,0.12869,0.1052,0.11666,0.55165,0.588,0.59244,0.36956,0.4938,0.48339,0.46912,0.24062,1.21869,2.10191,5.94976,1.44814,0,0,0,0.000373934,0.000373934,0.000373934
336,35349.2,1.63255,2.75227,1.93908,1.7742,0.1344,0.11111,0.12077,0.54471,0.64192,0.5876,0.36309,0.4701,0.54749,0.46721,0.23443,1.21054,2.09583,6.44575,1.44139,0,0,0,0.000372559,0.000372559,0.000372559
337,35454.2,1.58478,2.6842,1.8748,1.73739,0.13154,0.10961,0.11909,0.56392,0.61467,0.59355,0.37891,0.5086,0.53424,0.48666,0.24478,1.18526,2.06669,6.67513,1.42118,0,0,0,0.000371185,0.000371185,0.000371185
338,35559.2,1.6175,2.70156,1.96361,1.76643,0.13042,0.10696,0.11801,0.53197,0.67147,0.60363,0.38123,0.47296,0.58574,0.49222,0.24595,1.18763,2.06952,7.15595,1.42136,0,0,0,0.00036981,0.00036981,0.00036981
339,35664.2,1.6159,2.73958,1.91935,1.74156,0.13594,0.10925,0.12094,0.52369,0.62515,0.62027,0.38908,0.49999,0.51857,0.51733,0.26026,1.18561,2.05652,6.79563,1.41679,0,0,0,0.000368436,0.000368436,0.000368436
340,35769.3,1.59355,2.67547,1.89166,1.73879,0.13265,0.10945,0.1194,0.56959,0.59539,0.60133,0.3757,0.51423,0.51501,0.49832,0.24683,1.19086,2.04592,6.89725,1.41891,0,0,0,0.000367061,0.000367061,0.000367061
341,35874.4,1.64284,2.70919,1.9706,1.76849,0.13011,0.10555,0.11646,0.56908,0.5771,0.60539,0.38873,0.51456,0.52468,0.49832,0.25831,1.19913,2.04903,6.83566,1.42164,0,0,0,0.000365687,0.000365687,0.000365687
342,35979.3,1.59779,2.76636,1.91102,1.74886,0.13281,0.10588,0.11736,0.53319,0.60383,0.60724,0.36754,0.47867,0.53349,0.49237,0.24237,1.2454,2.09719,5.77065,1.461,0,0,0,0.000364313,0.000364313,0.000364313
343,36084.3,1.60063,2.78766,1.85638,1.74174,0.13142,0.10729,0.11821,0.53767,0.59734,0.60735,0.37512,0.44605,0.54629,0.49652,0.24429,1.23263,2.08712,5.77594,1.45408,0,0,0,0.000362938,0.000362938,0.000362938
344,36189.3,1.61362,2.73121,1.88372,1.74509,0.1315,0.1063,0.11715,0.59473,0.59071,0.62306,0.38232,0.50192,0.52846,0.50974,0.25519,1.17616,2.04172,6.8075,1.41597,0,0,0,0.000361564,0.000361564,0.000361564
345,36294.2,1.6145,2.71896,1.93604,1.7634,0.1275,0.10307,0.11381,0.52967,0.60991,0.60131,0.36604,0.47564,0.52657,0.48666,0.23374,1.25485,2.1143,5.51608,1.47183,0,0,0,0.000360189,0.000360189,0.000360189
346,36399.3,1.60731,2.74719,1.89242,1.76441,0.1376,0.1106,0.1221,0.49985,0.63148,0.59937,0.37451,0.4333,0.56117,0.49181,0.24364,1.18486,2.04325,6.52877,1.41251,0,0,0,0.000358815,0.000358815,0.000358815
347,36504.3,1.60088,2.74481,1.88381,1.74907,0.13329,0.10819,0.11817,0.51702,0.60178,0.60871,0.38593,0.44915,0.53718,0.5047,0.26081,1.19613,2.05402,5.89031,1.41717,0,0,0,0.00035744,0.00035744,0.00035744
348,36609.3,1.62216,2.72421,1.88732,1.72628,0.12999,0.10589,0.11641,0.57772,0.58144,0.5994,0.36483,0.48071,0.52432,0.49049,0.25333,1.21208,2.06917,6.34845,1.43139,0,0,0,0.000356066,0.000356066,0.000356066
349,36714.5,1.58803,2.71093,1.86466,1.75789,0.1331,0.109,0.11991,0.57421,0.59513,0.61753,0.39411,0.47578,0.54457,0.49424,0.25758,1.18314,2.0568,6.60537,1.41187,0,0,0,0.000354691,0.000354691,0.000354691
350,36819.5,1.59181,2.67895,1.91409,1.76079,0.134,0.10765,0.1197,0.55426,0.63489,0.62448,0.41531,0.47409,0.54249,0.50053,0.26973,1.15756,2.04431,6.64481,1.39486,0,0,0,0.000353317,0.000353317,0.000353317
351,36924.8,1.59066,2.71611,1.83331,1.7266,0.12938,0.10991,0.11803,0.52852,0.61548,0.60617,0.40148,0.49581,0.51307,0.49855,0.27025,1.16482,2.03337,6.76944,1.39966,0,0,0,0.000351942,0.000351942,0.000351942
352,37029.8,1.61508,2.70138,1.8987,1.73733,0.13293,0.10713,0.11845,0.53567,0.6164,0.59732,0.39282,0.47089,0.54061,0.49219,0.25525,1.17384,2.0375,7.0204,1.40435,0,0,0,0.000350568,0.000350568,0.000350568
353,37134.8,1.5792,2.65161,1.86816,1.72226,0.12103,0.09847,0.10941,0.51205,0.67225,0.61208,0.39499,0.48827,0.52732,0.49943,0.25974,1.17488,2.03598,6.88728,1.40616,0,0,0,0.000349194,0.000349194,0.000349194
354,37239.8,1.5999,2.72771,1.89569,1.75178,0.13275,0.10788,0.11868,0.56771,0.61172,0.61637,0.40294,0.49674,0.5368,0.50308,0.26577,1.1534,2.01206,7.00968,1.393,0,0,0,0.000347819,0.000347819,0.000347819
355,37345,1.59081,2.68778,1.84831,1.71169,0.12665,0.1068,0.11729,0.51893,0.66413,0.61804,0.40662,0.45361,0.58137,0.5022,0.26258,1.16011,2.02138,7.14653,1.40206,0,0,0,0.000346445,0.000346445,0.000346445
356,37450,1.58986,2.68104,1.86153,1.73775,0.12939,0.10344,0.11349,0.53578,0.61009,0.61557,0.4004,0.49559,0.51463,0.50242,0.26526,1.16608,2.02166,6.66626,1.41161,0,0,0,0.00034507,0.00034507,0.00034507
357,37555,1.58467,2.75705,1.90298,1.7329,0.13149,0.10285,0.11577,0.51543,0.66569,0.62247,0.41793,0.45046,0.58594,0.50373,0.27144,1.15959,2.00776,6.40061,1.40721,0,0,0,0.000343696,0.000343696,0.000343696
358,37660.3,1.5735,2.70871,1.83525,1.73615,0.12893,0.10812,0.11817,0.53284,0.63423,0.62243,0.4016,0.4637,0.55702,0.50565,0.25797,1.1607,1.99045,6.36848,1.40337,0,0,0,0.000342321,0.000342321,0.000342321
359,37765.3,1.57281,2.70401,1.86263,1.72486,0.12971,0.10646,0.11801,0.52752,0.62407,0.61918,0.39599,0.4622,0.54943,0.51228,0.26235,1.16265,2.00068,6.89167,1.39428,0,0,0,0.000340947,0.000340947,0.000340947
360,37870.2,1.54192,2.61079,2.03074,1.71314,0.11967,0.09706,0.10745,0.58123,0.59102,0.6281,0.40485,0.52437,0.50898,0.52363,0.26704,1.16012,1.98542,6.4408,1.39406,0,0,0,0.000339572,0.000339572,0.000339572
361,37975.2,1.5462,2.61606,1.82938,1.71088,0.13425,0.10932,0.11951,0.54679,0.59349,0.6148,0.4024,0.4472,0.5707,0.51595,0.26362,1.13732,1.97243,7.00005,1.37419,0,0,0,0.000338198,0.000338198,0.000338198
362,38080.2,1.58606,2.71073,1.92018,1.73111,0.13212,0.10727,0.11851,0.56484,0.58385,0.60206,0.38939,0.51842,0.50357,0.50571,0.259,1.12835,1.96542,7.36312,1.37043,0,0,0,0.000336824,0.000336824,0.000336824
363,38185.2,1.58427,2.64652,1.82828,1.71707,0.12761,0.10554,0.11626,0.57988,0.61302,0.61699,0.40181,0.51752,0.55593,0.51762,0.26567,1.15435,1.98996,6.66494,1.39463,0,0,0,0.000335449,0.000335449,0.000335449
364,38290.2,1.58567,2.61851,1.84384,1.71974,0.13176,0.1081,0.11783,0.55762,0.63354,0.62817,0.39694,0.50742,0.55248,0.52054,0.26869,1.14851,1.99123,6.85668,1.38681,0,0,0,0.000334075,0.000334075,0.000334075
365,38395.3,1.58735,2.62747,1.8035,1.7004,0.13586,0.10945,0.12119,0.55626,0.60414,0.62197,0.39176,0.49504,0.54466,0.52087,0.26554,1.15208,1.97589,6.69275,1.39335,0,0,0,0.0003327,0.0003327,0.0003327
366,38500.3,1.59503,2.64288,1.8525,1.71621,0.12958,0.10657,0.11767,0.56371,0.62596,0.629,0.41103,0.51574,0.53961,0.52352,0.28059,1.14366,1.96326,7.09512,1.37904,0,0,0,0.000331326,0.000331326,0.000331326
367,38605.5,1.54961,2.60639,1.79183,1.69517,0.13167,0.10516,0.11706,0.56964,0.63251,0.63887,0.41135,0.50345,0.56553,0.53413,0.27857,1.13944,1.96649,7.12489,1.37431,0,0,0,0.000329951,0.000329951,0.000329951
368,38710.6,1.54616,2.65802,1.84134,1.7125,0.12983,0.1043,0.11637,0.51178,0.66811,0.62127,0.40763,0.45506,0.59329,0.50705,0.27218,1.15743,1.98994,6.37126,1.38646,0,0,0,0.000328577,0.000328577,0.000328577
369,38815.5,1.55716,2.63766,1.81881,1.71346,0.12584,0.10369,0.11383,0.54541,0.64038,0.59554,0.39547,0.46407,0.56461,0.48738,0.25796,1.21133,2.05269,6.40529,1.42637,0,0,0,0.000327202,0.000327202,0.000327202
370,38920.5,1.55397,2.60486,1.77231,1.69165,0.13057,0.10552,0.11673,0.55996,0.64696,0.63609,0.42391,0.49927,0.57178,0.53097,0.28568,1.13408,1.98157,6.89882,1.3697,0,0,0,0.000325828,0.000325828,0.000325828
371,39025.8,1.53273,2.58671,1.80561,1.68652,0.12967,0.1039,0.11355,0.57915,0.62532,0.63326,0.42332,0.51576,0.54656,0.52932,0.27606,1.12772,1.97452,6.77244,1.37402,0,0,0,0.000324453,0.000324453,0.000324453
372,39131,1.5838,2.63223,1.82347,1.71934,0.12877,0.10447,0.11532,0.52265,0.66814,0.62776,0.41906,0.4594,0.55538,0.5178,0.27059,1.12193,1.9592,6.85955,1.36862,0,0,0,0.000323079,0.000323079,0.000323079
373,39236.1,1.58504,2.64306,1.81736,1.71501,0.13341,0.10688,0.11832,0.51182,0.66767,0.6322,0.41468,0.56366,0.47353,0.51334,0.27543,1.12733,1.95983,7.10291,1.36506,0,0,0,0.000321705,0.000321705,0.000321705
374,39341.2,1.60457,2.64865,1.86919,1.73629,0.13014,0.10482,0.1153,0.58631,0.59263,0.6279,0.4111,0.51601,0.51366,0.50257,0.26844,1.11693,1.96772,7.04902,1.36218,0,0,0,0.00032033,0.00032033,0.00032033
375,39446.2,1.55149,2.64687,1.81082,1.69309,0.13083,0.1061,0.11688,0.53177,0.67419,0.64505,0.43712,0.46694,0.59318,0.53259,0.29495,1.11067,1.954,7.09302,1.36231,0,0,0,0.000318956,0.000318956,0.000318956
376,39551.5,1.56286,2.5911,1.81052,1.7177,0.12665,0.10479,0.11489,0.54877,0.64584,0.63959,0.43369,0.49252,0.55879,0.53103,0.29967,1.11093,1.9569,7.17847,1.36096,0,0,0,0.000317581,0.000317581,0.000317581
377,39656.8,1.53488,2.64624,1.81031,1.7018,0.13259,0.10806,0.11876,0.56695,0.63507,0.64822,0.43287,0.51972,0.56031,0.54502,0.29346,1.09993,1.94106,7.33163,1.35434,0,0,0,0.000316207,0.000316207,0.000316207
378,39761.9,1.56605,2.64051,1.83201,1.70887,0.13121,0.10356,0.11484,0.5777,0.63122,0.6368,0.42645,0.55144,0.51976,0.52823,0.27649,1.12256,1.95076,6.30247,1.36824,0,0,0,0.000314832,0.000314832,0.000314832
379,39867,1.53719,2.58731,1.79911,1.68502,0.12348,0.10201,0.11279,0.56822,0.61852,0.6171,0.41463,0.50757,0.55083,0.51652,0.26941,1.15247,1.97428,6.17487,1.39003,0,0,0,0.000313458,0.000313458,0.000313458
380,39972.1,1.57088,2.62488,1.81923,1.68483,0.13217,0.10863,0.11936,0.56077,0.59781,0.61463,0.39843,0.51461,0.53689,0.5154,0.26009,1.1804,2.01186,5.596,1.41321,0,0,0,0.000312083,0.000312083,0.000312083
381,40077.1,1.52905,2.60456,1.79411,1.69574,0.1305,0.10576,0.11762,0.53207,0.63051,0.6341,0.41726,0.52646,0.52501,0.52916,0.27599,1.14488,1.96587,5.95825,1.38396,0,0,0,0.000310709,0.000310709,0.000310709
382,40182.2,1.53993,2.61202,1.75677,1.68501,0.13592,0.10882,0.12011,0.55101,0.62052,0.6209,0.41565,0.49064,0.52257,0.51525,0.27375,1.15914,1.96757,6.18125,1.38741,0,0,0,0.000309335,0.000309335,0.000309335
383,40287.3,1.53434,2.62471,1.78728,1.66971,0.13142,0.10651,0.11806,0.56462,0.61627,0.62699,0.41224,0.48064,0.56198,0.51905,0.27259,1.15052,1.9715,6.03298,1.38176,0,0,0,0.00030796,0.00030796,0.00030796
384,40392.4,1.56889,2.60868,1.80909,1.68201,0.12883,0.10426,0.1154,0.56982,0.64314,0.64119,0.42625,0.4611,0.61287,0.52571,0.27512,1.1106,1.95449,6.60861,1.35739,0,0,0,0.000306586,0.000306586,0.000306586
385,40497.4,1.56525,2.60778,1.80516,1.69579,0.12804,0.10424,0.11472,0.56883,0.64672,0.63003,0.40996,0.48516,0.56804,0.51124,0.26371,1.17497,2.0082,5.33178,1.40133,0,0,0,0.000305211,0.000305211,0.000305211
386,40602.5,1.537,2.60773,1.79133,1.67968,0.13347,0.10818,0.11939,0.57122,0.67921,0.63463,0.41385,0.49841,0.6003,0.51191,0.26324,1.14092,1.96651,5.81306,1.37362,0,0,0,0.000303837,0.000303837,0.000303837
387,40707.5,1.52028,2.60766,1.76177,1.6714,0.13466,0.10939,0.12047,0.56868,0.67271,0.63882,0.42611,0.5044,0.59901,0.52107,0.27115,1.10868,1.91964,6.69421,1.34937,0,0,0,0.000302462,0.000302462,0.000302462
388,40812.6,1.51625,2.60875,1.75836,1.6845,0.13056,0.107,0.11784,0.53292,0.65629,0.63507,0.42501,0.45555,0.5977,0.5139,0.27194,1.11442,1.93931,7.8731,1.35134,0,0,0,0.000301088,0.000301088,0.000301088
389,40917.7,1.5337,2.64567,1.81722,1.70993,0.13473,0.10763,0.1192,0.5271,0.67425,0.63135,0.41713,0.46159,0.61412,0.51529,0.27211,1.11959,1.94269,7.15402,1.35602,0,0,0,0.000299713,0.000299713,0.000299713
390,41022.9,1.5819,2.6655,1.81412,1.68772,0.13443,0.10927,0.12137,0.55111,0.67039,0.63501,0.41649,0.47397,0.58352,0.50813,0.26607,1.1041,1.93307,7.29737,1.34525,0,0,0,0.000298339,0.000298339,0.000298339
391,41128,1.53759,2.54987,1.78224,1.69587,0.12553,0.10357,0.11461,0.5431,0.6698,0.64162,0.42506,0.46552,0.57308,0.51548,0.27334,1.10455,1.92887,6.72522,1.35085,0,0,0,0.000296964,0.000296964,0.000296964
392,41233.1,1.52391,2.51292,1.72269,1.66229,0.13001,0.10647,0.11713,0.60079,0.62938,0.65022,0.43529,0.53375,0.55729,0.53503,0.28432,1.09552,1.90327,6.59469,1.33766,0,0,0,0.00029559,0.00029559,0.00029559
393,41338.1,1.54768,2.65329,1.79126,1.7023,0.13055,0.10549,0.11703,0.57195,0.66813,0.64614,0.42093,0.5056,0.59117,0.5252,0.27358,1.1159,1.92293,6.71751,1.35816,0,0,0,0.000294216,0.000294216,0.000294216
394,41443.2,1.51118,2.57257,1.72286,1.67902,0.12942,0.10618,0.11767,0.56708,0.65885,0.64313,0.41609,0.50127,0.5784,0.52485,0.28263,1.10539,1.91593,6.85455,1.35376,0,0,0,0.000292841,0.000292841,0.000292841
395,41548.4,1.57119,2.61054,1.78606,1.69587,0.1339,0.10914,0.12016,0.60544,0.65919,0.64847,0.41989,0.53319,0.58145,0.52596,0.28428,1.10945,1.90857,6.64014,1.35136,0,0,0,0.000291467,0.000291467,0.000291467
396,41653.5,1.54236,2.60646,1.79194,1.68797,0.13089,0.10778,0.11896,0.57651,0.64999,0.63942,0.42092,0.49607,0.57652,0.52668,0.287,1.08798,1.89354,7.09532,1.33679,0,0,0,0.000290092,0.000290092,0.000290092
397,41758.5,1.52253,2.56625,1.76055,1.67422,0.12612,0.10221,0.11351,0.60075,0.61768,0.63593,0.41883,0.4937,0.56751,0.52343,0.28217,1.08338,1.90843,7.15139,1.33459,0,0,0,0.000288718,0.000288718,0.000288718
398,41863.5,1.5562,2.58225,1.79951,1.70283,0.1315,0.10485,0.11622,0.65207,0.58616,0.61822,0.39905,0.55409,0.52696,0.51049,0.27047,1.12452,1.96395,6.32449,1.36567,0,0,0,0.000287343,0.000287343,0.000287343
399,41968.5,1.51938,2.60291,1.69517,1.66401,0.13102,0.1079,0.11815,0.55129,0.67706,0.64568,0.42006,0.5118,0.59298,0.54467,0.28904,1.09582,1.91419,6.70717,1.34434,0,0,0,0.000285969,0.000285969,0.000285969
400,42073.7,1.51084,2.60975,1.78932,1.65647,0.12649,0.1031,0.11419,0.55385,0.64335,0.647,0.42701,0.53188,0.55052,0.54054,0.29348,1.09573,1.90654,6.67574,1.34388,0,0,0,0.000284594,0.000284594,0.000284594
401,42178.9,1.51304,2.56322,1.73053,1.68124,0.13292,0.11004,0.1212,0.57088,0.62668,0.65442,0.43553,0.50571,0.55455,0.54284,0.29906,1.07769,1.8902,7.47116,1.33035,0,0,0,0.00028322,0.00028322,0.00028322
402,42284.3,1.5257,2.53741,1.73175,1.67872,0.12362,0.1006,0.11095,0.53022,0.671,0.65844,0.43649,0.46642,0.59281,0.54572,0.29876,1.07844,1.89287,7.46094,1.3268,0,0,0,0.000281846,0.000281846,0.000281846
403,42389.6,1.54519,2.59712,1.78787,1.66895,0.13012,0.1057,0.11772,0.51072,0.71807,0.64692,0.43885,0.4386,0.63614,0.53158,0.29299,1.08701,1.89468,7.27602,1.32668,0,0,0,0.000280471,0.000280471,0.000280471
404,42494.7,1.50311,2.54001,1.75016,1.64924,0.12786,0.10455,0.11538,0.52129,0.69873,0.64806,0.43247,0.46242,0.61226,0.54163,0.2988,1.08883,1.88346,7.70544,1.32741,0,0,0,0.000279097,0.000279097,0.000279097
405,42599.7,1.52557,2.59365,1.76936,1.69073,0.13099,0.10661,0.11732,0.5446,0.66238,0.65804,0.4445,0.46378,0.62292,0.54874,0.29182,1.08377,1.88532,6.75176,1.33002,0,0,0,0.000277722,0.000277722,0.000277722
406,42705,1.5135,2.58489,1.7537,1.66761,0.12814,0.1024,0.11366,0.57958,0.64148,0.64234,0.43244,0.52075,0.57666,0.54156,0.29475,1.07245,1.87514,7.2409,1.32361,0,0,0,0.000276348,0.000276348,0.000276348
407,42809.9,1.49666,2.62364,1.81088,1.67385,0.12568,0.10163,0.11343,0.55431,0.6831,0.64371,0.4328,0.49582,0.6079,0.53864,0.29264,1.08485,1.88477,6.13848,1.33038,0,0,0,0.000274973,0.000274973,0.000274973
408,42915.2,1.55276,2.58047,1.76121,1.66789,0.12782,0.10407,0.11556,0.57384,0.65598,0.64287,0.43136,0.53265,0.58587,0.54689,0.29741,1.07211,1.86269,6.62623,1.32238,0,0,0,0.000273599,0.000273599,0.000273599
409,43020.2,1.49368,2.51761,1.73169,1.66258,0.14006,0.11352,0.12472,0.56757,0.68046,0.63868,0.42775,0.51493,0.60421,0.54555,0.30058,1.06967,1.8446,6.78963,1.32565,0,0,0,0.000272224,0.000272224,0.000272224
410,43125.4,1.52024,2.57599,1.77046,1.64883,0.12497,0.10093,0.11295,0.56917,0.64305,0.63618,0.42239,0.51768,0.57612,0.54207,0.29307,1.08051,1.84395,6.53185,1.32798,0,0,0,0.00027085,0.00027085,0.00027085
411,43230.4,1.47277,2.55975,1.727,1.66188,0.13105,0.10621,0.11683,0.5627,0.66385,0.64276,0.42424,0.50949,0.58214,0.54258,0.29441,1.07308,1.85289,6.52894,1.32317,0,0,0,0.000269475,0.000269475,0.000269475
412,43335.5,1.53409,2.52534,1.75327,1.65259,0.12444,0.1026,0.11348,0.58347,0.65193,0.6578,0.43785,0.51389,0.58701,0.56481,0.30616,1.0687,1.85272,6.81807,1.32155,0,0,0,0.000268101,0.000268101,0.000268101
413,43440.8,1.54993,2.58207,1.78989,1.70955,0.12548,0.10189,0.11277,0.62226,0.63945,0.65827,0.44186,0.55086,0.56522,0.55807,0.30329,1.08314,1.86923,6.21204,1.33707,0,0,0,0.000266727,0.000266727,0.000266727
414,43546.1,1.47369,2.50639,1.69562,1.64013,0.13308,0.1081,0.12037,0.61127,0.62394,0.67009,0.45167,0.55069,0.5635,0.57169,0.31425,1.06876,1.83749,6.49559,1.32458,0,0,0,0.000265352,0.000265352,0.000265352
415,43651.5,1.54775,2.56538,1.7496,1.66308,0.12836,0.10709,0.11796,0.58781,0.65035,0.66409,0.42892,0.52042,0.58244,0.55989,0.30175,1.09828,1.85677,6.18007,1.34139,0,0,0,0.000263978,0.000263978,0.000263978
416,43756.5,1.4662,2.51556,1.70873,1.62741,0.1205,0.10008,0.11063,0.60916,0.65838,0.66862,0.43906,0.54456,0.58696,0.57055,0.30736,1.07196,1.83341,6.74394,1.32118,0,0,0,0.000262603,0.000262603,0.000262603
417,43861.5,1.50005,2.59472,1.83642,1.6637,0.12917,0.106,0.11683,0.59707,0.66621,0.65976,0.42943,0.52377,0.61348,0.55315,0.29876,1.07716,1.86065,6.81033,1.32625,0,0,0,0.000261229,0.000261229,0.000261229
418,43966.7,1.51197,2.55885,1.73147,1.65125,0.12949,0.10485,0.11615,0.63519,0.61192,0.65695,0.42762,0.56627,0.54351,0.53916,0.29248,1.1203,1.9107,5.57541,1.35958,0,0,0,0.000259854,0.000259854,0.000259854
419,44071.8,1.50886,2.57324,1.73306,1.65821,0.13373,0.10894,0.12047,0.57776,0.67009,0.65164,0.44154,0.52085,0.6034,0.53865,0.28834,1.082,1.87152,6.38783,1.33162,0,0,0,0.00025848,0.00025848,0.00025848
420,44176.8,1.52529,2.5858,1.75038,1.67201,0.12981,0.10606,0.11665,0.58538,0.6589,0.66163,0.44233,0.52854,0.57138,0.54448,0.29214,1.05904,1.84002,7.31923,1.31493,0,0,0,0.000257105,0.000257105,0.000257105
421,44281.9,1.52854,2.55339,1.74993,1.66419,0.12512,0.10011,0.11261,0.58306,0.642,0.6626,0.44694,0.5142,0.56499,0.54484,0.29539,1.07736,1.85197,6.81514,1.32413,0,0,0,0.000255731,0.000255731,0.000255731
422,44387,1.47932,2.527,1.72137,1.65078,0.12806,0.10568,0.11568,0.57285,0.66136,0.65876,0.45038,0.50223,0.59755,0.54678,0.29464,1.07076,1.84835,7.17226,1.31687,0,0,0,0.000254357,0.000254357,0.000254357
423,44492.1,1.50244,2.51662,1.68348,1.64874,0.1283,0.1047,0.11488,0.5671,0.67727,0.65297,0.44349,0.50904,0.58783,0.54003,0.29178,1.06472,1.83979,7.21833,1.31066,0,0,0,0.000252982,0.000252982,0.000252982
424,44597.3,1.53206,2.53818,1.78179,1.67904,0.13153,0.10754,0.11919,0.60832,0.63986,0.65578,0.43983,0.54296,0.57612,0.54585,0.2967,1.05704,1.82186,7.43224,1.30709,0,0,0,0.000251608,0.000251608,0.000251608
425,44702.3,1.49613,2.54936,1.72635,1.64123,0.12503,0.10489,0.11501,0.60273,0.66499,0.65895,0.44748,0.551,0.59765,0.55433,0.30445,1.07109,1.82984,7.29399,1.31753,0,0,0,0.000250233,0.000250233,0.000250233
426,44807.4,1.50211,2.48238,1.71718,1.656,0.12481,0.10225,0.11341,0.60432,0.68733,0.67012,0.44967,0.54939,0.61254,0.5665,0.3143,1.07245,1.81909,7.4112,1.31632,0,0,0,0.000248859,0.000248859,0.000248859
427,44912.5,1.53562,2.58931,1.71442,1.6506,0.1262,0.10362,0.11437,0.60428,0.66007,0.66676,0.43664,0.53849,0.59483,0.56053,0.30502,1.07595,1.82208,7.01902,1.31805,0,0,0,0.000247484,0.000247484,0.000247484
428,45017.6,1.46958,2.47522,1.66158,1.65262,0.13196,0.10815,0.11966,0.58443,0.64057,0.66928,0.45538,0.53435,0.5712,0.5706,0.308,1.05671,1.82504,7.4873,1.30297,0,0,0,0.00024611,0.00024611,0.00024611
429,45122.6,1.47763,2.53084,1.70736,1.66294,0.1341,0.1103,0.12054,0.54534,0.68137,0.66861,0.44539,0.48809,0.61594,0.56892,0.302,1.05991,1.83768,7.26974,1.30586,0,0,0,0.000244735,0.000244735,0.000244735
430,45227.6,1.50861,2.50275,1.71809,1.6413,0.13365,0.1093,0.12017,0.5646,0.69077,0.66204,0.44436,0.51042,0.59816,0.54561,0.29506,1.06425,1.83558,7.22495,1.30984,0,0,0,0.000243361,0.000243361,0.000243361
431,45332.6,1.47249,2.49346,1.69962,1.62709,0.13145,0.10622,0.11824,0.59332,0.66711,0.67435,0.45754,0.53852,0.60465,0.55645,0.29944,1.05208,1.8197,7.90386,1.30366,0,0,0,0.000241986,0.000241986,0.000241986
432,45437.6,1.4888,2.56657,1.78165,1.63854,0.1271,0.10314,0.11378,0.56255,0.72277,0.67408,0.4551,0.51913,0.63572,0.55679,0.29988,1.05153,1.80728,7.6478,1.30225,0,0,0,0.000240612,0.000240612,0.000240612
433,45542.6,1.48087,2.53998,1.75545,1.66258,0.12689,0.10404,0.11524,0.57068,0.70978,0.67601,0.45345,0.53015,0.60487,0.55894,0.30117,1.05055,1.80692,7.53462,1.29936,0,0,0,0.000239238,0.000239238,0.000239238
434,45647.6,1.50177,2.53039,1.72876,1.66543,0.13333,0.10766,0.11879,0.58526,0.71013,0.67913,0.46214,0.54066,0.61424,0.55663,0.30987,1.05584,1.81576,7.2564,1.30088,0,0,0,0.000237863,0.000237863,0.000237863
435,45753,1.45879,2.51245,1.64938,1.6212,0.12573,0.10319,0.11364,0.59672,0.69356,0.68085,0.46789,0.52391,0.61251,0.56183,0.30924,1.05169,1.80429,7.36828,1.29772,0,0,0,0.000236489,0.000236489,0.000236489
436,45858.3,1.4999,2.49139,1.69707,1.64402,0.13085,0.10862,0.11996,0.61454,0.66109,0.67529,0.45083,0.53766,0.58455,0.55892,0.30263,1.07443,1.82895,6.35434,1.3201,0,0,0,0.000235114,0.000235114,0.000235114
437,45963.2,1.46396,2.49264,1.70984,1.64809,0.12429,0.10033,0.11191,0.60276,0.66546,0.67799,0.45991,0.58499,0.55598,0.57249,0.31844,1.05018,1.80073,6.71883,1.30256,0,0,0,0.00023374,0.00023374,0.00023374
438,46068.4,1.42258,2.41519,1.648,1.62023,0.12716,0.10388,0.11433,0.61262,0.66769,0.67807,0.46736,0.55051,0.59686,0.57404,0.31688,1.04009,1.7912,6.56216,1.29524,0,0,0,0.000232365,0.000232365,0.000232365
439,46173.7,1.48241,2.47237,1.72098,1.6552,0.12937,0.10699,0.11738,0.61645,0.69959,0.68514,0.46941,0.54711,0.62417,0.5806,0.32084,1.02938,1.79271,6.6613,1.28819,0,0,0,0.000230991,0.000230991,0.000230991
440,46279.1,1.53773,2.52718,1.71891,1.66904,0.12542,0.10539,0.11552,0.58302,0.71274,0.67839,0.4688,0.53003,0.61287,0.56502,0.31336,1.04181,1.8149,6.49815,1.302,0,0,0,0.000229616,0.000229616,0.000229616
441,46384.3,1.47358,2.51652,1.69002,1.63691,0.12694,0.10545,0.1165,0.58072,0.68299,0.67437,0.45627,0.52739,0.59318,0.56002,0.30845,1.05117,1.82438,6.21612,1.30671,0,0,0,0.000228242,0.000228242,0.000228242
442,46489.3,1.47876,2.4703,1.71183,1.65074,0.12814,0.10566,0.1165,0.56399,0.70698,0.67953,0.46144,0.53122,0.5934,0.57283,0.31771,1.03494,1.80428,6.86224,1.29073,0,0,0,0.000226868,0.000226868,0.000226868
443,46594.4,1.50215,2.52326,1.70452,1.66219,0.12528,0.10456,0.11468,0.60284,0.64981,0.6831,0.46552,0.56572,0.58488,0.58097,0.31603,1.03313,1.80072,6.67803,1.28959,0,0,0,0.000225493,0.000225493,0.000225493
444,46699.4,1.49201,2.53657,1.71969,1.63496,0.12757,0.10266,0.11371,0.57574,0.66858,0.67122,0.44972,0.53467,0.58873,0.57158,0.30557,1.04141,1.81547,6.55989,1.294,0,0,0,0.000224119,0.000224119,0.000224119
445,46804.5,1.47804,2.45579,1.67233,1.63065,0.12241,0.09989,0.11094,0.59081,0.63552,0.67158,0.45096,0.55857,0.57748,0.57758,0.31007,1.04065,1.79626,6.69624,1.29099,0,0,0,0.000222744,0.000222744,0.000222744
446,46909.5,1.49215,2.52408,1.70178,1.63537,0.1268,0.1041,0.11544,0.56316,0.69288,0.67353,0.45396,0.53919,0.58364,0.57576,0.31064,1.04789,1.80757,6.70383,1.29465,0,0,0,0.00022137,0.00022137,0.00022137
447,47014.6,1.4562,2.42655,1.65996,1.62262,0.12762,0.10615,0.11607,0.5718,0.67771,0.66681,0.45649,0.52212,0.60191,0.56806,0.3087,1.0505,1.81738,6.75249,1.29673,0,0,0,0.000219995,0.000219995,0.000219995
448,47119.6,1.44128,2.43889,1.65997,1.62451,0.12779,0.1042,0.11483,0.58116,0.66319,0.67101,0.46385,0.51069,0.61506,0.57265,0.30972,1.05524,1.81514,6.82852,1.30276,0,0,0,0.000218621,0.000218621,0.000218621
449,47224.7,1.46233,2.46667,1.69379,1.64301,0.13139,0.10627,0.11781,0.59787,0.66513,0.68221,0.47159,0.5371,0.59549,0.57798,0.31529,1.03771,1.78032,7.06376,1.29127,0,0,0,0.000217246,0.000217246,0.000217246
450,47329.7,1.48593,2.43562,1.70924,1.63823,0.12522,0.10004,0.11085,0.60167,0.67243,0.6787,0.46561,0.5439,0.60419,0.57663,0.32012,1.04152,1.77528,6.93552,1.28856,0,0,0,0.000215872,0.000215872,0.000215872
451,47434.8,1.43358,2.49159,1.62381,1.60822,0.12421,0.10313,0.11339,0.55543,0.70996,0.68899,0.47808,0.499,0.61959,0.58824,0.33417,1.04509,1.77934,6.81027,1.28904,0,0,0,0.000214497,0.000214497,0.000214497
452,47540.1,1.47527,2.49151,1.69489,1.64334,0.13236,0.10786,0.11958,0.59496,0.64829,0.67518,0.47406,0.5352,0.59559,0.5788,0.32086,1.06638,1.7993,6.50866,1.3032,0,0,0,0.000213123,0.000213123,0.000213123
453,47645.3,1.47737,2.49198,1.69668,1.63474,0.12013,0.09969,0.11016,0.61154,0.66451,0.67339,0.46746,0.54522,0.59365,0.57022,0.31671,1.08392,1.82131,5.95964,1.31753,0,0,0,0.000211749,0.000211749,0.000211749
454,47750.3,1.45057,2.48473,1.70428,1.63542,0.12468,0.09931,0.11085,0.60786,0.68513,0.6836,0.48057,0.53977,0.6148,0.57604,0.32651,1.04197,1.78308,6.62722,1.28648,0,0,0,0.000210374,0.000210374,0.000210374
455,47855.5,1.50845,2.50071,1.68398,1.61305,0.12653,0.10399,0.11466,0.59356,0.68712,0.68735,0.47819,0.53477,0.61771,0.58224,0.32776,1.03362,1.77977,6.77834,1.2826,0,0,0,0.000209,0.000209,0.000209
456,47960.6,1.44781,2.4982,1.66195,1.6088,0.12212,0.0999,0.11019,0.60749,0.671,0.68492,0.48123,0.54285,0.6077,0.58334,0.33242,1.0239,1.78112,6.78613,1.28268,0,0,0,0.000207625,0.000207625,0.000207625
457,48065.8,1.42341,2.42978,1.66865,1.62767,0.12851,0.10327,0.11466,0.61085,0.68572,0.69109,0.47896,0.53806,0.61481,0.57855,0.32638,1.02542,1.7725,6.95264,1.28393,0,0,0,0.000206251,0.000206251,0.000206251
458,48170.9,1.48048,2.5079,1.6848,1.64035,0.12327,0.10115,0.11119,0.62634,0.66436,0.6833,0.46779,0.58287,0.57677,0.57851,0.3261,1.01752,1.77574,6.87758,1.28255,0,0,0,0.000204876,0.000204876,0.000204876
459,48276,1.4631,2.48617,1.65233,1.61447,0.13699,0.11343,0.12478,0.60143,0.67719,0.67047,0.45602,0.54419,0.60686,0.5717,0.31177,1.02668,1.7924,7.0175,1.28657,0,0,0,0.000203502,0.000203502,0.000203502
460,48381,1.44203,2.4077,1.62432,1.59903,0.12413,0.10187,0.11265,0.63689,0.63041,0.66733,0.45719,0.57123,0.58378,0.57194,0.3061,1.04639,1.81323,6.48147,1.30065,0,0,0,0.000202127,0.000202127,0.000202127
461,48486.2,1.46883,2.4905,1.67363,1.65066,0.12594,0.10423,0.11497,0.63267,0.6271,0.66385,0.4524,0.57688,0.57349,0.57318,0.30677,1.06877,1.83109,6.13998,1.31631,0,0,0,0.000200753,0.000200753,0.000200753
462,48591.2,1.49867,2.47706,1.70494,1.65367,0.12312,0.10079,0.11154,0.60386,0.6536,0.6762,0.45698,0.55059,0.5932,0.58327,0.31006,1.07261,1.82626,6.07674,1.31887,0,0,0,0.000199379,0.000199379,0.000199379
463,48696.2,1.45261,2.44739,1.66864,1.62324,0.12296,0.10058,0.11098,0.58826,0.67854,0.68468,0.45823,0.53146,0.60408,0.58448,0.31416,1.0542,1.81238,6.35862,1.30295,0,0,0,0.000198004,0.000198004,0.000198004
464,48801.3,1.48489,2.41084,1.62398,1.61883,0.1266,0.10431,0.1155,0.60131,0.67056,0.68794,0.46747,0.55742,0.60866,0.59211,0.3175,1.04757,1.80468,6.36451,1.29812,0,0,0,0.00019663,0.00019663,0.00019663
465,48906.4,1.51246,2.47225,1.7604,1.61057,0.12533,0.10508,0.11477,0.61096,0.6732,0.68642,0.46387,0.56825,0.61304,0.59204,0.30958,1.0541,1.80961,6.21006,1.30713,0,0,0,0.000195255,0.000195255,0.000195255
466,49011.4,1.42806,2.42493,1.64375,1.59462,0.12409,0.10195,0.11284,0.63731,0.64307,0.69331,0.47662,0.58623,0.57622,0.5958,0.32396,1.02583,1.77686,6.67293,1.28348,0,0,0,0.000193881,0.000193881,0.000193881
467,49116.5,1.49061,2.49005,1.66807,1.62998,0.12804,0.10541,0.11665,0.63437,0.64584,0.6978,0.48947,0.60261,0.56856,0.6053,0.33477,1.01087,1.76116,6.93732,1.26918,0,0,0,0.000192506,0.000192506,0.000192506
468,49221.8,1.44037,2.44346,1.65634,1.61763,0.12818,0.10528,0.11679,0.61733,0.65587,0.69176,0.48235,0.58436,0.58302,0.59705,0.32634,1.01991,1.77077,6.52657,1.27549,0,0,0,0.000191132,0.000191132,0.000191132
469,49326.8,1.38215,2.45096,1.62952,1.60444,0.12519,0.10319,0.11318,0.6073,0.66651,0.69601,0.48257,0.54652,0.6074,0.59609,0.32914,1.00171,1.75437,6.91128,1.26396,0,0,0,0.000189757,0.000189757,0.000189757
470,49431.8,1.44248,2.42144,1.64348,1.60794,0.12696,0.1022,0.1136,0.60043,0.67015,0.69263,0.48593,0.50052,0.66312,0.5927,0.32972,1.01514,1.75293,6.77065,1.27038,0,0,0,0.000188383,0.000188383,0.000188383
471,49536.8,1.45682,2.42076,1.66319,1.59301,0.12531,0.1037,0.11457,0.58997,0.69423,0.69739,0.48839,0.51688,0.64569,0.59614,0.33071,1.00612,1.74406,6.69843,1.26326,0,0,0,0.000187008,0.000187008,0.000187008
472,49642,1.46437,2.47344,1.62564,1.58865,0.13025,0.10694,0.11764,0.66085,0.62894,0.6795,0.47229,0.61113,0.56448,0.58102,0.32663,1.00141,1.74246,6.69193,1.2591,0,0,0,0.000185634,0.000185634,0.000185634
473,49747,1.47334,2.49274,1.68747,1.61536,0.12818,0.10409,0.11525,0.65968,0.6466,0.68416,0.47904,0.6036,0.59184,0.58157,0.32173,1.00389,1.74909,6.74632,1.26187,0,0,0,0.00018426,0.00018426,0.00018426
474,49852.2,1.42051,2.38517,1.60219,1.59511,0.12443,0.10222,0.11288,0.6186,0.69189,0.68432,0.47725,0.56727,0.6391,0.58212,0.32334,1.00163,1.73991,7.3703,1.26052,0,0,0,0.000182885,0.000182885,0.000182885
475,49957.3,1.45772,2.41815,1.65759,1.61656,0.12855,0.10478,0.11536,0.64038,0.67898,0.70055,0.48904,0.58191,0.61289,0.59995,0.3377,1.01318,1.74216,7.15068,1.26714,0,0,0,0.000181511,0.000181511,0.000181511
476,50062.6,1.4656,2.46243,1.67887,1.63625,0.12887,0.1029,0.11592,0.66311,0.64997,0.69996,0.49412,0.61201,0.59294,0.60055,0.34137,1.01538,1.74098,7.31465,1.26646,0,0,0,0.000180136,0.000180136,0.000180136
477,50168.1,1.47977,2.48662,1.6585,1.61007,0.12871,0.10778,0.11864,0.63621,0.64639,0.68312,0.48026,0.57054,0.60636,0.58081,0.33343,1.00481,1.74053,7.3804,1.25996,0,0,0,0.000178762,0.000178762,0.000178762
478,50273,1.43853,2.46642,1.65164,1.63607,0.13214,0.10885,0.12007,0.6295,0.70188,0.69301,0.48083,0.5723,0.64696,0.58867,0.33275,1.00233,1.73781,7.32609,1.25922,0,0,0,0.000177387,0.000177387,0.000177387
479,50378.1,1.43577,2.43948,1.6489,1.60408,0.12622,0.10248,0.11372,0.62287,0.68671,0.70148,0.49296,0.57038,0.65694,0.60201,0.34498,1.00266,1.73384,7.37749,1.25799,0,0,0,0.000176013,0.000176013,0.000176013
480,50483.4,1.42701,2.42396,1.61347,1.61053,0.12811,0.10525,0.11566,0.62216,0.69036,0.70332,0.49329,0.56351,0.64912,0.60459,0.3398,1.00152,1.74595,7.28968,1.25804,0,0,0,0.000174638,0.000174638,0.000174638
481,50588.6,1.45184,2.47062,1.61959,1.59777,0.12856,0.10705,0.11711,0.61916,0.68547,0.69994,0.48694,0.5493,0.65466,0.60097,0.33882,0.99485,1.74346,7.45696,1.2535,0,0,0,0.000173264,0.000173264,0.000173264
482,50693.6,1.43617,2.44795,1.65089,1.59839,0.12347,0.10059,0.1121,0.60041,0.69507,0.69231,0.47944,0.5494,0.63935,0.59609,0.33344,0.99425,1.73678,7.5842,1.2528,0,0,0,0.00017189,0.00017189,0.00017189
483,50798.6,1.45005,2.40526,1.60758,1.59603,0.12744,0.10608,0.11739,0.59771,0.70907,0.69306,0.479,0.54734,0.65667,0.59608,0.33193,1.00505,1.74421,7.44668,1.25753,0,0,0,0.000170515,0.000170515,0.000170515
484,50903.9,1.45169,2.43908,1.59478,1.57907,0.12988,0.10664,0.11692,0.62759,0.6903,0.69204,0.48367,0.58041,0.6313,0.59344,0.33456,1.02323,1.75415,7.0954,1.27109,0,0,0,0.000169141,0.000169141,0.000169141
485,51008.9,1.38997,2.44702,1.63841,1.59054,0.1277,0.10388,0.11521,0.61907,0.67424,0.68343,0.47537,0.5565,0.63337,0.58643,0.3277,1.03376,1.76197,6.73054,1.27924,0,0,0,0.000167766,0.000167766,0.000167766
486,51114,1.44596,2.43792,1.68436,1.60725,0.12039,0.09921,0.10904,0.63349,0.69113,0.68891,0.48792,0.58227,0.64163,0.59298,0.33737,1.00437,1.72531,7.42663,1.25524,0,0,0,0.000166392,0.000166392,0.000166392
487,51219.1,1.41209,2.43048,1.59379,1.57207,0.1242,0.10267,0.11348,0.62868,0.67208,0.69084,0.48335,0.55539,0.64063,0.59064,0.3358,0.99147,1.72037,7.80569,1.24811,0,0,0,0.000165017,0.000165017,0.000165017
488,51324.1,1.40007,2.42383,1.64279,1.58544,0.12528,0.10473,0.11457,0.57511,0.72602,0.69069,0.4866,0.52875,0.66662,0.5913,0.34225,0.98909,1.7113,7.46762,1.24658,0,0,0,0.000163643,0.000163643,0.000163643
489,51429.1,1.45441,2.47459,1.6382,1.59235,0.12628,0.10314,0.11364,0.60948,0.67433,0.69287,0.48978,0.53063,0.64791,0.59528,0.34501,0.99654,1.72006,7.27439,1.25376,0,0,0,0.000162268,0.000162268,0.000162268
490,51534.1,1.43857,2.43379,1.62757,1.61244,0.12496,0.10252,0.11292,0.58055,0.71772,0.69529,0.49103,0.51227,0.67585,0.59647,0.34856,0.99693,1.7062,7.28524,1.25292,0,0,0,0.000160894,0.000160894,0.000160894
491,51639.4,1.45362,2.4715,1.60668,1.58101,0.12338,0.10217,0.1129,0.62848,0.6818,0.69867,0.49328,0.57678,0.61938,0.59878,0.34532,1.00341,1.72009,7.35292,1.25816,0,0,0,0.00015952,0.00015952,0.00015952
492,51744.4,1.42674,2.44898,1.63721,1.60773,0.1258,0.10501,0.11537,0.59139,0.7055,0.68687,0.49226,0.57081,0.63072,0.59016,0.33594,0.99938,1.73976,6.82543,1.25776,0,0,0,0.000158145,0.000158145,0.000158145
493,51849.4,1.39089,2.38621,1.59766,1.56883,0.12782,0.10589,0.11638,0.59284,0.70975,0.68437,0.4918,0.5475,0.65465,0.59134,0.33533,1.00207,1.73464,6.66912,1.25596,0,0,0,0.000156771,0.000156771,0.000156771
494,51954.5,1.42113,2.3687,1.61219,1.60652,0.13138,0.10759,0.11865,0.60902,0.68434,0.68862,0.48615,0.55063,0.64128,0.59651,0.33599,1.00226,1.73002,6.62764,1.25451,0,0,0,0.000155396,0.000155396,0.000155396
495,52059.5,1.43091,2.43331,1.63889,1.60675,0.12662,0.10469,0.11562,0.61602,0.70162,0.69121,0.48208,0.56681,0.64185,0.59552,0.3345,1.00682,1.72937,6.70621,1.25878,0,0,0,0.000154022,0.000154022,0.000154022
496,52164.6,1.38472,2.37419,1.61056,1.57382,0.12886,0.10638,0.11745,0.61256,0.70219,0.69744,0.49873,0.56235,0.6421,0.60273,0.3415,0.99484,1.71038,7.04535,1.25103,0,0,0,0.000152647,0.000152647,0.000152647
497,52269.8,1.40352,2.37139,1.60192,1.59893,0.1226,0.10005,0.11197,0.5767,0.69113,0.69843,0.49493,0.53259,0.63594,0.6046,0.34224,0.9872,1.70647,7.03698,1.24794,0,0,0,0.000151273,0.000151273,0.000151273
498,52374.7,1.39099,2.407,1.60441,1.59503,0.12457,0.10096,0.11138,0.59382,0.69968,0.69823,0.49449,0.55132,0.64688,0.6058,0.34625,0.98645,1.70534,7.12303,1.24562,0,0,0,0.000149898,0.000149898,0.000149898
499,52480.1,1.45201,2.4051,1.60805,1.59148,0.12566,0.10668,0.11621,0.59672,0.68605,0.69931,0.49252,0.55181,0.63255,0.60297,0.34721,0.99878,1.71434,7.23261,1.25122,0,0,0,0.000148524,0.000148524,0.000148524
500,52585.2,1.41335,2.41557,1.57147,1.55883,0.12803,0.10723,0.11728,0.61113,0.66592,0.70462,0.49746,0.5583,0.61377,0.6048,0.34573,1.00531,1.72005,7.10908,1.25554,0,0,0,0.000147149,0.000147149,0.000147149
501,52690.5,1.46256,2.41999,1.61901,1.58705,0.12582,0.10371,0.11462,0.5895,0.69699,0.70614,0.49706,0.53689,0.63026,0.60863,0.35136,1.0057,1.7242,7.00586,1.25693,0,0,0,0.000145775,0.000145775,0.000145775
502,52795.9,1.40492,2.42067,1.64547,1.58806,0.12166,0.0994,0.11011,0.62217,0.68219,0.7075,0.50031,0.56796,0.62291,0.61112,0.35123,0.99228,1.70642,7.08453,1.24805,0,0,0,0.000144401,0.000144401,0.000144401
503,52901.2,1.44209,2.41842,1.59307,1.59117,0.1243,0.10563,0.11485,0.62056,0.68206,0.70688,0.4985,0.55146,0.6527,0.61449,0.35233,0.99021,1.70092,7.24582,1.24569,0,0,0,0.000143026,0.000143026,0.000143026
504,53006.5,1.45731,2.41544,1.62111,1.59291,0.12544,0.10683,0.11644,0.59042,0.70388,0.70727,0.49922,0.52732,0.67856,0.61539,0.35568,0.98908,1.7031,7.2986,1.24556,0,0,0,0.000141652,0.000141652,0.000141652
505,53111.7,1.40653,2.42517,1.59307,1.56232,0.12667,0.10378,0.11493,0.5789,0.73098,0.69955,0.49662,0.54657,0.64935,0.61058,0.35186,0.99253,1.70613,6.83982,1.24664,0,0,0,0.000140277,0.000140277,0.000140277
506,53216.8,1.38694,2.39309,1.56074,1.56854,0.12593,0.10439,0.11407,0.6106,0.68038,0.70353,0.49859,0.59591,0.59439,0.61041,0.35391,0.99606,1.70301,6.71032,1.24748,0,0,0,0.000138903,0.000138903,0.000138903
507,53321.8,1.41154,2.39375,1.60486,1.59012,0.12485,0.10279,0.11318,0.59754,0.70401,0.7,0.50062,0.54899,0.64444,0.6119,0.35336,0.99496,1.70073,6.8168,1.24623,0,0,0,0.000137528,0.000137528,0.000137528
508,53427,1.43113,2.41052,1.60923,1.59583,0.12357,0.10245,0.11249,0.60388,0.69736,0.7023,0.50007,0.55265,0.63528,0.60936,0.35192,0.99098,1.69683,6.99468,1.24448,0,0,0,0.000136154,0.000136154,0.000136154
509,53532.1,1.43433,2.39765,1.56903,1.58544,0.12309,0.10285,0.11424,0.63728,0.67696,0.70769,0.50657,0.59477,0.60648,0.60502,0.35362,0.98661,1.69514,7.17592,1.2432,0,0,0,0.000134779,0.000134779,0.000134779
510,53637.4,1.40803,2.4335,1.60967,1.59495,0.12269,0.09932,0.1108,0.628,0.67873,0.70811,0.50129,0.58228,0.62574,0.61356,0.35583,0.98541,1.69549,7.03336,1.24202,0,0,0,0.000133405,0.000133405,0.000133405
511,53742.4,1.39227,2.36459,1.5826,1.59252,0.12419,0.10256,0.1139,0.60227,0.74747,0.71039,0.50239,0.56419,0.66731,0.61726,0.35939,0.97988,1.69413,7.19015,1.23929,0,0,0,0.000132031,0.000132031,0.000132031
512,53847.6,1.44049,2.37043,1.60597,1.5831,0.1225,0.10134,0.11251,0.61055,0.7161,0.70319,0.50022,0.56819,0.65218,0.61016,0.35647,0.97594,1.69495,7.37758,1.23638,0,0,0,0.000130656,0.000130656,0.000130656
513,53952.7,1.40227,2.4506,1.62388,1.58387,0.12687,0.1056,0.11702,0.62717,0.70359,0.70617,0.49708,0.58975,0.64138,0.6129,0.36127,0.97483,1.6932,7.67435,1.23507,0,0,0,0.000129282,0.000129282,0.000129282
514,54057.8,1.42521,2.38479,1.61723,1.60179,0.1248,0.10449,0.11484,0.61734,0.72167,0.7127,0.50554,0.58169,0.64551,0.61377,0.36117,0.97098,1.6917,7.60815,1.2338,0,0,0,0.000127907,0.000127907,0.000127907
515,54163.1,1.40412,2.36155,1.6097,1.57516,0.12558,0.10316,0.11308,0.62947,0.71771,0.7134,0.504,0.58763,0.64737,0.61397,0.35531,0.97085,1.68964,7.70416,1.23466,0,0,0,0.000126533,0.000126533,0.000126533
516,54268.1,1.41815,2.35869,1.59037,1.56353,0.11969,0.10036,0.11062,0.64031,0.6949,0.70773,0.49289,0.58745,0.63597,0.61,0.35257,0.97063,1.68951,7.42665,1.23494,0,0,0,0.000125158,0.000125158,0.000125158
517,54373.2,1.41132,2.34694,1.60821,1.56098,0.12331,0.10205,0.11227,0.60252,0.70348,0.70135,0.49189,0.59766,0.60936,0.60494,0.35142,0.97132,1.68971,7.26124,1.23361,0,0,0,0.000123784,0.000123784,0.000123784
518,54478.4,1.42011,2.3976,1.60727,1.59752,0.13,0.10797,0.11819,0.59974,0.71646,0.705,0.49415,0.57519,0.63369,0.60577,0.35132,0.96907,1.68571,7.3033,1.23297,0,0,0,0.000122409,0.000122409,0.000122409
519,54583.3,1.37983,2.33586,1.56494,1.58229,0.12064,0.09948,0.10993,0.59758,0.71155,0.70857,0.50307,0.57641,0.64128,0.61056,0.3542,0.9661,1.67823,7.57062,1.22972,0,0,0,0.000121035,0.000121035,0.000121035
520,54688.4,1.40636,2.34239,1.56717,1.57878,0.12361,0.10485,0.1158,0.6065,0.69288,0.70852,0.50253,0.5666,0.63529,0.61411,0.35437,0.9661,1.67613,7.35787,1.22909,0,0,0,0.00011966,0.00011966,0.00011966
521,54793.4,1.38154,2.4215,1.58197,1.58813,0.12917,0.10658,0.11689,0.62704,0.6759,0.71337,0.51454,0.57179,0.62591,0.61656,0.35331,0.9638,1.67822,7.32042,1.23052,0,0,0,0.000118286,0.000118286,0.000118286
522,54898.7,1.4072,2.34354,1.56747,1.59302,0.12198,0.10126,0.11202,0.65856,0.66643,0.71278,0.51165,0.60276,0.6115,0.61952,0.35973,0.96322,1.68077,7.46637,1.23028,0,0,0,0.000116912,0.000116912,0.000116912
523,55003.8,1.40696,2.42068,1.56924,1.58147,0.12861,0.10594,0.116,0.64589,0.67566,0.70972,0.5103,0.60719,0.62154,0.62218,0.35843,0.9682,1.68414,7.22952,1.23365,0,0,0,0.000115537,0.000115537,0.000115537
524,55108.9,1.358,2.31345,1.52436,1.54713,0.1242,0.10244,0.11287,0.64449,0.68533,0.7116,0.51935,0.59524,0.62777,0.62093,0.36612,0.96361,1.68062,7.33352,1.23057,0,0,0,0.000114163,0.000114163,0.000114163
525,55214.3,1.40024,2.32814,1.55666,1.56896,0.12469,0.10336,0.11384,0.63834,0.68633,0.71278,0.52054,0.59273,0.6357,0.61999,0.3582,0.96239,1.67774,7.32374,1.22712,0,0,0,0.000112788,0.000112788,0.000112788
526,55319.4,1.40817,2.36764,1.56562,1.5766,0.12107,0.10142,0.11177,0.60778,0.70026,0.71028,0.51561,0.56473,0.64072,0.61316,0.3626,0.96734,1.67635,7.45365,1.2277,0,0,0,0.000111414,0.000111414,0.000111414
527,55424.4,1.36393,2.3154,1.53882,1.54392,0.12135,0.10035,0.11108,0.59994,0.70777,0.70692,0.50147,0.55872,0.64722,0.61061,0.35215,0.96986,1.68032,7.29728,1.23016,0,0,0,0.000110039,0.000110039,0.000110039
528,55529.4,1.37797,2.36088,1.5292,1.58094,0.12532,0.10474,0.11517,0.62306,0.66758,0.70836,0.50549,0.58489,0.62102,0.61576,0.35536,0.9692,1.67855,7.40403,1.2304,0,0,0,0.000108665,0.000108665,0.000108665
529,55634.5,1.41475,2.42662,1.62367,1.59773,0.1243,0.1036,0.1144,0.63152,0.66196,0.70725,0.51101,0.59418,0.61314,0.61184,0.35774,0.96638,1.67242,7.39178,1.23071,0,0,0,0.00010729,0.00010729,0.00010729
530,55739.5,1.38111,2.31609,1.57422,1.56914,0.12126,0.09957,0.11099,0.64293,0.66613,0.70651,0.51195,0.6075,0.61926,0.61063,0.35882,0.96714,1.67258,7.1332,1.23231,0,0,0,0.000105916,0.000105916,0.000105916
531,55844.6,1.41288,2.35514,1.57548,1.56145,0.1236,0.10179,0.11299,0.65859,0.68998,0.7136,0.5188,0.6135,0.64205,0.61736,0.36336,0.95938,1.66149,7.50297,1.22377,0,0,0,0.000104542,0.000104542,0.000104542
532,55949.8,1.42842,2.44472,1.64249,1.57927,0.12471,0.10337,0.11401,0.63813,0.69266,0.71737,0.51953,0.60856,0.62958,0.62073,0.36547,0.95778,1.65861,7.56075,1.22173,0,0,0,0.000103167,0.000103167,0.000103167
533,56054.8,1.44423,2.47275,1.62223,1.5872,0.12717,0.10547,0.11588,0.63966,0.68861,0.71646,0.51813,0.58895,0.62125,0.62072,0.3657,0.95762,1.66213,7.3726,1.22106,0,0,0,0.000101793,0.000101793,0.000101793
534,56159.9,1.43626,2.45512,1.63893,1.58217,0.126,0.10496,0.11643,0.63618,0.69137,0.71694,0.51712,0.59045,0.62598,0.62149,0.36625,0.95778,1.66383,7.26926,1.22075,0,0,0,0.000100418,0.000100418,0.000100418
535,56264.9,1.40409,2.38311,1.58471,1.54728,0.12323,0.10239,0.11172,0.64262,0.68455,0.71777,0.51131,0.59424,0.62838,0.62087,0.36371,0.95934,1.65889,7.11459,1.22189,0,0,0,9.90437e-05,9.90437e-05,9.90437e-05
536,56370.1,1.38427,2.39174,1.54701,1.55401,0.12484,0.10565,0.11551,0.60815,0.70951,0.71693,0.51457,0.5665,0.65258,0.62023,0.36459,0.95219,1.65373,7.08598,1.21767,0,0,0,9.76692e-05,9.76692e-05,9.76692e-05
537,56475.3,1.39305,2.34627,1.5786,1.54769,0.12197,0.0995,0.1103,0.61425,0.722,0.71891,0.51898,0.59427,0.62025,0.62138,0.36303,0.95304,1.65644,7.20707,1.21818,0,0,0,9.62948e-05,9.62948e-05,9.62948e-05
538,56580.5,1.35893,2.33782,1.56154,1.55715,0.12255,0.10419,0.11384,0.61391,0.72021,0.71837,0.51739,0.60192,0.62964,0.62288,0.3694,0.95049,1.65425,7.12977,1.21887,0,0,0,9.49203e-05,9.49203e-05,9.49203e-05
539,56685.8,1.36702,2.30399,1.56185,1.55658,0.12462,0.10341,0.11378,0.61502,0.7059,0.71786,0.52032,0.57873,0.65609,0.62407,0.37017,0.9485,1.64943,7.15893,1.2178,0,0,0,9.35459e-05,9.35459e-05,9.35459e-05
540,56791.2,1.36617,2.31916,1.54459,1.55912,0.12696,0.10553,0.11555,0.63695,0.67355,0.71625,0.51572,0.59213,0.62674,0.62576,0.36545,0.94804,1.64591,7.30592,1.21561,0,0,0,9.21715e-05,9.21715e-05,9.21715e-05
541,56896.3,1.4269,2.46883,1.59638,1.5859,0.11889,0.10058,0.1101,0.60821,0.71804,0.71648,0.51698,0.56578,0.66491,0.62528,0.36791,0.95005,1.64657,7.30083,1.21524,0,0,0,9.0797e-05,9.0797e-05,9.0797e-05
542,57001.4,1.38178,2.36115,1.55412,1.56738,0.12654,0.10547,0.11626,0.60609,0.71196,0.71323,0.51544,0.57282,0.65656,0.62856,0.36238,0.94877,1.64491,7.36392,1.21398,0,0,0,8.94226e-05,8.94226e-05,8.94226e-05
543,57106.5,1.40579,2.358,1.59713,1.59792,0.12341,0.10449,0.11423,0.59642,0.70093,0.70996,0.50936,0.56681,0.64328,0.62276,0.35897,0.94917,1.6519,7.14889,1.21573,0,0,0,8.80481e-05,8.80481e-05,8.80481e-05
544,57211.6,1.35572,2.32503,1.55666,1.55416,0.12239,0.10139,0.11201,0.61371,0.6934,0.71552,0.51605,0.57992,0.62369,0.62514,0.36132,0.94953,1.65314,7.12926,1.21666,0,0,0,8.66736e-05,8.66736e-05,8.66736e-05
545,57316.6,1.36938,2.32771,1.53334,1.53927,0.12175,0.10183,0.1121,0.62518,0.6956,0.71786,0.5217,0.59908,0.61431,0.62473,0.35929,0.94755,1.64998,7.14963,1.2148,0,0,0,8.52992e-05,8.52992e-05,8.52992e-05
546,57421.7,1.40276,2.37199,1.54362,1.56769,0.12316,0.10458,0.11498,0.61549,0.7074,0.71844,0.521,0.57839,0.64038,0.62603,0.36268,0.94712,1.6443,7.12253,1.21431,0,0,0,8.39248e-05,8.39248e-05,8.39248e-05
547,57526.8,1.40081,2.38502,1.56268,1.56507,0.12911,0.10684,0.11805,0.61862,0.70448,0.7195,0.52144,0.57527,0.6418,0.62619,0.36315,0.94527,1.64286,7.1369,1.213,0,0,0,8.25503e-05,8.25503e-05,8.25503e-05
548,57631.9,1.41808,2.34245,1.79452,1.57861,0.11459,0.09547,0.10544,0.63483,0.67859,0.72042,0.51969,0.58935,0.61667,0.62711,0.365,0.94683,1.6405,7.07076,1.21224,0,0,0,8.11759e-05,8.11759e-05,8.11759e-05
549,57736.9,1.33801,2.3202,1.5888,1.53929,0.12184,0.09973,0.10988,0.62394,0.68956,0.71769,0.51623,0.59041,0.61649,0.62413,0.3665,0.9469,1.64074,6.74255,1.2134,0,0,0,7.98014e-05,7.98014e-05,7.98014e-05
550,57842.1,1.41291,2.32925,1.57195,1.56603,0.12455,0.10304,0.11398,0.6144,0.67529,0.72,0.52126,0.58006,0.61389,0.62654,0.36181,0.95131,1.64685,6.68396,1.2174,0,0,0,7.84269e-05,7.84269e-05,7.84269e-05
551,57947.2,1.37264,2.36437,1.59317,1.55925,0.12561,0.10437,0.11501,0.63863,0.68365,0.71983,0.52033,0.58654,0.62314,0.62685,0.36796,0.94703,1.64515,6.85146,1.2154,0,0,0,7.70525e-05,7.70525e-05,7.70525e-05
552,58052.3,1.37044,2.34531,1.59026,1.54986,0.11996,0.09982,0.11037,0.61825,0.70582,0.71951,0.51759,0.56403,0.65392,0.62562,0.36606,0.94404,1.63981,6.99209,1.21395,0,0,0,7.5678e-05,7.5678e-05,7.5678e-05
553,58157.4,1.4055,2.37345,1.56735,1.57023,0.12443,0.10263,0.1138,0.62683,0.69725,0.72062,0.52001,0.56443,0.65899,0.62487,0.36679,0.94167,1.63854,6.91023,1.21212,0,0,0,7.43036e-05,7.43036e-05,7.43036e-05
554,58262.5,1.34368,2.29587,1.66427,1.55025,0.11942,0.1,0.10952,0.64559,0.68837,0.723,0.52201,0.56348,0.65514,0.62676,0.36857,0.94022,1.64159,6.86967,1.21079,0,0,0,7.29292e-05,7.29292e-05,7.29292e-05
555,58367.7,1.34952,2.37,1.54446,1.55213,0.12252,0.10156,0.11191,0.64483,0.68204,0.7239,0.52338,0.5856,0.62398,0.62523,0.36877,0.93851,1.64391,6.78849,1.21074,0,0,0,7.15547e-05,7.15547e-05,7.15547e-05
556,58473,1.36621,2.29257,1.52358,1.53169,0.12339,0.10146,0.11186,0.64937,0.68052,0.72426,0.52521,0.59199,0.62051,0.62662,0.37438,0.94234,1.64165,6.71238,1.2114,0,0,0,7.01802e-05,7.01802e-05,7.01802e-05
557,58578.3,1.40297,2.40455,1.59942,1.57407,0.11809,0.09783,0.10799,0.64317,0.68184,0.72342,0.52527,0.58236,0.61691,0.6248,0.36932,0.94337,1.64089,6.7615,1.21029,0,0,0,6.88058e-05,6.88058e-05,6.88058e-05
558,58683.3,1.39923,2.29866,1.55612,1.57472,0.12358,0.10479,0.11427,0.63562,0.68366,0.72416,0.52384,0.5793,0.62388,0.6268,0.37232,0.94503,1.64299,6.77762,1.21151,0,0,0,6.74313e-05,6.74313e-05,6.74313e-05
559,58788.3,1.39289,2.29116,1.67024,1.54991,0.11566,0.09718,0.10728,0.62593,0.69075,0.72159,0.52425,0.5755,0.63203,0.62649,0.37158,0.94641,1.64319,6.89772,1.21196,0,0,0,6.60569e-05,6.60569e-05,6.60569e-05
560,58893.5,1.38956,2.36092,1.58082,1.55152,0.12258,0.10336,0.11358,0.60368,0.70997,0.72205,0.52564,0.56333,0.63028,0.62381,0.36572,0.94453,1.64393,6.8563,1.21235,0,0,0,6.46825e-05,6.46825e-05,6.46825e-05
561,58998.8,1.37377,2.32767,1.53795,1.55149,0.12275,0.10186,0.11189,0.61737,0.69449,0.72241,0.52326,0.56694,0.63583,0.62392,0.36681,0.94886,1.64675,6.6148,1.21478,0,0,0,6.3308e-05,6.3308e-05,6.3308e-05
562,59103.9,1.35756,2.33151,1.51309,1.54233,0.11926,0.10166,0.11068,0.61766,0.69425,0.72078,0.52388,0.58293,0.61669,0.62302,0.36666,0.94685,1.64529,6.55949,1.21309,0,0,0,6.19335e-05,6.19335e-05,6.19335e-05
563,59209,1.38546,2.3237,1.5205,1.54872,0.12545,0.10494,0.11518,0.64747,0.65178,0.7242,0.52781,0.59255,0.59788,0.62481,0.36806,0.93991,1.63923,6.69504,1.20905,0,0,0,6.05591e-05,6.05591e-05,6.05591e-05
564,59314.1,1.36171,2.33321,1.55814,1.54055,0.12305,0.10309,0.11258,0.62599,0.68903,0.7218,0.52363,0.58499,0.61968,0.62347,0.3679,0.93747,1.63746,6.86036,1.2068,0,0,0,5.91846e-05,5.91846e-05,5.91846e-05
565,59419.2,1.32839,2.2814,1.56484,1.53565,0.12062,0.10128,0.11148,0.6499,0.67271,0.72594,0.5271,0.5932,0.61508,0.62581,0.36946,0.93578,1.63355,6.83984,1.20594,0,0,0,5.78102e-05,5.78102e-05,5.78102e-05
566,59524.3,1.35875,2.37377,1.53043,1.55125,0.12259,0.10294,0.11282,0.66551,0.65951,0.7264,0.52603,0.59741,0.60752,0.62438,0.36666,0.93787,1.6324,6.7515,1.20719,0,0,0,5.64358e-05,5.64358e-05,5.64358e-05
567,59629.5,1.37465,2.31484,1.49884,1.53669,0.11991,0.10247,0.11232,0.62971,0.69928,0.72554,0.52819,0.57531,0.63519,0.62534,0.36197,0.93822,1.63126,6.97189,1.20668,0,0,0,5.50613e-05,5.50613e-05,5.50613e-05
568,59734.5,1.38778,2.34919,1.55217,1.55244,0.11983,0.09987,0.11014,0.61393,0.71566,0.72751,0.53201,0.56428,0.64702,0.62917,0.36361,0.93687,1.63011,7.04421,1.20661,0,0,0,5.36869e-05,5.36869e-05,5.36869e-05
569,59839.6,1.36205,2.35479,1.5793,1.56867,0.12387,0.10305,0.1132,0.62164,0.71126,0.72545,0.52626,0.57446,0.64748,0.62591,0.36273,0.93654,1.63041,7.00304,1.20748,0,0,0,5.23124e-05,5.23124e-05,5.23124e-05
570,59944.6,1.37755,2.30435,1.53017,1.53041,0.12127,0.10366,0.11332,0.67082,0.6601,0.72929,0.52781,0.57388,0.64049,0.62756,0.36962,0.93684,1.62848,6.90734,1.20741,0,0,0,5.09379e-05,5.09379e-05,5.09379e-05
571,60049.6,1.34197,2.29588,1.53265,1.54831,0.12129,0.10147,0.112,0.6617,0.66081,0.72836,0.52605,0.57599,0.64297,0.62542,0.3714,0.93597,1.62814,6.94341,1.20782,0,0,0,4.95635e-05,4.95635e-05,4.95635e-05
572,60154.7,1.32737,2.29281,1.50183,1.52718,0.11808,0.09887,0.10939,0.62832,0.7119,0.72905,0.52582,0.5752,0.6619,0.62964,0.37723,0.93456,1.62537,6.9754,1.20684,0,0,0,4.81891e-05,4.81891e-05,4.81891e-05
573,60260.1,1.35875,2.32376,1.5601,1.53866,0.12344,0.10413,0.11351,0.63437,0.71551,0.72529,0.52313,0.57728,0.676,0.62727,0.37508,0.93388,1.62626,6.96184,1.20682,0,0,0,4.68146e-05,4.68146e-05,4.68146e-05
574,60365.2,1.37887,2.35459,1.56729,1.55294,0.12192,0.10176,0.11166,0.62778,0.72898,0.72657,0.52409,0.57361,0.66644,0.62707,0.36961,0.93555,1.62722,6.84071,1.20779,0,0,0,4.54402e-05,4.54402e-05,4.54402e-05
575,60470.3,1.3515,2.33274,1.56836,1.53669,0.12212,0.10299,0.11358,0.6329,0.7127,0.72726,0.52401,0.57406,0.65537,0.62799,0.36993,0.93591,1.62754,6.80383,1.20825,0,0,0,4.40657e-05,4.40657e-05,4.40657e-05
576,60575.1,1.35847,2.30697,1.56319,1.56301,0.11442,0.09279,0.10336,0.64845,0.70057,0.72587,0.52535,0.5945,0.63987,0.62508,0.37471,0.93671,1.62701,6.86871,1.20761,0,0,0,4.26912e-05,4.26912e-05,4.26912e-05
577,60680.1,1.33397,2.34312,1.5223,1.53599,0.12263,0.10078,0.11197,0.64958,0.70408,0.72511,0.5261,0.58888,0.64514,0.62476,0.37434,0.9353,1.62458,6.80504,1.20647,0,0,0,4.13168e-05,4.13168e-05,4.13168e-05
578,60785.2,1.40265,2.30165,1.53672,1.55035,0.11942,0.0997,0.10977,0.64172,0.7035,0.72868,0.5294,0.58313,0.63798,0.62782,0.37725,0.93835,1.62831,6.76078,1.20812,0,0,0,3.99423e-05,3.99423e-05,3.99423e-05
579,60890.5,1.34683,2.2719,1.52799,1.55002,0.11971,0.10108,0.11156,0.66325,0.69552,0.72716,0.52583,0.59333,0.64398,0.62799,0.37881,0.93968,1.62874,6.78437,1.20811,0,0,0,3.85679e-05,3.85679e-05,3.85679e-05
580,60995.6,1.36879,2.24504,1.59535,1.54105,0.11472,0.0962,0.10584,0.65459,0.69503,0.727,0.52955,0.59018,0.63547,0.62877,0.37977,0.93773,1.6254,6.83102,1.20661,0,0,0,3.71935e-05,3.71935e-05,3.71935e-05
581,61100.8,1.36851,2.33829,1.60996,1.56357,0.12254,0.10081,0.11184,0.65323,0.70266,0.72676,0.52737,0.5969,0.63593,0.62605,0.37913,0.93769,1.62674,6.8117,1.20559,0,0,0,3.5819e-05,3.5819e-05,3.5819e-05
582,61205.9,1.39028,2.32942,1.57389,1.54866,0.11917,0.09877,0.10961,0.63944,0.71782,0.72745,0.52946,0.58919,0.64457,0.62752,0.38011,0.93533,1.62633,6.82027,1.20481,0,0,0,3.44445e-05,3.44445e-05,3.44445e-05
583,61311.1,1.31088,2.28004,1.60178,1.50166,0.12218,0.10109,0.11095,0.65732,0.70574,0.72786,0.52788,0.60888,0.63322,0.63,0.38094,0.9338,1.62685,6.88457,1.20411,0,0,0,3.30701e-05,3.30701e-05,3.30701e-05
584,61416.2,1.32854,2.29886,1.51654,1.53578,0.11936,0.10079,0.11103,0.65629,0.68816,0.72979,0.52994,0.61795,0.61916,0.63235,0.37993,0.93363,1.62674,6.90352,1.2034,0,0,0,3.16956e-05,3.16956e-05,3.16956e-05
585,61521.5,1.34946,2.31445,1.53451,1.54195,0.12354,0.10312,0.11326,0.65221,0.70181,0.72657,0.52699,0.61418,0.62269,0.6295,0.37555,0.93246,1.62455,6.87752,1.20275,0,0,0,3.03212e-05,3.03212e-05,3.03212e-05
586,61626.7,1.37351,2.34148,1.56893,1.55744,0.11904,0.10039,0.11057,0.65252,0.70377,0.72514,0.53471,0.6337,0.60531,0.63295,0.38092,0.92997,1.62049,6.90824,1.20011,0,0,0,2.89468e-05,2.89468e-05,2.89468e-05
587,61731.9,1.39075,2.33506,1.52932,1.54413,0.11896,0.1014,0.11094,0.65938,0.69545,0.72602,0.53475,0.63084,0.60853,0.63375,0.38307,0.93001,1.61867,6.93928,1.19987,0,0,0,2.75723e-05,2.75723e-05,2.75723e-05
588,61837.2,1.40963,2.27989,1.56963,1.56375,0.11997,0.09948,0.1092,0.65478,0.69725,0.72785,0.53725,0.63256,0.60826,0.63607,0.38449,0.92821,1.61824,6.96736,1.19887,0,0,0,2.61978e-05,2.61978e-05,2.61978e-05
589,61942.6,1.38365,2.34625,1.57933,1.56929,0.1251,0.10593,0.11666,0.66136,0.69358,0.73035,0.53774,0.63604,0.62262,0.63894,0.3815,0.93021,1.61722,6.93357,1.19892,0,0,0,2.48234e-05,2.48234e-05,2.48234e-05
590,62047.6,1.326,2.22633,1.64853,1.52827,0.12286,0.10297,0.11294,0.66355,0.68794,0.72859,0.53733,0.62093,0.62463,0.63663,0.38103,0.93099,1.61588,6.94614,1.19923,0,0,0,2.34489e-05,2.34489e-05,2.34489e-05
591,62154.4,1.36811,2.27177,1.76729,1.58316,0.0937,0.06719,0.07737,0.67497,0.6741,0.72583,0.53474,0.62957,0.6117,0.63027,0.38183,0.94066,1.62855,7.14493,1.20413,0,0,0,2.20745e-05,2.20745e-05,2.20745e-05
592,62259.3,1.32692,2.30628,1.62697,1.556,0.09128,0.06561,0.07544,0.66993,0.67633,0.72193,0.52617,0.61161,0.60936,0.62409,0.37433,0.95573,1.65446,7.05575,1.21462,0,0,0,2.07001e-05,2.07001e-05,2.07001e-05
593,62364.3,1.32243,2.24504,1.46961,1.56327,0.09085,0.06601,0.0755,0.65771,0.69425,0.72032,0.52078,0.60691,0.62333,0.62319,0.36903,0.96599,1.6754,6.86548,1.22227,0,0,0,1.93256e-05,1.93256e-05,1.93256e-05
594,62469.2,1.32805,2.23184,1.70949,1.56743,0.0904,0.06575,0.07529,0.64816,0.69006,0.71423,0.51513,0.56162,0.6754,0.61463,0.3617,0.97366,1.69335,6.75966,1.22813,0,0,0,1.79512e-05,1.79512e-05,1.79512e-05
595,62574.1,1.31458,2.30783,1.49786,1.55161,0.09173,0.06572,0.0755,0.62625,0.71493,0.71424,0.50989,0.56457,0.66482,0.61411,0.35861,0.97945,1.70191,6.54391,1.23276,0,0,0,1.65767e-05,1.65767e-05,1.65767e-05
596,62679,1.29424,2.19063,1.46355,1.51101,0.08951,0.06498,0.07438,0.63846,0.6971,0.71447,0.51418,0.56649,0.65522,0.61448,0.35958,0.98177,1.70271,6.3781,1.23365,0,0,0,1.52022e-05,1.52022e-05,1.52022e-05
597,62784,1.32342,2.25984,1.44888,1.57351,0.09089,0.06583,0.07538,0.65239,0.69044,0.71282,0.51892,0.57187,0.64321,0.6138,0.35935,0.98119,1.7002,6.24844,1.23343,0,0,0,1.38278e-05,1.38278e-05,1.38278e-05
598,62888.8,1.30622,2.19183,1.45263,1.54197,0.08962,0.06485,0.07449,0.63216,0.68179,0.71399,0.51993,0.5501,0.66578,0.61246,0.35888,0.98038,1.70095,6.17486,1.23339,0,0,0,1.24534e-05,1.24534e-05,1.24534e-05
599,62993.7,1.29203,2.17833,1.45536,1.52472,0.08871,0.06421,0.07346,0.62662,0.69044,0.71419,0.52056,0.55427,0.66691,0.61228,0.35987,0.9822,1.69869,6.17221,1.23345,0,0,0,1.10789e-05,1.10789e-05,1.10789e-05
600,63098.6,1.29906,2.17463,1.39471,1.524,0.08751,0.0645,0.07348,0.62422,0.69162,0.71327,0.52015,0.54679,0.66344,0.61352,0.36144,0.98166,1.69909,6.22959,1.23322,0,0,0,9.70445e-06,9.70445e-06,9.70445e-06
