epoch,time,train/box_loss,train/seg_loss,train/cls_loss,train/dfl_loss,train/sem_loss,train/heat_loss,train/seed_loss,metrics/precision(B),metrics/recall(B),metrics/mAP50(B),metrics/mAP50-95(B),metrics/precision(M),metrics/recall(M),metrics/mAP50(M),metrics/mAP50-95(M),val/box_loss,val/seg_loss,val/cls_loss,val/dfl_loss,val/sem_loss,val/heat_loss,val/seed_loss,lr/pg0,lr/pg1,lr/pg2
1,34.7581,3.87524,6.65977,6.10612,4.1999,0.8342,0.84746,0.84819,3e-05,0.00779,0,0,0.00016,0.00767,1e-05,0,3.40143,4.50248,4.11417,3.67868,0,0,0,0.000274475,0.000274475,0.000274475
2,65.3655,3.74949,5.37872,5.58752,4.12595,0.80568,0.82603,0.82662,0.00016,0.01805,7e-05,1e-05,0.00015,0.01694,2e-05,0,3.36411,4.3367,4.44044,3.58872,0,0,0,0.000551231,0.000551231,0.000551231
3,95.0981,3.68089,4.72268,5.53819,3.99695,0.76723,0.78657,0.79144,0.00015,0.01446,3e-05,0,0.00015,0.01078,2e-05,0,3.28234,4.32273,5.40588,3.4226,0,0,0,0.00082707,0.00082707,0.00082707
4,124.682,3.53199,4.56395,5.23048,3.78723,0.72135,0.73859,0.74748,0.00026,0.01914,3e-05,1e-05,0.00014,0.00759,1e-05,0,3.12379,4.08634,4.24028,3.19853,0,0,0,0.000828877,0.000828877,0.000828877
5,154.622,3.37347,4.51053,5.05848,3.60716,0.67653,0.69021,0.70193,0.00015,0.02429,5e-05,1e-05,0.00012,0.01921,3e-05,1e-05,2.98143,4.05363,5.89968,3.09806,0,0,0,0.000827502,0.000827502,0.000827502
6,184.431,3.29129,4.47051,4.98547,3.45026,0.6377,0.64811,0.65996,0.62579,0.00237,0.00014,2e-05,0.62565,0.00194,0.00012,2e-05,2.93053,4.00202,5.16983,3.074,0,0,0,0.000826128,0.000826128,0.000826128
7,214.857,3.16042,4.41176,4.85435,3.38533,0.60676,0.61385,0.62439,0.50061,0.00119,0.0001,2e-05,0.50333,0.00065,0.00068,0.00014,2.84637,4.03476,6.13494,3.04095,0,0,0,0.000824753,0.000824753,0.000824753
8,244.628,3.13222,4.39531,4.8837,3.36406,0.58342,0.58784,0.59667,0.00058,0.09514,0.00018,4e-05,0.00031,0.02182,0.00015,2e-05,2.7997,3.92278,4.90201,2.94594,0,0,0,0.000823379,0.000823379,0.000823379
9,274.834,3.09332,4.41729,4.84032,3.24098,0.568,0.56954,0.5766,0.00041,0.04315,0.0008,0.00016,0.00031,0.02891,0.00071,9e-05,2.79299,3.89402,4.69415,2.83396,0,0,0,0.000822004,0.000822004,0.000822004
10,304.912,3.08082,4.42695,4.77973,3.18406,0.55545,0.55532,0.56107,0.00108,0.04241,0.00093,0.00014,0.00055,0.03537,0.00043,8e-05,2.75315,3.85069,5.10309,2.78594,0,0,0,0.00082063,0.00082063,0.00082063
11,334.731,3.06494,4.36317,4.74812,3.11698,0.54581,0.54436,0.54914,0.0002,0.03357,0.00045,6e-05,0.00017,0.02871,0.00012,2e-05,2.71301,3.89867,5.06428,2.74941,0,0,0,0.000819255,0.000819255,0.000819255
12,364.673,2.99969,4.32594,4.72448,3.11845,0.54005,0.53726,0.54146,0.00134,0.04517,0.00034,7e-05,0.00068,0.03219,0.00032,6e-05,2.64977,3.8634,5.33379,2.72207,0,0,0,0.000817881,0.000817881,0.000817881
13,394.262,2.96663,4.32834,4.70432,3.10912,0.53457,0.53148,0.53516,0.00074,0.04901,0.0005,0.0001,0.37906,0.00086,0.00082,0.00023,2.66184,3.84475,5.27554,2.72068,0,0,0,0.000816507,0.000816507,0.000816507
14,424.611,2.96648,4.27307,4.72622,3.03666,0.53079,0.5268,0.53,0.25525,0.00076,0.00058,0.00021,0.25951,0.00086,0.00051,0.00022,2.63207,3.89544,5.43624,2.65574,0,0,0,0.000815132,0.000815132,0.000815132
15,454.716,2.906,4.31773,4.59668,2.99321,0.52799,0.52359,0.52651,0.00107,0.04096,0.00088,0.00025,0.25465,0.00372,0.00088,0.00027,2.58242,3.8297,5.0209,2.63966,0,0,0,0.000813758,0.000813758,0.000813758
16,484.511,2.89452,4.2649,4.62252,3.01489,0.52634,0.52075,0.52367,0.2535,0.00173,0.00076,0.00022,0.25568,0.00097,0.00074,0.00023,2.59372,3.83528,4.72812,2.63708,0,0,0,0.000812383,0.000812383,0.000812383
17,514.799,2.8941,4.25798,4.5682,2.96544,0.52341,0.51828,0.52081,0.37926,0.0054,0.00163,0.00043,0.39087,0.00356,0.00163,0.00047,2.53486,3.80726,7.08212,2.59148,0,0,0,0.000811009,0.000811009,0.000811009
18,545.043,2.82024,4.20036,4.56705,2.89304,0.52116,0.51642,0.51863,0.00097,0.05368,0.00085,0.00019,0.00064,0.04233,0.00056,0.00011,2.6,3.84617,4.53735,2.63631,0,0,0,0.000809634,0.000809634,0.000809634
19,574.895,2.86745,4.17899,4.58024,2.93571,0.52044,0.51493,0.51721,0.75974,0.00507,0.00222,0.00048,0.76308,0.00497,0.00256,0.00066,2.48852,3.79456,8.16282,2.5641,0,0,0,0.00080826,0.00080826,0.00080826
20,605.242,2.82254,4.20579,4.51174,2.91207,0.51941,0.51313,0.51545,0.38348,0.00291,0.00162,0.00057,0.38254,0.00259,0.00131,0.00025,2.51351,3.80051,6.92598,2.56651,0,0,0,0.000806885,0.000806885,0.000806885
21,634.998,2.79615,4.18299,4.46238,2.86621,0.5165,0.51122,0.51319,0.75362,0.01339,0.0019,0.00047,0.75774,0.0068,0.00168,0.00045,2.44151,3.73699,5.07438,2.54205,0,0,0,0.000805511,0.000805511,0.000805511
22,665.226,2.75561,4.18254,4.393,2.83853,0.51748,0.51067,0.51283,0.8848,0.00669,0.00257,0.0007,0.88547,0.00658,0.00244,0.00073,2.47783,3.69079,9.97386,2.54502,0,0,0,0.000804137,0.000804137,0.000804137
23,695.584,2.74244,4.17842,4.42625,2.84259,0.51608,0.50926,0.51145,0.38659,0.00313,0.00242,0.00082,0.39228,0.0041,0.00288,0.00096,2.42454,3.71955,5.9242,2.50018,0,0,0,0.000802762,0.000802762,0.000802762
24,725.852,2.75881,4.13059,4.3464,2.77642,0.51289,0.50724,0.50916,0.25832,0.00648,0.00232,0.00067,0.26205,0.00561,0.00231,0.00071,2.41992,3.67437,7.75633,2.50596,0,0,0,0.000801388,0.000801388,0.000801388
25,755.963,2.68839,4.12147,4.38182,2.76783,0.51351,0.50651,0.50853,0.25928,0.00507,0.00272,0.00081,0.26199,0.00464,0.00264,0.00084,2.4047,3.68739,7.11251,2.48454,0,0,0,0.000800013,0.000800013,0.000800013
26,786.052,2.69341,4.18523,4.33882,2.75684,0.51319,0.50589,0.50786,0.3825,0.00464,0.00239,0.00063,0.38884,0.00399,0.00235,0.00072,2.43258,3.66649,8.69654,2.46726,0,0,0,0.000798639,0.000798639,0.000798639
27,815.953,2.71949,4.12417,4.32885,2.75419,0.51056,0.50405,0.50606,0.38605,0.00443,0.00244,0.00066,0.38829,0.00432,0.0021,0.0006,2.4147,3.69243,6.03339,2.46589,0,0,0,0.000797264,0.000797264,0.000797264
28,846.091,2.67427,4.13269,4.29972,2.72637,0.50926,0.50293,0.50496,0.38547,0.00486,0.00285,0.00084,0.38697,0.00497,0.00279,0.00084,2.41048,3.6946,6.41081,2.46844,0,0,0,0.00079589,0.00079589,0.00079589
29,876.141,2.65695,4.06825,4.33922,2.72205,0.50938,0.502,0.50421,0.38839,0.0041,0.00337,0.001,0.38837,0.00389,0.00279,0.00085,2.40235,3.69834,4.99265,2.46712,0,0,0,0.000794515,0.000794515,0.000794515
30,906.299,2.62671,4.14361,4.25694,2.66488,0.50785,0.50073,0.50286,0.76658,0.00421,0.0045,0.00131,0.76866,0.0041,0.00375,0.0012,2.37064,3.65072,5.22954,2.41524,0,0,0,0.000793141,0.000793141,0.000793141
31,936.527,2.62375,4.03283,4.17601,2.64948,0.50683,0.49933,0.50169,0.51086,0.00604,0.00394,0.00116,0.51318,0.00551,0.00316,0.00106,2.32753,3.64904,6.48756,2.42147,0,0,0,0.000791767,0.000791767,0.000791767
32,966.544,2.66868,4.12208,4.20946,2.64833,0.50449,0.49753,0.49999,0.89173,0.00561,0.00419,0.00131,0.89143,0.00497,0.00299,0.00084,2.33213,3.64166,5.05424,2.40696,0,0,0,0.000790392,0.000790392,0.000790392
33,996.505,2.5543,4.04694,4.22597,2.64257,0.5037,0.49637,0.49892,0.64077,0.00885,0.00545,0.00141,0.64217,0.0082,0.00561,0.00131,2.35963,3.62144,7.02668,2.43488,0,0,0,0.000789018,0.000789018,0.000789018
34,1026.82,2.6288,4.06565,4.12224,2.63946,0.5019,0.49482,0.49739,0.8913,0.00842,0.00829,0.0029,0.89025,0.00756,0.00457,0.00147,2.32876,3.60058,6.41281,2.38847,0,0,0,0.000787643,0.000787643,0.000787643
35,1057.02,2.65405,4.04907,4.15239,2.61808,0.4996,0.49258,0.49538,0.40897,0.00819,0.00561,0.00179,0.40991,0.00733,0.00457,0.00152,2.31363,3.59746,5.33754,2.36351,0,0,0,0.000786269,0.000786269,0.000786269
36,1087.06,2.5412,4.09797,4.07228,2.59392,0.4971,0.48963,0.49275,0.76319,0.01058,0.00532,0.00179,0.76157,0.00928,0.00421,0.00164,2.27547,3.56993,7.39654,2.35076,0,0,0,0.000784894,0.000784894,0.000784894
37,1117.14,2.55863,4.0648,4.12621,2.57663,0.49301,0.48613,0.48943,0.88897,0.01339,0.00711,0.0022,0.89086,0.00853,0.00577,0.00185,2.2635,3.60993,7.7645,2.32461,0,0,0,0.00078352,0.00078352,0.00078352
38,1147.19,2.5755,3.99701,4.1275,2.61398,0.48451,0.47911,0.4834,0.89536,0.01079,0.00901,0.00297,0.89372,0.00918,0.00513,0.00155,2.28763,3.58347,6.32747,2.34218,0,0,0,0.000782145,0.000782145,0.000782145
39,1177.19,2.55633,4.06005,4.07374,2.58499,0.46971,0.46918,0.47351,0.71903,0.01359,0.0076,0.00231,0.00705,0.13862,0.00712,0.00212,2.29035,3.55552,7.06515,2.33398,0,0,0,0.000780771,0.000780771,0.000780771
40,1207.22,2.56208,3.97242,4.04624,2.57079,0.43958,0.44856,0.45598,0.76879,0.01371,0.00761,0.0024,0.76809,0.01058,0.00736,0.00231,2.25508,3.55683,9.0189,2.33209,0,0,0,0.000779396,0.000779396,0.000779396
41,1237.57,2.5301,3.9433,4.03503,2.53365,0.38382,0.40353,0.42268,0.89063,0.01339,0.01082,0.00354,0.8907,0.01058,0.00813,0.00294,2.23413,3.56533,5.57484,2.29727,0,0,0,0.000778022,0.000778022,0.000778022
42,1267.8,2.5051,4.00469,4.02359,2.53349,0.32209,0.3239,0.37932,0.89449,0.01112,0.01331,0.00401,0.89705,0.00961,0.0098,0.00313,2.24142,3.55366,5.60789,2.30351,0,0,0,0.000776648,0.000776648,0.000776648
43,1297.92,2.54894,3.94945,4.01714,2.51052,0.27437,0.24485,0.3302,0.89319,0.01209,0.01186,0.00399,0.89386,0.01187,0.00795,0.00258,2.21114,3.5064,5.44268,2.26891,0,0,0,0.000775273,0.000775273,0.000775273
44,1327.7,2.498,4.0237,4.06808,2.51935,0.24355,0.19492,0.26931,0.76034,0.01408,0.00965,0.00335,0.66494,0.01257,0.00567,0.0015,2.21021,3.51681,5.3839,2.28295,0,0,0,0.000773899,0.000773899,0.000773899
45,1357.6,2.49954,3.98582,4.00543,2.47895,0.22139,0.1654,0.2068,0.74652,0.01327,0.01238,0.0035,0.77053,0.01058,0.00856,0.00248,2.20444,3.53744,6.36196,2.27608,0,0,0,0.000772524,0.000772524,0.000772524
46,1387.54,2.48015,3.97432,4.03506,2.49022,0.21027,0.14662,0.16646,0.72886,0.01623,0.01388,0.00452,0.693,0.01084,0.01598,0.00439,2.19112,3.46141,5.44033,2.25262,0,0,0,0.00077115,0.00077115,0.00077115
47,1417.77,2.48485,3.9092,3.94398,2.46996,0.19757,0.13947,0.15162,0.77812,0.01329,0.01151,0.00363,0.77653,0.0123,0.0092,0.003,2.21744,3.52145,5.92436,2.27339,0,0,0,0.000769775,0.000769775,0.000769775
48,1447.72,2.4702,3.94955,3.855,2.44695,0.18,0.13353,0.14228,0.64537,0.01673,0.01473,0.00523,0.73984,0.01505,0.01231,0.00376,2.18123,3.46706,6.41971,2.22339,0,0,0,0.000768401,0.000768401,0.000768401
49,1477.99,2.43499,3.90671,3.8796,2.42903,0.16689,0.13135,0.13968,0.64581,0.01781,0.01352,0.00401,0.64496,0.01511,0.01323,0.00347,2.19433,3.4717,5.68307,2.23395,0,0,0,0.000767026,0.000767026,0.000767026
50,1508.02,2.42998,3.82226,3.86853,2.4177,0.15622,0.12778,0.13539,0.78016,0.01943,0.01695,0.00617,0.77368,0.015,0.01072,0.00336,2.17981,3.43138,5.83757,2.21217,0,0,0,0.000765652,0.000765652,0.000765652
51,1538.43,2.43392,3.92634,3.81801,2.42525,0.15222,0.12744,0.1351,0.65702,0.02125,0.01469,0.00526,0.64348,0.01306,0.01003,0.00315,2.16726,3.44537,7.13715,2.19296,0,0,0,0.000764278,0.000764278,0.000764278
52,1568.47,2.43627,3.91612,3.82166,2.40453,0.1527,0.1288,0.13624,0.66117,0.02212,0.01956,0.00718,0.65127,0.01684,0.01116,0.00421,2.15646,3.43329,5.08201,2.19927,0,0,0,0.000762903,0.000762903,0.000762903
53,1598.59,2.37357,3.86298,3.83018,2.41651,0.15206,0.12678,0.13506,0.7831,0.0219,0.01865,0.0063,0.77099,0.01543,0.01132,0.00409,2.14189,3.42507,6.11542,2.20781,0,0,0,0.000761529,0.000761529,0.000761529
54,1628.72,2.3932,3.8999,3.76446,2.39836,0.14966,0.12575,0.13362,0.74974,0.02281,0.02422,0.0081,0.64952,0.01824,0.015,0.00497,2.14073,3.41674,5.11625,2.19036,0,0,0,0.000760154,0.000760154,0.000760154
55,1659.02,2.48302,3.93488,4.02618,2.43262,0.15118,0.12694,0.13582,0.66089,0.02537,0.01572,0.00498,0.6461,0.02108,0.01457,0.00427,2.1559,3.41876,6.11001,2.18337,0,0,0,0.00075878,0.00075878,0.00075878
56,1689.19,2.39253,3.91294,3.80639,2.38536,0.15034,0.12673,0.13441,0.55399,0.02355,0.01663,0.00539,0.5241,0.0176,0.01492,0.00472,2.13137,3.42678,11.162,2.17729,0,0,0,0.000757405,0.000757405,0.000757405
57,1719.09,2.42043,3.90893,3.82233,2.40866,0.14963,0.12411,0.13358,0.68599,0.0237,0.02529,0.00978,0.67409,0.01696,0.01373,0.00475,2.15989,3.40759,5.00156,2.20811,0,0,0,0.000756031,0.000756031,0.000756031
58,1749.2,2.4326,3.88026,3.80341,2.38815,0.15216,0.12664,0.1358,0.79959,0.02643,0.03169,0.0114,0.77752,0.01856,0.01574,0.00571,2.14594,3.38405,4.77963,2.18614,0,0,0,0.000754656,0.000754656,0.000754656
59,1779.45,2.44177,3.85511,3.76981,2.39398,0.15069,0.12423,0.13437,0.67132,0.02906,0.02584,0.00929,0.6597,0.02175,0.01767,0.00544,2.08997,3.42223,5.75753,2.15089,0,0,0,0.000753282,0.000753282,0.000753282
60,1809.46,2.38011,3.84636,3.72554,2.37234,0.14636,0.12143,0.13139,0.67543,0.03503,0.02698,0.00903,0.65815,0.02831,0.01599,0.00498,2.15539,3.43013,5.75053,2.17522,0,0,0,0.000751907,0.000751907,0.000751907
61,1839.63,2.38316,3.85013,3.7457,2.38159,0.14379,0.11845,0.12889,0.67939,0.03353,0.04473,0.01572,0.66624,0.02518,0.02258,0.00821,2.08421,3.39223,5.45583,2.1338,0,0,0,0.000750533,0.000750533,0.000750533
62,1869.64,2.37118,3.82022,3.78214,2.35292,0.14754,0.11732,0.1321,0.68979,0.03406,0.03692,0.01451,0.68159,0.02533,0.02382,0.00698,2.13066,3.37558,4.84318,2.13888,0,0,0,0.000749159,0.000749159,0.000749159
63,1899.66,2.34401,3.81801,3.65558,2.34392,0.14309,0.11496,0.12885,0.67988,0.03561,0.0438,0.0172,0.65834,0.02534,0.02484,0.0083,2.08748,3.41979,5.67762,2.11288,0,0,0,0.000747784,0.000747784,0.000747784
64,1930.15,2.36204,3.83183,3.65699,2.32118,0.14998,0.11552,0.13382,0.68243,0.03464,0.04781,0.01784,0.65858,0.02803,0.02722,0.00878,2.05355,3.37013,4.51184,2.11287,0,0,0,0.00074641,0.00074641,0.00074641
65,1960.43,2.30549,3.83969,3.61906,2.30781,0.15056,0.11614,0.13353,0.67089,0.03858,0.04177,0.01632,0.66791,0.02479,0.02641,0.00722,2.06173,3.34116,6.43208,2.09622,0,0,0,0.000745035,0.000745035,0.000745035
66,1990.51,2.36535,3.81449,3.63862,2.30844,0.14613,0.11297,0.13002,0.6993,0.04258,0.04955,0.01911,0.67785,0.03436,0.02841,0.0087,2.02295,3.352,5.92498,2.06638,0,0,0,0.000743661,0.000743661,0.000743661
67,2020.72,2.31503,3.82586,3.57106,2.28855,0.14768,0.11056,0.13099,0.61339,0.05723,0.05052,0.02094,0.53565,0.03272,0.02339,0.00825,2.04247,3.3413,6.1157,2.08187,0,0,0,0.000742286,0.000742286,0.000742286
68,2051.18,2.36026,3.71946,3.62428,2.32975,0.14505,0.112,0.13065,0.56113,0.05593,0.0525,0.02288,0.52489,0.04068,0.03651,0.01062,2.01245,3.32288,6.88329,2.07172,0,0,0,0.000740912,0.000740912,0.000740912
69,2081.79,2.33427,3.85275,3.64676,2.31686,0.14802,0.11266,0.13222,0.70112,0.04474,0.04733,0.02305,0.66873,0.03629,0.02293,0.00792,1.99726,3.32299,6.74736,2.06292,0,0,0,0.000739537,0.000739537,0.000739537
70,2111.58,2.34898,3.779,3.5908,2.30355,0.14792,0.11278,0.1313,0.61738,0.06729,0.05837,0.02569,0.56545,0.04233,0.03225,0.00996,2.00975,3.29052,5.30205,2.04819,0,0,0,0.000738163,0.000738163,0.000738163
71,2141.65,2.28984,3.8166,3.64123,2.30759,0.14547,0.10833,0.12916,0.67921,0.03471,0.04826,0.02261,0.67233,0.02713,0.0287,0.00987,2.0312,3.32864,4.8768,2.06223,0,0,0,0.000736788,0.000736788,0.000736788
72,2171.45,2.31332,3.75593,3.60534,2.28963,0.14701,0.11352,0.1321,0.5974,0.0652,0.06483,0.02807,0.53325,0.03486,0.0411,0.01008,1.99944,3.32848,5.74204,2.02863,0,0,0,0.000735414,0.000735414,0.000735414
73,2201.62,2.30431,3.73122,3.49726,2.258,0.14811,0.11272,0.13143,0.58498,0.07083,0.05109,0.02178,0.54799,0.04634,0.02646,0.00758,2.01217,3.27262,5.44617,2.05192,0,0,0,0.00073404,0.00073404,0.00073404
74,2231.74,2.3125,3.79057,3.52159,2.29785,0.15053,0.11521,0.13505,0.45089,0.07058,0.05114,0.01949,0.40464,0.03325,0.01962,0.0064,2.01575,3.28316,6.53221,2.03944,0,0,0,0.000732665,0.000732665,0.000732665
75,2261.85,2.27367,3.81925,3.51482,2.28123,0.15042,0.11552,0.13392,0.61821,0.07079,0.0672,0.02928,0.56081,0.04686,0.04428,0.01147,1.98445,3.28606,6.69227,2.02666,0,0,0,0.000731291,0.000731291,0.000731291
76,2292.16,2.29687,3.76776,3.49098,2.25431,0.14052,0.1066,0.12589,0.43878,0.06517,0.06003,0.02191,0.40238,0.04298,0.03759,0.01105,2.01652,3.2817,6.0841,2.03285,0,0,0,0.000729916,0.000729916,0.000729916
77,2322.17,2.31063,3.75772,3.48975,2.27707,0.14218,0.10795,0.12732,0.58361,0.07308,0.06836,0.03017,0.41262,0.04317,0.03727,0.00942,2.01796,3.27745,5.44363,2.01875,0,0,0,0.000728542,0.000728542,0.000728542
78,2352.05,2.2949,3.72751,3.4978,2.24177,0.14527,0.11207,0.12985,0.47382,0.07914,0.06344,0.02855,0.41804,0.04813,0.05179,0.01319,1.95405,3.26167,5.04203,2.01156,0,0,0,0.000727167,0.000727167,0.000727167
79,2382.31,2.28053,3.67899,3.47635,2.25502,0.14399,0.10872,0.12877,0.48564,0.08305,0.08216,0.03828,0.44993,0.06208,0.04486,0.01469,1.93811,3.21192,5.85358,1.98935,0,0,0,0.000725793,0.000725793,0.000725793
80,2412.88,2.28108,3.74171,3.4498,2.21792,0.14988,0.11517,0.13316,0.37766,0.08586,0.08044,0.03156,0.35648,0.06512,0.06153,0.01638,1.97095,3.26826,5.01375,2.01144,0,0,0,0.000724418,0.000724418,0.000724418
81,2443.11,2.31303,3.78838,3.45681,2.26545,0.15165,0.11562,0.13396,0.5288,0.08423,0.07667,0.0346,0.45195,0.04555,0.03847,0.01187,1.9484,3.23856,5.40961,1.9808,0,0,0,0.000723044,0.000723044,0.000723044
82,2473.39,2.29136,3.70954,3.45699,2.23736,0.14034,0.10674,0.12594,0.5281,0.09794,0.07254,0.02944,0.50136,0.07323,0.04671,0.01346,1.97196,3.20856,7.03311,2.00025,0,0,0,0.00072167,0.00072167,0.00072167
83,2503.51,2.27119,3.72944,3.38727,2.23831,0.14906,0.11485,0.13252,0.38027,0.09764,0.07854,0.03277,0.32111,0.06145,0.07429,0.01632,1.95832,3.1955,5.32746,1.99507,0,0,0,0.000720295,0.000720295,0.000720295
84,2533.61,2.2027,3.77303,3.35308,2.21536,0.14999,0.11395,0.13265,0.40615,0.09921,0.07649,0.03162,0.32095,0.06471,0.07277,0.01661,1.96758,3.23602,5.75803,1.99108,0,0,0,0.000718921,0.000718921,0.000718921
85,2563.61,2.2307,3.71273,3.36273,2.21528,0.14666,0.11229,0.13038,0.32998,0.08962,0.08946,0.03559,0.39931,0.09133,0.06088,0.01588,1.93484,3.22069,5.37596,1.9796,0,0,0,0.000717546,0.000717546,0.000717546
86,2593.51,2.26257,3.67645,3.3827,2.23737,0.14758,0.11563,0.13284,0.21472,0.10661,0.0956,0.04087,0.10625,0.07148,0.05773,0.01739,1.93805,3.18868,5.20042,1.98701,0,0,0,0.000716172,0.000716172,0.000716172
87,2623.8,2.27808,3.70666,3.40576,2.23964,0.14105,0.10729,0.12606,0.3999,0.10312,0.10274,0.04299,0.31699,0.06378,0.06761,0.01973,1.92627,3.2054,5.1834,1.98205,0,0,0,0.000714797,0.000714797,0.000714797
88,2653.98,2.24168,3.66968,3.37872,2.20862,0.14504,0.11269,0.12983,0.37582,0.10401,0.09574,0.03827,0.32579,0.06431,0.04891,0.01571,1.93276,3.19831,5.68347,1.98358,0,0,0,0.000713423,0.000713423,0.000713423
89,2684.32,2.23342,3.67114,3.36686,2.21046,0.14165,0.10416,0.12553,0.22866,0.10426,0.0836,0.03421,0.20469,0.09021,0.06432,0.01782,1.92345,3.1943,5.22124,1.96304,0,0,0,0.000712048,0.000712048,0.000712048
90,2714.36,2.29875,3.72743,3.36267,2.19825,0.14599,0.11261,0.13071,0.28806,0.11938,0.09992,0.04189,0.22179,0.0734,0.0528,0.01586,1.93012,3.16529,4.53682,1.97078,0,0,0,0.000710674,0.000710674,0.000710674
91,2744.39,2.22897,3.61901,3.27379,2.18048,0.14103,0.10944,0.12703,0.35257,0.12051,0.08668,0.03675,0.25537,0.08127,0.0681,0.01736,1.91527,3.16013,5.64742,1.96502,0,0,0,0.000709299,0.000709299,0.000709299
92,2774.61,2.19264,3.68084,3.34047,2.17849,0.14242,0.1082,0.12732,0.26152,0.12259,0.08592,0.03741,0.23128,0.11295,0.05764,0.01658,1.90067,3.13825,5.79804,1.95501,0,0,0,0.000707925,0.000707925,0.000707925
93,2804.67,2.28066,3.66539,3.31136,2.20318,0.15132,0.11527,0.13365,0.33909,0.20925,0.14136,0.05613,0.10304,0.13745,0.08543,0.02738,1.90466,3.14713,6.99517,1.94124,0,0,0,0.000706551,0.000706551,0.000706551
94,2834.89,2.18372,3.69369,3.23209,2.17764,0.14482,0.11141,0.12815,0.37789,0.11055,0.11956,0.04697,0.33968,0.08232,0.08832,0.02462,1.91308,3.14739,4.88048,1.96085,0,0,0,0.000705176,0.000705176,0.000705176
95,2864.74,2.22493,3.68633,3.29586,2.15839,0.13911,0.10829,0.12482,0.3043,0.12229,0.14186,0.0456,0.24925,0.0853,0.1068,0.02444,1.91402,3.16014,5.32427,1.94824,0,0,0,0.000703802,0.000703802,0.000703802
96,2894.75,2.19868,3.64441,3.20583,2.16415,0.14054,0.10803,0.12664,0.38589,0.13527,0.1074,0.04582,0.28856,0.10176,0.0627,0.02029,1.87433,3.12255,5.7517,1.92796,0,0,0,0.000702427,0.000702427,0.000702427
97,2924.92,2.2276,3.60358,3.27821,2.14611,0.13782,0.10414,0.12326,0.17824,0.12603,0.09937,0.04043,0.25961,0.07718,0.07835,0.01982,1.92769,3.13635,5.05917,1.95229,0,0,0,0.000701053,0.000701053,0.000701053
98,2954.79,2.17795,3.61356,3.22411,2.15331,0.14378,0.11224,0.12858,0.32203,0.14882,0.11834,0.0468,0.24841,0.09889,0.06971,0.01937,1.89057,3.14789,6.46335,1.92545,0,0,0,0.000699678,0.000699678,0.000699678
99,2985.02,2.20593,3.68865,3.38797,2.1664,0.1426,0.10661,0.12764,0.33522,0.12765,0.10521,0.04036,0.24417,0.07667,0.05168,0.01632,1.90294,3.1402,4.43859,1.94804,0,0,0,0.000698304,0.000698304,0.000698304
100,3015.04,2.14786,3.6851,3.18958,2.12929,0.14326,0.11422,0.12953,0.14934,0.15505,0.10391,0.04689,0.09707,0.11931,0.0622,0.01967,1.86823,3.12556,5.62595,1.91438,0,0,0,0.000696929,0.000696929,0.000696929
101,3044.92,2.17774,3.58603,3.20238,2.15761,0.14121,0.10662,0.12639,0.22667,0.20392,0.13348,0.05153,0.15456,0.1634,0.08824,0.02461,1.84631,3.11852,5.70739,1.89542,0,0,0,0.000695555,0.000695555,0.000695555
102,3075.08,2.18189,3.63853,3.22924,2.16125,0.14818,0.11333,0.13116,0.18307,0.19852,0.12088,0.05248,0.11346,0.14841,0.07558,0.02238,1.84257,3.13515,6.05307,1.91479,0,0,0,0.000694181,0.000694181,0.000694181
103,3105.15,2.19806,3.61225,3.18015,2.14242,0.14408,0.11153,0.12929,0.2118,0.21519,0.1381,0.05872,0.16374,0.1769,0.0993,0.03148,1.84621,3.1057,4.97257,1.8979,0,0,0,0.000692806,0.000692806,0.000692806
104,3135.43,2.15893,3.60241,3.13103,2.13281,0.13832,0.10729,0.12384,0.27045,0.223,0.16274,0.07092,0.22948,0.17791,0.11753,0.03574,1.87426,3.09548,5.87239,1.9136,0,0,0,0.000691432,0.000691432,0.000691432
105,3165.9,2.15477,3.64045,3.13987,2.13529,0.14644,0.11608,0.1317,0.35835,0.22011,0.1814,0.06349,0.30511,0.15093,0.11167,0.03462,1.89442,3.09859,6.11846,1.92744,0,0,0,0.000690057,0.000690057,0.000690057
106,3195.97,2.12508,3.59064,3.07526,2.12128,0.14784,0.1145,0.13098,0.31584,0.26462,0.19367,0.07677,0.22961,0.18398,0.14907,0.04907,1.84216,3.06429,5.79732,1.88051,0,0,0,0.000688683,0.000688683,0.000688683
107,3226.45,2.16719,3.63816,3.08114,2.11773,0.1499,0.11711,0.1335,0.22226,0.25145,0.17208,0.07918,0.22249,0.1642,0.13985,0.0438,1.81638,3.0356,6.66952,1.85869,0,0,0,0.000687308,0.000687308,0.000687308
108,3256.42,2.11679,3.61265,3.11134,2.12361,0.14483,0.11373,0.1292,0.40276,0.17726,0.20346,0.08665,0.33031,0.13885,0.14332,0.0454,1.84217,3.05635,5.32039,1.88378,0,0,0,0.000685934,0.000685934,0.000685934
109,3286.86,2.16004,3.58034,3.12209,2.13482,0.14322,0.11115,0.12882,0.2694,0.22214,0.18496,0.0715,0.20457,0.17713,0.12518,0.04111,1.84489,3.07239,4.94471,1.87789,0,0,0,0.000684559,0.000684559,0.000684559
110,3316.89,2.15259,3.63056,3.08618,2.1166,0.14513,0.11382,0.12971,0.25965,0.27203,0.18632,0.07695,0.17313,0.17442,0.10457,0.03701,1.8043,3.06431,6.3812,1.86131,0,0,0,0.000683185,0.000683185,0.000683185
111,3346.82,2.13598,3.61605,3.23248,2.1374,0.14541,0.10992,0.12844,0.28546,0.25818,0.18386,0.07364,0.22272,0.18623,0.11434,0.03377,1.8259,3.0847,5.79849,1.88351,0,0,0,0.00068181,0.00068181,0.00068181
112,3376.93,2.12577,3.56765,3.03257,2.09749,0.14154,0.11244,0.12702,0.24975,0.27617,0.18453,0.07787,0.15698,0.24202,0.10194,0.03657,1.79863,3.03042,6.23529,1.84123,0,0,0,0.000680436,0.000680436,0.000680436
113,3407.01,2.14663,3.54919,3.11716,2.10939,0.1389,0.10662,0.12474,0.24274,0.22137,0.17548,0.0703,0.18973,0.16282,0.12063,0.03847,1.80271,3.04158,6.52984,1.87807,0,0,0,0.000679062,0.000679062,0.000679062
114,3437.16,2.1567,3.59755,3.10577,2.10979,0.1434,0.11348,0.12845,0.30459,0.23457,0.18959,0.07948,0.20737,0.18611,0.12716,0.03984,1.81534,3.01509,6.16533,1.86353,0,0,0,0.000677687,0.000677687,0.000677687
115,3467.25,2.11749,3.53933,3.0623,2.11163,0.14145,0.11089,0.12783,0.28141,0.23697,0.18746,0.0805,0.22407,0.17807,0.12431,0.04129,1.80144,3.00759,5.82301,1.86322,0,0,0,0.000676313,0.000676313,0.000676313
116,3497.34,2.07354,3.57143,3.04736,2.11992,0.14318,0.11277,0.12834,0.24036,0.28947,0.19288,0.08275,0.16459,0.17883,0.11447,0.04467,1.78456,3.0126,6.47766,1.86116,0,0,0,0.000674938,0.000674938,0.000674938
117,3527.42,2.12229,3.54013,3.08691,2.12169,0.14364,0.11191,0.12778,0.26255,0.28039,0.21551,0.08631,0.17903,0.18621,0.14749,0.03678,1.79013,3.02335,4.83689,1.8454,0,0,0,0.000673564,0.000673564,0.000673564
118,3557.42,2.12538,3.52982,3.03524,2.08916,0.13945,0.10957,0.12505,0.35342,0.24707,0.22169,0.11002,0.22946,0.24876,0.16399,0.0549,1.79544,3.06247,6.71048,1.83767,0,0,0,0.000672189,0.000672189,0.000672189
119,3587.6,2.10602,3.57403,3.05599,2.09466,0.14084,0.10943,0.12586,0.3171,0.29486,0.23892,0.1089,0.23788,0.22001,0.16085,0.05301,1.78293,3.04145,5.53261,1.84196,0,0,0,0.000670815,0.000670815,0.000670815
120,3617.43,2.12616,3.46538,3.02925,2.09472,0.13601,0.10765,0.12365,0.29708,0.24158,0.23143,0.10279,0.2098,0.24201,0.13367,0.041,1.79177,3.00156,4.84578,1.83743,0,0,0,0.00066944,0.00066944,0.00066944
121,3647.46,2.0951,3.46776,2.97153,2.08021,0.14357,0.11187,0.12768,0.25414,0.28967,0.25632,0.10207,0.45062,0.17454,0.19432,0.06929,1.78662,2.99384,5.22036,1.83015,0,0,0,0.000668066,0.000668066,0.000668066
122,3677.71,2.12405,3.50989,3.03767,2.07911,0.149,0.11677,0.13249,0.35642,0.26825,0.23498,0.11949,0.28455,0.21924,0.17988,0.06394,1.7855,2.98474,5.54415,1.82694,0,0,0,0.000666692,0.000666692,0.000666692
123,3708,2.10515,3.54366,3.04058,2.06439,0.14456,0.11134,0.12891,0.28379,0.29101,0.21335,0.09778,0.20053,0.21029,0.14782,0.05185,1.77298,3.00424,6.53236,1.83191,0,0,0,0.000665317,0.000665317,0.000665317
124,3738.26,2.09563,3.52895,2.9871,2.08009,0.14625,0.11243,0.13033,0.30893,0.29319,0.20997,0.0999,0.27216,0.24571,0.18459,0.06755,1.76439,2.96947,5.55979,1.82191,0,0,0,0.000663943,0.000663943,0.000663943
125,3768.34,2.10509,3.4852,2.98263,2.07335,0.13784,0.10824,0.12342,0.27877,0.29891,0.20188,0.09398,0.22428,0.22807,0.12877,0.04822,1.75213,2.9692,6.28663,1.8083,0,0,0,0.000662568,0.000662568,0.000662568
126,3798.21,2.09274,3.48884,2.97499,2.04652,0.14046,0.11058,0.12606,0.29924,0.3307,0.23247,0.10754,0.29482,0.2319,0.18764,0.05731,1.75913,2.96198,5.54349,1.80557,0,0,0,0.000661194,0.000661194,0.000661194
127,3828.3,2.11537,3.5417,2.98466,2.0928,0.14191,0.1119,0.12852,0.28825,0.34006,0.24691,0.1142,0.19943,0.27441,0.17264,0.05148,1.7539,2.99436,6.32926,1.79451,0,0,0,0.000659819,0.000659819,0.000659819
128,3858.18,2.09003,3.49122,2.9834,2.05292,0.13964,0.10782,0.12466,0.32696,0.32078,0.22851,0.10562,0.2512,0.27346,0.16889,0.05877,1.73811,2.97577,5.30199,1.79038,0,0,0,0.000658445,0.000658445,0.000658445
129,3888.53,2.11027,3.47471,2.97152,2.04665,0.14511,0.10911,0.12963,0.30592,0.30441,0.23119,0.09716,0.20419,0.24865,0.14144,0.04552,1.74971,2.96308,6.47664,1.80856,0,0,0,0.00065707,0.00065707,0.00065707
130,3918.41,2.09249,3.48561,2.97371,2.0736,0.14216,0.10934,0.1274,0.33031,0.25785,0.21672,0.09344,0.26115,0.20714,0.14475,0.04361,1.77559,2.95235,4.94587,1.84124,0,0,0,0.000655696,0.000655696,0.000655696
131,3948.68,2.1432,3.55359,3.01442,2.07926,0.13988,0.11007,0.12609,0.29769,0.30249,0.23483,0.10312,0.26786,0.23599,0.16513,0.05804,1.76015,2.95325,5.2158,1.81741,0,0,0,0.000654321,0.000654321,0.000654321
132,3978.63,2.0835,3.49981,2.89141,2.06827,0.1405,0.11148,0.1262,0.33508,0.32736,0.2689,0.11326,0.25189,0.22685,0.1929,0.06693,1.72902,2.93512,5.08352,1.79912,0,0,0,0.000652947,0.000652947,0.000652947
133,4008.6,2.06227,3.49451,2.93155,2.03439,0.14295,0.11016,0.12745,0.33516,0.28708,0.24878,0.10799,0.36223,0.19089,0.16828,0.05392,1.72512,2.94943,5.71461,1.7874,0,0,0,0.000651573,0.000651573,0.000651573
134,4038.48,2.09095,3.43634,2.87611,2.05677,0.14154,0.11182,0.12741,0.27635,0.3604,0.26745,0.11657,0.21056,0.27933,0.1874,0.05527,1.70673,2.91721,6.83624,1.76916,0,0,0,0.000650198,0.000650198,0.000650198
135,4068.26,2.06926,3.49895,2.94072,2.05986,0.14119,0.11061,0.12706,0.34271,0.36506,0.30003,0.12382,0.18866,0.23779,0.16959,0.05937,1.70407,2.89483,5.38232,1.78308,0,0,0,0.000648824,0.000648824,0.000648824
136,4098.11,2.08927,3.45704,2.9055,2.05966,0.13987,0.10692,0.12594,0.29559,0.35926,0.25881,0.11176,0.20267,0.24036,0.15977,0.05424,1.71021,2.91113,5.02151,1.7707,0,0,0,0.000647449,0.000647449,0.000647449
137,4128.36,2.03357,3.45649,2.82544,2.01334,0.13914,0.11099,0.12575,0.36635,0.35136,0.25166,0.11276,0.28375,0.28457,0.17167,0.06166,1.69612,2.89865,5.56313,1.76889,0,0,0,0.000646075,0.000646075,0.000646075
138,4158.3,2.10365,3.46147,2.87348,2.03022,0.14182,0.11139,0.12754,0.26293,0.37171,0.25988,0.11699,0.15383,0.24771,0.16556,0.0569,1.71208,2.92125,4.98875,1.77765,0,0,0,0.0006447,0.0006447,0.0006447
139,4188.26,2.08785,3.44725,2.87052,2.01449,0.14433,0.11666,0.13079,0.3542,0.31101,0.26456,0.12545,0.25754,0.2523,0.17919,0.0596,1.68564,2.91309,5.80998,1.75318,0,0,0,0.000643326,0.000643326,0.000643326
140,4218.33,2.02253,3.40262,2.82347,2.01688,0.14388,0.11474,0.12926,0.39517,0.30045,0.3108,0.14468,0.27182,0.22386,0.20998,0.07682,1.68844,2.90043,6.13622,1.757,0,0,0,0.000641951,0.000641951,0.000641951
141,4248.56,2.05511,3.43954,2.8652,2.02708,0.1401,0.10856,0.1258,0.33788,0.31688,0.25303,0.1119,0.2655,0.25298,0.17302,0.05819,1.72405,2.91807,6.1379,1.77047,0,0,0,0.000640577,0.000640577,0.000640577
142,4278.6,2.02984,3.45154,2.83618,2.01477,0.13798,0.10814,0.12334,0.31915,0.35784,0.26378,0.12423,0.22806,0.26184,0.15866,0.05734,1.68164,2.92931,5.11126,1.76421,0,0,0,0.000639203,0.000639203,0.000639203
143,4308.54,2.0889,3.43616,2.84194,2.0094,0.14291,0.11216,0.12889,0.36834,0.33555,0.27992,0.13779,0.24713,0.29492,0.19275,0.07163,1.71273,2.90636,5.60784,1.76328,0,0,0,0.000637828,0.000637828,0.000637828
144,4338.56,2.08482,3.4806,2.83114,2.0196,0.13586,0.10717,0.12341,0.35377,0.3375,0.27857,0.12485,0.23923,0.31458,0.20368,0.07311,1.66822,2.88329,6.7671,1.74015,0,0,0,0.000636454,0.000636454,0.000636454
145,4368.3,2.04489,3.44186,2.78744,2.01345,0.13909,0.10632,0.12455,0.33019,0.35856,0.28511,0.12076,0.25057,0.29858,0.20785,0.06918,1.69017,2.89476,5.85241,1.76091,0,0,0,0.000635079,0.000635079,0.000635079
146,4398.18,2.01789,3.42194,2.77887,1.99966,0.14223,0.11099,0.12645,0.32286,0.35968,0.29208,0.1417,0.30428,0.3096,0.22199,0.0709,1.63991,2.87822,5.93916,1.72699,0,0,0,0.000633705,0.000633705,0.000633705
147,4428.18,2.01151,3.4377,2.77894,1.99856,0.13666,0.10655,0.12335,0.36366,0.39177,0.29934,0.14976,0.2541,0.29157,0.20692,0.07297,1.65037,2.87905,6.42788,1.73036,0,0,0,0.00063233,0.00063233,0.00063233
148,4458.4,2.03632,3.38846,2.8062,1.99869,0.14171,0.11111,0.12753,0.35381,0.35185,0.3108,0.14842,0.24661,0.27646,0.21007,0.07352,1.67198,2.83816,5.43965,1.73327,0,0,0,0.000630956,0.000630956,0.000630956
149,4488.65,2.04716,3.4321,2.7945,1.98575,0.13883,0.11148,0.12599,0.31949,0.3595,0.32167,0.1549,0.23253,0.28364,0.21509,0.08027,1.67809,2.83915,6.43535,1.72913,0,0,0,0.000629581,0.000629581,0.000629581
150,4518.88,2.00432,3.41938,2.79395,1.98944,0.13983,0.10693,0.12573,0.37896,0.3702,0.30301,0.14803,0.28194,0.26374,0.19539,0.0726,1.66536,2.83594,4.87635,1.73531,0,0,0,0.000628207,0.000628207,0.000628207
151,4548.86,2.00591,3.37947,2.74623,1.9822,0.14343,0.11446,0.12979,0.36662,0.36565,0.3421,0.16543,0.24407,0.30673,0.21437,0.08302,1.65823,2.82069,6.32488,1.73378,0,0,0,0.000626832,0.000626832,0.000626832
152,4579.12,1.981,3.33815,2.84837,1.95035,0.13893,0.10844,0.12497,0.31955,0.37318,0.27738,0.12591,0.2849,0.28254,0.19661,0.06712,1.6756,2.81423,5.92693,1.73156,0,0,0,0.000625458,0.000625458,0.000625458
153,4609.07,2.03361,3.39192,2.81556,2.00485,0.13803,0.10641,0.12235,0.39641,0.37545,0.31153,0.15787,0.27918,0.31142,0.22294,0.07543,1.61862,2.79486,5.53755,1.70594,0,0,0,0.000624084,0.000624084,0.000624084
154,4639.07,2.02657,3.45377,2.7869,1.98997,0.14628,0.11515,0.13101,0.36169,0.37586,0.31831,0.16172,0.26027,0.30611,0.22479,0.08133,1.65492,2.83263,4.69584,1.72304,0,0,0,0.000622709,0.000622709,0.000622709
155,4669.18,1.99852,3.38865,2.73838,1.94955,0.1437,0.11599,0.12945,0.39853,0.39704,0.31286,0.14471,0.33487,0.32013,0.22887,0.08184,1.65356,2.82426,5.43345,1.69738,0,0,0,0.000621335,0.000621335,0.000621335
156,4699.15,2.06215,3.41038,2.75132,1.96659,0.1358,0.10832,0.12313,0.34267,0.37779,0.30188,0.14989,0.25803,0.2842,0.21226,0.07802,1.66296,2.8151,5.66149,1.70219,0,0,0,0.00061996,0.00061996,0.00061996
157,4729.18,2.01209,3.38539,2.70278,1.95291,0.13909,0.11022,0.12511,0.34372,0.37857,0.33432,0.15993,0.28461,0.30692,0.25357,0.08455,1.61914,2.80106,7.29777,1.68029,0,0,0,0.000618586,0.000618586,0.000618586
158,4759.16,2.0017,3.35841,2.68315,1.97247,0.14041,0.11271,0.12781,0.33403,0.40868,0.32818,0.1561,0.26086,0.33782,0.22772,0.08906,1.6274,2.79457,6.24903,1.68057,0,0,0,0.000617211,0.000617211,0.000617211
159,4789.11,1.99346,3.36867,2.65179,1.96787,0.14482,0.11446,0.12985,0.3641,0.40614,0.34487,0.17829,0.28448,0.33705,0.25783,0.10496,1.59757,2.76121,4.95774,1.67913,0,0,0,0.000615837,0.000615837,0.000615837
160,4819.37,2.01489,3.33289,2.64333,1.96586,0.14031,0.11083,0.12709,0.35598,0.40295,0.34285,0.16778,0.42938,0.24586,0.25794,0.09892,1.61007,2.77075,5.97445,1.68718,0,0,0,0.000614462,0.000614462,0.000614462
161,4849.5,1.92771,3.31262,2.61192,1.93625,0.13222,0.10674,0.12046,0.36592,0.42445,0.34276,0.1659,0.29228,0.34825,0.24648,0.09117,1.63708,2.75665,5.41084,1.6902,0,0,0,0.000613088,0.000613088,0.000613088
162,4879.32,2.01644,3.35824,2.65376,1.95448,0.13864,0.10914,0.1259,0.35833,0.38313,0.36702,0.17001,0.32709,0.32626,0.29034,0.11391,1.62875,2.76594,6.26903,1.67692,0,0,0,0.000611714,0.000611714,0.000611714
163,4909.45,1.96044,3.34883,2.67191,1.96909,0.14298,0.11208,0.12706,0.3522,0.41962,0.3568,0.19295,0.33695,0.29601,0.27115,0.10299,1.58317,2.77092,5.82881,1.64682,0,0,0,0.000610339,0.000610339,0.000610339
164,4939.82,2.01651,3.33338,2.63599,1.91414,0.14136,0.11305,0.1275,0.44264,0.33669,0.33913,0.1789,0.34225,0.27748,0.25783,0.10598,1.58849,2.74841,6.50045,1.65712,0,0,0,0.000608965,0.000608965,0.000608965
165,4969.82,1.95704,3.26817,2.641,1.94275,0.13813,0.11092,0.12545,0.37433,0.38272,0.35288,0.18263,0.29046,0.28723,0.25612,0.09761,1.601,2.74138,5.38636,1.67702,0,0,0,0.00060759,0.00060759,0.00060759
166,4999.87,1.96851,3.36167,2.61402,1.92944,0.13864,0.11092,0.12549,0.3509,0.39646,0.33364,0.16875,0.25527,0.35747,0.23292,0.091,1.59553,2.7586,5.84935,1.65704,0,0,0,0.000606216,0.000606216,0.000606216
167,5029.9,1.96899,3.33443,2.62617,1.94131,0.13994,0.11114,0.12669,0.36463,0.43096,0.33776,0.16576,0.25694,0.31978,0.23889,0.0877,1.5935,2.76046,5.46879,1.65308,0,0,0,0.000604841,0.000604841,0.000604841
168,5059.89,1.96725,3.29776,2.59749,1.93931,0.14108,0.11057,0.12556,0.37041,0.38211,0.36982,0.16626,0.32857,0.32552,0.29056,0.10109,1.60132,2.75789,5.71666,1.66324,0,0,0,0.000603467,0.000603467,0.000603467
169,5090.1,1.98985,3.32677,2.60037,1.9242,0.14243,0.11443,0.12812,0.39209,0.40459,0.37461,0.18777,0.34071,0.34127,0.2908,0.11575,1.56693,2.72681,4.89785,1.64647,0,0,0,0.000602092,0.000602092,0.000602092
170,5120.15,1.93194,3.27823,2.53893,1.89506,0.13916,0.11141,0.12592,0.4843,0.35842,0.37801,0.20451,0.40299,0.29678,0.29052,0.12191,1.56997,2.72319,5.30354,1.65013,0,0,0,0.000600718,0.000600718,0.000600718
171,5150.46,1.97921,3.29207,2.5671,1.92529,0.13277,0.10689,0.12081,0.39711,0.4409,0.4055,0.20883,0.32649,0.37851,0.2837,0.11675,1.57974,2.72658,5.46442,1.65698,0,0,0,0.000599343,0.000599343,0.000599343
172,5180.11,1.94684,3.24802,2.60825,1.94909,0.13459,0.10467,0.12117,0.46472,0.3944,0.39166,0.19542,0.39847,0.33427,0.29641,0.11642,1.5721,2.7295,4.73125,1.65754,0,0,0,0.000597969,0.000597969,0.000597969
173,5209.85,1.96728,3.37979,2.70977,1.98219,0.1417,0.11056,0.12602,0.42683,0.37194,0.34398,0.1801,0.36387,0.31966,0.26119,0.10413,1.58925,2.74948,5.6851,1.66001,0,0,0,0.000596595,0.000596595,0.000596595
174,5239.76,1.98397,3.36704,2.66448,1.94914,0.13554,0.10694,0.12268,0.30905,0.44765,0.37774,0.18583,0.38477,0.29395,0.27227,0.10732,1.58179,2.74424,5.33613,1.64632,0,0,0,0.00059522,0.00059522,0.00059522
175,5269.67,1.93068,3.28707,2.52881,1.90484,0.13496,0.10802,0.12224,0.30358,0.47891,0.37417,0.18872,0.27049,0.37572,0.27322,0.11075,1.56345,2.74093,5.34611,1.64919,0,0,0,0.000593846,0.000593846,0.000593846
176,5299.78,1.97977,3.36822,2.60653,1.91805,0.14083,0.11323,0.12788,0.3301,0.44892,0.369,0.19054,0.30111,0.35123,0.27918,0.10375,1.58366,2.72857,5.45764,1.64188,0,0,0,0.000592471,0.000592471,0.000592471
177,5329.78,1.94812,3.28961,2.60694,1.93398,0.14003,0.11165,0.12683,0.35986,0.46444,0.39138,0.20924,0.28384,0.38609,0.28947,0.11713,1.55218,2.74173,5.72419,1.61827,0,0,0,0.000591097,0.000591097,0.000591097
178,5359.61,1.9214,3.32374,2.54496,1.88725,0.13794,0.11106,0.12465,0.5123,0.39065,0.43156,0.2268,0.41879,0.31702,0.3239,0.12017,1.55357,2.73673,5.82378,1.62901,0,0,0,0.000589722,0.000589722,0.000589722
179,5389.9,1.92199,3.28771,2.49114,1.89661,0.13958,0.11303,0.12684,0.38957,0.46646,0.4336,0.22603,0.43465,0.29296,0.31152,0.10762,1.54438,2.7024,5.85546,1.60902,0,0,0,0.000588348,0.000588348,0.000588348
180,5419.73,1.92411,3.21796,2.49961,1.89487,0.1336,0.10758,0.12187,0.44396,0.41021,0.43224,0.22577,0.32149,0.37843,0.32974,0.13083,1.53412,2.68017,4.67728,1.58952,0,0,0,0.000586973,0.000586973,0.000586973
181,5449.72,1.89709,3.25327,2.50271,1.88654,0.13793,0.11003,0.12426,0.3911,0.47937,0.44926,0.2373,0.44765,0.27794,0.31778,0.13503,1.52173,2.69203,5.67022,1.59221,0,0,0,0.000585599,0.000585599,0.000585599
182,5480.04,1.8986,3.26256,2.48251,1.87706,0.14001,0.11235,0.125,0.34265,0.42849,0.40081,0.21216,0.39814,0.30383,0.30173,0.12691,1.54088,2.6854,5.35617,1.59984,0,0,0,0.000584225,0.000584225,0.000584225
183,5509.86,1.91739,3.27532,2.60942,1.9139,0.13635,0.10858,0.12288,0.40231,0.4303,0.42317,0.23313,0.38094,0.34816,0.31978,0.13457,1.52968,2.66881,6.29748,1.60531,0,0,0,0.00058285,0.00058285,0.00058285
184,5539.64,1.97581,3.26481,2.59759,1.92103,0.13549,0.10744,0.12221,0.38159,0.47444,0.41275,0.22582,0.31245,0.33566,0.29187,0.12309,1.53011,2.71374,5.50748,1.59249,0,0,0,0.000581476,0.000581476,0.000581476
185,5569.77,1.9137,3.30605,2.50338,1.88741,0.13465,0.10623,0.12147,0.44921,0.40474,0.41584,0.23687,0.3467,0.3472,0.31925,0.14012,1.52489,2.6934,6.02224,1.59375,0,0,0,0.000580101,0.000580101,0.000580101
186,5599.88,1.91302,3.29003,2.48812,1.87586,0.14355,0.11355,0.12872,0.39082,0.46183,0.43169,0.23159,0.34384,0.36197,0.32647,0.14012,1.51081,2.65395,6.14975,1.5831,0,0,0,0.000578727,0.000578727,0.000578727
187,5629.8,1.87739,3.16046,2.54723,1.87066,0.13306,0.10696,0.12024,0.47262,0.40726,0.43138,0.24235,0.36569,0.3654,0.33638,0.14081,1.49754,2.65695,5.77049,1.58106,0,0,0,0.000577352,0.000577352,0.000577352
188,5660.04,1.93941,3.23036,2.53429,1.90286,0.13612,0.10911,0.12227,0.32292,0.50926,0.42644,0.23649,0.27307,0.4261,0.32753,0.13254,1.52042,2.64672,6.39817,1.59253,0,0,0,0.000575978,0.000575978,0.000575978
189,5690.25,1.96726,3.28361,2.55804,1.90134,0.14046,0.11407,0.12696,0.3882,0.42697,0.39881,0.21687,0.32656,0.35347,0.28319,0.11236,1.51229,2.69634,5.84816,1.58349,0,0,0,0.000574603,0.000574603,0.000574603
190,5720.24,1.91067,3.26106,2.51675,1.89698,0.13584,0.10973,0.12311,0.4666,0.40466,0.43655,0.22342,0.32116,0.3624,0.31043,0.11536,1.50033,2.64226,5.57641,1.5897,0,0,0,0.000573229,0.000573229,0.000573229
191,5750.27,1.90171,3.25321,2.49544,1.88714,0.13452,0.10782,0.12136,0.43667,0.45145,0.41349,0.22479,0.31095,0.33697,0.28159,0.11207,1.51921,2.65785,5.96509,1.59615,0,0,0,0.000571854,0.000571854,0.000571854
192,5780.13,1.91679,3.26348,2.47694,1.89459,0.13625,0.10756,0.12298,0.41416,0.45618,0.45047,0.2462,0.33599,0.34601,0.32225,0.12871,1.50336,2.64961,5.78616,1.57731,0,0,0,0.00057048,0.00057048,0.00057048
193,5810.12,1.91651,3.237,2.46691,1.87644,0.1391,0.10999,0.12402,0.3499,0.49593,0.43963,0.24254,0.28297,0.41648,0.30957,0.12794,1.51319,2.63928,6.52536,1.5696,0,0,0,0.000569106,0.000569106,0.000569106
194,5839.97,1.92768,3.25021,2.50283,1.89056,0.1339,0.10552,0.12055,0.4486,0.44335,0.41567,0.23102,0.36335,0.34141,0.28126,0.11515,1.50032,2.62934,5.7928,1.59596,0,0,0,0.000567731,0.000567731,0.000567731
195,5869.96,1.92529,3.25246,2.47292,1.88077,0.13509,0.10976,0.12224,0.47853,0.37022,0.43288,0.25208,0.42091,0.32842,0.33959,0.1477,1.48365,2.65323,6.17063,1.58565,0,0,0,0.000566357,0.000566357,0.000566357
196,5900.21,1.93505,3.19778,2.49356,1.86781,0.13908,0.11059,0.12424,0.44371,0.39355,0.44846,0.23364,0.37185,0.33012,0.33663,0.14769,1.51433,2.63225,5.90276,1.58907,0,0,0,0.000564982,0.000564982,0.000564982
197,5930.03,1.89741,3.23925,2.42956,1.87092,0.13863,0.11032,0.12322,0.43166,0.4535,0.43875,0.23984,0.36114,0.38458,0.33436,0.1459,1.50485,2.63412,5.91253,1.57276,0,0,0,0.000563608,0.000563608,0.000563608
198,5960.03,1.87089,3.23608,2.43428,1.87011,0.13904,0.11085,0.12431,0.50639,0.45354,0.46713,0.25066,0.40709,0.35927,0.33507,0.13984,1.48945,2.63468,5.30856,1.5679,0,0,0,0.000562233,0.000562233,0.000562233
199,5989.92,1.88607,3.17419,2.4196,1.86869,0.13944,0.11112,0.12413,0.51424,0.40559,0.47718,0.26817,0.48292,0.33399,0.34199,0.15507,1.46909,2.6093,5.58816,1.55245,0,0,0,0.000560859,0.000560859,0.000560859
200,6020.14,1.90752,3.22309,2.4046,1.85752,0.13836,0.11137,0.12375,0.45036,0.49268,0.47238,0.25171,0.37516,0.41671,0.34383,0.14635,1.48144,2.61054,5.64844,1.56547,0,0,0,0.000559484,0.000559484,0.000559484
201,6050.36,1.85605,3.21646,2.3352,1.83594,0.1384,0.11236,0.12549,0.42253,0.50063,0.46669,0.26366,0.32056,0.45659,0.34637,0.15347,1.45969,2.59205,5.96681,1.54231,0,0,0,0.00055811,0.00055811,0.00055811
202,6080.03,1.86922,3.23613,2.41126,1.88208,0.13486,0.10837,0.12107,0.43564,0.48543,0.45122,0.24203,0.3415,0.43411,0.34438,0.13971,1.47911,2.58231,7.12353,1.54725,0,0,0,0.000556736,0.000556736,0.000556736
203,6110.12,1.8514,3.15226,2.31996,1.85232,0.14089,0.11463,0.12546,0.47572,0.49257,0.47793,0.27169,0.37174,0.40615,0.33096,0.13635,1.45009,2.58008,7.96565,1.55103,0,0,0,0.000555361,0.000555361,0.000555361
204,6140.02,1.85391,3.14636,2.36905,1.85472,0.13921,0.11117,0.12468,0.434,0.53987,0.48749,0.27923,0.45537,0.36283,0.37048,0.15042,1.45724,2.56315,5.13228,1.53668,0,0,0,0.000553987,0.000553987,0.000553987
205,6170.28,1.87705,3.23493,2.38318,1.87204,0.13685,0.11105,0.12226,0.42523,0.53568,0.46039,0.26928,0.35682,0.47123,0.35488,0.16255,1.47943,2.57002,5.03471,1.54522,0,0,0,0.000552612,0.000552612,0.000552612
206,6200.62,1.87081,3.23567,2.4312,1.86629,0.14029,0.11038,0.1244,0.49689,0.44417,0.47222,0.27328,0.39132,0.39478,0.3548,0.15914,1.44553,2.57506,7.25473,1.52988,0,0,0,0.000551238,0.000551238,0.000551238
207,6230.89,1.83676,3.183,2.33567,1.81318,0.13963,0.11028,0.12307,0.43499,0.49976,0.47589,0.27382,0.36032,0.42578,0.35826,0.15602,1.4669,2.58186,6.66519,1.53919,0,0,0,0.000549863,0.000549863,0.000549863
208,6260.97,1.86167,3.18191,2.43974,1.84035,0.13575,0.10658,0.11961,0.4298,0.48686,0.4839,0.28594,0.36456,0.39569,0.37108,0.1557,1.45794,2.56662,5.51724,1.53245,0,0,0,0.000548489,0.000548489,0.000548489
209,6290.95,1.89607,3.21935,2.3938,1.84758,0.13801,0.11129,0.12305,0.42147,0.50069,0.49882,0.28393,0.34109,0.42034,0.37347,0.16414,1.45052,2.55527,6.41246,1.5244,0,0,0,0.000547114,0.000547114,0.000547114
210,6320.95,1.8607,3.14636,2.34424,1.84748,0.13554,0.10957,0.12065,0.43746,0.50179,0.48825,0.29414,0.38767,0.39406,0.36547,0.15688,1.42656,2.54877,5.64687,1.52247,0,0,0,0.00054574,0.00054574,0.00054574
211,6351.13,1.85089,3.2074,2.40223,1.85245,0.13687,0.11105,0.12212,0.4633,0.47707,0.48304,0.29173,0.50949,0.33079,0.37367,0.17602,1.43112,2.51696,6.32061,1.51955,0,0,0,0.000544365,0.000544365,0.000544365
212,6381.56,1.83572,3.14828,2.34772,1.81223,0.13402,0.10831,0.11955,0.44352,0.48444,0.47509,0.28242,0.34964,0.4139,0.3537,0.14979,1.44866,2.54314,5.77203,1.53478,0,0,0,0.000542991,0.000542991,0.000542991
213,6411.48,1.85677,3.14591,2.36375,1.83008,0.14063,0.11181,0.12523,0.40712,0.52184,0.46722,0.27218,0.33924,0.43827,0.35454,0.14822,1.44422,2.54365,6.16509,1.52963,0,0,0,0.000541617,0.000541617,0.000541617
214,6441.43,1.87492,3.19808,2.36574,1.83557,0.13567,0.10874,0.11989,0.40764,0.53075,0.4694,0.26602,0.34952,0.4355,0.361,0.15386,1.43272,2.53723,6.91219,1.51122,0,0,0,0.000540242,0.000540242,0.000540242
215,6471.45,1.85149,3.14445,2.30663,1.8247,0.13921,0.11454,0.12618,0.43717,0.52751,0.48633,0.28034,0.3677,0.4363,0.35973,0.14891,1.40248,2.52664,5.99239,1.50223,0,0,0,0.000538868,0.000538868,0.000538868
216,6501.28,1.83241,3.14546,2.28927,1.81425,0.13256,0.10979,0.12014,0.41527,0.54484,0.50843,0.303,0.34239,0.45189,0.38401,0.17269,1.41142,2.51766,6.07769,1.50287,0,0,0,0.000537493,0.000537493,0.000537493
217,6531.51,1.84177,3.09253,2.32143,1.80173,0.13216,0.10678,0.11953,0.43873,0.57033,0.4798,0.29304,0.36924,0.4633,0.35631,0.15554,1.43585,2.51818,5.74928,1.50808,0,0,0,0.000536119,0.000536119,0.000536119
218,6561.35,1.86133,3.1554,2.35951,1.85237,0.13784,0.11136,0.12325,0.52426,0.51665,0.52692,0.31287,0.4592,0.42566,0.39939,0.17604,1.42428,2.50793,5.86027,1.51406,0,0,0,0.000534744,0.000534744,0.000534744
219,6591.54,1.81229,3.17927,2.26353,1.81222,0.13418,0.11314,0.12184,0.54886,0.42799,0.491,0.28978,0.47366,0.36992,0.37671,0.16274,1.41066,2.51988,6.76962,1.49372,0,0,0,0.00053337,0.00053337,0.00053337
220,6621.22,1.82852,3.1404,2.33042,1.83626,0.13803,0.1093,0.12079,0.46775,0.55468,0.51104,0.29474,0.41532,0.45808,0.38335,0.15816,1.43981,2.52832,6.32982,1.51946,0,0,0,0.000531995,0.000531995,0.000531995
221,6651.07,1.87376,3.18149,2.37635,1.87102,0.13883,0.11072,0.12418,0.42826,0.55707,0.5141,0.29226,0.35025,0.45976,0.39802,0.16661,1.41244,2.50649,6.56267,1.50074,0,0,0,0.000530621,0.000530621,0.000530621
222,6680.84,1.80856,3.11073,2.30257,1.81314,0.13505,0.10522,0.11824,0.43031,0.56258,0.52281,0.30955,0.36562,0.46246,0.39695,0.17543,1.40283,2.51749,6.02734,1.49645,0,0,0,0.000529247,0.000529247,0.000529247
223,6710.73,1.87495,3.172,2.32573,1.8411,0.13472,0.10501,0.11831,0.44161,0.55351,0.51432,0.30375,0.42553,0.38208,0.38516,0.16194,1.42179,2.51249,5.88482,1.50095,0,0,0,0.000527872,0.000527872,0.000527872
224,6740.54,1.83454,3.14777,2.2992,1.82668,0.13093,0.10528,0.11784,0.50493,0.48739,0.52524,0.32103,0.45416,0.39282,0.38849,0.1678,1.40676,2.52271,5.58938,1.49618,0,0,0,0.000526498,0.000526498,0.000526498
225,6770.47,1.8132,3.07149,2.2345,1.79533,0.13474,0.11113,0.12091,0.49977,0.44913,0.52038,0.29942,0.44302,0.39674,0.39752,0.16558,1.39599,2.50062,5.95027,1.49109,0,0,0,0.000525123,0.000525123,0.000525123
226,6800.33,1.81984,3.13294,2.26487,1.79079,0.14284,0.11499,0.12642,0.50261,0.4759,0.51701,0.3081,0.44381,0.4229,0.39808,0.17104,1.40103,2.48732,6.65535,1.48475,0,0,0,0.000523749,0.000523749,0.000523749
227,6830.46,1.80259,3.04409,2.20698,1.78516,0.14021,0.11277,0.12416,0.48175,0.50332,0.51579,0.31113,0.42276,0.44152,0.3966,0.16937,1.37863,2.48088,6.24893,1.47086,0,0,0,0.000522374,0.000522374,0.000522374
228,6860.62,1.81274,3.07923,2.17571,1.77027,0.14166,0.11644,0.12758,0.50858,0.49507,0.49351,0.2897,0.44794,0.42715,0.37566,0.17267,1.38244,2.47471,7.15342,1.47573,0,0,0,0.000521,0.000521,0.000521
229,6890.22,1.7951,3.07388,2.30727,1.81244,0.13877,0.10726,0.12019,0.51214,0.49774,0.49684,0.28778,0.51704,0.39531,0.38047,0.17357,1.40397,2.46002,6.07031,1.49416,0,0,0,0.000519625,0.000519625,0.000519625
230,6920.13,1.83665,3.12467,2.27945,1.79069,0.13679,0.10836,0.12033,0.55146,0.456,0.51923,0.28947,0.38661,0.43346,0.39182,0.17674,1.39857,2.48641,5.90159,1.49237,0,0,0,0.000518251,0.000518251,0.000518251
231,6949.82,1.74688,3.02775,2.22285,1.76558,0.1321,0.10706,0.11768,0.50133,0.47763,0.50412,0.30812,0.47802,0.38736,0.40358,0.18342,1.36319,2.46051,5.87927,1.4619,0,0,0,0.000516877,0.000516877,0.000516877
232,6980.03,1.79673,3.1533,2.21342,1.80402,0.1424,0.11328,0.12516,0.50045,0.48099,0.49873,0.29901,0.44474,0.42043,0.39787,0.17801,1.36271,2.45076,7.44223,1.45173,0,0,0,0.000515502,0.000515502,0.000515502
233,7010.08,1.85667,3.0915,2.18,1.78796,0.13405,0.11048,0.12062,0.46757,0.51929,0.52027,0.30183,0.44027,0.45423,0.42107,0.17996,1.36372,2.44324,7.44814,1.44464,0,0,0,0.000514128,0.000514128,0.000514128
234,7039.91,1.8251,3.13503,2.25015,1.79664,0.13206,0.10627,0.11817,0.48945,0.50711,0.51394,0.30917,0.44547,0.43914,0.40801,0.18129,1.36938,2.46029,5.02946,1.45939,0,0,0,0.000512753,0.000512753,0.000512753
235,7070.01,1.81948,3.13068,2.26307,1.8168,0.13637,0.10815,0.11966,0.47893,0.54048,0.50325,0.30015,0.40369,0.43931,0.38452,0.16547,1.36993,2.44471,5.55407,1.46623,0,0,0,0.000511379,0.000511379,0.000511379
236,7099.9,1.78381,3.07819,2.23751,1.79734,0.14124,0.11211,0.12396,0.42556,0.5452,0.51687,0.3127,0.37586,0.43276,0.39548,0.16559,1.3629,2.46221,6.43487,1.46393,0,0,0,0.000510004,0.000510004,0.000510004
237,7129.84,1.81399,3.06306,2.15405,1.76686,0.14141,0.11628,0.12669,0.52672,0.50297,0.53543,0.32295,0.45955,0.43609,0.41801,0.18352,1.36316,2.44748,6.70834,1.45783,0,0,0,0.00050863,0.00050863,0.00050863
238,7159.97,1.77787,3.01965,2.1946,1.76484,0.13463,0.10908,0.11949,0.46615,0.51749,0.4991,0.29925,0.40562,0.42929,0.36598,0.16319,1.38014,2.48357,6.76436,1.47347,0,0,0,0.000507255,0.000507255,0.000507255
239,7189.85,1.82227,3.08479,2.23952,1.79589,0.13637,0.10839,0.12097,0.45797,0.56891,0.52532,0.31135,0.39521,0.48875,0.40009,0.17883,1.3503,2.48002,5.76342,1.45201,0,0,0,0.000505881,0.000505881,0.000505881
240,7219.66,1.78763,3.07707,2.16908,1.7795,0.13513,0.11015,0.12079,0.48041,0.55298,0.55027,0.33453,0.41525,0.47489,0.42088,0.19911,1.36423,2.46544,5.65484,1.46401,0,0,0,0.000504506,0.000504506,0.000504506
241,7250.01,1.84014,3.0961,2.23804,1.7725,0.13969,0.11241,0.12276,0.44669,0.53572,0.5382,0.32487,0.37455,0.48345,0.4213,0.18483,1.34903,2.42769,5.57286,1.45074,0,0,0,0.000503132,0.000503132,0.000503132
242,7279.84,1.81064,3.07017,2.23358,1.78754,0.14048,0.11354,0.1255,0.37892,0.57469,0.50593,0.2986,0.44442,0.39606,0.40171,0.18224,1.36763,2.44083,6.21668,1.46279,0,0,0,0.000501758,0.000501758,0.000501758
243,7309.95,1.82878,3.12164,2.31525,1.82259,0.13353,0.10562,0.11794,0.40113,0.58329,0.52785,0.31097,0.35659,0.4977,0.41863,0.18963,1.36385,2.4232,5.70349,1.45802,0,0,0,0.000500383,0.000500383,0.000500383
244,7339.7,1.81471,3.11909,2.2293,1.7766,0.1356,0.10862,0.1205,0.4169,0.59059,0.52643,0.30285,0.33302,0.51675,0.41525,0.18591,1.37867,2.4365,6.21718,1.45376,0,0,0,0.000499009,0.000499009,0.000499009
245,7369.62,1.79814,3.09056,2.26224,1.78596,0.13549,0.10682,0.12009,0.41295,0.58193,0.54082,0.31694,0.36356,0.4957,0.42079,0.18863,1.3506,2.41696,5.87791,1.44551,0,0,0,0.000497634,0.000497634,0.000497634
246,7399.7,1.79667,3.03924,2.17734,1.75197,0.13814,0.11092,0.12316,0.5334,0.44516,0.51492,0.29888,0.44886,0.3787,0.39084,0.17372,1.35715,2.4012,6.78583,1.4506,0,0,0,0.00049626,0.00049626,0.00049626
247,7429.7,1.80514,3.0321,2.18069,1.77079,0.1322,0.1048,0.11635,0.45787,0.5608,0.53066,0.32276,0.37327,0.50132,0.41939,0.18198,1.35996,2.41565,6.27916,1.45051,0,0,0,0.000494885,0.000494885,0.000494885
248,7459.72,1.82213,2.98274,2.30802,1.80567,0.12727,0.10374,0.11525,0.53002,0.53286,0.56146,0.33754,0.45977,0.46294,0.43822,0.19489,1.34712,2.42182,6.03671,1.4419,0,0,0,0.000493511,0.000493511,0.000493511
249,7489.94,1.75133,2.92965,2.1217,1.75504,0.13564,0.10985,0.11998,0.48122,0.53129,0.55167,0.33946,0.45756,0.42821,0.42531,0.19171,1.35209,2.39833,5.83558,1.44678,0,0,0,0.000492136,0.000492136,0.000492136
250,7519.95,1.76419,3.04964,2.12618,1.74756,0.13837,0.11025,0.12184,0.49376,0.57778,0.56421,0.33348,0.4517,0.47763,0.43739,0.19818,1.33801,2.38516,6.31328,1.44343,0,0,0,0.000490762,0.000490762,0.000490762
251,7549.97,1.76486,3.02955,2.13843,1.74656,0.13653,0.10957,0.12121,0.44636,0.60075,0.55437,0.34542,0.44267,0.44745,0.42756,0.20413,1.31527,2.37479,6.14328,1.41741,0,0,0,0.000489387,0.000489387,0.000489387
252,7579.97,1.76038,3.02348,2.16216,1.75314,0.13647,0.10828,0.12019,0.50086,0.54493,0.55966,0.34393,0.42571,0.47395,0.43974,0.20608,1.33791,2.38162,6.55845,1.42537,0,0,0,0.000488013,0.000488013,0.000488013
253,7610.2,1.80205,3.00785,2.14364,1.74612,0.1285,0.10569,0.11525,0.58462,0.45846,0.54763,0.34253,0.51442,0.40783,0.42539,0.19983,1.34987,2.39233,5.36682,1.4321,0,0,0,0.000486639,0.000486639,0.000486639
254,7640.14,1.77884,3.03631,2.1491,1.75418,0.14064,0.11297,0.12466,0.49272,0.56066,0.5329,0.3424,0.39607,0.4905,0.41301,0.20331,1.32806,2.38398,6.09919,1.42339,0,0,0,0.000485264,0.000485264,0.000485264
255,7669.97,1.72342,3.03303,2.11105,1.76122,0.13134,0.10557,0.11695,0.54598,0.54054,0.55494,0.33476,0.45476,0.46692,0.42659,0.20306,1.3278,2.37314,5.97997,1.43055,0,0,0,0.00048389,0.00048389,0.00048389
256,7700.12,1.77794,2.99643,2.15525,1.76962,0.13479,0.10597,0.11806,0.47674,0.54354,0.52513,0.31997,0.41436,0.47162,0.41245,0.18887,1.32981,2.39398,6.25367,1.4317,0,0,0,0.000482515,0.000482515,0.000482515
257,7730.18,1.7682,3.01657,2.14796,1.73666,0.13495,0.10843,0.12019,0.56091,0.5106,0.55995,0.3571,0.50492,0.46062,0.45818,0.21506,1.30192,2.35869,5.93438,1.41015,0,0,0,0.000481141,0.000481141,0.000481141
258,7760.48,1.78333,3.06913,2.16169,1.74406,0.13635,0.10879,0.12134,0.48988,0.57043,0.56148,0.33892,0.4217,0.53126,0.44689,0.20438,1.31433,2.37325,6.44378,1.40346,0,0,0,0.000479766,0.000479766,0.000479766
259,7790.46,1.75021,2.94277,2.13905,1.75277,0.13228,0.10484,0.11693,0.56933,0.51029,0.55177,0.33785,0.50437,0.45241,0.4284,0.2075,1.31177,2.36113,7.14419,1.41685,0,0,0,0.000478392,0.000478392,0.000478392
260,7820.21,1.79852,2.99159,2.14644,1.7616,0.13594,0.10904,0.12033,0.56737,0.54266,0.57328,0.35127,0.49848,0.47837,0.45205,0.21337,1.3203,2.3737,6.29315,1.42887,0,0,0,0.000477017,0.000477017,0.000477017
261,7850,1.69846,2.96181,2.06549,1.73004,0.13778,0.11018,0.12162,0.56405,0.57163,0.57794,0.36527,0.49229,0.4827,0.45377,0.2196,1.3047,2.33593,5.90753,1.41289,0,0,0,0.000475643,0.000475643,0.000475643
262,7880.37,1.75296,3.03717,2.09036,1.73166,0.13317,0.10838,0.11859,0.54993,0.56172,0.57312,0.34126,0.47512,0.48673,0.44765,0.20456,1.32078,2.36081,6.46212,1.4216,0,0,0,0.000474269,0.000474269,0.000474269
263,7910.08,1.70115,2.99932,2.14497,1.74,0.13067,0.10368,0.11586,0.47801,0.60055,0.55875,0.33934,0.44525,0.48729,0.43631,0.19556,1.31859,2.36451,5.43852,1.41971,0,0,0,0.000472894,0.000472894,0.000472894
264,7940.23,1.72584,3.01171,2.08055,1.7317,0.13335,0.10624,0.11874,0.46317,0.59798,0.56193,0.34396,0.49617,0.45188,0.43218,0.20566,1.31309,2.35502,6.31163,1.41107,0,0,0,0.00047152,0.00047152,0.00047152
265,7969.9,1.73447,2.99798,2.0849,1.74101,0.13567,0.10812,0.12076,0.50028,0.54118,0.56885,0.34584,0.44028,0.47963,0.45705,0.21504,1.3018,2.33909,6.89243,1.40591,0,0,0,0.000470145,0.000470145,0.000470145
266,7999.84,1.74883,3.03589,2.15858,1.75874,0.13517,0.10958,0.12122,0.4858,0.59142,0.56232,0.3479,0.42949,0.52788,0.44208,0.2108,1.317,2.33219,6.61297,1.41846,0,0,0,0.000468771,0.000468771,0.000468771
267,8029.66,1.70384,2.9108,2.05631,1.72688,0.13174,0.10794,0.11848,0.54272,0.56927,0.57349,0.3739,0.50212,0.48244,0.46327,0.21607,1.29316,2.32302,5.26529,1.40753,0,0,0,0.000467396,0.000467396,0.000467396
268,8060,1.73991,2.976,2.03062,1.70592,0.13161,0.106,0.11682,0.55379,0.51657,0.57172,0.34853,0.48432,0.44472,0.44187,0.21343,1.3039,2.32676,5.78317,1.40379,0,0,0,0.000466022,0.000466022,0.000466022
269,8089.85,1.7276,2.94073,2.07309,1.72059,0.12897,0.10365,0.11554,0.51003,0.5825,0.57632,0.36187,0.46622,0.48389,0.4438,0.20781,1.27813,2.32009,6.1199,1.39374,0,0,0,0.000464647,0.000464647,0.000464647
270,8119.84,1.73664,2.99641,2.05984,1.73324,0.13021,0.10398,0.11508,0.49897,0.58603,0.56164,0.35798,0.42651,0.511,0.43127,0.20543,1.29913,2.31261,6.01381,1.4071,0,0,0,0.000463273,0.000463273,0.000463273
271,8149.73,1.72078,3.05594,2.09976,1.74441,0.13644,0.10954,0.12139,0.51175,0.58106,0.56513,0.34756,0.45187,0.51215,0.43864,0.19943,1.30585,2.33005,6.08646,1.41513,0,0,0,0.000461898,0.000461898,0.000461898
272,8179.63,1.72124,2.99011,2.04344,1.71983,0.13385,0.10668,0.11795,0.50097,0.60581,0.55999,0.35928,0.44356,0.50572,0.43262,0.20571,1.28175,2.29776,6.28096,1.39953,0,0,0,0.000460524,0.000460524,0.000460524
273,8209.44,1.76285,2.96955,2.09515,1.73344,0.1346,0.10953,0.12027,0.5168,0.57634,0.57646,0.3648,0.46521,0.49865,0.44723,0.21908,1.28692,2.26957,6.01283,1.40278,0,0,0,0.00045915,0.00045915,0.00045915
274,8239.17,1.76556,2.99192,2.07092,1.72614,0.12373,0.10084,0.1109,0.51752,0.55709,0.56493,0.34169,0.45278,0.47944,0.44653,0.20941,1.30454,2.28263,6.65026,1.40718,0,0,0,0.000457775,0.000457775,0.000457775
275,8269.23,1.74161,2.97344,2.0883,1.73342,0.13193,0.10657,0.11747,0.5182,0.57185,0.58879,0.38038,0.46483,0.49314,0.47957,0.22935,1.28949,2.30407,6.39959,1.39616,0,0,0,0.000456401,0.000456401,0.000456401
276,8299.51,1.7723,2.9417,2.10926,1.7389,0.1334,0.10632,0.11886,0.53772,0.54952,0.5765,0.36969,0.47255,0.48132,0.46211,0.22027,1.29134,2.29526,6.16453,1.39563,0,0,0,0.000455026,0.000455026,0.000455026
277,8329.22,1.72789,2.93396,2.10751,1.69968,0.13125,0.10619,0.11789,0.58572,0.57081,0.59859,0.37311,0.56602,0.4708,0.4673,0.21149,1.28272,2.31051,5.15386,1.39507,0,0,0,0.000453652,0.000453652,0.000453652
278,8359.31,1.73621,2.95732,2.08999,1.71571,0.13171,0.10681,0.11732,0.53967,0.5696,0.56859,0.36265,0.47407,0.47959,0.44861,0.21046,1.29181,2.29586,5.99808,1.39135,0,0,0,0.000452277,0.000452277,0.000452277
279,8389.22,1.7156,2.96426,2.05536,1.71759,0.13763,0.10933,0.12197,0.51492,0.57051,0.58253,0.3619,0.45272,0.49069,0.45694,0.21763,1.27522,2.27649,5.68914,1.38655,0,0,0,0.000450903,0.000450903,0.000450903
280,8419.26,1.6911,2.93057,2.03857,1.69773,0.13261,0.1074,0.11921,0.55047,0.57086,0.60761,0.38399,0.52186,0.44734,0.47148,0.23272,1.25026,2.29173,5.90631,1.36359,0,0,0,0.000449528,0.000449528,0.000449528
281,8449.82,1.75378,3.01604,2.06071,1.71114,0.1382,0.11121,0.12246,0.49889,0.61843,0.59817,0.37588,0.43594,0.50457,0.45135,0.21566,1.25213,2.30844,6.71404,1.36456,0,0,0,0.000448154,0.000448154,0.000448154
282,8479.85,1.7179,2.94045,2.00214,1.71162,0.13108,0.10786,0.11846,0.55463,0.58389,0.60402,0.39102,0.48726,0.51051,0.48382,0.23137,1.25485,2.28399,6.27507,1.3677,0,0,0,0.00044678,0.00044678,0.00044678
283,8510.48,1.72707,2.89913,2.04905,1.71594,0.13606,0.10691,0.11946,0.52198,0.57836,0.57938,0.38455,0.42253,0.55341,0.47035,0.22973,1.23728,2.26696,6.77682,1.35721,0,0,0,0.000445405,0.000445405,0.000445405
284,8540.66,1.69734,2.92427,1.9788,1.67236,0.12809,0.10627,0.11681,0.54703,0.55584,0.58227,0.38109,0.47495,0.48521,0.45853,0.22613,1.24595,2.24657,7.01388,1.36424,0,0,0,0.000444031,0.000444031,0.000444031
285,8570.55,1.67746,2.85248,1.97328,1.68062,0.1331,0.10926,0.12002,0.51642,0.5866,0.58731,0.37887,0.46326,0.52856,0.47556,0.21907,1.24388,2.25476,7.10907,1.36575,0,0,0,0.000442656,0.000442656,0.000442656
286,8600.6,1.73006,2.94508,2.05401,1.71654,0.13299,0.10631,0.11765,0.47746,0.61448,0.58692,0.37456,0.44126,0.51394,0.46622,0.22469,1.23743,2.26036,6.64502,1.35742,0,0,0,0.000441282,0.000441282,0.000441282
287,8630.69,1.70624,2.95042,1.99992,1.71219,0.13186,0.10716,0.1176,0.53405,0.56088,0.59759,0.38883,0.4856,0.50332,0.49084,0.22823,1.23496,2.254,6.6178,1.35156,0,0,0,0.000439907,0.000439907,0.000439907
288,8660.82,1.6925,2.93987,1.95936,1.69213,0.13688,0.10933,0.12039,0.53375,0.59026,0.6014,0.38728,0.47629,0.50178,0.47652,0.22842,1.23991,2.25083,7.1232,1.36229,0,0,0,0.000438533,0.000438533,0.000438533
289,8690.71,1.69767,2.92873,2.03757,1.72243,0.13003,0.104,0.11548,0.52904,0.60037,0.56506,0.35852,0.47532,0.53055,0.45953,0.21696,1.23435,2.26,6.58661,1.35734,0,0,0,0.000437158,0.000437158,0.000437158
290,8720.63,1.70923,2.9089,2.01811,1.68782,0.13293,0.10879,0.11966,0.5441,0.5604,0.58912,0.3812,0.45514,0.52466,0.47365,0.23082,1.24192,2.25908,6.50679,1.36164,0,0,0,0.000435784,0.000435784,0.000435784
291,8750.66,1.68204,2.86981,1.97334,1.68788,0.13144,0.10677,0.11778,0.57588,0.57599,0.60489,0.39271,0.53406,0.50739,0.49409,0.23109,1.23865,2.23768,5.83674,1.35402,0,0,0,0.000434409,0.000434409,0.000434409
292,8780.8,1.65091,2.90107,1.94275,1.67371,0.13959,0.11151,0.12335,0.54142,0.61009,0.61652,0.40172,0.52041,0.51044,0.49338,0.24002,1.22702,2.24323,6.17303,1.34978,0,0,0,0.000433035,0.000433035,0.000433035
293,8810.92,1.68322,2.89044,1.98376,1.7001,0.13347,0.10489,0.11637,0.53639,0.59841,0.61401,0.39782,0.49329,0.50414,0.48625,0.23621,1.22882,2.23317,6.11029,1.34499,0,0,0,0.000431661,0.000431661,0.000431661
294,8840.85,1.67298,2.86873,1.98017,1.68545,0.13412,0.10738,0.11873,0.53691,0.61388,0.61085,0.39483,0.49182,0.52888,0.49725,0.2366,1.22904,2.23003,5.93057,1.35219,0,0,0,0.000430286,0.000430286,0.000430286
295,8870.93,1.70208,2.89752,1.97841,1.68568,0.13482,0.10998,0.12138,0.49663,0.63955,0.59799,0.38807,0.47459,0.52775,0.49278,0.23683,1.23034,2.23761,6.96284,1.34597,0,0,0,0.000428912,0.000428912,0.000428912
296,8900.9,1.69677,2.94823,2.04277,1.70165,0.12576,0.10209,0.11271,0.57513,0.55483,0.60129,0.37624,0.51702,0.50008,0.48815,0.2383,1.24099,2.22411,6.65621,1.34854,0,0,0,0.000427537,0.000427537,0.000427537
297,8930.8,1.68938,2.9446,1.9184,1.67834,0.13092,0.10594,0.11852,0.49978,0.64406,0.59645,0.37869,0.45287,0.56133,0.4864,0.22851,1.23212,2.23642,6.6805,1.34379,0,0,0,0.000426163,0.000426163,0.000426163
298,8960.67,1.65092,2.78885,1.91224,1.65306,0.12709,0.103,0.11456,0.53205,0.58712,0.60744,0.38905,0.48024,0.52175,0.49571,0.24556,1.23002,2.21667,6.7325,1.35019,0,0,0,0.000424788,0.000424788,0.000424788
299,8990.65,1.70748,2.87842,1.99893,1.70348,0.12821,0.10338,0.11447,0.56589,0.59229,0.60176,0.39116,0.50272,0.52221,0.48922,0.23567,1.24117,2.21876,6.15583,1.35723,0,0,0,0.000423414,0.000423414,0.000423414
300,9020.46,1.66627,2.89994,1.93757,1.68384,0.13488,0.10962,0.12156,0.59425,0.55914,0.61765,0.39524,0.52744,0.50264,0.49783,0.24083,1.24157,2.21293,5.92918,1.35336,0,0,0,0.000422039,0.000422039,0.000422039
301,9050.58,1.66905,2.90651,1.92253,1.66667,0.12872,0.1056,0.11718,0.54958,0.59119,0.61822,0.39795,0.50991,0.5054,0.49585,0.23585,1.24432,2.27747,6.01022,1.36402,0,0,0,0.000420665,0.000420665,0.000420665
302,9080.33,1.66521,2.88057,1.9811,1.69338,0.13124,0.10623,0.11874,0.54515,0.58825,0.61354,0.3982,0.50119,0.51681,0.49845,0.23859,1.22229,2.24351,5.96167,1.34355,0,0,0,0.000419291,0.000419291,0.000419291
303,9110.22,1.6984,2.837,1.88797,1.67285,0.13906,0.11328,0.12502,0.55509,0.62847,0.61395,0.39265,0.49482,0.52914,0.4957,0.23768,1.22156,2.22685,6.32072,1.3445,0,0,0,0.000417916,0.000417916,0.000417916
304,9140.32,1.68228,2.87925,1.96813,1.68232,0.13646,0.11135,0.12213,0.50896,0.61121,0.59618,0.40282,0.46164,0.5383,0.48905,0.23877,1.22717,2.21072,6.39375,1.3513,0,0,0,0.000416542,0.000416542,0.000416542
305,9170.21,1.66524,2.84899,1.9463,1.66273,0.12658,0.10303,0.11333,0.54078,0.61644,0.61003,0.39954,0.48898,0.52631,0.48791,0.2259,1.2163,2.19679,7.11125,1.33529,0,0,0,0.000415167,0.000415167,0.000415167
306,9200.03,1.68681,2.89478,1.97362,1.6958,0.13387,0.10918,0.12049,0.58218,0.5776,0.62234,0.41392,0.54701,0.48529,0.49981,0.24209,1.20869,2.20793,5.92105,1.33765,0,0,0,0.000413793,0.000413793,0.000413793
307,9230.03,1.68328,2.91542,1.95525,1.66584,0.12689,0.1033,0.114,0.54963,0.60403,0.61466,0.39528,0.47777,0.52301,0.48744,0.23992,1.20619,2.21159,6.02619,1.33394,0,0,0,0.000412418,0.000412418,0.000412418
308,9259.83,1.64468,2.90479,2.03271,1.68357,0.12845,0.10398,0.1154,0.54226,0.61248,0.62733,0.40138,0.48898,0.51286,0.50887,0.24718,1.20906,2.2139,5.6634,1.33517,0,0,0,0.000411044,0.000411044,0.000411044
309,9289.82,1.67806,2.88076,1.93826,1.67713,0.13029,0.10432,0.11683,0.51791,0.62286,0.62445,0.40616,0.48128,0.52717,0.49982,0.25273,1.2114,2.21788,5.63435,1.33031,0,0,0,0.000409669,0.000409669,0.000409669
310,9319.77,1.65018,2.90161,1.97379,1.67958,0.12953,0.10257,0.11402,0.53219,0.61019,0.62701,0.41497,0.50679,0.51698,0.5124,0.25182,1.2063,2.18676,5.67302,1.32726,0,0,0,0.000408295,0.000408295,0.000408295
311,9350,1.68586,2.85367,1.94499,1.67738,0.13502,0.10987,0.12097,0.55629,0.62971,0.61505,0.40338,0.50312,0.56545,0.49654,0.23619,1.20527,2.19976,6.5084,1.32684,0,0,0,0.00040692,0.00040692,0.00040692
312,9379.85,1.5972,2.80522,1.8767,1.63679,0.13318,0.10788,0.11908,0.55677,0.62253,0.6234,0.41621,0.52993,0.50725,0.49281,0.24746,1.17979,2.18612,6.08279,1.3127,0,0,0,0.000405546,0.000405546,0.000405546
313,9409.61,1.63409,2.85252,1.92263,1.66449,0.13175,0.10523,0.11753,0.58035,0.59417,0.62681,0.41053,0.55564,0.51693,0.50976,0.24992,1.18167,2.18584,5.58867,1.31975,0,0,0,0.000404172,0.000404172,0.000404172
314,9439.4,1.66946,2.91753,1.98839,1.67548,0.13226,0.10431,0.1163,0.61116,0.5837,0.62565,0.41112,0.5474,0.49788,0.50392,0.24623,1.19933,2.20217,5.64962,1.33039,0,0,0,0.000402797,0.000402797,0.000402797
315,9469.03,1.65768,2.80507,1.90399,1.67154,0.12921,0.10496,0.11532,0.57647,0.60804,0.62024,0.40634,0.50613,0.51751,0.49376,0.23549,1.19998,2.18664,5.99249,1.32448,0,0,0,0.000401423,0.000401423,0.000401423
316,9498.7,1.66206,2.86555,1.95037,1.65876,0.13141,0.10567,0.11662,0.56048,0.62762,0.63184,0.41964,0.5134,0.5499,0.52453,0.25199,1.19431,2.15679,6.31453,1.321,0,0,0,0.000400048,0.000400048,0.000400048
317,9528.86,1.66191,2.85108,1.95189,1.67113,0.13118,0.10595,0.11738,0.61627,0.57581,0.63485,0.42452,0.57398,0.5262,0.53726,0.25713,1.19272,2.1735,6.33543,1.31738,0,0,0,0.000398674,0.000398674,0.000398674
318,9558.79,1.60402,2.83096,1.90215,1.65765,0.12655,0.10044,0.11242,0.59979,0.58266,0.63598,0.42284,0.58587,0.50404,0.5337,0.25485,1.17793,2.17642,6.01761,1.30701,0,0,0,0.000397299,0.000397299,0.000397299
319,9588.75,1.65026,2.88687,1.93312,1.69245,0.1398,0.11254,0.1249,0.577,0.5829,0.62815,0.41367,0.53027,0.51543,0.51337,0.25527,1.17604,2.15355,7.17345,1.31024,0,0,0,0.000395925,0.000395925,0.000395925
320,9618.35,1.65232,2.8834,1.91853,1.65254,0.12945,0.10453,0.11496,0.54274,0.59054,0.62769,0.42002,0.48262,0.53612,0.51908,0.2624,1.18822,2.15572,6.65678,1.31425,0,0,0,0.00039455,0.00039455,0.00039455
321,9648.45,1.66274,2.85608,1.90907,1.67036,0.13308,0.10661,0.11752,0.55771,0.62147,0.63547,0.40978,0.49724,0.55707,0.52216,0.25844,1.188,2.17546,6.25097,1.31947,0,0,0,0.000393176,0.000393176,0.000393176
322,9678.22,1.60621,2.83584,1.91696,1.64398,0.12473,0.10035,0.11114,0.55118,0.65073,0.64112,0.42107,0.50406,0.56184,0.52463,0.2674,1.17684,2.16063,6.49144,1.30839,0,0,0,0.000391802,0.000391802,0.000391802
323,9708.32,1.65146,2.84095,1.91794,1.66304,0.13376,0.10687,0.11799,0.58736,0.64889,0.63976,0.4205,0.51944,0.5824,0.52572,0.26925,1.17835,2.15314,5.65852,1.31257,0,0,0,0.000390427,0.000390427,0.000390427
324,9738.59,1.66199,2.89071,1.91869,1.654,0.13388,0.10677,0.11877,0.61026,0.6265,0.63757,0.41241,0.56156,0.52331,0.52255,0.25236,1.1685,2.14083,6.3157,1.3012,0,0,0,0.000389053,0.000389053,0.000389053
325,9768.2,1.61762,2.7606,1.89178,1.63469,0.12811,0.10289,0.11304,0.58367,0.61659,0.63928,0.42028,0.55172,0.52904,0.52362,0.25668,1.17778,2.14078,5.37501,1.30737,0,0,0,0.000387678,0.000387678,0.000387678
326,9797.76,1.64942,2.80738,1.89858,1.64099,0.13039,0.10449,0.11558,0.56545,0.60284,0.63937,0.41554,0.54355,0.53174,0.52629,0.25838,1.17468,2.12705,5.74775,1.30233,0,0,0,0.000386304,0.000386304,0.000386304
327,9827.63,1.62405,2.85781,1.85031,1.63935,0.13141,0.10442,0.11608,0.5682,0.6136,0.62739,0.4041,0.52316,0.54197,0.52168,0.24712,1.17841,2.14311,6.10753,1.30086,0,0,0,0.000384929,0.000384929,0.000384929
328,9857.41,1.59848,2.79751,1.82266,1.61971,0.12205,0.10012,0.11128,0.55301,0.65062,0.63811,0.42536,0.54082,0.52618,0.53042,0.26373,1.15306,2.11928,7.38467,1.29377,0,0,0,0.000383555,0.000383555,0.000383555
329,9887.35,1.58285,2.80666,1.79328,1.62597,0.13104,0.10432,0.11625,0.57284,0.6452,0.63708,0.41141,0.59719,0.50381,0.52821,0.25828,1.17142,2.13671,6.27609,1.30628,0,0,0,0.00038218,0.00038218,0.00038218
330,9917.19,1.67599,2.82026,1.91964,1.65832,0.12639,0.10171,0.11282,0.55559,0.64498,0.63945,0.40944,0.53442,0.53244,0.53341,0.25767,1.16095,2.1143,5.99773,1.29751,0,0,0,0.000380806,0.000380806,0.000380806
331,9947.35,1.61585,2.8479,1.83712,1.63538,0.13094,0.1069,0.11772,0.52178,0.67072,0.63792,0.39613,0.57333,0.48222,0.52904,0.26011,1.1688,2.12536,6.79514,1.30671,0,0,0,0.000379431,0.000379431,0.000379431
332,9977.06,1.60792,2.80721,1.83948,1.6424,0.12889,0.10322,0.11473,0.52869,0.65719,0.63819,0.41196,0.57097,0.49645,0.5382,0.26041,1.17974,2.12268,6.10935,1.30321,0,0,0,0.000378057,0.000378057,0.000378057
333,10007.1,1.61634,2.81385,1.85699,1.62339,0.12891,0.10466,0.11546,0.57362,0.61945,0.64635,0.4167,0.58071,0.50426,0.53966,0.25534,1.16424,2.12766,7.12319,1.29405,0,0,0,0.000376683,0.000376683,0.000376683
334,10037,1.626,2.79009,1.87635,1.62597,0.12777,0.10314,0.11424,0.6056,0.59657,0.65276,0.42236,0.52147,0.54089,0.53659,0.25652,1.15547,2.1312,6.13383,1.29389,0,0,0,0.000375308,0.000375308,0.000375308
335,10066.9,1.63487,2.83274,1.92482,1.65052,0.1253,0.10235,0.11379,0.58108,0.5871,0.64357,0.42119,0.52017,0.51685,0.53963,0.25621,1.17647,2.13047,5.59296,1.30269,0,0,0,0.000373934,0.000373934,0.000373934
336,10096.8,1.64214,2.82753,1.86357,1.65242,0.13064,0.10671,0.11738,0.56937,0.6073,0.64196,0.42415,0.5159,0.54518,0.53774,0.25636,1.16174,2.13621,6.07554,1.29246,0,0,0,0.000372559,0.000372559,0.000372559
337,10126.6,1.58597,2.77811,1.81774,1.60916,0.12812,0.106,0.11607,0.56291,0.60128,0.64,0.42679,0.5105,0.54655,0.53985,0.27597,1.14534,2.10473,6.62934,1.28542,0,0,0,0.000371185,0.000371185,0.000371185
338,10156.9,1.61837,2.77821,1.90567,1.65786,0.12725,0.10366,0.11465,0.52218,0.64097,0.64641,0.43631,0.50598,0.53166,0.53442,0.27343,1.13651,2.09866,6.22608,1.28007,0,0,0,0.00036981,0.00036981,0.00036981
339,10187,1.61512,2.81005,1.86436,1.62587,0.13307,0.10578,0.11788,0.59867,0.60493,0.65312,0.42585,0.54397,0.53731,0.54667,0.26999,1.13802,2.09869,6.23136,1.27778,0,0,0,0.000368436,0.000368436,0.000368436
340,10216.8,1.58883,2.74644,1.8281,1.61256,0.1292,0.10577,0.11646,0.57532,0.61812,0.64854,0.41739,0.53878,0.53213,0.54175,0.2597,1.14076,2.10725,6.26055,1.28058,0,0,0,0.000367061,0.000367061,0.000367061
341,10246.8,1.64964,2.78691,1.91956,1.64569,0.12734,0.1025,0.11403,0.53688,0.62957,0.64242,0.4192,0.52352,0.54886,0.54305,0.26329,1.15321,2.09245,6.45273,1.2871,0,0,0,0.000365687,0.000365687,0.000365687
342,10276.5,1.60435,2.82977,1.87502,1.6326,0.12894,0.10325,0.1149,0.55029,0.61416,0.64845,0.42042,0.49997,0.54382,0.53896,0.26625,1.14666,2.07746,6.25247,1.28249,0,0,0,0.000364313,0.000364313,0.000364313
343,10306.4,1.60246,2.85242,1.81382,1.61974,0.12875,0.10469,0.11592,0.58219,0.59671,0.65055,0.4303,0.53183,0.54635,0.55191,0.27253,1.14314,2.07672,6.01408,1.285,0,0,0,0.000362938,0.000362938,0.000362938
344,10336.3,1.61746,2.79283,1.79514,1.6165,0.12671,0.10248,0.11321,0.60879,0.6442,0.65668,0.44077,0.58617,0.56641,0.54864,0.27953,1.12412,2.06235,6.5452,1.2747,0,0,0,0.000361564,0.000361564,0.000361564
345,10366.3,1.58677,2.81662,1.8647,1.63673,0.12397,0.09996,0.1108,0.62289,0.60346,0.65665,0.43449,0.57182,0.54218,0.544,0.26623,1.1295,2.06048,6.09617,1.27286,0,0,0,0.000360189,0.000360189,0.000360189
346,10396.3,1.60252,2.80839,1.83784,1.62794,0.13513,0.10815,0.12037,0.58073,0.65916,0.66133,0.43294,0.5165,0.57502,0.54795,0.27542,1.14124,2.08221,5.97261,1.27884,0,0,0,0.000358815,0.000358815,0.000358815
347,10426.1,1.56115,2.80715,1.81472,1.61515,0.1284,0.10394,0.11425,0.62638,0.63776,0.66081,0.44059,0.56181,0.57224,0.54593,0.27766,1.14099,2.07108,6.18008,1.27117,0,0,0,0.00035744,0.00035744,0.00035744
348,10456,1.62881,2.78823,1.85903,1.61655,0.12642,0.10263,0.11369,0.62284,0.6487,0.66621,0.43951,0.58664,0.56441,0.55717,0.27892,1.14479,2.06,6.17779,1.27646,0,0,0,0.000356066,0.000356066,0.000356066
349,10486,1.55858,2.75067,1.78144,1.61235,0.13174,0.10609,0.11803,0.59987,0.64703,0.66615,0.43418,0.5437,0.56807,0.55411,0.28128,1.13174,2.06627,6.01399,1.27599,0,0,0,0.000354691,0.000354691,0.000354691
350,10515.7,1.59508,2.74051,1.83384,1.63688,0.13041,0.10544,0.11672,0.55163,0.65474,0.6534,0.43714,0.4883,0.58114,0.54086,0.27796,1.13027,2.07192,6.24796,1.27109,0,0,0,0.000353317,0.000353317,0.000353317
351,10545.4,1.59512,2.76977,1.76098,1.61566,0.12585,0.10543,0.11466,0.58734,0.62185,0.64899,0.43649,0.51912,0.54672,0.53855,0.28069,1.11708,2.05952,6.94469,1.26051,0,0,0,0.000351942,0.000351942,0.000351942
352,10575.2,1.5992,2.77911,1.83172,1.61626,0.12931,0.10464,0.11554,0.6068,0.59797,0.65438,0.42895,0.56324,0.52318,0.53869,0.27826,1.12665,2.06203,6.9542,1.26647,0,0,0,0.000350568,0.000350568,0.000350568
353,10605,1.5751,2.71827,1.80713,1.60407,0.11749,0.09513,0.10676,0.58731,0.61255,0.65667,0.44431,0.53616,0.5363,0.53906,0.28456,1.12306,2.04597,6.50204,1.2605,0,0,0,0.000349194,0.000349194,0.000349194
354,10635.1,1.56433,2.8019,1.82348,1.60019,0.12891,0.10508,0.11594,0.56165,0.62131,0.65623,0.4297,0.54205,0.51207,0.54,0.27692,1.11394,2.0388,6.82475,1.25542,0,0,0,0.000347819,0.000347819,0.000347819
355,10665,1.59066,2.73131,1.80392,1.59938,0.12422,0.10421,0.11454,0.61758,0.64883,0.66653,0.44354,0.56106,0.5777,0.55209,0.28499,1.11235,2.03388,7.00799,1.25298,0,0,0,0.000346445,0.000346445,0.000346445
356,10694.6,1.59027,2.74576,1.81451,1.61489,0.12531,0.10031,0.1104,0.62113,0.63066,0.67028,0.44108,0.57255,0.56985,0.55757,0.29099,1.11019,2.0332,6.32989,1.25123,0,0,0,0.00034507,0.00034507,0.00034507
357,10724.6,1.56611,2.81739,1.82433,1.60482,0.12572,0.10011,0.11179,0.5812,0.63111,0.6595,0.43488,0.56116,0.53414,0.55169,0.28537,1.11975,2.03551,5.98753,1.25933,0,0,0,0.000343696,0.000343696,0.000343696
358,10754.3,1.57992,2.78796,1.79914,1.6135,0.12587,0.10465,0.11474,0.60624,0.61053,0.65044,0.42675,0.60154,0.51498,0.54535,0.27689,1.12393,2.04219,5.80733,1.26332,0,0,0,0.000342321,0.000342321,0.000342321
359,10784.2,1.55927,2.75489,1.78537,1.60771,0.12594,0.10278,0.11434,0.60983,0.61473,0.66415,0.4443,0.5841,0.5489,0.56377,0.28819,1.09996,2.01814,6.38463,1.2482,0,0,0,0.000340947,0.000340947,0.000340947
360,10814.1,1.54116,2.68693,1.92201,1.59609,0.11552,0.09378,0.10368,0.63775,0.60567,0.66775,0.45226,0.5832,0.54812,0.55576,0.29496,1.10826,2.02087,5.98886,1.25374,0,0,0,0.000339572,0.000339572,0.000339572
361,10844.1,1.53816,2.66153,1.75284,1.58649,0.13072,0.10627,0.11678,0.59081,0.64987,0.65689,0.43874,0.54373,0.57698,0.55421,0.28839,1.1083,2.01813,6.28993,1.24967,0,0,0,0.000338198,0.000338198,0.000338198
362,10873.9,1.60367,2.82635,1.8689,1.62731,0.12853,0.10449,0.11547,0.54481,0.64335,0.66263,0.43579,0.52513,0.54095,0.54909,0.27975,1.09883,2.01487,5.94814,1.24748,0,0,0,0.000336824,0.000336824,0.000336824
363,10903.5,1.57817,2.72663,1.76429,1.58371,0.12482,0.10316,0.11353,0.61933,0.63503,0.67339,0.43201,0.55833,0.55487,0.55325,0.27515,1.11523,2.04487,6.08261,1.2569,0,0,0,0.000335449,0.000335449,0.000335449
364,10933.2,1.57694,2.69181,1.78783,1.59337,0.12691,0.10473,0.11521,0.61452,0.64916,0.67489,0.44459,0.56645,0.55342,0.55754,0.28118,1.09532,2.03329,6.51734,1.24485,0,0,0,0.000334075,0.000334075,0.000334075
365,10963.2,1.59675,2.72691,1.77709,1.59701,0.13317,0.10672,0.11831,0.58688,0.67432,0.67438,0.44615,0.55457,0.57434,0.55913,0.2926,1.09641,2.02282,6.52649,1.24063,0,0,0,0.0003327,0.0003327,0.0003327
366,10992.9,1.57936,2.72909,1.78904,1.59174,0.12643,0.10416,0.11511,0.57479,0.68741,0.66975,0.45855,0.51254,0.61509,0.55188,0.28971,1.09315,2.02485,6.70467,1.24281,0,0,0,0.000331326,0.000331326,0.000331326
367,11022.9,1.56317,2.69368,1.78911,1.57944,0.12772,0.1023,0.11397,0.58273,0.67771,0.67621,0.45791,0.55366,0.58422,0.56829,0.2889,1.08908,2.0093,6.4676,1.23674,0,0,0,0.000329951,0.000329951,0.000329951
368,11052.8,1.54643,2.73402,1.79941,1.60165,0.12622,0.10245,0.11374,0.58325,0.67064,0.67106,0.45622,0.53321,0.59586,0.55447,0.29389,1.09538,2.00427,6.0173,1.23314,0,0,0,0.000328577,0.000328577,0.000328577
369,11083,1.53796,2.67424,1.75367,1.58867,0.12331,0.10056,0.11035,0.5976,0.64378,0.66837,0.45801,0.53333,0.56592,0.54744,0.2944,1.0934,2.00096,5.97883,1.23291,0,0,0,0.000327202,0.000327202,0.000327202
370,11113.3,1.55553,2.68267,1.7443,1.57482,0.12639,0.104,0.11441,0.59602,0.65126,0.67086,0.45461,0.53701,0.57665,0.55462,0.29306,1.08884,1.9995,6.07441,1.2361,0,0,0,0.000325828,0.000325828,0.000325828
371,11143.1,1.52236,2.67878,1.74399,1.55993,0.12315,0.10044,0.10956,0.59617,0.67004,0.67606,0.45322,0.52744,0.57795,0.55438,0.29492,1.09515,1.99396,6.28833,1.23869,0,0,0,0.000324453,0.000324453,0.000324453
372,11173,1.57045,2.71833,1.74514,1.58413,0.12533,0.1032,0.11324,0.59406,0.67579,0.6744,0.45162,0.57382,0.53747,0.56118,0.29531,1.09514,1.9829,6.8221,1.24107,0,0,0,0.000323079,0.000323079,0.000323079
373,11202.9,1.59953,2.72789,1.7682,1.61583,0.12855,0.10478,0.1155,0.61545,0.67827,0.67306,0.45288,0.56424,0.55004,0.55778,0.2851,1.09327,1.99007,7.32917,1.23867,0,0,0,0.000321705,0.000321705,0.000321705
374,11232.8,1.60601,2.7165,1.77926,1.59476,0.12581,0.10336,0.11356,0.61707,0.67652,0.67655,0.43929,0.57333,0.54371,0.55382,0.28076,1.08267,1.99047,7.63332,1.23706,0,0,0,0.00032033,0.00032033,0.00032033
375,11262.7,1.5466,2.71557,1.74486,1.5725,0.12704,0.10435,0.11453,0.59563,0.69986,0.67829,0.45314,0.52492,0.61556,0.56065,0.2836,1.07409,1.98624,6.75228,1.23178,0,0,0,0.000318956,0.000318956,0.000318956
376,11292.5,1.54303,2.70163,1.7432,1.58052,0.12263,0.10228,0.11189,0.58578,0.69773,0.68473,0.46558,0.5164,0.61011,0.57018,0.29053,1.09011,1.99738,7.23071,1.23412,0,0,0,0.000317581,0.000317581,0.000317581
377,11322.3,1.53417,2.72036,1.72947,1.58188,0.12856,0.10496,0.11637,0.58601,0.71232,0.6712,0.45213,0.51592,0.61111,0.54925,0.29087,1.08247,1.98769,7.11526,1.23187,0,0,0,0.000316207,0.000316207,0.000316207
378,11352.3,1.57994,2.76074,1.77405,1.60212,0.12462,0.10015,0.1108,0.60447,0.71379,0.68277,0.46857,0.53907,0.62967,0.57974,0.30764,1.08165,1.98541,6.27271,1.233,0,0,0,0.000314832,0.000314832,0.000314832
379,11382.4,1.52252,2.6521,1.70366,1.56683,0.11828,0.09839,0.10896,0.62815,0.66571,0.67919,0.45282,0.59379,0.56396,0.57936,0.29158,1.08081,1.98495,6.34429,1.23435,0,0,0,0.000313458,0.000313458,0.000313458
380,11412.3,1.55692,2.67921,1.74358,1.56227,0.12877,0.10571,0.11622,0.58378,0.70091,0.67541,0.45334,0.52669,0.59883,0.56935,0.29636,1.07583,1.96924,6.79661,1.23077,0,0,0,0.000312083,0.000312083,0.000312083
381,11442,1.50192,2.66753,1.72623,1.57107,0.12678,0.10275,0.11359,0.61249,0.68478,0.66957,0.43821,0.55824,0.60674,0.56581,0.29079,1.06676,1.96988,6.91074,1.22333,0,0,0,0.000310709,0.000310709,0.000310709
382,11471.7,1.5362,2.67755,1.70944,1.57592,0.13215,0.10698,0.11826,0.6213,0.65841,0.67654,0.45202,0.57469,0.57773,0.5765,0.30515,1.07291,1.96954,6.68315,1.22288,0,0,0,0.000309335,0.000309335,0.000309335
383,11501.8,1.51306,2.71197,1.71347,1.53859,0.12784,0.10368,0.11473,0.56237,0.72333,0.67408,0.46138,0.49586,0.62907,0.55769,0.29793,1.07211,1.9722,6.79001,1.22495,0,0,0,0.00030796,0.00030796,0.00030796
384,11531.8,1.5668,2.71372,1.7716,1.57381,0.12478,0.10194,0.11289,0.62838,0.62801,0.67343,0.46256,0.57847,0.54609,0.56146,0.29115,1.08084,1.98671,6.63046,1.22829,0,0,0,0.000306586,0.000306586,0.000306586
385,11561.7,1.56567,2.68434,1.78815,1.57963,0.12411,0.10199,0.112,0.58925,0.65701,0.67838,0.46376,0.5852,0.5442,0.57154,0.29547,1.06962,1.97186,6.13166,1.22856,0,0,0,0.000305211,0.000305211,0.000305211
386,11591.7,1.53774,2.6697,1.74316,1.57166,0.12878,0.10529,0.11678,0.60357,0.65908,0.67021,0.4586,0.59347,0.53931,0.56872,0.29602,1.0702,1.96257,6.14834,1.22716,0,0,0,0.000303837,0.000303837,0.000303837
387,11621.7,1.52028,2.68783,1.6992,1.55984,0.13228,0.10687,0.11753,0.55879,0.68399,0.67541,0.45768,0.56884,0.56182,0.57652,0.29784,1.08476,1.95433,6.37105,1.23519,0,0,0,0.000302462,0.000302462,0.000302462
388,11651.7,1.52349,2.67902,1.68405,1.57136,0.12592,0.10369,0.1143,0.60464,0.61016,0.66735,0.45205,0.60078,0.52222,0.56292,0.28928,1.07215,1.9618,7.53338,1.22673,0,0,0,0.000301088,0.000301088,0.000301088
389,11682,1.52071,2.7295,1.73696,1.58542,0.12834,0.10437,0.11452,0.58492,0.65172,0.67405,0.46318,0.60071,0.53653,0.56796,0.29839,1.07103,1.96065,6.81526,1.22915,0,0,0,0.000299713,0.000299713,0.000299713
390,11711.9,1.5761,2.73659,1.77417,1.59367,0.1299,0.10607,0.11732,0.61937,0.65168,0.67094,0.46307,0.59673,0.53702,0.5612,0.29501,1.06678,1.95957,6.93889,1.21992,0,0,0,0.000298339,0.000298339,0.000298339
391,11741.9,1.51482,2.64121,1.75689,1.57079,0.12213,0.10052,0.11143,0.6189,0.63958,0.67467,0.46315,0.58288,0.56643,0.56524,0.29764,1.06298,1.95614,6.57303,1.21607,0,0,0,0.000296964,0.000296964,0.000296964
392,11771.9,1.49424,2.61104,1.67673,1.53716,0.12526,0.10396,0.11458,0.56911,0.68753,0.69098,0.4764,0.59205,0.53272,0.57221,0.30327,1.06959,1.95877,6.11478,1.21915,0,0,0,0.00029559,0.00029559,0.00029559
393,11802.2,1.53726,2.77087,1.73177,1.57321,0.12582,0.10376,0.11502,0.61447,0.66572,0.68344,0.46998,0.55468,0.58247,0.56383,0.30415,1.05462,1.94962,6.38839,1.21481,0,0,0,0.000294216,0.000294216,0.000294216
394,11832,1.49042,2.6261,1.68588,1.5425,0.12569,0.10351,0.11437,0.59892,0.6969,0.69032,0.48119,0.57039,0.57589,0.57812,0.31216,1.05326,1.94532,6.48219,1.21468,0,0,0,0.000292841,0.000292841,0.000292841
395,11862.1,1.57345,2.69703,1.7349,1.56588,0.12867,0.10637,0.11708,0.60942,0.6897,0.68559,0.47596,0.52817,0.60856,0.5712,0.30821,1.05424,1.94462,6.64471,1.21593,0,0,0,0.000291467,0.000291467,0.000291467
396,11892,1.50562,2.69506,1.71571,1.56193,0.12761,0.10563,0.11615,0.60216,0.68063,0.68676,0.47723,0.52225,0.60925,0.58007,0.30827,1.0718,1.94107,6.56136,1.22239,0,0,0,0.000290092,0.000290092,0.000290092
397,11921.8,1.53189,2.65044,1.70532,1.55321,0.12178,0.10038,0.11085,0.56537,0.69269,0.68482,0.47314,0.56135,0.57847,0.58107,0.31124,1.07125,1.94561,6.90967,1.21779,0,0,0,0.000288718,0.000288718,0.000288718
398,11951.4,1.52979,2.62037,1.74726,1.5759,0.12587,0.10296,0.11366,0.63489,0.64659,0.68786,0.48214,0.57823,0.5854,0.58469,0.315,1.06663,1.94082,6.96046,1.21375,0,0,0,0.000287343,0.000287343,0.000287343
399,11981.7,1.51408,2.65079,1.63583,1.56176,0.12582,0.10472,0.11504,0.63847,0.67568,0.68805,0.47231,0.60498,0.58564,0.58439,0.3157,1.05788,1.94641,6.30039,1.21525,0,0,0,0.000285969,0.000285969,0.000285969
400,12011.4,1.51023,2.66412,1.70905,1.54563,0.12227,0.10039,0.1113,0.59827,0.67587,0.68529,0.47337,0.55328,0.58358,0.58354,0.31426,1.05227,1.94546,6.64472,1.21141,0,0,0,0.000284594,0.000284594,0.000284594
401,12041.5,1.4933,2.64052,1.64402,1.55223,0.129,0.10819,0.1187,0.62632,0.63604,0.68715,0.4817,0.56405,0.55613,0.57459,0.31288,1.04846,1.92868,6.91104,1.2085,0,0,0,0.00028322,0.00028322,0.00028322
402,12071.3,1.5306,2.60253,1.67599,1.55517,0.11919,0.09814,0.10751,0.64352,0.6305,0.68561,0.47886,0.60588,0.54829,0.57351,0.30428,1.05487,1.9263,6.83434,1.20736,0,0,0,0.000281846,0.000281846,0.000281846
403,12101,1.53884,2.70077,1.71284,1.5715,0.12675,0.10418,0.11515,0.61183,0.66375,0.68164,0.47556,0.56681,0.56713,0.56848,0.30837,1.06039,1.93845,6.71538,1.217,0,0,0,0.000280471,0.000280471,0.000280471
404,12131.1,1.48582,2.60369,1.69128,1.53672,0.12318,0.10197,0.11235,0.59353,0.67301,0.68699,0.47431,0.54321,0.58575,0.57707,0.31555,1.05934,1.92485,6.93368,1.21519,0,0,0,0.000279097,0.000279097,0.000279097
405,12160.8,1.51127,2.6761,1.68772,1.56335,0.12621,0.10479,0.11451,0.60985,0.65183,0.68669,0.477,0.60056,0.56804,0.58569,0.309,1.05108,1.91019,6.58502,1.20814,0,0,0,0.000277722,0.000277722,0.000277722
406,12190.8,1.51567,2.6602,1.70395,1.55318,0.12301,0.09996,0.10994,0.57815,0.6709,0.68253,0.46798,0.53427,0.60888,0.57597,0.30607,1.05996,1.91705,6.5019,1.21267,0,0,0,0.000276348,0.000276348,0.000276348
407,12220.5,1.50852,2.7205,1.72308,1.57966,0.1209,0.09945,0.10988,0.60476,0.71472,0.68365,0.47883,0.55645,0.61107,0.56811,0.31231,1.06275,1.92436,6.16649,1.21205,0,0,0,0.000274973,0.000274973,0.000274973
408,12250.5,1.55803,2.64039,1.70017,1.54926,0.12326,0.10108,0.1119,0.62198,0.71106,0.68782,0.47101,0.58088,0.61993,0.57984,0.31172,1.05952,1.91777,6.08853,1.20799,0,0,0,0.000273599,0.000273599,0.000273599
409,12280.6,1.4721,2.60065,1.67014,1.53645,0.13494,0.11085,0.12177,0.6147,0.70256,0.68211,0.47521,0.55688,0.63093,0.58286,0.32156,1.04204,1.9016,6.47535,1.19621,0,0,0,0.000272224,0.000272224,0.000272224
410,12310.3,1.51225,2.66663,1.71139,1.54012,0.12041,0.09881,0.10967,0.61258,0.66513,0.6884,0.47541,0.55883,0.60742,0.58631,0.31645,1.04446,1.90368,5.99628,1.2032,0,0,0,0.00027085,0.00027085,0.00027085
411,12340.1,1.46378,2.64588,1.63589,1.5466,0.12547,0.10327,0.11299,0.57276,0.6955,0.68574,0.47329,0.58084,0.5894,0.57715,0.31413,1.04684,1.91114,6.25288,1.20468,0,0,0,0.000269475,0.000269475,0.000269475
412,12370.2,1.52445,2.58954,1.66722,1.52249,0.12026,0.10058,0.1107,0.60929,0.66224,0.69496,0.48253,0.5872,0.58141,0.58796,0.3175,1.03731,1.90986,6.20536,1.20123,0,0,0,0.000268101,0.000268101,0.000268101
413,12400,1.54942,2.65668,1.71602,1.5753,0.12123,0.09985,0.11003,0.64719,0.66418,0.70072,0.49237,0.58887,0.59359,0.58859,0.32635,1.03717,1.90059,6.43764,1.19799,0,0,0,0.000266727,0.000266727,0.000266727
414,12430.2,1.48733,2.60975,1.62216,1.53514,0.12779,0.10617,0.11708,0.66863,0.66213,0.70445,0.49564,0.6408,0.57389,0.59896,0.32107,1.04352,1.90119,6.48215,1.20346,0,0,0,0.000265352,0.000265352,0.000265352
415,12460,1.51255,2.63352,1.67822,1.53203,0.12474,0.10387,0.11427,0.64833,0.66978,0.7073,0.49393,0.59685,0.60896,0.60833,0.32726,1.0348,1.88943,6.41348,1.19336,0,0,0,0.000263978,0.000263978,0.000263978
416,12490.1,1.46001,2.57523,1.64111,1.5086,0.11633,0.09756,0.1073,0.60069,0.72417,0.69862,0.48385,0.5616,0.63404,0.60077,0.32593,1.02865,1.88385,6.22239,1.19051,0,0,0,0.000262603,0.000262603,0.000262603
417,12520,1.48984,2.65743,1.80452,1.54692,0.12534,0.10314,0.1137,0.62066,0.71811,0.70299,0.48654,0.57372,0.6128,0.6044,0.33065,1.0255,1.87128,6.60661,1.18679,0,0,0,0.000261229,0.000261229,0.000261229
418,12549.8,1.51397,2.64453,1.66321,1.52684,0.12433,0.10197,0.11337,0.59491,0.70877,0.701,0.48871,0.53516,0.63264,0.59609,0.32487,1.03551,1.86649,6.4486,1.19078,0,0,0,0.000259854,0.000259854,0.000259854
419,12579.7,1.48835,2.64339,1.64967,1.53393,0.13033,0.10669,0.11728,0.5892,0.72671,0.69217,0.48064,0.53598,0.63959,0.59129,0.32222,1.03299,1.87052,6.50021,1.19001,0,0,0,0.00025848,0.00025848,0.00025848
420,12609.6,1.51986,2.65223,1.68137,1.55722,0.12551,0.1038,0.11418,0.63672,0.68093,0.70078,0.48148,0.57852,0.61366,0.59581,0.32229,1.03302,1.87,6.42762,1.19429,0,0,0,0.000257105,0.000257105,0.000257105
421,12639.3,1.5315,2.62028,1.7087,1.55973,0.12013,0.09859,0.10948,0.63311,0.6617,0.69935,0.48918,0.58069,0.59606,0.60234,0.32589,1.03651,1.86991,6.39184,1.19663,0,0,0,0.000255731,0.000255731,0.000255731
422,12669.3,1.48099,2.63618,1.65119,1.53921,0.12372,0.10331,0.11281,0.58395,0.69455,0.70406,0.49174,0.52189,0.62063,0.5979,0.32653,1.03203,1.86518,6.62717,1.19351,0,0,0,0.000254357,0.000254357,0.000254357
423,12699.1,1.48885,2.57354,1.63958,1.51488,0.12264,0.10177,0.11121,0.58549,0.69622,0.70252,0.49501,0.57846,0.57932,0.60423,0.32576,1.03051,1.88148,6.70158,1.19479,0,0,0,0.000252982,0.000252982,0.000252982
424,12729.1,1.50993,2.62729,1.67662,1.55569,0.12748,0.10484,0.11598,0.61651,0.67025,0.70473,0.49436,0.58204,0.59478,0.60362,0.32864,1.026,1.88296,7.05953,1.19301,0,0,0,0.000251608,0.000251608,0.000251608
425,12759.5,1.47905,2.6304,1.65434,1.52412,0.12138,0.10233,0.1116,0.62663,0.68144,0.70039,0.4939,0.59629,0.60602,0.60641,0.33412,1.02786,1.88611,6.87487,1.19365,0,0,0,0.000250233,0.000250233,0.000250233
426,12789.6,1.48588,2.5723,1.66675,1.53481,0.12067,0.10047,0.11031,0.65057,0.68198,0.70339,0.49767,0.59832,0.62213,0.59368,0.3201,1.0283,1.89293,7.01996,1.19105,0,0,0,0.000248859,0.000248859,0.000248859
427,12819.6,1.51826,2.66164,1.68087,1.54105,0.12113,0.10071,0.11109,0.61787,0.70058,0.70011,0.50064,0.57411,0.63579,0.60169,0.32042,1.02416,1.87699,6.63323,1.18493,0,0,0,0.000247484,0.000247484,0.000247484
428,12849.4,1.41111,2.55929,1.57,1.51432,0.12635,0.10504,0.11609,0.6251,0.68928,0.69839,0.5015,0.59839,0.60176,0.6035,0.32713,1.00627,1.86488,7.18663,1.17369,0,0,0,0.00024611,0.00024611,0.00024611
429,12879.7,1.46295,2.60354,1.64047,1.55258,0.12872,0.10762,0.11743,0.63223,0.67883,0.69819,0.49414,0.59023,0.6224,0.60141,0.32689,1.01106,1.87244,7.12881,1.17573,0,0,0,0.000244735,0.000244735,0.000244735
430,12909.7,1.51113,2.57594,1.64527,1.52659,0.12889,0.10591,0.11656,0.66443,0.65829,0.69893,0.49733,0.6237,0.60587,0.60209,0.31926,1.01471,1.86428,6.898,1.18123,0,0,0,0.000243361,0.000243361,0.000243361
431,12939.4,1.46976,2.56681,1.62335,1.50507,0.12647,0.10444,0.11533,0.64113,0.70952,0.70318,0.50433,0.60499,0.61879,0.60586,0.32584,1.01198,1.86175,7.06485,1.17597,0,0,0,0.000241986,0.000241986,0.000241986
432,12969.3,1.49507,2.63017,1.69222,1.53108,0.12167,0.09984,0.11031,0.62778,0.71448,0.69698,0.49334,0.5648,0.66128,0.5987,0.31838,1.01765,1.86206,6.75216,1.17995,0,0,0,0.000240612,0.000240612,0.000240612
433,12999.3,1.43441,2.61609,1.64201,1.52457,0.12159,0.10144,0.11137,0.62382,0.6952,0.7013,0.50198,0.58254,0.62529,0.60018,0.32008,1.01167,1.86219,6.8672,1.17473,0,0,0,0.000239238,0.000239238,0.000239238
434,13029.3,1.4968,2.59424,1.68388,1.54501,0.12743,0.10455,0.11487,0.61384,0.73611,0.69955,0.49901,0.58667,0.62378,0.59555,0.32892,1.00688,1.85418,6.54051,1.1752,0,0,0,0.000237863,0.000237863,0.000237863
435,13059.1,1.46121,2.60057,1.61377,1.50741,0.11991,0.10098,0.1103,0.62367,0.74804,0.70381,0.50498,0.59556,0.64063,0.60155,0.32964,1.00928,1.84846,6.77115,1.17617,0,0,0,0.000236489,0.000236489,0.000236489
436,13089.5,1.48465,2.56585,1.61908,1.52672,0.12689,0.10612,0.11711,0.60648,0.7118,0.70021,0.50052,0.58036,0.61614,0.59777,0.32913,1.01377,1.8489,6.81172,1.17908,0,0,0,0.000235114,0.000235114,0.000235114
437,13119.1,1.45404,2.57477,1.65418,1.52996,0.11938,0.09939,0.10894,0.62218,0.71232,0.69949,0.49501,0.60345,0.635,0.61017,0.32832,1.02224,1.84589,6.75902,1.18383,0,0,0,0.00023374,0.00023374,0.00023374
438,13148.8,1.41555,2.52874,1.59384,1.5021,0.12186,0.10107,0.11103,0.64236,0.69609,0.69975,0.49435,0.59996,0.64728,0.61421,0.33344,1.01963,1.84411,6.79139,1.18129,0,0,0,0.000232365,0.000232365,0.000232365
439,13178.8,1.47138,2.55818,1.65763,1.52586,0.12573,0.10538,0.11489,0.64908,0.68796,0.70493,0.49648,0.62122,0.61893,0.6151,0.3315,1.0201,1.84673,6.20816,1.18182,0,0,0,0.000230991,0.000230991,0.000230991
440,13208.8,1.52761,2.59443,1.66552,1.54362,0.12023,0.10309,0.11211,0.63924,0.72254,0.71099,0.49883,0.59912,0.65252,0.61559,0.33074,1.01155,1.84083,6.47176,1.17701,0,0,0,0.000229616,0.000229616,0.000229616
441,13238.7,1.44375,2.58924,1.61312,1.51031,0.12232,0.10242,0.11263,0.62356,0.73495,0.70751,0.50121,0.60276,0.64344,0.60958,0.33483,1.00813,1.83502,6.28935,1.17413,0,0,0,0.000228242,0.000228242,0.000228242
442,13269,1.46702,2.55243,1.63123,1.53244,0.12315,0.10288,0.11296,0.62782,0.74059,0.70915,0.49285,0.59173,0.6635,0.61155,0.33139,1.01366,1.82988,6.60482,1.17601,0,0,0,0.000226868,0.000226868,0.000226868
443,13298.7,1.47167,2.57543,1.63645,1.52988,0.12126,0.10241,0.11212,0.63028,0.75299,0.71429,0.50371,0.61512,0.67541,0.62116,0.33818,1.01214,1.82835,6.3897,1.17423,0,0,0,0.000225493,0.000225493,0.000225493
444,13328.8,1.48215,2.6129,1.66065,1.51476,0.12242,0.10045,0.1108,0.63576,0.73931,0.71029,0.49628,0.59795,0.67886,0.61854,0.33204,1.0058,1.82384,6.33542,1.17047,0,0,0,0.000224119,0.000224119,0.000224119
445,13358.9,1.45507,2.54123,1.60223,1.49231,0.11643,0.09731,0.10743,0.62828,0.73703,0.71001,0.50265,0.58484,0.67914,0.6192,0.3355,1.00269,1.82227,6.38263,1.16728,0,0,0,0.000222744,0.000222744,0.000222744
446,13388.6,1.46992,2.59763,1.63377,1.51295,0.12152,0.10148,0.11227,0.66208,0.68515,0.71329,0.50428,0.61143,0.63661,0.616,0.33643,1.00151,1.8231,6.64797,1.16413,0,0,0,0.00022137,0.00022137,0.00022137
447,13418.6,1.46908,2.52905,1.63294,1.52615,0.12247,0.10409,0.113,0.64064,0.75177,0.71558,0.50315,0.58781,0.67737,0.61621,0.33282,1.00307,1.81841,6.5795,1.16638,0,0,0,0.000219995,0.000219995,0.000219995
448,13448.4,1.43666,2.54437,1.60814,1.51122,0.12256,0.10171,0.11204,0.63078,0.71581,0.71099,0.50063,0.58249,0.65072,0.60842,0.3343,1.01657,1.82708,7.21442,1.17178,0,0,0,0.000218621,0.000218621,0.000218621
449,13478.5,1.43008,2.55661,1.62317,1.51831,0.12714,0.1033,0.11505,0.62883,0.75457,0.71167,0.50218,0.60199,0.66504,0.6227,0.33837,1.00333,1.83015,7.1773,1.16661,0,0,0,0.000217246,0.000217246,0.000217246
450,13508.6,1.50144,2.53883,1.6638,1.51628,0.11951,0.09818,0.10831,0.61976,0.74059,0.71902,0.5158,0.61942,0.62371,0.62267,0.3424,1.00162,1.83066,6.67921,1.16548,0,0,0,0.000215872,0.000215872,0.000215872
451,13538.7,1.42401,2.59102,1.59243,1.50227,0.12092,0.10193,0.1116,0.64644,0.71525,0.72043,0.51529,0.6098,0.64801,0.62475,0.3492,1.00221,1.83089,6.93147,1.16293,0,0,0,0.000214497,0.000214497,0.000214497
452,13568.9,1.47694,2.57184,1.6412,1.51905,0.12658,0.10531,0.11631,0.63639,0.74029,0.72129,0.51423,0.60733,0.66082,0.62734,0.34405,0.99808,1.81985,6.95392,1.16082,0,0,0,0.000213123,0.000213123,0.000213123
453,13598.9,1.47883,2.56538,1.62427,1.507,0.11617,0.0975,0.1073,0.63582,0.74959,0.72606,0.51396,0.6054,0.68004,0.63402,0.34815,0.99654,1.82138,7.09299,1.15983,0,0,0,0.000211749,0.000211749,0.000211749
454,13628.7,1.44565,2.56174,1.62363,1.53173,0.11921,0.09799,0.10932,0.62106,0.73152,0.72046,0.51216,0.57793,0.6756,0.62555,0.34249,0.99666,1.82293,7.18231,1.15931,0,0,0,0.000210374,0.000210374,0.000210374
455,13658.9,1.516,2.57842,1.62194,1.50682,0.1213,0.10204,0.11174,0.62997,0.75696,0.72056,0.51626,0.5797,0.68966,0.62165,0.34076,0.98696,1.81932,7.01893,1.15424,0,0,0,0.000209,0.000209,0.000209
456,13688.6,1.43146,2.56369,1.60562,1.5049,0.11706,0.09739,0.10682,0.61784,0.74604,0.71674,0.51302,0.62102,0.61046,0.61336,0.34113,0.98732,1.82615,6.95433,1.15646,0,0,0,0.000207625,0.000207625,0.000207625
457,13718.4,1.41189,2.49419,1.58358,1.50387,0.12386,0.10094,0.11185,0.61306,0.73291,0.71062,0.50658,0.62975,0.58248,0.61571,0.34038,0.98332,1.82302,6.91442,1.15374,0,0,0,0.000206251,0.000206251,0.000206251
458,13748.4,1.46099,2.58781,1.62988,1.52654,0.11945,0.09881,0.10856,0.57953,0.74754,0.71604,0.50623,0.57099,0.62271,0.62323,0.34118,0.985,1.81852,6.69429,1.15508,0,0,0,0.000204876,0.000204876,0.000204876
459,13778.3,1.45776,2.57007,1.60423,1.50681,0.13307,0.11162,0.12217,0.61003,0.72638,0.71613,0.5037,0.57763,0.62123,0.61251,0.33574,0.98692,1.82434,6.8898,1.1563,0,0,0,0.000203502,0.000203502,0.000203502
460,13808,1.44304,2.49101,1.5748,1.49107,0.11931,0.0994,0.10961,0.62036,0.73899,0.71911,0.5052,0.65115,0.58954,0.62584,0.34399,0.98562,1.82183,6.59679,1.15747,0,0,0,0.000202127,0.000202127,0.000202127
461,13838,1.45866,2.56672,1.59847,1.51765,0.12131,0.10105,0.11103,0.62198,0.7572,0.71801,0.49762,0.63625,0.62192,0.62605,0.34126,0.98721,1.83262,6.76539,1.15965,0,0,0,0.000200753,0.000200753,0.000200753
462,13867.6,1.47475,2.56674,1.63528,1.52226,0.11772,0.09829,0.10824,0.65101,0.72708,0.71843,0.49756,0.64333,0.63669,0.62736,0.34254,0.98746,1.82608,7.08205,1.15999,0,0,0,0.000199379,0.000199379,0.000199379
463,13897.5,1.43517,2.55428,1.61855,1.51745,0.11878,0.09781,0.10789,0.6656,0.6772,0.72044,0.50289,0.63218,0.6111,0.63003,0.35086,0.98543,1.81768,6.91528,1.15709,0,0,0,0.000198004,0.000198004,0.000198004
464,13927.4,1.46162,2.51215,1.57577,1.49826,0.12227,0.10238,0.1123,0.61148,0.7374,0.72358,0.51253,0.64022,0.60432,0.62337,0.34978,0.97779,1.82056,6.88027,1.15205,0,0,0,0.00019663,0.00019663,0.00019663
465,13957.3,1.50155,2.52565,1.70261,1.50553,0.12117,0.10289,0.11234,0.66166,0.71297,0.72601,0.51258,0.65465,0.59489,0.62604,0.34785,0.97219,1.80954,6.9265,1.14886,0,0,0,0.000195255,0.000195255,0.000195255
466,13987.3,1.4046,2.50024,1.56654,1.46453,0.11858,0.09883,0.10953,0.63677,0.73599,0.72697,0.51266,0.61392,0.60742,0.6274,0.34808,0.97883,1.80607,6.91609,1.14995,0,0,0,0.000193881,0.000193881,0.000193881
467,14017.1,1.47427,2.59915,1.61471,1.50329,0.12405,0.10324,0.114,0.63729,0.75544,0.72913,0.51058,0.59403,0.67479,0.63706,0.3509,0.98319,1.8014,6.63362,1.15123,0,0,0,0.000192506,0.000192506,0.000192506
468,14046.9,1.46303,2.49632,1.62583,1.515,0.12464,0.10325,0.1146,0.63308,0.74544,0.72694,0.51266,0.61677,0.65532,0.64193,0.35577,0.98239,1.79357,6.3956,1.14995,0,0,0,0.000191132,0.000191132,0.000191132
469,14077.2,1.37633,2.51262,1.5531,1.4916,0.11994,0.10089,0.10913,0.66887,0.71252,0.72698,0.51551,0.63871,0.65527,0.64121,0.35668,0.97617,1.7956,6.39581,1.14652,0,0,0,0.000189757,0.000189757,0.000189757
470,14107.1,1.40444,2.49579,1.56954,1.46273,0.12105,0.10022,0.11074,0.6368,0.74506,0.72471,0.51368,0.61934,0.64519,0.63383,0.35425,0.98151,1.79643,6.36786,1.15064,0,0,0,0.000188383,0.000188383,0.000188383
471,14136.7,1.46453,2.50055,1.59736,1.49632,0.1202,0.10115,0.11084,0.62121,0.74652,0.72257,0.50946,0.61059,0.63311,0.63691,0.35306,0.9802,1.79344,6.45147,1.14806,0,0,0,0.000187008,0.000187008,0.000187008
472,14166.6,1.45451,2.57804,1.55156,1.48887,0.12479,0.10426,0.11467,0.63194,0.73118,0.72473,0.5195,0.59017,0.66263,0.63818,0.35744,0.98082,1.79099,6.58062,1.14865,0,0,0,0.000185634,0.000185634,0.000185634
473,14196.7,1.45114,2.54681,1.61533,1.49361,0.12389,0.10215,0.11296,0.63174,0.74484,0.72592,0.52576,0.59208,0.68369,0.63348,0.35317,0.97566,1.78487,6.63851,1.14683,0,0,0,0.00018426,0.00018426,0.00018426
474,14226.9,1.41243,2.43749,1.54441,1.47494,0.12047,0.10032,0.11,0.64369,0.73328,0.72789,0.52921,0.60104,0.65773,0.62918,0.35457,0.9668,1.77659,6.586,1.14372,0,0,0,0.000182885,0.000182885,0.000182885
475,14257,1.44574,2.49203,1.60715,1.50333,0.12293,0.1027,0.11246,0.62379,0.75164,0.72324,0.52341,0.58328,0.68894,0.63626,0.36152,0.96649,1.78003,6.31751,1.14488,0,0,0,0.000181511,0.000181511,0.000181511
476,14287.1,1.45085,2.53432,1.63075,1.51656,0.12406,0.10123,0.11226,0.63765,0.73317,0.7259,0.52568,0.60261,0.66811,0.63071,0.35387,0.96118,1.77486,6.70098,1.14253,0,0,0,0.000180136,0.000180136,0.000180136
477,14317.2,1.4656,2.55581,1.6115,1.49817,0.12416,0.10507,0.11513,0.6346,0.75436,0.72701,0.5202,0.6206,0.65143,0.63045,0.35479,0.95504,1.77312,6.62106,1.13861,0,0,0,0.000178762,0.000178762,0.000178762
478,14346.9,1.42821,2.56129,1.57412,1.50584,0.12756,0.10687,0.11763,0.64291,0.74478,0.73506,0.53178,0.60507,0.64673,0.62674,0.3492,0.95834,1.77584,6.86143,1.1402,0,0,0,0.000177387,0.000177387,0.000177387
479,14376.9,1.42614,2.48571,1.57581,1.48425,0.11994,0.09955,0.10969,0.65554,0.75662,0.73623,0.52943,0.6195,0.63595,0.62172,0.3474,0.95679,1.76735,6.72886,1.13623,0,0,0,0.000176013,0.000176013,0.000176013
480,14406.8,1.40565,2.50665,1.54347,1.47819,0.12343,0.10319,0.11332,0.6447,0.76062,0.73571,0.52048,0.63935,0.63451,0.6399,0.35505,0.95829,1.76219,6.73339,1.13473,0,0,0,0.000174638,0.000174638,0.000174638
481,14436.6,1.44784,2.54631,1.5613,1.48773,0.12413,0.1043,0.11364,0.64059,0.75859,0.73058,0.5216,0.65087,0.62395,0.63153,0.34881,0.95217,1.75551,6.70711,1.13178,0,0,0,0.000173264,0.000173264,0.000173264
482,14466.6,1.43857,2.55214,1.59375,1.4989,0.11734,0.09813,0.10836,0.6746,0.71306,0.7274,0.5207,0.66553,0.63472,0.64032,0.35539,0.95463,1.75063,6.58405,1.1329,0,0,0,0.00017189,0.00017189,0.00017189
483,14496.5,1.43583,2.48896,1.54655,1.47025,0.12333,0.10416,0.11432,0.63627,0.7704,0.73021,0.52042,0.64149,0.64338,0.64506,0.36432,0.96075,1.75669,6.71411,1.13587,0,0,0,0.000170515,0.000170515,0.000170515
484,14526.4,1.45599,2.51591,1.53443,1.46532,0.12613,0.10469,0.1141,0.64144,0.77636,0.73242,0.52115,0.59628,0.7139,0.64524,0.36292,0.9593,1.75732,6.97954,1.13375,0,0,0,0.000169141,0.000169141,0.000169141
485,14556.2,1.39415,2.51784,1.54837,1.46505,0.12256,0.10143,0.1118,0.63634,0.77951,0.72526,0.51682,0.59415,0.71841,0.64251,0.3584,0.96021,1.75418,6.88143,1.13468,0,0,0,0.000167766,0.000167766,0.000167766
486,14585.9,1.43519,2.52938,1.60035,1.48296,0.11497,0.09655,0.10581,0.62763,0.76859,0.72634,0.5186,0.59541,0.67507,0.63372,0.36182,0.96622,1.75302,6.79181,1.13759,0,0,0,0.000166392,0.000166392,0.000166392
487,14616.1,1.41495,2.50812,1.52046,1.47494,0.11971,0.09972,0.10977,0.63172,0.75221,0.72695,0.51693,0.58329,0.66878,0.62816,0.36108,0.95818,1.74864,6.66149,1.13413,0,0,0,0.000165017,0.000165017,0.000165017
488,14645.7,1.39326,2.5131,1.56267,1.47486,0.12079,0.1019,0.11103,0.62259,0.77844,0.72714,0.52666,0.58646,0.68643,0.63458,0.36284,0.95608,1.7483,6.69212,1.13389,0,0,0,0.000163643,0.000163643,0.000163643
489,14676,1.45254,2.56743,1.5859,1.48679,0.12232,0.10144,0.11204,0.63522,0.76779,0.73066,0.52725,0.59465,0.70231,0.63967,0.36258,0.95498,1.75277,6.89189,1.13402,0,0,0,0.000162268,0.000162268,0.000162268
490,14706,1.41918,2.49126,1.54129,1.48372,0.12037,0.10062,0.11046,0.62296,0.77454,0.72628,0.52799,0.58553,0.70877,0.63176,0.36057,0.95231,1.75263,6.67752,1.13277,0,0,0,0.000160894,0.000160894,0.000160894
491,14736,1.45403,2.54707,1.55771,1.47828,0.11893,0.10066,0.11086,0.63164,0.76766,0.73011,0.53029,0.58451,0.70276,0.63504,0.36233,0.95869,1.75339,6.98006,1.13463,0,0,0,0.00015952,0.00015952,0.00015952
492,14766.1,1.39279,2.53758,1.54124,1.49619,0.12125,0.10233,0.11187,0.65152,0.74202,0.72822,0.53348,0.60316,0.67667,0.63402,0.36248,0.95886,1.75379,6.91498,1.13474,0,0,0,0.000158145,0.000158145,0.000158145
493,14796.3,1.38206,2.49095,1.51212,1.47677,0.12408,0.10399,0.1138,0.62723,0.76374,0.72793,0.52538,0.5774,0.67316,0.6296,0.36149,0.95838,1.75718,6.69433,1.13205,0,0,0,0.000156771,0.000156771,0.000156771
494,14826,1.40584,2.44749,1.53867,1.47543,0.12766,0.10539,0.11567,0.60316,0.80153,0.73139,0.53117,0.55291,0.73177,0.64089,0.35945,0.95789,1.75208,6.65259,1.13149,0,0,0,0.000155396,0.000155396,0.000155396
495,14855.7,1.44255,2.53284,1.56566,1.51186,0.12224,0.10298,0.11359,0.60882,0.79047,0.72997,0.52033,0.5607,0.72285,0.63928,0.35566,0.95204,1.75384,6.56405,1.13032,0,0,0,0.000154022,0.000154022,0.000154022
496,14885.8,1.39063,2.46423,1.54202,1.47234,0.12326,0.10362,0.11369,0.61645,0.79183,0.73012,0.51702,0.58906,0.67081,0.63838,0.35941,0.94656,1.74958,6.80777,1.12923,0,0,0,0.000152647,0.000152647,0.000152647
497,14915.3,1.39899,2.46622,1.54677,1.49097,0.11974,0.09837,0.10956,0.64553,0.7446,0.73017,0.52259,0.60568,0.67294,0.6443,0.36161,0.94865,1.75003,6.58868,1.13037,0,0,0,0.000151273,0.000151273,0.000151273
498,14945,1.38777,2.46482,1.53452,1.48455,0.11818,0.09833,0.10776,0.64925,0.73901,0.72777,0.51798,0.59946,0.67769,0.63455,0.36049,0.95047,1.74692,6.4585,1.13148,0,0,0,0.000149898,0.000149898,0.000149898
499,14975,1.42238,2.4799,1.51546,1.46644,0.11955,0.10327,0.11239,0.62954,0.75483,0.72704,0.52356,0.59298,0.67308,0.63497,0.36043,0.95094,1.74842,6.74143,1.13024,0,0,0,0.000148524,0.000148524,0.000148524
500,15004.9,1.40075,2.48067,1.49416,1.45403,0.12305,0.10491,0.11441,0.62903,0.7536,0.7263,0.52435,0.61097,0.66165,0.63492,0.35961,0.94656,1.74443,6.90833,1.12921,0,0,0,0.000147149,0.000147149,0.000147149
501,15034.8,1.45506,2.53406,1.56425,1.48258,0.12043,0.10142,0.11101,0.61074,0.76101,0.72774,0.52604,0.60019,0.65969,0.64002,0.36438,0.94897,1.73779,6.93773,1.13176,0,0,0,0.000145775,0.000145775,0.000145775
502,15064.7,1.40902,2.49286,1.58663,1.48335,0.1165,0.09778,0.10704,0.64531,0.73472,0.73139,0.52844,0.59647,0.6642,0.63684,0.36165,0.94751,1.73676,6.76071,1.13015,0,0,0,0.000144401,0.000144401,0.000144401
503,15094.7,1.39636,2.4859,1.52047,1.44635,0.12046,0.10309,0.11207,0.63805,0.76171,0.73118,0.52938,0.6025,0.69985,0.64637,0.3653,0.94596,1.737,6.72825,1.12521,0,0,0,0.000143026,0.000143026,0.000143026
504,15124.8,1.46512,2.5007,1.57788,1.48609,0.12143,0.10435,0.11314,0.63217,0.74754,0.73464,0.52979,0.59598,0.68498,0.64838,0.36549,0.94111,1.73754,6.75094,1.12348,0,0,0,0.000141652,0.000141652,0.000141652
505,15154.4,1.39473,2.49767,1.52156,1.46431,0.12152,0.10227,0.11267,0.65683,0.74571,0.73443,0.52791,0.61339,0.69031,0.64847,0.3648,0.94402,1.73968,6.63237,1.12553,0,0,0,0.000140277,0.000140277,0.000140277
506,15184.1,1.37998,2.46347,1.50849,1.45214,0.1207,0.10144,0.11065,0.63901,0.7614,0.73259,0.53541,0.61651,0.67891,0.6474,0.36761,0.9451,1.73905,6.64436,1.12621,0,0,0,0.000138903,0.000138903,0.000138903
507,15214.3,1.40418,2.46977,1.52022,1.46207,0.11845,0.10047,0.1098,0.64306,0.765,0.73581,0.53341,0.58928,0.68677,0.63796,0.36371,0.94328,1.73819,6.73849,1.12441,0,0,0,0.000137528,0.000137528,0.000137528
508,15244.1,1.43301,2.50594,1.53174,1.48229,0.11806,0.10008,0.10917,0.65747,0.73123,0.73647,0.53919,0.60577,0.66245,0.63944,0.35943,0.94628,1.73736,6.71996,1.12411,0,0,0,0.000136154,0.000136154,0.000136154
509,15274.2,1.43647,2.48286,1.51741,1.47377,0.12052,0.10168,0.11277,0.67082,0.71575,0.7347,0.53077,0.6229,0.66193,0.64202,0.36393,0.94135,1.73588,6.807,1.12336,0,0,0,0.000134779,0.000134779,0.000134779
510,15304,1.41114,2.50097,1.53265,1.49297,0.1168,0.09709,0.10753,0.65897,0.73679,0.73535,0.52964,0.61638,0.67676,0.64174,0.36475,0.94117,1.73804,6.95457,1.12565,0,0,0,0.000133405,0.000133405,0.000133405
511,15333.8,1.3947,2.46174,1.50655,1.4752,0.11932,0.1011,0.11137,0.65266,0.74688,0.73355,0.5313,0.61764,0.68177,0.64117,0.36298,0.93793,1.73481,6.95047,1.12385,0,0,0,0.000132031,0.000132031,0.000132031
512,15363.8,1.45168,2.46603,1.57609,1.47401,0.11806,0.09959,0.10933,0.65997,0.73597,0.73359,0.52797,0.61138,0.68186,0.64334,0.36145,0.93555,1.73213,6.84159,1.12144,0,0,0,0.000130656,0.000130656,0.000130656
513,15393.7,1.37642,2.52648,1.54665,1.45061,0.12195,0.10331,0.11343,0.66119,0.72782,0.73385,0.53256,0.60591,0.66197,0.63006,0.36141,0.92989,1.7277,6.86112,1.11918,0,0,0,0.000129282,0.000129282,0.000129282
514,15423.6,1.41653,2.45124,1.54121,1.47969,0.12044,0.10286,0.11191,0.6445,0.75257,0.73184,0.52888,0.59842,0.68491,0.62727,0.35927,0.92841,1.72478,6.75831,1.11888,0,0,0,0.000127907,0.000127907,0.000127907
515,15453.6,1.38814,2.45211,1.53426,1.45865,0.12109,0.10028,0.10971,0.66597,0.72391,0.73047,0.52634,0.61836,0.66965,0.63439,0.35759,0.92745,1.7263,6.70603,1.11826,0,0,0,0.000126533,0.000126533,0.000126533
516,15483.2,1.40491,2.43353,1.52868,1.44428,0.1155,0.09799,0.10753,0.6664,0.71449,0.73275,0.52452,0.61319,0.65774,0.63427,0.35398,0.9312,1.72931,6.61006,1.11824,0,0,0,0.000125158,0.000125158,0.000125158
517,15513.2,1.39887,2.41421,1.54024,1.46336,0.11904,0.10005,0.1097,0.65654,0.71422,0.72841,0.52272,0.63591,0.65521,0.63618,0.35072,0.92798,1.72742,6.54295,1.1167,0,0,0,0.000123784,0.000123784,0.000123784
518,15543,1.42105,2.51047,1.55444,1.48616,0.12472,0.10524,0.11505,0.65599,0.72379,0.73124,0.52273,0.63016,0.65653,0.6391,0.35289,0.92414,1.72015,6.56784,1.11531,0,0,0,0.000122409,0.000122409,0.000122409
519,15572.5,1.35423,2.40747,1.49263,1.46384,0.11521,0.09725,0.10675,0.65401,0.72122,0.73096,0.51937,0.61187,0.67322,0.64034,0.35743,0.92386,1.72173,6.66675,1.11551,0,0,0,0.000121035,0.000121035,0.000121035
520,15602.5,1.41972,2.43528,1.51207,1.47455,0.11869,0.10247,0.11234,0.66608,0.71379,0.73083,0.52987,0.62468,0.66769,0.64123,0.35641,0.92478,1.72564,6.54891,1.11469,0,0,0,0.00011966,0.00011966,0.00011966
521,15632.2,1.39049,2.49585,1.51138,1.46949,0.12388,0.10369,0.11389,0.66311,0.74185,0.7323,0.52686,0.62397,0.6885,0.63989,0.36014,0.91889,1.71364,6.79779,1.11144,0,0,0,0.000118286,0.000118286,0.000118286
522,15661.9,1.40434,2.42737,1.51621,1.4763,0.11701,0.09837,0.10862,0.66861,0.74402,0.73202,0.52684,0.62564,0.68337,0.63757,0.35846,0.92065,1.7159,6.83336,1.11304,0,0,0,0.000116912,0.000116912,0.000116912
523,15691.8,1.40632,2.45974,1.50042,1.46232,0.12427,0.104,0.1132,0.67571,0.74116,0.73341,0.53456,0.62858,0.67944,0.63758,0.35911,0.9165,1.71541,6.78194,1.11114,0,0,0,0.000115537,0.000115537,0.000115537
524,15721.5,1.35042,2.4142,1.46774,1.44379,0.11903,0.1002,0.1095,0.66626,0.74273,0.73451,0.53411,0.63483,0.67297,0.6457,0.36115,0.91701,1.71542,6.91829,1.11028,0,0,0,0.000114163,0.000114163,0.000114163
525,15751.4,1.40262,2.43339,1.50837,1.44834,0.12009,0.10125,0.11026,0.66852,0.74219,0.73408,0.53464,0.62928,0.66779,0.64336,0.36231,0.91645,1.71748,6.99379,1.10887,0,0,0,0.000112788,0.000112788,0.000112788
526,15781.2,1.39003,2.45228,1.52643,1.4688,0.11774,0.0994,0.10877,0.66711,0.73491,0.73834,0.53664,0.62354,0.65312,0.63599,0.36071,0.91536,1.71819,7.07909,1.10893,0,0,0,0.000111414,0.000111414,0.000111414
527,15811.2,1.37196,2.4046,1.47673,1.4399,0.11655,0.09802,0.10791,0.65613,0.73254,0.73764,0.53791,0.60231,0.67078,0.63221,0.36077,0.91097,1.71038,7.02942,1.10764,0,0,0,0.000110039,0.000110039,0.000110039
528,15840.9,1.35478,2.43787,1.45702,1.44683,0.12121,0.10274,0.1126,0.65623,0.72119,0.73889,0.53859,0.62218,0.64729,0.65128,0.36715,0.91223,1.71189,7.11111,1.10845,0,0,0,0.000108665,0.000108665,0.000108665
529,15871,1.40935,2.52799,1.56624,1.48324,0.12112,0.10165,0.11194,0.68854,0.69988,0.7403,0.53549,0.64441,0.64653,0.64893,0.36101,0.91462,1.71531,7.05717,1.10877,0,0,0,0.00010729,0.00010729,0.00010729
530,15900.8,1.36471,2.40303,1.49128,1.44883,0.11679,0.09731,0.10817,0.68065,0.72328,0.74044,0.53483,0.63088,0.67068,0.6495,0.36223,0.91682,1.71206,6.84036,1.1098,0,0,0,0.000105916,0.000105916,0.000105916
531,15930.5,1.38964,2.44508,1.50866,1.43757,0.11747,0.09955,0.10925,0.67999,0.71585,0.74036,0.53462,0.63752,0.65616,0.64842,0.36239,0.91751,1.71023,6.88093,1.10869,0,0,0,0.000104542,0.000104542,0.000104542
532,15960.5,1.41511,2.52261,1.57754,1.47401,0.11974,0.10058,0.11078,0.67238,0.75019,0.74259,0.53155,0.63028,0.67342,0.64628,0.3639,0.92122,1.70982,6.83603,1.11076,0,0,0,0.000103167,0.000103167,0.000103167
533,15990.1,1.42666,2.53902,1.56397,1.4764,0.12138,0.10286,0.11206,0.67206,0.75563,0.74543,0.54062,0.6218,0.68078,0.65072,0.36951,0.92208,1.71027,6.72936,1.11006,0,0,0,0.000101793,0.000101793,0.000101793
534,16020.2,1.4391,2.48701,1.57867,1.4823,0.12133,0.10343,0.1137,0.65358,0.76832,0.74391,0.53721,0.63235,0.66984,0.65295,0.36936,0.92066,1.70517,6.72053,1.10908,0,0,0,0.000100418,0.000100418,0.000100418
535,16050.4,1.39667,2.4765,1.50948,1.4494,0.11864,0.0998,0.10857,0.66818,0.73866,0.74139,0.53797,0.6377,0.66413,0.64969,0.36737,0.92203,1.70574,6.6267,1.10899,0,0,0,9.90437e-05,9.90437e-05,9.90437e-05
536,16080.2,1.39235,2.46789,1.49807,1.45795,0.12192,0.1036,0.11343,0.69362,0.71414,0.7402,0.5376,0.64126,0.6676,0.64772,0.3703,0.92019,1.70348,6.5986,1.10755,0,0,0,9.76692e-05,9.76692e-05,9.76692e-05
537,16110,1.38193,2.40987,1.52326,1.44795,0.11675,0.09694,0.10675,0.68147,0.72863,0.74299,0.54077,0.63283,0.6691,0.6462,0.36739,0.92032,1.70063,6.72345,1.10684,0,0,0,9.62948e-05,9.62948e-05,9.62948e-05
538,16139.9,1.34721,2.43985,1.49495,1.44878,0.11871,0.10126,0.11109,0.67026,0.74129,0.74442,0.53978,0.62574,0.67685,0.64669,0.36811,0.91468,1.69801,6.78255,1.10346,0,0,0,9.49203e-05,9.49203e-05,9.49203e-05
539,16169.6,1.36504,2.38416,1.47816,1.42763,0.11831,0.10071,0.11076,0.65545,0.76106,0.73918,0.53703,0.61942,0.68941,0.64898,0.36926,0.91283,1.69537,6.78774,1.10198,0,0,0,9.35459e-05,9.35459e-05,9.35459e-05
540,16199.7,1.35257,2.40855,1.48407,1.44962,0.12247,0.1035,0.11299,0.64541,0.78056,0.74067,0.53978,0.61021,0.70023,0.65098,0.37053,0.91295,1.69966,6.82492,1.10308,0,0,0,9.21715e-05,9.21715e-05,9.21715e-05
541,16229.9,1.40496,2.56503,1.53461,1.47952,0.11454,0.09789,0.10719,0.65799,0.75284,0.73768,0.53661,0.61854,0.67617,0.64089,0.36481,0.91283,1.70069,6.86367,1.10345,0,0,0,9.0797e-05,9.0797e-05,9.0797e-05
542,16259.5,1.37312,2.45111,1.49558,1.44077,0.122,0.10334,0.11362,0.64523,0.76833,0.73911,0.53587,0.66894,0.62182,0.64162,0.36736,0.91154,1.69995,6.92635,1.10264,0,0,0,8.94226e-05,8.94226e-05,8.94226e-05
543,16289.5,1.37565,2.41576,1.51844,1.48004,0.11982,0.1013,0.11146,0.65589,0.74346,0.74249,0.53804,0.61076,0.67171,0.64691,0.3695,0.91156,1.6962,6.87103,1.10355,0,0,0,8.80481e-05,8.80481e-05,8.80481e-05
544,16319.2,1.33697,2.39639,1.47409,1.43872,0.11762,0.0987,0.10878,0.69048,0.6976,0.74022,0.53357,0.62217,0.68292,0.64783,0.36612,0.91318,1.69722,6.839,1.10377,0,0,0,8.66736e-05,8.66736e-05,8.66736e-05
545,16349.1,1.36297,2.40107,1.46223,1.43167,0.11716,0.09985,0.1095,0.66148,0.73785,0.73982,0.5334,0.61544,0.68319,0.64659,0.36638,0.91311,1.69248,6.76936,1.10266,0,0,0,8.52992e-05,8.52992e-05,8.52992e-05
546,16378.9,1.3964,2.45063,1.46429,1.45619,0.11878,0.10138,0.11122,0.67413,0.71091,0.74041,0.53197,0.62007,0.66392,0.64667,0.36981,0.91354,1.69341,6.67075,1.10225,0,0,0,8.39248e-05,8.39248e-05,8.39248e-05
547,16408.8,1.39605,2.44804,1.48893,1.45758,0.12497,0.10488,0.11578,0.64294,0.75694,0.73603,0.53623,0.60938,0.68574,0.64533,0.36894,0.91352,1.6936,6.73911,1.10156,0,0,0,8.25503e-05,8.25503e-05,8.25503e-05
548,16438.7,1.39543,2.40435,1.69354,1.43527,0.11046,0.09346,0.10294,0.66337,0.73589,0.73997,0.53153,0.61337,0.68435,0.64725,0.36899,0.91323,1.69428,6.75288,1.10208,0,0,0,8.11759e-05,8.11759e-05,8.11759e-05
549,16468.7,1.3318,2.40733,1.52889,1.44733,0.1172,0.09815,0.1073,0.64763,0.75339,0.74217,0.53572,0.60094,0.7007,0.64952,0.37184,0.91611,1.69567,6.53709,1.10361,0,0,0,7.98014e-05,7.98014e-05,7.98014e-05
550,16498.7,1.39512,2.41666,1.50081,1.44618,0.11899,0.1014,0.11132,0.64989,0.7567,0.74145,0.53878,0.60722,0.69382,0.64825,0.3727,0.91633,1.6951,6.47492,1.10336,0,0,0,7.84269e-05,7.84269e-05,7.84269e-05
551,16528.7,1.37321,2.44123,1.51625,1.45882,0.12008,0.10135,0.11112,0.67811,0.72174,0.74267,0.5437,0.62871,0.66363,0.64826,0.37033,0.91443,1.69195,6.61771,1.10301,0,0,0,7.70525e-05,7.70525e-05,7.70525e-05
552,16558.6,1.36233,2.43892,1.53069,1.43681,0.11592,0.09842,0.10839,0.67176,0.72817,0.74202,0.54364,0.62268,0.67657,0.6504,0.37061,0.91162,1.68831,6.52911,1.10161,0,0,0,7.5678e-05,7.5678e-05,7.5678e-05
553,16588.8,1.37676,2.41945,1.4912,1.44591,0.12026,0.1,0.11058,0.67445,0.73339,0.74649,0.54321,0.62498,0.67353,0.65202,0.37256,0.91124,1.68884,6.4921,1.10169,0,0,0,7.43036e-05,7.43036e-05,7.43036e-05
554,16618.5,1.31881,2.37921,1.59315,1.43053,0.11498,0.0977,0.10665,0.67413,0.73892,0.74597,0.54213,0.62189,0.67402,0.65207,0.36983,0.91092,1.68844,6.47437,1.10074,0,0,0,7.29292e-05,7.29292e-05,7.29292e-05
555,16648.5,1.34033,2.4216,1.48241,1.43608,0.11573,0.09829,0.10747,0.67719,0.73008,0.74722,0.54585,0.63499,0.67633,0.66094,0.37506,0.90659,1.686,6.36533,1.09906,0,0,0,7.15547e-05,7.15547e-05,7.15547e-05
556,16678.5,1.35694,2.39399,1.46153,1.43349,0.11789,0.09895,0.10848,0.67426,0.72046,0.7466,0.54364,0.64055,0.67455,0.66104,0.3761,0.9047,1.68369,6.38005,1.09837,0,0,0,7.01802e-05,7.01802e-05,7.01802e-05
557,16708.4,1.40347,2.48082,1.54351,1.46662,0.11377,0.09609,0.10553,0.6604,0.75359,0.74745,0.54309,0.62496,0.67308,0.6542,0.37298,0.90544,1.68377,6.42104,1.09878,0,0,0,6.88058e-05,6.88058e-05,6.88058e-05
558,16738.3,1.37496,2.40547,1.47968,1.46132,0.11819,0.10204,0.11116,0.66111,0.74308,0.74581,0.54055,0.62059,0.66185,0.65208,0.37048,0.90547,1.6821,6.39068,1.09808,0,0,0,6.74313e-05,6.74313e-05,6.74313e-05
559,16767.8,1.36647,2.38665,1.60157,1.44171,0.11127,0.09536,0.10517,0.66693,0.73648,0.74536,0.54346,0.63542,0.66159,0.65278,0.36906,0.90599,1.68338,6.50033,1.09793,0,0,0,6.60569e-05,6.60569e-05,6.60569e-05
560,16797.5,1.40222,2.44862,1.53118,1.45723,0.11737,0.10117,0.11018,0.66467,0.73707,0.74548,0.54259,0.64527,0.64334,0.65074,0.36831,0.9056,1.68366,6.41946,1.09807,0,0,0,6.46825e-05,6.46825e-05,6.46825e-05
561,16827.5,1.34645,2.39422,1.47643,1.42646,0.11785,0.0993,0.10863,0.66467,0.72796,0.74605,0.54085,0.64962,0.6395,0.65034,0.37076,0.90619,1.68631,6.33075,1.09804,0,0,0,6.3308e-05,6.3308e-05,6.3308e-05
562,16857.3,1.34561,2.39885,1.45167,1.44223,0.11409,0.09879,0.1079,0.68087,0.72658,0.74442,0.5384,0.64699,0.64433,0.64654,0.36764,0.89985,1.68321,6.40217,1.09486,0,0,0,6.19335e-05,6.19335e-05,6.19335e-05
563,16887.4,1.37118,2.39334,1.46924,1.44442,0.11938,0.10173,0.11093,0.69338,0.71058,0.74711,0.54313,0.65041,0.64033,0.64436,0.36803,0.89707,1.68443,6.40198,1.09367,0,0,0,6.05591e-05,6.05591e-05,6.05591e-05
564,16917.3,1.34184,2.4006,1.46785,1.41706,0.11787,0.10008,0.10934,0.70264,0.70412,0.74991,0.54545,0.64811,0.64922,0.64906,0.37157,0.89615,1.68335,6.40624,1.09365,0,0,0,5.91846e-05,5.91846e-05,5.91846e-05
565,16947.3,1.32342,2.34323,1.47045,1.4292,0.11629,0.09893,0.10881,0.65373,0.74707,0.75011,0.54172,0.63851,0.64547,0.64976,0.37019,0.89958,1.68246,6.40372,1.09438,0,0,0,5.78102e-05,5.78102e-05,5.78102e-05
566,16977.2,1.33893,2.45488,1.451,1.43361,0.11747,0.10049,0.10986,0.65819,0.73423,0.74742,0.53998,0.63796,0.65112,0.64809,0.37332,0.89781,1.6786,6.36249,1.09376,0,0,0,5.64358e-05,5.64358e-05,5.64358e-05
567,17007.2,1.35326,2.39894,1.43535,1.41953,0.11565,0.09997,0.1096,0.68747,0.71832,0.74747,0.54061,0.63814,0.66072,0.64812,0.36985,0.89662,1.67797,6.49472,1.09251,0,0,0,5.50613e-05,5.50613e-05,5.50613e-05
568,17036.9,1.36623,2.417,1.48124,1.44643,0.11567,0.09822,0.10808,0.66256,0.75113,0.74612,0.54095,0.63356,0.66779,0.65086,0.36744,0.89687,1.67954,6.5806,1.09231,0,0,0,5.36869e-05,5.36869e-05,5.36869e-05
569,17067.1,1.34009,2.4357,1.4901,1.44902,0.11993,0.10099,0.1101,0.65907,0.74781,0.74304,0.54715,0.62852,0.65898,0.64408,0.36499,0.89636,1.67721,6.52475,1.09202,0,0,0,5.23124e-05,5.23124e-05,5.23124e-05
570,17096.8,1.36567,2.38922,1.48284,1.43217,0.11727,0.10072,0.10979,0.66816,0.73889,0.74424,0.5432,0.63581,0.66066,0.64322,0.36891,0.8986,1.67561,6.45625,1.09328,0,0,0,5.09379e-05,5.09379e-05,5.09379e-05
571,17126.8,1.33233,2.39428,1.44611,1.43145,0.11657,0.09924,0.10974,0.65474,0.78579,0.7454,0.54667,0.63676,0.66606,0.6503,0.37111,0.89593,1.67414,6.45482,1.0926,0,0,0,4.95635e-05,4.95635e-05,4.95635e-05
572,17156.6,1.31975,2.3752,1.42245,1.41871,0.1131,0.09661,0.1061,0.6562,0.77324,0.74344,0.54424,0.64478,0.67389,0.65655,0.37168,0.89424,1.67283,6.44603,1.0923,0,0,0,4.81891e-05,4.81891e-05,4.81891e-05
573,17186.5,1.33096,2.40972,1.47602,1.41863,0.11774,0.10171,0.11037,0.6491,0.78308,0.74469,0.54732,0.63576,0.66944,0.6517,0.37102,0.89314,1.6715,6.47311,1.09145,0,0,0,4.68146e-05,4.68146e-05,4.68146e-05
574,17216.5,1.38042,2.43346,1.49497,1.45885,0.11694,0.09978,0.10871,0.64899,0.78542,0.7431,0.54531,0.62212,0.70073,0.65137,0.37197,0.89358,1.67272,6.36714,1.09133,0,0,0,4.54402e-05,4.54402e-05,4.54402e-05
575,17246.2,1.33992,2.38498,1.48256,1.4215,0.11775,0.10122,0.11067,0.64449,0.79885,0.74606,0.54665,0.62202,0.67977,0.64574,0.37235,0.8941,1.67503,6.26765,1.09149,0,0,0,4.40657e-05,4.40657e-05,4.40657e-05
576,17276,1.35081,2.38329,1.49257,1.43786,0.10936,0.09061,0.10004,0.63576,0.80416,0.74375,0.54406,0.6262,0.67741,0.64594,0.37175,0.8912,1.67508,6.24464,1.08908,0,0,0,4.26912e-05,4.26912e-05,4.26912e-05
577,17305.8,1.32931,2.41961,1.45125,1.43102,0.11711,0.09905,0.10889,0.63173,0.81099,0.74551,0.54384,0.62751,0.65674,0.64766,0.37161,0.89008,1.67412,6.21422,1.08833,0,0,0,4.13168e-05,4.13168e-05,4.13168e-05
578,17335.5,1.38782,2.42133,1.48071,1.43953,0.1167,0.09836,0.10799,0.64022,0.78612,0.74474,0.54113,0.63439,0.65593,0.64968,0.3698,0.88952,1.67448,6.22295,1.08834,0,0,0,3.99423e-05,3.99423e-05,3.99423e-05
579,17365.4,1.33887,2.35638,1.43372,1.4292,0.11527,0.09891,0.10901,0.64322,0.77922,0.74476,0.54366,0.62043,0.68041,0.65022,0.37116,0.88698,1.67074,6.2773,1.08711,0,0,0,3.85679e-05,3.85679e-05,3.85679e-05
580,17395.3,1.3588,2.3534,1.52086,1.43034,0.11082,0.09479,0.10374,0.64775,0.77814,0.74745,0.54613,0.6245,0.69053,0.65232,0.37463,0.88499,1.66849,6.3274,1.0874,0,0,0,3.71935e-05,3.71935e-05,3.71935e-05
581,17425.2,1.33802,2.42559,1.50322,1.44116,0.11712,0.09817,0.10815,0.645,0.77872,0.74637,0.54444,0.62396,0.67022,0.65082,0.37295,0.88458,1.66748,6.32562,1.08727,0,0,0,3.5819e-05,3.5819e-05,3.5819e-05
582,17455.1,1.3763,2.39883,1.50746,1.44218,0.11529,0.09734,0.10686,0.65192,0.76331,0.74627,0.54482,0.62992,0.67387,0.65105,0.37544,0.88591,1.66697,6.28743,1.0871,0,0,0,3.44445e-05,3.44445e-05,3.44445e-05
583,17484.8,1.31096,2.35922,1.56837,1.40258,0.11876,0.09913,0.10829,0.65143,0.75886,0.74671,0.54652,0.62893,0.67441,0.65069,0.37399,0.88583,1.66667,6.30492,1.08636,0,0,0,3.30701e-05,3.30701e-05,3.30701e-05
584,17514.5,1.31538,2.36045,1.43543,1.41647,0.11563,0.09863,0.10889,0.64655,0.77252,0.75003,0.54751,0.62546,0.67593,0.65484,0.37356,0.88681,1.66883,6.31821,1.08675,0,0,0,3.16956e-05,3.16956e-05,3.16956e-05
585,17544.4,1.33811,2.41275,1.46454,1.44543,0.11872,0.10061,0.10977,0.64879,0.76057,0.75011,0.54884,0.63009,0.66633,0.65411,0.37053,0.88714,1.66777,6.27396,1.08705,0,0,0,3.03212e-05,3.03212e-05,3.03212e-05
586,17574.4,1.35892,2.40999,1.48357,1.43984,0.11449,0.09857,0.10805,0.64625,0.78107,0.75216,0.54868,0.62669,0.66688,0.6554,0.37246,0.88638,1.66672,6.25378,1.08697,0,0,0,2.89468e-05,2.89468e-05,2.89468e-05
587,17604.5,1.37221,2.39775,1.46984,1.42046,0.11534,0.0993,0.10825,0.66499,0.76451,0.75386,0.54999,0.63117,0.67574,0.65718,0.37513,0.88606,1.66492,6.2969,1.0869,0,0,0,2.75723e-05,2.75723e-05,2.75723e-05
588,17634.4,1.38327,2.37916,1.50864,1.43749,0.11445,0.09743,0.10615,0.64347,0.78733,0.75181,0.54643,0.63266,0.66794,0.65617,0.37423,0.88587,1.66401,6.34681,1.08687,0,0,0,2.61978e-05,2.61978e-05,2.61978e-05
589,17664.4,1.34418,2.39904,1.51936,1.44326,0.12069,0.10326,0.1135,0.66407,0.76205,0.75332,0.54676,0.63507,0.66195,0.65302,0.37209,0.885,1.66178,6.35966,1.08701,0,0,0,2.48234e-05,2.48234e-05,2.48234e-05
590,17694.1,1.3267,2.2957,1.53432,1.41384,0.11863,0.101,0.1103,0.64898,0.77919,0.75103,0.54868,0.64802,0.65509,0.65602,0.37265,0.88508,1.6606,6.37536,1.08651,0,0,0,2.34489e-05,2.34489e-05,2.34489e-05
591,17726,1.33168,2.33361,1.58804,1.43269,0.08398,0.06453,0.07239,0.64556,0.79565,0.7524,0.54414,0.62228,0.66844,0.6615,0.37172,0.89881,1.67074,6.46487,1.09156,0,0,0,2.20745e-05,2.20745e-05,2.20745e-05
592,17755.3,1.29843,2.3681,1.5877,1.40789,0.08409,0.06418,0.07254,0.64712,0.76107,0.73863,0.53007,0.6139,0.66332,0.63887,0.36582,0.91784,1.69644,6.33052,1.09919,0,0,0,2.07001e-05,2.07001e-05,2.07001e-05
593,17784.6,1.29637,2.3161,1.3666,1.4402,0.08234,0.0636,0.07167,0.6501,0.74793,0.73207,0.52549,0.61358,0.65488,0.63411,0.36478,0.93093,1.71761,6.10003,1.10563,0,0,0,1.93256e-05,1.93256e-05,1.93256e-05
594,17814.2,1.29961,2.29688,1.60095,1.41601,0.08257,0.06355,0.07143,0.65003,0.74476,0.72902,0.51942,0.62371,0.64769,0.63047,0.36068,0.93902,1.7317,5.93628,1.10981,0,0,0,1.79512e-05,1.79512e-05,1.79512e-05
595,17843.6,1.27173,2.37005,1.38465,1.4219,0.08382,0.0639,0.07236,0.65887,0.72639,0.72806,0.51757,0.62224,0.64048,0.63014,0.36228,0.94392,1.73957,5.765,1.11226,0,0,0,1.65767e-05,1.65767e-05,1.65767e-05
596,17873,1.26832,2.24453,1.40132,1.37533,0.08184,0.0636,0.07136,0.64994,0.73996,0.72567,0.51639,0.61258,0.64465,0.62897,0.36159,0.94186,1.73912,5.63974,1.11175,0,0,0,1.52022e-05,1.52022e-05,1.52022e-05
597,17902.2,1.3101,2.31874,1.38529,1.43682,0.0821,0.06377,0.07155,0.65632,0.7374,0.7259,0.52134,0.62297,0.63702,0.62298,0.36027,0.9391,1.73384,5.56592,1.11006,0,0,0,1.38278e-05,1.38278e-05,1.38278e-05
598,17931.4,1.27304,2.26241,1.35128,1.40817,0.08259,0.06329,0.07136,0.64804,0.75603,0.72555,0.52208,0.59272,0.67145,0.62943,0.36475,0.93722,1.73147,5.55836,1.10877,0,0,0,1.24534e-05,1.24534e-05,1.24534e-05
599,17960.8,1.25838,2.24661,1.36311,1.38263,0.08129,0.06277,0.07035,0.64998,0.75501,0.72754,0.52497,0.66157,0.60608,0.62806,0.36278,0.93677,1.73162,5.60756,1.10843,0,0,0,1.10789e-05,1.10789e-05,1.10789e-05
600,17990.3,1.27376,2.24372,1.34457,1.3722,0.08034,0.0625,0.07015,0.64997,0.75153,0.72606,0.52247,0.63432,0.62716,0.62574,0.36179,0.93685,1.73084,5.65157,1.10788,0,0,0,9.70445e-06,9.70445e-06,9.70445e-06
