epoch,time,train/box_loss,train/seg_loss,train/cls_loss,train/dfl_loss,train/sem_loss,train/heat_loss,train/seed_loss,metrics/precision(B),metrics/recall(B),metrics/mAP50(B),metrics/mAP50-95(B),metrics/precision(M),metrics/recall(M),metrics/mAP50(M),metrics/mAP50-95(M),val/box_loss,val/seg_loss,val/cls_loss,val/dfl_loss,val/sem_loss,val/heat_loss,val/seed_loss,lr/pg0,lr/pg1,lr/pg2
1,40.7037,3.86802,7.82244,6.02424,4.23544,0.83851,0.8394,0.83372,8e-05,0.09642,1e-05,0,0.00014,0.06773,3e-05,1e-05,3.70481,4.94673,4.44611,3.9652,0,0,0,0.000271356,0.000271356,0.000271356
2,76.3231,3.81906,5.31632,5.63865,4.15499,0.81605,0.82209,0.81487,0.00013,0.10015,2e-05,1e-05,0.00014,0.10128,2e-05,0,3.65712,4.7016,4.35153,3.90453,0,0,0,0.000548117,0.000548117,0.000548117
3,112.428,3.76404,4.7279,5.4382,4.05884,0.7802,0.78921,0.78057,0.00014,0.04356,0.00015,4e-05,0.00012,0.04032,0.00054,9e-05,3.63603,4.65526,11.2553,3.79876,0,0,0,0.000823961,0.000823961,0.000823961
4,147.878,3.60443,4.63524,5.27051,3.83694,0.74165,0.74791,0.7386,0.00034,0.016,3e-05,1e-05,9e-05,0.00935,1e-05,0,3.46044,4.63033,6.8979,3.76581,0,0,0,0.000828877,0.000828877,0.000828877
5,183.413,3.35442,4.55228,5.09892,3.64317,0.70162,0.70689,0.69822,0.00013,0.02213,7e-05,1e-05,0.00048,0.0496,0.00026,3e-05,3.23495,4.39907,7.42112,3.37892,0,0,0,0.000827502,0.000827502,0.000827502
6,218.773,3.21427,4.51531,4.99705,3.49734,0.66405,0.66959,0.66268,0.00086,0.02891,0.00011,2e-05,0.00037,0.01942,8e-05,1e-05,3.12784,4.2873,5.29457,3.25888,0,0,0,0.000826128,0.000826128,0.000826128
7,254.061,3.14695,4.40153,4.89827,3.39558,0.6325,0.63667,0.63138,0.00015,0.02655,9e-05,2e-05,0.00012,0.02159,4e-05,1e-05,3.04635,4.33127,6.68923,3.1291,0,0,0,0.000824753,0.000824753,0.000824753
8,289.682,3.14063,4.38923,4.83074,3.27902,0.6073,0.61017,0.60636,0.8773,0.00119,0.00034,5e-05,0.87751,0.0013,0.00019,4e-05,2.93903,4.16757,6.44753,3.0902,0,0,0,0.000823379,0.000823379,0.000823379
9,325.057,3.04062,4.38515,4.71903,3.21325,0.58709,0.58851,0.58579,0.00041,0.04225,0.00032,7e-05,0.00038,0.03675,0.00028,6e-05,2.93223,4.17032,7.36635,3.03074,0,0,0,0.000822004,0.000822004,0.000822004
10,361.159,3.01477,4.33467,4.66165,3.18449,0.57234,0.57237,0.57054,0.88421,0.00184,0.00057,9e-05,0.88445,0.00205,0.00059,0.00012,2.91744,4.21097,7.62301,3.06571,0,0,0,0.00082063,0.00082063,0.00082063
11,397.025,2.99996,4.32146,4.724,3.16782,0.56118,0.56138,0.56016,0.00048,0.04792,0.00038,8e-05,0.0004,0.04243,0.00035,7e-05,2.83415,4.15352,6.93093,2.95407,0,0,0,0.000819255,0.000819255,0.000819255
12,432.382,2.94422,4.25863,4.61614,3.11053,0.55228,0.55105,0.55033,0.25415,0.00259,0.00045,9e-05,0.25579,0.00313,0.00057,0.00013,2.85706,4.17837,8.59821,2.96022,0,0,0,0.000817881,0.000817881,0.000817881
13,467.988,2.89358,4.3033,4.532,3.05792,0.54541,0.54301,0.54275,0.25342,0.00788,0.00147,0.00055,0.26233,0.00302,0.00165,0.00029,2.84339,4.07661,6.36448,2.94203,0,0,0,0.000816507,0.000816507,0.000816507
14,503.664,2.89556,4.21216,4.57872,3.0013,0.53918,0.5366,0.53648,0.2525,0.01252,0.00149,0.00025,0.26299,0.00216,0.00168,0.00047,2.79251,4.04034,5.40059,2.88844,0,0,0,0.000815132,0.000815132,0.000815132
15,539.515,2.82347,4.21023,4.51283,2.98833,0.53692,0.53172,0.53229,0.00085,0.05442,0.00079,0.00024,0.62577,0.04569,0.00071,0.00017,2.82135,4.04592,8.15168,2.85953,0,0,0,0.000813758,0.000813758,0.000813758
16,574.94,2.85488,4.25306,4.47722,2.96529,0.53357,0.52842,0.5292,0.26147,0.00371,0.00214,0.00051,0.26255,0.00367,0.00209,0.00051,2.80014,4.04233,7.13894,2.88061,0,0,0,0.000812383,0.000812383,0.000812383
17,610.537,2.667,4.07041,4.71514,2.84956,0.51833,0.5136,0.51445,0.37871,0.01025,0.00172,0.00043,0.38797,0.00313,0.00165,0.00041,2.6965,4.02805,5.77799,2.79215,0,0,0,0.000811009,0.000811009,0.000811009
18,645.8,2.75087,4.21259,4.46886,2.91009,0.52821,0.52265,0.52358,0.63487,0.00378,0.00193,0.00046,0.63529,0.00366,0.00173,0.0004,2.68285,3.96245,6.31649,2.77601,0,0,0,0.000809634,0.000809634,0.000809634
19,681.378,2.78231,4.13052,4.33006,2.88083,0.52564,0.52015,0.52122,0.5106,0.00474,0.00244,0.00077,0.51206,0.00529,0.00232,0.00049,2.71051,3.94615,6.78684,2.78327,0,0,0,0.00080826,0.00080826,0.00080826
20,717.172,2.74,4.16295,4.37708,2.86499,0.52353,0.51778,0.5188,0.3833,0.00734,0.00214,0.00051,0.38348,0.00507,0.00249,0.00061,2.67288,3.93966,8.66111,2.74013,0,0,0,0.000806885,0.000806885,0.000806885
21,752.472,2.69229,4.14121,4.31434,2.8391,0.52139,0.51586,0.51702,0.88448,0.00572,0.0029,0.00093,0.88502,0.00604,0.00257,0.00065,2.62904,3.88776,5.76684,2.72416,0,0,0,0.000805511,0.000805511,0.000805511
22,788.536,2.70381,4.06861,4.22282,2.78952,0.52036,0.51475,0.51603,0.88404,0.00907,0.003,0.00074,0.88264,0.00766,0.00222,0.00057,2.61843,3.95618,6.6445,2.66638,0,0,0,0.000804137,0.000804137,0.000804137
23,824.086,2.69235,4.0507,4.20629,2.79617,0.51925,0.51335,0.51465,0.53686,0.00987,0.00389,0.00108,0.53841,0.00965,0.00326,0.00087,2.58805,3.90047,6.39876,2.64408,0,0,0,0.000802762,0.000802762,0.000802762
24,860.101,2.64764,4.08264,4.15175,2.74677,0.51823,0.51171,0.51332,0.63798,0.0082,0.00448,0.00126,0.64236,0.00799,0.00397,0.00119,2.6686,3.85308,6.82157,2.69454,0,0,0,0.000801388,0.000801388,0.000801388
25,895.772,2.61417,4.06082,4.23776,2.77227,0.51612,0.51016,0.51148,0.52999,0.01121,0.00502,0.0013,0.5113,0.01058,0.00444,0.00117,2.58021,3.83464,6.93958,2.62706,0,0,0,0.000800013,0.000800013,0.000800013
26,931.828,2.6329,4.06901,4.16666,2.7293,0.51526,0.50907,0.5105,0.76273,0.01452,0.00546,0.00167,0.76054,0.0116,0.0036,0.00102,2.55506,3.86946,7.4421,2.59915,0,0,0,0.000798639,0.000798639,0.000798639
27,967.47,2.59401,4.07073,4.12091,2.71126,0.51461,0.50816,0.50959,0.51065,0.01295,0.00512,0.0014,0.51065,0.01295,0.00373,0.00109,2.57763,3.88355,6.70237,2.63015,0,0,0,0.000797264,0.000797264,0.000797264
28,1002.84,2.59095,4.04201,4.10128,2.68162,0.51315,0.50695,0.50821,0.01485,0.14298,0.00887,0.00259,0.51609,0.01069,0.00585,0.00156,2.53134,3.81991,5.45783,2.57206,0,0,0,0.00079589,0.00079589,0.00079589
29,1038.72,2.58595,3.99039,4.03194,2.65994,0.51203,0.50581,0.50716,0.73367,0.02433,0.00929,0.00268,0.76232,0.01652,0.00682,0.00188,2.51693,3.83235,7.31882,2.58607,0,0,0,0.000794515,0.000794515,0.000794515
30,1074.27,2.55437,4.02983,4.06291,2.69272,0.51247,0.5049,0.50668,0.76219,0.01522,0.0077,0.00222,0.76371,0.01252,0.00544,0.00157,2.48533,3.85964,7.07244,2.58818,0,0,0,0.000793141,0.000793141,0.000793141
31,1109.89,2.50221,3.92096,3.96372,2.64522,0.5102,0.50382,0.50511,0.64492,0.02322,0.01473,0.00383,0.64846,0.01879,0.00859,0.00205,2.47972,3.78675,5.78606,2.55419,0,0,0,0.000791767,0.000791767,0.000791767
32,1145.49,2.52839,4.00748,4.02234,2.6431,0.51026,0.50279,0.50462,0.65891,0.01994,0.00943,0.00254,0.64492,0.01698,0.00769,0.00193,2.47397,3.74724,5.35036,2.5483,0,0,0,0.000790392,0.000790392,0.000790392
33,1180.86,2.52085,3.99722,4.0009,2.67022,0.50936,0.50172,0.50356,0.69013,0.0136,0.01691,0.00556,0.64257,0.01069,0.00938,0.00277,2.41178,3.76809,5.51268,2.50246,0,0,0,0.000789018,0.000789018,0.000789018
34,1216.25,2.5107,3.97232,3.93348,2.58791,0.50887,0.50072,0.5025,0.58337,0.02477,0.02057,0.00574,0.56585,0.02207,0.01221,0.00293,2.41299,3.75057,5.21384,2.481,0,0,0,0.000787643,0.000787643,0.000787643
35,1251.85,2.48566,3.9711,3.84708,2.58721,0.50662,0.49944,0.50148,0.64364,0.02956,0.022,0.00639,0.64216,0.02735,0.01531,0.00445,2.40406,3.73367,5.93591,2.44796,0,0,0,0.000786269,0.000786269,0.000786269
36,1287.54,2.48916,3.87533,3.88315,2.55805,0.5072,0.49839,0.50073,0.48212,0.03707,0.0156,0.0055,0.78627,0.02838,0.01015,0.00308,2.38,3.74447,6.63828,2.44077,0,0,0,0.000784894,0.000784894,0.000784894
37,1323.02,2.49599,3.94104,3.87165,2.57382,0.50409,0.49608,0.49841,0.65042,0.02631,0.01668,0.00559,0.64623,0.02297,0.01418,0.00405,2.4019,3.72287,5.46036,2.45079,0,0,0,0.00078352,0.00078352,0.00078352
38,1358.37,2.40998,3.8498,3.89718,2.54359,0.50358,0.49436,0.4974,0.57575,0.0315,0.02408,0.01053,0.58083,0.02591,0.01238,0.00391,2.40801,3.68814,5.55937,2.4674,0,0,0,0.000782145,0.000782145,0.000782145
39,1393.78,2.41766,3.90673,3.9186,2.57172,0.50245,0.49258,0.4959,0.59294,0.03904,0.02231,0.00797,0.56753,0.0312,0.01473,0.00448,2.36095,3.70715,5.38762,2.43561,0,0,0,0.000780771,0.000780771,0.000780771
40,1428.96,2.42226,3.87211,3.81389,2.51409,0.50251,0.4902,0.49455,0.57594,0.0453,0.02448,0.00896,0.57621,0.04259,0.01939,0.00601,2.37502,3.66635,5.16003,2.42464,0,0,0,0.000779396,0.000779396,0.000779396
41,1464.57,2.39998,3.89003,3.75348,2.49456,0.50004,0.48643,0.49188,0.56873,0.03132,0.03733,0.01218,0.52915,0.02509,0.02552,0.00873,2.34528,3.68171,4.63881,2.40298,0,0,0,0.000778022,0.000778022,0.000778022
42,1499.85,2.37269,3.87312,3.70998,2.4739,0.49727,0.48081,0.48871,0.59401,0.03983,0.02556,0.00798,0.58375,0.0331,0.01745,0.00565,2.38292,3.70245,4.421,2.42814,0,0,0,0.000776648,0.000776648,0.000776648
43,1535.27,2.39704,3.86557,3.66275,2.48644,0.49699,0.4738,0.48579,0.51621,0.0452,0.03553,0.01185,0.47783,0.03749,0.02287,0.00674,2.29919,3.61536,5.18585,2.37891,0,0,0,0.000775273,0.000775273,0.000775273
44,1570.41,2.39309,3.83593,3.66913,2.47277,0.49394,0.45822,0.47872,0.63134,0.04889,0.03412,0.01012,0.61711,0.04274,0.01958,0.00553,2.30084,3.66545,5.0883,2.38667,0,0,0,0.000773899,0.000773899,0.000773899
45,1605.66,2.39864,3.87436,3.79381,2.46896,0.4888,0.42961,0.46256,0.57052,0.0529,0.04628,0.01465,0.5819,0.04094,0.02643,0.00775,2.27911,3.62913,4.83517,2.3553,0,0,0,0.000772524,0.000772524,0.000772524
46,1641.4,2.39095,3.82585,3.59545,2.4642,0.4779,0.38972,0.43095,0.49576,0.0475,0.03894,0.01502,0.50144,0.04046,0.02902,0.00789,2.27309,3.59628,5.03695,2.37536,0,0,0,0.00077115,0.00077115,0.00077115
47,1676.71,2.37643,3.78653,3.63006,2.43701,0.44444,0.34333,0.38972,0.63418,0.05169,0.05977,0.02057,0.57487,0.04183,0.02903,0.00921,2.25743,3.62996,5.40256,2.35035,0,0,0,0.000769775,0.000769775,0.000769775
48,1712.61,2.37713,3.78476,3.61876,2.45022,0.41634,0.3,0.35337,0.5249,0.06422,0.04988,0.01564,0.50167,0.05155,0.02789,0.00878,2.22149,3.62715,5.07514,2.33159,0,0,0,0.000768401,0.000768401,0.000768401
49,1747.82,2.31589,3.8338,3.64251,2.46352,0.37783,0.24507,0.30646,0.64945,0.0421,0.04749,0.01833,0.61551,0.03618,0.032,0.01025,2.20281,3.58232,5.53947,2.30464,0,0,0,0.000767026,0.000767026,0.000767026
50,1783.29,2.32574,3.84111,3.56481,2.41716,0.33851,0.19461,0.26169,0.57767,0.05909,0.04533,0.01433,0.56269,0.04615,0.0303,0.0091,2.24483,3.56701,4.27603,2.306,0,0,0,0.000765652,0.000765652,0.000765652
51,1818.55,2.35974,3.81256,3.52548,2.40674,0.29724,0.15801,0.20939,0.58743,0.06874,0.04077,0.01322,0.54627,0.05416,0.02568,0.00744,2.20264,3.56648,4.93806,2.29688,0,0,0,0.000764278,0.000764278,0.000764278
52,1853.62,2.29767,3.78073,3.47124,2.40438,0.25373,0.14051,0.16665,0.47922,0.06824,0.04144,0.01486,0.46312,0.05751,0.02759,0.00901,2.20494,3.57408,5.32668,2.31669,0,0,0,0.000762903,0.000762903,0.000762903
53,1889.05,2.29963,3.74035,3.54891,2.41232,0.20729,0.13446,0.14849,0.50271,0.07106,0.06181,0.02208,0.58265,0.05475,0.04261,0.01027,2.19683,3.5693,4.94534,2.28188,0,0,0,0.000761529,0.000761529,0.000761529
54,1924.55,2.29882,3.72777,3.49889,2.40801,0.1894,0.1357,0.14705,0.48932,0.0732,0.07057,0.02674,0.49203,0.06582,0.0419,0.0132,2.19324,3.57801,5.05016,2.26258,0,0,0,0.000760154,0.000760154,0.000760154
55,1959.96,2.31319,3.75728,3.45689,2.38451,0.16933,0.12949,0.13929,0.58108,0.06245,0.05294,0.0181,0.5827,0.05002,0.03461,0.0101,2.14511,3.56788,5.59025,2.24336,0,0,0,0.00075878,0.00075878,0.00075878
56,1995.03,2.32136,3.77918,3.4262,2.38576,0.15851,0.1266,0.13479,0.59067,0.06855,0.06642,0.02495,0.57418,0.05431,0.04404,0.01272,2.15518,3.57371,4.79818,2.24847,0,0,0,0.000757405,0.000757405,0.000757405
57,2030.29,2.31066,3.74413,3.42827,2.38467,0.15595,0.12755,0.13638,0.41216,0.09814,0.07015,0.02502,0.33278,0.06981,0.04182,0.01079,2.17579,3.54153,4.33851,2.2679,0,0,0,0.000756031,0.000756031,0.000756031
58,2065.78,2.26817,3.72534,3.39688,2.35211,0.15487,0.12908,0.13752,0.31238,0.099,0.08198,0.02894,0.30515,0.08175,0.04986,0.01463,2.15737,3.46242,5.57368,2.23448,0,0,0,0.000754656,0.000754656,0.000754656
59,2101.39,2.28642,3.72784,3.38453,2.37191,0.15145,0.12646,0.13446,0.49155,0.08281,0.07736,0.02393,0.48098,0.06605,0.04271,0.01194,2.18012,3.54139,4.52237,2.27221,0,0,0,0.000753282,0.000753282,0.000753282
60,2136.79,2.3006,3.69228,3.3922,2.38932,0.14798,0.12405,0.13245,0.43297,0.10672,0.09889,0.02783,0.37536,0.08911,0.05624,0.01449,2.13046,3.48046,5.25405,2.24535,0,0,0,0.000751907,0.000751907,0.000751907
61,2172.18,2.29461,3.69561,3.39543,2.36679,0.14838,0.12476,0.13303,0.43573,0.10438,0.10931,0.04558,0.49632,0.06238,0.07362,0.01437,2.16813,3.48863,5.63003,2.2636,0,0,0,0.000750533,0.000750533,0.000750533
62,2207.67,2.2178,3.74419,3.35819,2.35895,0.14532,0.12229,0.12939,0.39542,0.10041,0.10916,0.03961,0.3527,0.07168,0.08285,0.02118,2.15729,3.47963,4.62706,2.25329,0,0,0,0.000749159,0.000749159,0.000749159
63,2243.17,2.2516,3.68772,3.34241,2.3422,0.146,0.12309,0.13131,0.4021,0.08986,0.07141,0.02838,0.40644,0.07927,0.05038,0.01517,2.08975,3.43746,4.99206,2.20651,0,0,0,0.000747784,0.000747784,0.000747784
64,2278.27,2.21562,3.67548,3.31084,2.33278,0.14977,0.12429,0.13353,0.38539,0.10725,0.10133,0.0366,0.38161,0.09518,0.06787,0.01685,2.10303,3.41371,4.33101,2.19063,0,0,0,0.00074641,0.00074641,0.00074641
65,2313.61,2.23018,3.65704,3.24536,2.31809,0.14832,0.12424,0.13347,0.42991,0.11052,0.10586,0.04203,0.35338,0.0681,0.06368,0.01862,2.09005,3.39836,4.68824,2.17104,0,0,0,0.000745035,0.000745035,0.000745035
66,2349.06,2.26978,3.64813,3.28613,2.34029,0.15118,0.12622,0.13528,0.44881,0.1324,0.09902,0.04183,0.36404,0.08886,0.07106,0.01744,2.08341,3.4004,5.52504,2.18199,0,0,0,0.000743661,0.000743661,0.000743661
67,2384.95,2.23131,3.66279,3.23375,2.32477,0.15021,0.12515,0.13407,0.35775,0.13188,0.11668,0.04855,0.37449,0.09368,0.07376,0.02162,2.04891,3.4359,5.02542,2.15595,0,0,0,0.000742286,0.000742286,0.000742286
68,2420.2,2.20376,3.58273,3.24957,2.29933,0.14306,0.11833,0.12801,0.33802,0.15493,0.11639,0.04501,0.244,0.10656,0.07372,0.02158,2.04784,3.42146,4.76598,2.15696,0,0,0,0.000740912,0.000740912,0.000740912
69,2455.33,2.20186,3.67405,3.2462,2.32589,0.14995,0.12399,0.1339,0.29309,0.17056,0.10359,0.04155,0.25071,0.13244,0.06325,0.01984,2.02759,3.38518,4.79699,2.13788,0,0,0,0.000739537,0.000739537,0.000739537
70,2490.72,2.21721,3.60502,3.15644,2.32166,0.15094,0.12438,0.13408,0.42583,0.12036,0.1463,0.05024,0.49593,0.0769,0.07033,0.02249,2.06896,3.4037,4.18886,2.19019,0,0,0,0.000738163,0.000738163,0.000738163
71,2526.29,2.21086,3.66685,3.19718,2.30996,0.14871,0.12143,0.13188,0.49083,0.13263,0.12465,0.05472,0.48241,0.10912,0.09837,0.02839,2.01283,3.37701,5.17884,2.13836,0,0,0,0.000736788,0.000736788,0.000736788
72,2562.22,2.1846,3.6509,3.17535,2.26873,0.15112,0.12137,0.13364,0.48777,0.12554,0.13322,0.05328,0.4175,0.1058,0.08772,0.02537,2.00272,3.34049,5.10569,2.12516,0,0,0,0.000735414,0.000735414,0.000735414
73,2597.38,2.21928,3.64742,3.15437,2.26077,0.14145,0.11429,0.12674,0.31837,0.14521,0.13035,0.04653,0.25868,0.12618,0.09435,0.02584,1.99074,3.3622,4.52186,2.12923,0,0,0,0.00073404,0.00073404,0.00073404
74,2632.63,2.18384,3.59184,3.16236,2.29682,0.14319,0.11404,0.12828,0.31983,0.16462,0.1359,0.05118,0.2368,0.10939,0.08277,0.02444,2.00216,3.30895,3.91973,2.14253,0,0,0,0.000732665,0.000732665,0.000732665
75,2667.91,2.1841,3.64325,3.1522,2.27331,0.14995,0.11673,0.1327,0.31599,0.15026,0.13193,0.05454,0.27795,0.11952,0.09604,0.02997,2.01735,3.33281,4.76745,2.13195,0,0,0,0.000731291,0.000731291,0.000731291
76,2703.43,2.17532,3.5847,3.18362,2.2883,0.14203,0.11003,0.12782,0.30333,0.17308,0.15538,0.06832,0.42047,0.12183,0.12177,0.0384,1.98395,3.31692,5.2229,2.1127,0,0,0,0.000729916,0.000729916,0.000729916
77,2738.72,2.14084,3.45608,3.04429,2.22665,0.14224,0.11326,0.12781,0.26105,0.15595,0.18316,0.06654,0.37971,0.12323,0.10295,0.03183,1.99273,3.29277,4.50485,2.11173,0,0,0,0.000728542,0.000728542,0.000728542
78,2774.01,2.20019,3.54256,3.11223,2.26651,0.1467,0.11338,0.13054,0.40036,0.17988,0.15093,0.05719,0.23691,0.12493,0.10815,0.03298,2.02924,3.3117,6.10641,2.12867,0,0,0,0.000727167,0.000727167,0.000727167
79,2809.24,2.15338,3.57142,3.07547,2.2617,0.14464,0.11507,0.12999,0.32528,0.20323,0.1445,0.05602,0.22979,0.12465,0.08156,0.02316,2.01996,3.39764,5.68201,2.14456,0,0,0,0.000725793,0.000725793,0.000725793
80,2844.49,2.11167,3.51355,3.00666,2.22699,0.1469,0.1152,0.13108,0.30804,0.18597,0.14132,0.04871,0.27357,0.16152,0.11446,0.03266,1.99286,3.28709,4.53204,2.10711,0,0,0,0.000724418,0.000724418,0.000724418
81,2880.11,2.1582,3.56877,2.98301,2.22819,0.14405,0.1122,0.12937,0.30212,0.21442,0.16026,0.06616,0.28103,0.1704,0.12354,0.03881,2.00783,3.34711,5.41092,2.10313,0,0,0,0.000723044,0.000723044,0.000723044
82,2915.44,2.13909,3.55916,3.04446,2.25287,0.1389,0.10717,0.12506,0.39294,0.18061,0.15951,0.06136,0.35065,0.13373,0.10354,0.03491,1.96126,3.32186,5.87659,2.09385,0,0,0,0.00072167,0.00072167,0.00072167
83,2950.9,2.15886,3.53342,2.97979,2.25544,0.14729,0.11403,0.13097,0.26745,0.24815,0.19248,0.07627,0.21845,0.20332,0.13338,0.04529,1.97787,3.28833,4.59727,2.11422,0,0,0,0.000720295,0.000720295,0.000720295
84,2986.28,2.07794,3.47863,2.9634,2.23092,0.14078,0.11084,0.12595,0.38373,0.24384,0.21053,0.08452,0.34008,0.19286,0.15503,0.04911,1.96931,3.24256,4.54929,2.07769,0,0,0,0.000718921,0.000718921,0.000718921
85,3021.68,2.14444,3.57196,3.00625,2.22328,0.14662,0.11465,0.13228,0.29986,0.2113,0.18162,0.0815,0.25259,0.17669,0.12975,0.04287,1.93337,3.22155,4.00021,2.07811,0,0,0,0.000717546,0.000717546,0.000717546
86,3057.13,2.10854,3.48492,2.94923,2.20533,0.13708,0.1079,0.12405,0.27511,0.26704,0.18428,0.07444,0.20807,0.19276,0.13104,0.04287,1.9186,3.22027,5.24693,2.05058,0,0,0,0.000716172,0.000716172,0.000716172
87,3092.56,2.11877,3.53625,3.04268,2.23212,0.1454,0.11246,0.12952,0.31379,0.2899,0.24122,0.09214,0.26519,0.24894,0.1918,0.05348,1.90837,3.24293,5.36672,2.05501,0,0,0,0.000714797,0.000714797,0.000714797
88,3128.09,2.10099,3.54814,2.94609,2.1915,0.13861,0.10725,0.12467,0.37312,0.2,0.17737,0.07085,0.31072,0.17852,0.1262,0.03423,1.93227,3.24323,4.72719,2.06553,0,0,0,0.000713423,0.000713423,0.000713423
89,3163.31,2.14139,3.54107,2.99077,2.22215,0.14399,0.11393,0.12929,0.36074,0.19331,0.18056,0.0702,0.33343,0.1211,0.10621,0.03433,2.01253,3.29852,4.1618,2.14861,0,0,0,0.000712048,0.000712048,0.000712048
90,3198.47,2.09549,3.44612,2.88561,2.19476,0.13796,0.11097,0.12427,0.26642,0.2937,0.23023,0.08938,0.19355,0.24179,0.17382,0.04941,1.94944,3.25123,4.72301,2.06215,0,0,0,0.000710674,0.000710674,0.000710674
91,3233.79,2.07149,3.45384,2.84582,2.16825,0.1489,0.1173,0.13318,0.30517,0.23807,0.21959,0.08145,0.26873,0.15786,0.13444,0.04694,1.9266,3.19421,5.38565,2.05908,0,0,0,0.000709299,0.000709299,0.000709299
92,3268.89,2.07591,3.4084,2.93918,2.15885,0.1375,0.10719,0.12448,0.33323,0.24214,0.20959,0.09077,0.24769,0.16777,0.13967,0.04648,1.89958,3.20006,4.45342,2.04174,0,0,0,0.000707925,0.000707925,0.000707925
93,3304.21,2.09993,3.45741,2.91844,2.19598,0.14422,0.11322,0.12926,0.29957,0.29524,0.23928,0.09267,0.22121,0.24333,0.16242,0.04924,1.92055,3.19175,4.57081,2.04838,0,0,0,0.000706551,0.000706551,0.000706551
94,3339.26,2.04366,3.49753,2.83778,2.1759,0.14716,0.11396,0.13146,0.32619,0.2625,0.26672,0.11398,0.27537,0.18271,0.16298,0.04652,1.89269,3.18001,4.82069,2.03737,0,0,0,0.000705176,0.000705176,0.000705176
95,3374.79,2.03078,3.37685,2.76155,2.15675,0.1359,0.10876,0.12308,0.38492,0.21311,0.25056,0.09892,0.3557,0.15569,0.14861,0.04746,1.87908,3.15886,4.8594,2.02004,0,0,0,0.000703802,0.000703802,0.000703802
96,3409.9,2.06831,3.43016,2.85285,2.18236,0.14303,0.11417,0.12939,0.41789,0.2599,0.24042,0.11176,0.32196,0.21171,0.17594,0.05563,1.88638,3.17064,4.82172,2.00918,0,0,0,0.000702427,0.000702427,0.000702427
97,3445.17,2.07768,3.48867,2.88176,2.18392,0.137,0.10653,0.12283,0.23793,0.36195,0.2102,0.08666,0.16761,0.27894,0.13623,0.04437,1.85871,3.17605,5.3275,2.00086,0,0,0,0.000701053,0.000701053,0.000701053
98,3480.57,2.0711,3.42296,2.78299,2.13605,0.13877,0.10676,0.12472,0.43327,0.24072,0.26228,0.10586,0.28596,0.14845,0.12685,0.03864,1.88755,3.16135,4.57074,2.01396,0,0,0,0.000699678,0.000699678,0.000699678
99,3515.79,2.07309,3.44062,2.89423,2.15972,0.1391,0.10734,0.12463,0.30035,0.32127,0.22883,0.0955,0.18659,0.25019,0.14938,0.05017,1.85086,3.15953,4.10289,1.99718,0,0,0,0.000698304,0.000698304,0.000698304
100,3551.05,2.04898,3.46384,2.81912,2.16587,0.14107,0.11076,0.12623,0.31435,0.32744,0.21152,0.0879,0.22231,0.27244,0.13045,0.04323,1.89461,3.21153,4.3909,2.02411,0,0,0,0.000696929,0.000696929,0.000696929
101,3586.26,2.04616,3.37295,2.72437,2.14574,0.14147,0.11386,0.12764,0.2785,0.35543,0.23881,0.10995,0.19206,0.29477,0.17109,0.05436,1.85817,3.15229,5.832,1.99635,0,0,0,0.000695555,0.000695555,0.000695555
102,3621.25,2.03889,3.48016,2.81745,2.1517,0.14246,0.11094,0.12704,0.32736,0.32351,0.2523,0.11802,0.27849,0.26133,0.18598,0.06444,1.87529,3.13486,5.17913,2.02359,0,0,0,0.000694181,0.000694181,0.000694181
103,3656.98,2.06548,3.43313,2.76426,2.16998,0.14603,0.11673,0.13138,0.23994,0.36119,0.27186,0.11028,0.21922,0.24062,0.20604,0.05779,1.85531,3.13789,5.7325,1.99797,0,0,0,0.000692806,0.000692806,0.000692806
104,3692.13,2.06538,3.44219,2.79626,2.16537,0.136,0.10377,0.12198,0.29436,0.29016,0.27038,0.11446,0.3248,0.22394,0.19935,0.06051,1.85072,3.11862,4.73489,1.99723,0,0,0,0.000691432,0.000691432,0.000691432
105,3727.46,2.00835,3.42042,2.66475,2.13612,0.1456,0.11608,0.13079,0.29818,0.33234,0.25596,0.10413,0.2338,0.26466,0.1855,0.05711,1.80456,3.08765,4.7889,1.95192,0,0,0,0.000690057,0.000690057,0.000690057
106,3762.51,2.00343,3.35329,2.66592,2.12294,0.141,0.11147,0.1269,0.26746,0.3386,0.2279,0.10594,0.22514,0.27619,0.17027,0.06023,1.86794,3.17161,5.62368,2.03271,0,0,0,0.000688683,0.000688683,0.000688683
107,3797.65,2.06464,3.32969,2.67957,2.12094,0.14001,0.11133,0.12689,0.27876,0.28143,0.22111,0.09492,0.17589,0.22658,0.15669,0.05893,1.86508,3.12283,4.09844,2.01554,0,0,0,0.000687308,0.000687308,0.000687308
108,3832.75,2.00082,3.36872,2.6773,2.13196,0.1389,0.11349,0.12592,0.28509,0.3732,0.25658,0.12134,0.21779,0.32069,0.17063,0.06061,1.79648,3.07221,4.86466,1.95333,0,0,0,0.000685934,0.000685934,0.000685934
109,3867.95,2.0465,3.41233,2.7083,2.13169,0.14231,0.1127,0.12817,0.27529,0.38166,0.27181,0.11815,0.19508,0.27575,0.19871,0.07015,1.80403,3.04563,4.21917,1.97091,0,0,0,0.000684559,0.000684559,0.000684559
110,3903.28,2.01077,3.39003,2.65107,2.1192,0.1328,0.10559,0.11993,0.33138,0.33754,0.29216,0.1398,0.28325,0.25667,0.20491,0.06863,1.77059,3.02593,4.52389,1.94198,0,0,0,0.000683185,0.000683185,0.000683185
111,3938.85,1.99196,3.35512,2.65288,2.10174,0.13718,0.10771,0.12348,0.45314,0.31781,0.33106,0.14532,0.36175,0.26053,0.24723,0.0849,1.77326,3.05335,4.75595,1.94033,0,0,0,0.00068181,0.00068181,0.00068181
112,3974.47,2.00282,3.30947,2.55428,2.09342,0.13733,0.11128,0.12361,0.36475,0.41146,0.33191,0.14848,0.30769,0.307,0.23682,0.08414,1.80488,3.074,5.56516,1.95013,0,0,0,0.000680436,0.000680436,0.000680436
113,4009.83,1.98552,3.35756,2.66296,2.1055,0.13762,0.10792,0.12402,0.3831,0.41892,0.32373,0.14306,0.25614,0.35361,0.23108,0.06698,1.83329,3.03367,3.41376,1.97716,0,0,0,0.000679062,0.000679062,0.000679062
114,4044.87,1.97671,3.33888,2.61299,2.08134,0.13541,0.10685,0.12233,0.36759,0.36529,0.31596,0.14689,0.31371,0.29209,0.23114,0.07645,1.83977,3.0321,3.76398,1.97471,0,0,0,0.000677687,0.000677687,0.000677687
115,4080.1,2.00916,3.32482,2.64878,2.10246,0.13875,0.11017,0.12594,0.31033,0.31126,0.23336,0.10297,0.21559,0.23486,0.13947,0.05011,1.86908,3.12428,4.24801,1.99442,0,0,0,0.000676313,0.000676313,0.000676313
116,4115.48,1.99477,3.31201,2.58541,2.08855,0.14434,0.11259,0.12847,0.43853,0.29601,0.28321,0.13168,0.35052,0.21045,0.19353,0.07104,1.8381,3.06842,4.32267,1.98119,0,0,0,0.000674938,0.000674938,0.000674938
117,4150.89,2.01784,3.28209,2.61814,2.09774,0.13984,0.1106,0.12534,0.4614,0.29685,0.32946,0.15506,0.32363,0.26761,0.2274,0.07617,1.80673,3.03504,5.17726,1.92961,0,0,0,0.000673564,0.000673564,0.000673564
118,4186.02,1.99114,3.35816,2.62242,2.06372,0.14234,0.11046,0.1266,0.47867,0.27681,0.33407,0.14776,0.26117,0.2721,0.2135,0.06888,1.81101,3.00219,4.24087,1.94293,0,0,0,0.000672189,0.000672189,0.000672189
119,4221.1,1.97852,3.33027,2.63368,2.10317,0.14037,0.11169,0.12635,0.30351,0.40375,0.33242,0.14787,0.21499,0.34136,0.24282,0.08038,1.78179,2.98234,4.8563,1.93117,0,0,0,0.000670815,0.000670815,0.000670815
120,4256.35,1.93167,3.24059,2.52977,2.06936,0.13409,0.11002,0.12272,0.35143,0.3613,0.3302,0.15413,0.29359,0.31694,0.25675,0.08361,1.76762,2.98677,4.93285,1.91735,0,0,0,0.00066944,0.00066944,0.00066944
121,4291.67,1.9632,3.23377,2.57055,2.05806,0.13711,0.1093,0.12358,0.36058,0.3169,0.31174,0.13487,0.3355,0.25977,0.22844,0.07629,1.7799,2.97484,4.25065,1.91221,0,0,0,0.000668066,0.000668066,0.000668066
122,4326.8,1.92295,3.2832,2.49378,2.05075,0.14884,0.11965,0.1325,0.32697,0.30445,0.28507,0.12413,0.29205,0.25189,0.22516,0.06452,1.82427,3.04439,3.83737,1.97589,0,0,0,0.000666692,0.000666692,0.000666692
123,4361.87,1.97852,3.34729,2.54183,2.10454,0.13847,0.11235,0.12526,0.32884,0.33913,0.33594,0.14912,0.26828,0.28406,0.24083,0.0806,1.75473,2.97657,4.30858,1.91003,0,0,0,0.000665317,0.000665317,0.000665317
124,4397.21,1.90507,3.35139,2.55162,2.07486,0.14571,0.11774,0.13049,0.34745,0.35893,0.33628,0.15125,0.35917,0.26208,0.21994,0.07869,1.761,2.97066,6.09795,1.91096,0,0,0,0.000663943,0.000663943,0.000663943
125,4432.28,1.96816,3.23948,2.52935,2.08654,0.14016,0.11358,0.12641,0.29985,0.33087,0.28638,0.13361,0.43458,0.25301,0.2237,0.07975,1.77569,2.96532,4.01191,1.92991,0,0,0,0.000662568,0.000662568,0.000662568
126,4467.35,1.91963,3.21548,2.48941,2.06032,0.1341,0.10635,0.12032,0.38818,0.38299,0.33633,0.15512,0.34344,0.31491,0.25931,0.08621,1.75045,2.89308,4.26796,1.89578,0,0,0,0.000661194,0.000661194,0.000661194
127,4503.03,1.96129,3.24383,2.41389,2.00991,0.13715,0.11207,0.12367,0.31775,0.46152,0.36451,0.16567,0.25208,0.36922,0.26593,0.09873,1.7207,2.88803,4.12515,1.88426,0,0,0,0.000659819,0.000659819,0.000659819
128,4538.32,1.97562,3.2289,2.55553,2.06804,0.13292,0.10436,0.11937,0.36622,0.36904,0.37053,0.16919,0.2942,0.32881,0.26874,0.09387,1.73814,2.92469,4.8444,1.8979,0,0,0,0.000658445,0.000658445,0.000658445
129,4573.51,1.9302,3.23177,2.47007,2.03954,0.14147,0.11552,0.12703,0.30791,0.41595,0.30453,0.13972,0.33148,0.34098,0.23369,0.0713,1.7285,2.90401,4.63897,1.89728,0,0,0,0.00065707,0.00065707,0.00065707
130,4608.99,1.97631,3.22032,2.46456,2.02908,0.13335,0.10993,0.12204,0.39907,0.38013,0.33759,0.15717,0.32555,0.31936,0.2479,0.09003,1.68799,2.88621,4.80429,1.86803,0,0,0,0.000655696,0.000655696,0.000655696
131,4644.25,1.90654,3.16914,2.41681,2.02203,0.14291,0.11651,0.12738,0.45315,0.34598,0.36774,0.17472,0.38623,0.25051,0.25377,0.08888,1.70832,2.9165,5.16735,1.87419,0,0,0,0.000654321,0.000654321,0.000654321
132,4679.25,1.91599,3.22271,2.36191,2.04519,0.14106,0.11037,0.12609,0.39141,0.44534,0.38291,0.1818,0.3684,0.33532,0.27861,0.10527,1.69847,2.90506,4.91838,1.86519,0,0,0,0.000652947,0.000652947,0.000652947
133,4714.51,1.88925,3.22128,2.47676,2.04425,0.13532,0.10686,0.12111,0.41261,0.495,0.39253,0.17516,0.3441,0.4065,0.28694,0.10671,1.69929,2.87425,4.42605,1.86523,0,0,0,0.000651573,0.000651573,0.000651573
134,4749.53,1.91029,3.2397,2.45236,2.03634,0.1423,0.11327,0.12766,0.41353,0.42371,0.37659,0.18435,0.34141,0.33798,0.27607,0.09904,1.71724,2.88253,5.25905,1.90257,0,0,0,0.000650198,0.000650198,0.000650198
135,4784.6,1.94401,3.186,2.45045,2.00725,0.13876,0.10994,0.12481,0.39608,0.43787,0.38271,0.18162,0.30648,0.34602,0.25413,0.08983,1.704,2.89849,4.37516,1.85533,0,0,0,0.000648824,0.000648824,0.000648824
136,4819.79,1.9129,3.20706,2.36464,2.01717,0.14226,0.11305,0.12658,0.3472,0.45386,0.37267,0.18745,0.27615,0.36267,0.27428,0.09234,1.69051,2.95133,4.75019,1.86009,0,0,0,0.000647449,0.000647449,0.000647449
137,4854.97,1.92063,3.19497,2.35292,1.99749,0.13998,0.11406,0.12679,0.39815,0.41723,0.33295,0.15277,0.33506,0.33183,0.2423,0.07926,1.77028,2.9523,4.17895,1.90017,0,0,0,0.000646075,0.000646075,0.000646075
138,4890.3,1.90101,3.19314,2.40048,2.02379,0.14035,0.11141,0.1247,0.45837,0.38385,0.36752,0.1791,0.31542,0.33124,0.25996,0.10051,1.67618,2.83585,4.94215,1.84647,0,0,0,0.0006447,0.0006447,0.0006447
139,4925.59,1.89327,3.17056,2.40998,2.00188,0.13948,0.11176,0.12544,0.36381,0.50953,0.39183,0.19592,0.31564,0.33754,0.27986,0.09932,1.66045,2.8454,5.48901,1.82046,0,0,0,0.000643326,0.000643326,0.000643326
140,4961.29,1.90328,3.17489,2.33742,1.99706,0.13831,0.11279,0.12445,0.38654,0.45484,0.3761,0.17985,0.3536,0.34706,0.26571,0.08967,1.67147,2.83676,4.6504,1.84188,0,0,0,0.000641951,0.000641951,0.000641951
141,4996.41,1.94841,3.16384,2.41848,1.99664,0.13226,0.10485,0.11838,0.34072,0.40081,0.35205,0.17033,0.28018,0.33592,0.23249,0.08418,1.69151,2.854,3.91583,1.86688,0,0,0,0.000640577,0.000640577,0.000640577
142,5031.38,1.85675,3.09453,2.34062,1.97126,0.12964,0.10763,0.11807,0.34884,0.47821,0.37979,0.1893,0.28124,0.38307,0.27514,0.09847,1.64635,2.84513,4.4586,1.82509,0,0,0,0.000639203,0.000639203,0.000639203
143,5066.36,1.85192,3.18388,2.37729,2.01251,0.1339,0.10718,0.11927,0.36076,0.42488,0.35877,0.19024,0.28479,0.33815,0.25469,0.08972,1.69441,2.86963,4.41531,1.84918,0,0,0,0.000637828,0.000637828,0.000637828
144,5101.32,1.90204,3.17174,2.34297,1.99516,0.13692,0.10715,0.12085,0.45364,0.37578,0.38569,0.18678,0.37568,0.28745,0.26855,0.09606,1.68288,2.83611,4.35554,1.84267,0,0,0,0.000636454,0.000636454,0.000636454
145,5136.76,1.88659,3.10306,2.33412,1.98008,0.13915,0.11063,0.1221,0.40327,0.44241,0.39919,0.21471,0.30404,0.36008,0.27322,0.09641,1.64672,2.83008,5.57533,1.81715,0,0,0,0.000635079,0.000635079,0.000635079
146,5171.95,1.87754,3.20766,2.38403,1.97871,0.13298,0.10587,0.11803,0.37507,0.48441,0.37024,0.18872,0.31874,0.35457,0.26864,0.09135,1.6877,2.84499,4.09324,1.84222,0,0,0,0.000633705,0.000633705,0.000633705
147,5207.06,1.89087,3.1561,2.30043,1.98468,0.13988,0.10992,0.12303,0.39559,0.46016,0.3908,0.18651,0.3361,0.31194,0.27487,0.10379,1.68356,2.89716,4.02574,1.83433,0,0,0,0.00063233,0.00063233,0.00063233
148,5242.26,1.84645,3.10855,2.22562,1.95617,0.13585,0.10847,0.12018,0.4611,0.43079,0.41774,0.20054,0.37899,0.35722,0.3066,0.12378,1.67505,2.80539,4.04191,1.83242,0,0,0,0.000630956,0.000630956,0.000630956
149,5277.73,1.89825,3.1447,2.33231,2.00134,0.14084,0.11025,0.12404,0.34406,0.51918,0.40801,0.19849,0.25769,0.4085,0.28832,0.11169,1.63194,2.7989,5.74023,1.80006,0,0,0,0.000629581,0.000629581,0.000629581
150,5312.98,1.88933,3.18318,2.36497,2.01005,0.13427,0.105,0.11678,0.37471,0.50008,0.41259,0.21286,0.30049,0.42048,0.2999,0.11824,1.66776,2.79622,5.02866,1.83655,0,0,0,0.000628207,0.000628207,0.000628207
151,5348.15,1.92145,3.08909,2.37161,1.96412,0.12939,0.10488,0.11465,0.35071,0.48737,0.41393,0.21361,0.30092,0.38581,0.3194,0.1248,1.64901,2.78566,4.62415,1.82101,0,0,0,0.000626832,0.000626832,0.000626832
152,5383.43,1.86164,3.10377,2.28836,1.99539,0.13912,0.11336,0.12414,0.45148,0.36348,0.37513,0.19523,0.39512,0.32701,0.29511,0.11709,1.63306,2.78094,5.51518,1.82441,0,0,0,0.000625458,0.000625458,0.000625458
153,5418.63,1.86722,3.13877,2.30083,1.97968,0.13962,0.1106,0.12286,0.39063,0.51274,0.40987,0.21557,0.29168,0.41694,0.27958,0.10909,1.64521,2.76781,5.05123,1.81283,0,0,0,0.000624084,0.000624084,0.000624084
154,5453.75,1.87732,3.10587,2.29014,1.96893,0.14384,0.11187,0.12421,0.37606,0.52101,0.44857,0.2282,0.29296,0.43629,0.32874,0.12878,1.61188,2.74235,5.31403,1.7847,0,0,0,0.000622709,0.000622709,0.000622709
155,5489.25,1.89495,3.17278,2.3775,1.97208,0.13125,0.1049,0.1163,0.40192,0.4127,0.36727,0.18485,0.30509,0.30464,0.2449,0.08147,1.71025,2.85297,4.25625,1.86969,0,0,0,0.000621335,0.000621335,0.000621335
156,5524.31,1.87689,3.16651,2.22975,1.97912,0.13802,0.11149,0.12283,0.4652,0.35382,0.38619,0.18796,0.32388,0.31433,0.27016,0.09007,1.67167,2.8328,4.31143,1.83615,0,0,0,0.00061996,0.00061996,0.00061996
157,5559.53,1.83778,3.0492,2.2226,1.9404,0.13419,0.10606,0.11852,0.41981,0.51538,0.45124,0.22791,0.32852,0.44757,0.34625,0.13474,1.60622,2.71487,5.43071,1.78755,0,0,0,0.000618586,0.000618586,0.000618586
158,5594.96,1.82349,3.09412,2.24135,1.95742,0.13771,0.11081,0.12267,0.46657,0.44822,0.4537,0.22874,0.41913,0.33379,0.32179,0.128,1.68224,2.78728,5.54026,1.83309,0,0,0,0.000617211,0.000617211,0.000617211
159,5630.26,1.86794,3.0409,2.31363,1.93203,0.13456,0.10851,0.11917,0.43648,0.44176,0.41742,0.21048,0.37323,0.37066,0.32086,0.11782,1.63726,2.80838,4.94484,1.81219,0,0,0,0.000615837,0.000615837,0.000615837
160,5665.43,1.81768,3.05902,2.23308,1.94105,0.14057,0.11323,0.12559,0.43793,0.48467,0.45311,0.25598,0.39741,0.40189,0.34861,0.14407,1.58258,2.68076,5.20952,1.76372,0,0,0,0.000614462,0.000614462,0.000614462
161,5700.69,1.79595,3.0794,2.19309,1.91146,0.13683,0.10931,0.12084,0.45585,0.44765,0.4418,0.23499,0.3845,0.37242,0.34274,0.14024,1.64276,2.70961,3.9202,1.79772,0,0,0,0.000613088,0.000613088,0.000613088
162,5736.01,1.81167,3.08227,2.22692,1.93718,0.13538,0.10843,0.12005,0.57012,0.38088,0.43145,0.21446,0.29052,0.39012,0.28594,0.11709,1.64848,2.75366,4.51737,1.82379,0,0,0,0.000611714,0.000611714,0.000611714
163,5771.06,1.83142,3.06445,2.23492,1.93925,0.14405,0.11583,0.12839,0.41814,0.45785,0.4417,0.22474,0.33865,0.37618,0.32549,0.12308,1.65046,2.68662,4.32943,1.80684,0,0,0,0.000610339,0.000610339,0.000610339
164,5806.19,1.813,3.02494,2.23837,1.94777,0.12973,0.10361,0.11373,0.4559,0.45755,0.46107,0.24655,0.33892,0.39945,0.33678,0.14022,1.56447,2.6743,4.6742,1.75887,0,0,0,0.000608965,0.000608965,0.000608965
165,5841.21,1.80167,3.12469,2.25377,1.95,0.13483,0.10745,0.11951,0.48162,0.47988,0.43516,0.23184,0.40698,0.4042,0.3262,0.12611,1.59254,2.73285,4.77415,1.77017,0,0,0,0.00060759,0.00060759,0.00060759
166,5876.42,1.81616,3.04513,2.16341,1.92854,0.14086,0.11162,0.12384,0.48608,0.46721,0.47869,0.25186,0.40152,0.38965,0.36609,0.14502,1.5829,2.71712,5.26786,1.74782,0,0,0,0.000606216,0.000606216,0.000606216
167,5911.9,1.76314,3.02284,2.15595,1.90691,0.13765,0.11269,0.12347,0.41528,0.52118,0.4608,0.2591,0.35011,0.42268,0.34902,0.13213,1.58846,2.69402,4.66095,1.75648,0,0,0,0.000604841,0.000604841,0.000604841
168,5946.92,1.77393,3.01626,2.1497,1.90508,0.12893,0.10398,0.11368,0.39609,0.59768,0.46623,0.26019,0.32353,0.50009,0.34425,0.13759,1.53841,2.62661,5.0558,1.73081,0,0,0,0.000603467,0.000603467,0.000603467
169,5982.05,1.8012,3.04865,2.15082,1.91392,0.13435,0.10615,0.11713,0.42257,0.51388,0.47169,0.26371,0.36406,0.41557,0.35777,0.15323,1.56807,2.64759,4.24449,1.75992,0,0,0,0.000602092,0.000602092,0.000602092
170,6017.37,1.81753,3.06354,2.11566,1.92152,0.13915,0.11203,0.12361,0.36808,0.54144,0.45412,0.25136,0.29447,0.46039,0.32877,0.13939,1.57585,2.64031,5.34291,1.75813,0,0,0,0.000600718,0.000600718,0.000600718
171,6052.5,1.78736,3.06199,2.18467,1.92982,0.1347,0.10768,0.11997,0.43458,0.50191,0.49774,0.27413,0.33309,0.46982,0.38119,0.15374,1.55627,2.63135,5.48995,1.74508,0,0,0,0.000599343,0.000599343,0.000599343
172,6087.87,1.80256,3.03786,2.10903,1.89988,0.14093,0.11407,0.12529,0.53571,0.47835,0.50499,0.26916,0.44314,0.39069,0.36383,0.156,1.52569,2.62098,6.32528,1.73274,0,0,0,0.000597969,0.000597969,0.000597969
173,6123.05,1.79351,2.98116,2.11,1.90554,0.13607,0.10628,0.11903,0.48293,0.57147,0.53607,0.30657,0.40676,0.48749,0.42616,0.17978,1.56307,2.59218,4.41014,1.75388,0,0,0,0.000596595,0.000596595,0.000596595
174,6158.43,1.80581,3.05338,2.173,1.92682,0.13776,0.10936,0.1211,0.47172,0.54178,0.53256,0.32049,0.46472,0.42496,0.42078,0.18048,1.55183,2.59836,5.04551,1.74828,0,0,0,0.00059522,0.00059522,0.00059522
175,6193.86,1.78765,2.99729,2.12113,1.89492,0.13186,0.1052,0.11686,0.46755,0.48694,0.48591,0.26681,0.41795,0.40499,0.37744,0.1544,1.61085,2.68047,3.93789,1.79439,0,0,0,0.000593846,0.000593846,0.000593846
176,6229.04,1.77838,3.00695,2.09044,1.87839,0.13947,0.11238,0.12334,0.43601,0.558,0.52297,0.30143,0.39023,0.44591,0.39631,0.16928,1.51672,2.60852,5.16873,1.72201,0,0,0,0.000592471,0.000592471,0.000592471
177,6264.13,1.79111,3.03386,2.10852,1.90589,0.14346,0.11461,0.12565,0.48914,0.5471,0.51918,0.29258,0.43351,0.42066,0.38672,0.16333,1.57461,2.65621,5.23069,1.75534,0,0,0,0.000591097,0.000591097,0.000591097
178,6299.48,1.78053,2.9977,2.15978,1.88851,0.14034,0.1123,0.12379,0.44303,0.57176,0.53594,0.30582,0.38861,0.44251,0.40417,0.1669,1.48665,2.58333,4.75397,1.69351,0,0,0,0.000589722,0.000589722,0.000589722
179,6334.45,1.78888,3.03684,2.11603,1.91053,0.1354,0.10945,0.12026,0.48396,0.51585,0.51873,0.30092,0.40506,0.42814,0.3861,0.17474,1.48266,2.60769,5.42093,1.69792,0,0,0,0.000588348,0.000588348,0.000588348
180,6369.63,1.78837,2.99782,2.12666,1.89281,0.13474,0.1058,0.11783,0.499,0.54929,0.51532,0.30114,0.41258,0.48397,0.39474,0.16447,1.51482,2.60097,4.7411,1.70479,0,0,0,0.000586973,0.000586973,0.000586973
181,6404.82,1.77259,2.9649,2.10429,1.90712,0.13433,0.10722,0.11871,0.48677,0.54421,0.52795,0.29063,0.40858,0.47145,0.40996,0.15946,1.50843,2.56162,5.29062,1.7031,0,0,0,0.000585599,0.000585599,0.000585599
182,6439.82,1.7653,2.96147,2.10928,1.88994,0.13343,0.10788,0.11928,0.44586,0.59601,0.52429,0.29943,0.39459,0.52473,0.42269,0.17935,1.4727,2.56885,5.07095,1.67824,0,0,0,0.000584225,0.000584225,0.000584225
183,6474.95,1.77447,2.99292,2.13227,1.85703,0.13136,0.10512,0.11734,0.47138,0.54777,0.51782,0.29229,0.41029,0.48028,0.40645,0.1771,1.49429,2.5356,5.05679,1.68672,0,0,0,0.00058285,0.00058285,0.00058285
184,6510.11,1.75357,2.924,2.09471,1.8795,0.13447,0.1075,0.11856,0.51528,0.50472,0.51577,0.29182,0.41457,0.41026,0.37133,0.15481,1.47711,2.52968,4.53538,1.68364,0,0,0,0.000581476,0.000581476,0.000581476
185,6545.28,1.74126,2.95698,2.07142,1.87027,0.12981,0.10498,0.11618,0.47195,0.55668,0.52829,0.30119,0.4132,0.46448,0.41128,0.17492,1.4885,2.53347,4.85489,1.68309,0,0,0,0.000580101,0.000580101,0.000580101
186,6580.24,1.76847,2.93885,2.09778,1.88695,0.13433,0.10598,0.1179,0.43876,0.53072,0.50225,0.27156,0.3398,0.42485,0.36787,0.13038,1.55542,2.60997,4.38905,1.7541,0,0,0,0.000578727,0.000578727,0.000578727
187,6615.42,1.76936,2.98966,2.13791,1.89275,0.13367,0.10591,0.11786,0.46442,0.55405,0.52846,0.30527,0.35516,0.48949,0.38466,0.16498,1.47898,2.57098,5.63143,1.68698,0,0,0,0.000577352,0.000577352,0.000577352
188,6650.37,1.75649,2.94139,2.06902,1.88917,0.13088,0.10509,0.11636,0.50674,0.59244,0.53613,0.31731,0.44127,0.51295,0.42001,0.19342,1.49185,2.50212,4.67112,1.68285,0,0,0,0.000575978,0.000575978,0.000575978
189,6685.58,1.75104,2.97704,2.05022,1.87789,0.13625,0.1074,0.11965,0.42563,0.58753,0.51022,0.29642,0.39151,0.46539,0.38499,0.15972,1.47118,2.54286,4.62134,1.67662,0,0,0,0.000574603,0.000574603,0.000574603
190,6720.58,1.7171,2.92256,2.02228,1.84835,0.12648,0.09956,0.11045,0.45717,0.54622,0.50747,0.28875,0.39743,0.43938,0.39896,0.17846,1.52106,2.57818,3.84308,1.72174,0,0,0,0.000573229,0.000573229,0.000573229
191,6755.51,1.71221,2.91753,2.06381,1.87811,0.12759,0.10171,0.1119,0.4883,0.48097,0.48386,0.28141,0.33597,0.46227,0.36458,0.15691,1.50969,2.56343,6.45397,1.7042,0,0,0,0.000571854,0.000571854,0.000571854
192,6790.78,1.73002,2.94169,2.03223,1.86055,0.1358,0.10851,0.12032,0.43868,0.55941,0.52686,0.31458,0.36864,0.48285,0.41059,0.18162,1.52455,2.52694,4.80567,1.70737,0,0,0,0.00057048,0.00057048,0.00057048
193,6825.96,1.74532,2.9575,2.06704,1.85139,0.13415,0.10648,0.11807,0.53041,0.49309,0.53471,0.30928,0.40092,0.42142,0.39454,0.17079,1.5019,2.56174,4.47239,1.70147,0,0,0,0.000569106,0.000569106,0.000569106
194,6861.39,1.74719,2.96852,1.99431,1.84138,0.13385,0.10728,0.11847,0.48988,0.56265,0.53439,0.30938,0.43795,0.45399,0.43169,0.18903,1.46222,2.52909,4.35157,1.65815,0,0,0,0.000567731,0.000567731,0.000567731
195,6896.44,1.77129,2.93046,2.08145,1.84714,0.13397,0.10389,0.11677,0.53865,0.5248,0.53518,0.31863,0.48525,0.4601,0.43318,0.18986,1.48054,2.49111,4.16051,1.68318,0,0,0,0.000566357,0.000566357,0.000566357
196,6931.6,1.73589,2.93509,2.04189,1.84588,0.13408,0.10674,0.11807,0.59773,0.46193,0.5364,0.32324,0.55734,0.40171,0.42702,0.18529,1.49127,2.50216,4.34886,1.6896,0,0,0,0.000564982,0.000564982,0.000564982
197,6966.7,1.71059,2.90411,1.99401,1.83476,0.13511,0.11202,0.12235,0.50618,0.50584,0.53962,0.32117,0.4478,0.4412,0.42478,0.18477,1.47832,2.4951,5.2538,1.66918,0,0,0,0.000563608,0.000563608,0.000563608
198,7001.79,1.73108,2.92752,1.9964,1.83797,0.12766,0.10288,0.11431,0.4836,0.5647,0.56353,0.32562,0.45362,0.45621,0.43953,0.18712,1.46652,2.53041,4.81542,1.67733,0,0,0,0.000562233,0.000562233,0.000562233
199,7037.26,1.72889,2.89128,2.03728,1.82683,0.12965,0.10432,0.11559,0.52589,0.58397,0.56603,0.33263,0.43236,0.51041,0.44928,0.19108,1.47276,2.52147,3.95566,1.67689,0,0,0,0.000560859,0.000560859,0.000560859
200,7072.68,1.75737,2.89949,2.00202,1.83742,0.12755,0.10499,0.11464,0.50213,0.59569,0.54793,0.31834,0.43288,0.51625,0.44379,0.18432,1.46027,2.51993,4.41007,1.67375,0,0,0,0.000559484,0.000559484,0.000559484
201,7108.01,1.72167,2.87549,1.94321,1.81689,0.13741,0.11032,0.12214,0.55027,0.56776,0.54836,0.3159,0.4716,0.47311,0.43126,0.19388,1.45119,2.50391,4.42816,1.65156,0,0,0,0.00055811,0.00055811,0.00055811
202,7143.12,1.69574,2.90303,1.99396,1.84064,0.13376,0.1074,0.11847,0.46005,0.61814,0.54584,0.31105,0.40133,0.51465,0.43467,0.18639,1.49776,2.49592,4.54788,1.67911,0,0,0,0.000556736,0.000556736,0.000556736
203,7178.12,1.69274,2.81304,1.92872,1.82705,0.12951,0.1038,0.11381,0.50193,0.5879,0.57878,0.34127,0.46463,0.49087,0.47297,0.20973,1.44711,2.47865,4.7287,1.65109,0,0,0,0.000555361,0.000555361,0.000555361
204,7213.55,1.71385,2.91263,1.98466,1.83683,0.13673,0.10887,0.12002,0.4956,0.56305,0.55157,0.3322,0.45231,0.50098,0.45881,0.20054,1.47572,2.46007,5.20368,1.66142,0,0,0,0.000553987,0.000553987,0.000553987
205,7248.62,1.6995,2.90035,1.93998,1.82543,0.13084,0.10524,0.11601,0.51633,0.56408,0.54614,0.31474,0.4607,0.49414,0.43016,0.18495,1.46164,2.45368,4.72902,1.6657,0,0,0,0.000552612,0.000552612,0.000552612
206,7283.64,1.72392,2.84296,2.01676,1.84632,0.13065,0.10314,0.11558,0.49432,0.58005,0.52727,0.29364,0.43122,0.50121,0.41881,0.16823,1.47037,2.48706,4.90404,1.67053,0,0,0,0.000551238,0.000551238,0.000551238
207,7318.73,1.72648,2.85378,1.94726,1.80186,0.13488,0.1068,0.11784,0.50665,0.55968,0.56471,0.33172,0.4338,0.48867,0.45823,0.1965,1.42212,2.41692,5.5053,1.62043,0,0,0,0.000549863,0.000549863,0.000549863
208,7353.7,1.63773,2.88047,1.92358,1.79497,0.13214,0.10668,0.11732,0.4684,0.5877,0.56557,0.34835,0.41825,0.53463,0.4725,0.20425,1.4392,2.45386,4.55731,1.66643,0,0,0,0.000548489,0.000548489,0.000548489
209,7389.17,1.74196,2.87008,1.95936,1.82023,0.13764,0.11048,0.12185,0.57187,0.58922,0.59332,0.36113,0.50018,0.49164,0.46897,0.20745,1.47282,2.45302,3.98227,1.67203,0,0,0,0.000547114,0.000547114,0.000547114
210,7424.44,1.72547,2.8694,1.94548,1.80872,0.1321,0.10685,0.11821,0.50627,0.60005,0.57627,0.35807,0.44806,0.49676,0.45517,0.20685,1.44027,2.42416,4.26993,1.64033,0,0,0,0.00054574,0.00054574,0.00054574
211,7459.77,1.70106,2.81636,1.94365,1.82153,0.12933,0.10414,0.11556,0.53009,0.53997,0.54727,0.32096,0.49535,0.44464,0.44082,0.19245,1.45381,2.46764,5.2144,1.64797,0,0,0,0.000544365,0.000544365,0.000544365
212,7494.78,1.649,2.85953,1.93498,1.80674,0.1328,0.10727,0.11871,0.50266,0.58644,0.58017,0.35007,0.60252,0.37575,0.45,0.20387,1.43187,2.42222,4.79814,1.63901,0,0,0,0.000542991,0.000542991,0.000542991
213,7529.93,1.69543,2.8503,1.91061,1.79911,0.12803,0.10378,0.11542,0.5661,0.57298,0.55564,0.32807,0.46918,0.50041,0.4159,0.17352,1.46345,2.46937,4.44547,1.6633,0,0,0,0.000541617,0.000541617,0.000541617
214,7564.89,1.67616,2.83055,1.90627,1.81008,0.12832,0.10462,0.11389,0.58251,0.59866,0.59352,0.37625,0.51123,0.51381,0.48007,0.21107,1.39873,2.37428,4.62106,1.62385,0,0,0,0.000540242,0.000540242,0.000540242
215,7600.2,1.69915,2.84942,1.97062,1.80995,0.1324,0.10602,0.11786,0.5124,0.59978,0.57608,0.34333,0.43907,0.51546,0.4479,0.2123,1.42358,2.39498,4.63817,1.62492,0,0,0,0.000538868,0.000538868,0.000538868
216,7635.22,1.63947,2.82043,1.91351,1.79653,0.13122,0.10582,0.118,0.52307,0.60403,0.54867,0.33075,0.4558,0.53367,0.44262,0.20026,1.4502,2.42993,3.75671,1.65555,0,0,0,0.000537493,0.000537493,0.000537493
217,7670.19,1.69169,2.87195,1.98541,1.85294,0.13504,0.10497,0.11724,0.57527,0.56937,0.56796,0.34389,0.52257,0.51813,0.46614,0.21482,1.39132,2.36789,4.74148,1.61256,0,0,0,0.000536119,0.000536119,0.000536119
218,7705.54,1.72368,2.80362,1.94768,1.80784,0.13064,0.10397,0.11534,0.52485,0.55856,0.55756,0.32727,0.46223,0.49149,0.45004,0.20896,1.41944,2.42454,4.36089,1.63456,0,0,0,0.000534744,0.000534744,0.000534744
219,7740.35,1.67388,2.86326,1.95749,1.83837,0.12947,0.10393,0.11404,0.51759,0.56049,0.55793,0.32015,0.47167,0.48409,0.45502,0.1991,1.46213,2.42117,4.33961,1.66197,0,0,0,0.00053337,0.00053337,0.00053337
220,7775.67,1.74044,2.84891,1.92983,1.80107,0.12892,0.10302,0.11329,0.52858,0.58006,0.59399,0.36474,0.52759,0.46161,0.47579,0.21292,1.42307,2.36726,4.15401,1.61744,0,0,0,0.000531995,0.000531995,0.000531995
221,7810.93,1.67544,2.84825,1.94305,1.82155,0.13068,0.10489,0.11663,0.56894,0.59078,0.5968,0.37379,0.49611,0.52626,0.48297,0.23517,1.3932,2.35801,4.9214,1.60159,0,0,0,0.000530621,0.000530621,0.000530621
222,7846.15,1.67054,2.80968,1.88654,1.79657,0.13534,0.10887,0.1208,0.48581,0.64205,0.58842,0.37325,0.5061,0.50768,0.47677,0.22544,1.39561,2.35865,5.67318,1.5996,0,0,0,0.000529247,0.000529247,0.000529247
223,7881.26,1.65196,2.77158,1.89635,1.78308,0.12441,0.10121,0.11083,0.51627,0.65632,0.59856,0.35662,0.44966,0.51195,0.45336,0.20006,1.37898,2.33165,4.66004,1.5963,0,0,0,0.000527872,0.000527872,0.000527872
224,7916.36,1.66791,2.83483,1.9025,1.79237,0.1339,0.105,0.1164,0.48507,0.65261,0.60315,0.37313,0.42014,0.55576,0.48299,0.2193,1.36214,2.3277,4.63246,1.57849,0,0,0,0.000526498,0.000526498,0.000526498
225,7951.47,1.62047,2.83481,1.88842,1.78155,0.13119,0.10476,0.11513,0.5235,0.57696,0.56965,0.33893,0.43373,0.56199,0.47816,0.21626,1.37762,2.35027,4.80109,1.58418,0,0,0,0.000525123,0.000525123,0.000525123
226,7986.49,1.62891,2.71926,2.07322,1.76237,0.13126,0.10674,0.11676,0.48426,0.59082,0.55804,0.33157,0.44189,0.51901,0.45057,0.2045,1.40954,2.40275,4.77847,1.62087,0,0,0,0.000523749,0.000523749,0.000523749
227,8021.51,1.66765,2.8406,1.94831,1.80234,0.12927,0.10445,0.11572,0.52169,0.56613,0.53094,0.32118,0.44019,0.5015,0.42641,0.19364,1.44335,2.46925,4.29548,1.65173,0,0,0,0.000522374,0.000522374,0.000522374
228,8056.59,1.68166,2.80745,1.94703,1.82653,0.12819,0.10169,0.11316,0.60371,0.58075,0.59662,0.37921,0.53046,0.4975,0.4736,0.2232,1.37528,2.35641,4.26178,1.60049,0,0,0,0.000521,0.000521,0.000521
229,8091.67,1.70289,2.87503,1.96401,1.81441,0.13115,0.1053,0.11719,0.5585,0.56876,0.56824,0.35031,0.49893,0.47299,0.43757,0.19573,1.36683,2.37107,5.02681,1.58944,0,0,0,0.000519625,0.000519625,0.000519625
230,8126.77,1.66901,2.81797,1.90267,1.77741,0.13118,0.10705,0.11777,0.59233,0.55218,0.60513,0.38681,0.531,0.48246,0.47609,0.21771,1.3503,2.33508,5.18306,1.57764,0,0,0,0.000518251,0.000518251,0.000518251
231,8161.6,1.65007,2.83431,1.91341,1.78935,0.12388,0.10199,0.11215,0.50472,0.63361,0.60487,0.37956,0.46078,0.55485,0.49325,0.23073,1.37966,2.32515,4.82044,1.58678,0,0,0,0.000516877,0.000516877,0.000516877
232,8197.17,1.65568,2.76786,1.86141,1.79506,0.12951,0.10634,0.11633,0.56207,0.65137,0.62134,0.38774,0.51906,0.58226,0.5178,0.24369,1.34006,2.27982,4.7052,1.57227,0,0,0,0.000515502,0.000515502,0.000515502
233,8232.51,1.61084,2.74537,1.81152,1.75537,0.12679,0.10492,0.11589,0.5222,0.62159,0.60991,0.37266,0.48219,0.52411,0.49551,0.22614,1.3783,2.31178,4.56739,1.5855,0,0,0,0.000514128,0.000514128,0.000514128
234,8267.33,1.59581,2.75619,1.87226,1.77263,0.13107,0.10586,0.11699,0.58609,0.6086,0.62375,0.37776,0.52392,0.55696,0.50884,0.23084,1.33003,2.30697,5.28691,1.55601,0,0,0,0.000512753,0.000512753,0.000512753
235,8302.61,1.62259,2.78904,1.8235,1.77392,0.12962,0.10586,0.11695,0.56851,0.61642,0.60151,0.36572,0.51971,0.55263,0.49119,0.22879,1.37656,2.31806,5.47987,1.58041,0,0,0,0.000511379,0.000511379,0.000511379
236,8337.76,1.63081,2.70476,1.85526,1.74837,0.12864,0.10442,0.11513,0.48638,0.60897,0.59185,0.3587,0.42295,0.54613,0.47205,0.22135,1.4006,2.34603,4.1909,1.60432,0,0,0,0.000510004,0.000510004,0.000510004
237,8372.86,1.60161,2.75601,1.8241,1.76626,0.13008,0.10636,0.1167,0.47728,0.55212,0.57545,0.35762,0.43787,0.48625,0.46588,0.21547,1.38124,2.33102,4.57591,1.57837,0,0,0,0.00050863,0.00050863,0.00050863
238,8407.89,1.65204,2.7542,1.86839,1.79329,0.12818,0.10466,0.11456,0.51019,0.61655,0.61894,0.37606,0.44288,0.53995,0.50571,0.24541,1.38425,2.32261,5.10339,1.58886,0,0,0,0.000507255,0.000507255,0.000507255
239,8443.1,1.63522,2.74686,1.84116,1.76219,0.12558,0.10382,0.11352,0.58642,0.56052,0.62313,0.37234,0.51755,0.50913,0.51696,0.24647,1.38882,2.34013,4.24896,1.60094,0,0,0,0.000505881,0.000505881,0.000505881
240,8478,1.63259,2.7871,1.86915,1.78936,0.12684,0.10367,0.11301,0.58414,0.58646,0.63389,0.40937,0.50894,0.5241,0.51047,0.24544,1.29715,2.24094,4.44922,1.53448,0,0,0,0.000504506,0.000504506,0.000504506
241,8513.12,1.60534,2.75262,1.82381,1.76083,0.1302,0.10575,0.11635,0.52855,0.61599,0.59732,0.36503,0.48569,0.53077,0.4843,0.22208,1.35942,2.30733,4.82468,1.5634,0,0,0,0.000503132,0.000503132,0.000503132
242,8548.15,1.63028,2.7605,1.86134,1.74491,0.13279,0.10782,0.12001,0.56085,0.59829,0.62661,0.38955,0.49533,0.5234,0.49923,0.22759,1.36252,2.27212,4.30003,1.56535,0,0,0,0.000501758,0.000501758,0.000501758
243,8583.26,1.63857,2.72281,1.80953,1.75755,0.13069,0.10558,0.11584,0.55921,0.62632,0.60557,0.39365,0.48195,0.55259,0.47501,0.2234,1.32925,2.25443,5.43007,1.55077,0,0,0,0.000500383,0.000500383,0.000500383
244,8618.27,1.61959,2.72892,1.80986,1.76709,0.12828,0.10283,0.1137,0.5238,0.64633,0.63022,0.39913,0.47274,0.54617,0.49975,0.24193,1.33353,2.26391,5.16322,1.54698,0,0,0,0.000499009,0.000499009,0.000499009
245,8653.11,1.61972,2.7376,1.84195,1.77616,0.12494,0.1026,0.11321,0.55417,0.64223,0.61706,0.3908,0.47971,0.54832,0.49373,0.23847,1.34272,2.27374,5.04176,1.54824,0,0,0,0.000497634,0.000497634,0.000497634
246,8688.2,1.63347,2.75852,1.83675,1.76409,0.13437,0.11131,0.12227,0.56661,0.64378,0.60857,0.39421,0.50462,0.575,0.49791,0.235,1.30906,2.26769,4.42581,1.53673,0,0,0,0.00049626,0.00049626,0.00049626
247,8723.09,1.59311,2.76797,1.82545,1.76,0.13381,0.10742,0.1187,0.57156,0.62126,0.61046,0.38159,0.51246,0.55443,0.49434,0.23297,1.34283,2.29626,4.69264,1.55019,0,0,0,0.000494885,0.000494885,0.000494885
248,8758.4,1.61237,2.75294,1.81573,1.74839,0.12025,0.09754,0.1078,0.46573,0.65731,0.56975,0.34221,0.395,0.56426,0.44118,0.19147,1.41439,2.38821,4.46683,1.61554,0,0,0,0.000493511,0.000493511,0.000493511
249,8793.35,1.62072,2.68458,1.84175,1.739,0.12784,0.10398,0.11394,0.59163,0.55708,0.60996,0.37463,0.52982,0.50178,0.50551,0.23579,1.39409,2.34755,4.07114,1.595,0,0,0,0.000492136,0.000492136,0.000492136
250,8828.4,1.6316,2.73816,1.81078,1.73599,0.1222,0.10266,0.11286,0.61317,0.60268,0.63051,0.40083,0.55573,0.52631,0.52976,0.25742,1.32593,2.26459,3.77945,1.55389,0,0,0,0.000490762,0.000490762,0.000490762
251,8863.66,1.59221,2.72131,1.8364,1.75951,0.12638,0.10447,0.11464,0.5969,0.59099,0.63704,0.41011,0.54299,0.52859,0.53261,0.26614,1.30671,2.23496,4.05497,1.54092,0,0,0,0.000489387,0.000489387,0.000489387
252,8898.75,1.61782,2.72896,1.79653,1.7643,0.12962,0.10563,0.11674,0.58592,0.60723,0.62898,0.39677,0.52369,0.5372,0.50517,0.24455,1.33139,2.28601,4.67484,1.55757,0,0,0,0.000488013,0.000488013,0.000488013
253,8934.08,1.59125,2.69157,1.81542,1.75591,0.12269,0.10043,0.1113,0.54244,0.63297,0.60714,0.37269,0.46414,0.53811,0.47563,0.22499,1.34785,2.24089,4.99294,1.55072,0,0,0,0.000486639,0.000486639,0.000486639
254,8969.34,1.65489,2.70838,1.79054,1.7388,0.12473,0.10339,0.11369,0.53696,0.6429,0.6307,0.4049,0.50349,0.50865,0.48924,0.24012,1.30864,2.2234,5.94236,1.53251,0,0,0,0.000485264,0.000485264,0.000485264
255,9004.33,1.59081,2.76873,1.80563,1.72546,0.12471,0.10464,0.11397,0.62629,0.59025,0.64024,0.39718,0.51864,0.55436,0.5065,0.25163,1.31065,2.25989,4.25301,1.53963,0,0,0,0.00048389,0.00048389,0.00048389
256,9039.31,1.56247,2.72391,1.81117,1.74071,0.13295,0.10792,0.11916,0.55718,0.6206,0.63465,0.40181,0.49299,0.56009,0.51504,0.25354,1.3343,2.2973,3.52796,1.56463,0,0,0,0.000482515,0.000482515,0.000482515
257,9074.21,1.57961,2.6419,1.78825,1.73147,0.12588,0.10275,0.11348,0.57607,0.62344,0.64628,0.41382,0.52443,0.5577,0.54434,0.28281,1.30621,2.24975,4.19693,1.53768,0,0,0,0.000481141,0.000481141,0.000481141
258,9109.68,1.58306,2.68787,1.76805,1.71345,0.12322,0.10154,0.11086,0.53093,0.667,0.65582,0.42917,0.4525,0.58489,0.53282,0.27399,1.26347,2.1794,4.70642,1.4942,0,0,0,0.000479766,0.000479766,0.000479766
259,9144.77,1.59688,2.71059,1.82406,1.76332,0.12781,0.10473,0.11543,0.55066,0.63296,0.64758,0.42342,0.47383,0.57954,0.53121,0.27409,1.27434,2.19211,5.15628,1.5035,0,0,0,0.000478392,0.000478392,0.000478392
260,9179.97,1.56301,2.64983,1.71297,1.70294,0.1302,0.10838,0.11877,0.53602,0.66916,0.65174,0.42939,0.47143,0.60819,0.53976,0.27645,1.26126,2.17965,4.61221,1.50853,0,0,0,0.000477017,0.000477017,0.000477017
261,9215.24,1.5885,2.66243,1.75394,1.70841,0.12972,0.10813,0.11906,0.53826,0.67515,0.64854,0.4219,0.48881,0.58377,0.52457,0.25962,1.28781,2.21296,4.24442,1.51659,0,0,0,0.000475643,0.000475643,0.000475643
262,9250.24,1.60316,2.72451,1.76988,1.75192,0.13073,0.10633,0.11839,0.60472,0.61557,0.64778,0.42201,0.52749,0.54957,0.53615,0.26305,1.27275,2.19989,5.54487,1.50559,0,0,0,0.000474269,0.000474269,0.000474269
263,9285.24,1.54405,2.59059,1.76678,1.71171,0.12434,0.09932,0.10968,0.56124,0.63662,0.64972,0.42381,0.54935,0.53907,0.53958,0.26721,1.28262,2.20068,4.72343,1.51023,0,0,0,0.000472894,0.000472894,0.000472894
264,9320.29,1.5797,2.67098,1.75453,1.71763,0.12251,0.09959,0.1099,0.56574,0.61271,0.63348,0.41426,0.55461,0.51591,0.5295,0.25735,1.29407,2.23436,4.51018,1.51767,0,0,0,0.00047152,0.00047152,0.00047152
265,9355.29,1.55616,2.60947,1.72111,1.70152,0.12331,0.10462,0.11411,0.57147,0.62273,0.63153,0.40604,0.50231,0.54962,0.50744,0.24703,1.31458,2.24059,4.26254,1.5308,0,0,0,0.000470145,0.000470145,0.000470145
266,9390.31,1.57935,2.65794,1.74112,1.72727,0.12636,0.10447,0.11456,0.54514,0.64604,0.62682,0.39762,0.45661,0.57693,0.49334,0.23202,1.31014,2.25421,4.70403,1.54343,0,0,0,0.000468771,0.000468771,0.000468771
267,9425.28,1.5315,2.63043,1.72558,1.69959,0.12241,0.10338,0.11253,0.56347,0.64243,0.65902,0.42711,0.50022,0.56867,0.54954,0.27954,1.26936,2.19149,5.09332,1.50087,0,0,0,0.000467396,0.000467396,0.000467396
268,9460.8,1.56234,2.55192,1.71539,1.67956,0.12428,0.10362,0.11337,0.55123,0.69263,0.66776,0.43968,0.49032,0.60274,0.54988,0.2673,1.26044,2.19582,4.65726,1.49195,0,0,0,0.000466022,0.000466022,0.000466022
269,9496.03,1.56303,2.63987,1.7159,1.71346,0.12379,0.10232,0.11267,0.61292,0.62688,0.67108,0.43349,0.58576,0.54355,0.565,0.28347,1.25688,2.1724,4.67505,1.48541,0,0,0,0.000464647,0.000464647,0.000464647
270,9531.57,1.56422,2.70514,1.73728,1.71147,0.12826,0.10601,0.1163,0.58996,0.57929,0.64377,0.42034,0.52773,0.51568,0.54431,0.27451,1.27922,2.18801,3.89937,1.50889,0,0,0,0.000463273,0.000463273,0.000463273
271,9566.47,1.59422,2.63227,1.74577,1.73334,0.12464,0.10369,0.11394,0.59164,0.55079,0.61835,0.40086,0.54812,0.47329,0.50674,0.23278,1.32936,2.28558,3.77705,1.54896,0,0,0,0.000461898,0.000461898,0.000461898
272,9601.21,1.55922,2.59602,1.75092,1.69876,0.12688,0.10454,0.11528,0.66639,0.61269,0.64261,0.41462,0.59348,0.53428,0.52143,0.26475,1.30687,2.22178,4.0438,1.52584,0,0,0,0.000460524,0.000460524,0.000460524
273,9636.34,1.61529,2.65548,1.77139,1.72654,0.1242,0.10137,0.11224,0.60711,0.68322,0.66153,0.43252,0.56715,0.5753,0.55793,0.28693,1.27639,2.16532,4.51854,1.50559,0,0,0,0.00045915,0.00045915,0.00045915
274,9671.41,1.54611,2.6853,1.71335,1.69775,0.1232,0.10025,0.11087,0.56999,0.62816,0.6415,0.39764,0.49659,0.53754,0.52551,0.24622,1.30099,2.23268,4.71239,1.51812,0,0,0,0.000457775,0.000457775,0.000457775
275,9706.48,1.58757,2.63016,1.75543,1.71814,0.12681,0.10642,0.11663,0.55968,0.62775,0.64253,0.39543,0.50753,0.52451,0.51983,0.23912,1.31412,2.28378,5.06186,1.54097,0,0,0,0.000456401,0.000456401,0.000456401
276,9741.55,1.5638,2.66754,1.73475,1.71381,0.12229,0.10208,0.11139,0.53963,0.70172,0.66049,0.43579,0.4598,0.62974,0.55041,0.27403,1.26918,2.14818,5.17438,1.49925,0,0,0,0.000455026,0.000455026,0.000455026
277,9776.34,1.55654,2.65088,1.76815,1.70891,0.12638,0.10271,0.11417,0.608,0.62027,0.66135,0.42832,0.55554,0.53078,0.55572,0.28067,1.24866,2.14849,4.69798,1.49272,0,0,0,0.000453652,0.000453652,0.000453652
278,9811.61,1.56076,2.59552,1.69618,1.69697,0.12252,0.10319,0.1124,0.56998,0.67875,0.67594,0.4341,0.50785,0.60754,0.57392,0.294,1.22375,2.10565,4.5086,1.48346,0,0,0,0.000452277,0.000452277,0.000452277
279,9846.73,1.53669,2.59216,1.70587,1.70222,0.12735,0.10567,0.11622,0.58413,0.64622,0.66957,0.4384,0.51322,0.56972,0.56447,0.28499,1.21868,2.0783,5.22447,1.46774,0,0,0,0.000450903,0.000450903,0.000450903
280,9881.96,1.55274,2.66094,1.70802,1.68125,0.12791,0.1081,0.1183,0.59169,0.66985,0.66692,0.42843,0.51672,0.58253,0.54597,0.27245,1.20814,2.11572,5.50415,1.45567,0,0,0,0.000449528,0.000449528,0.000449528
281,9917.19,1.53986,2.61696,1.73676,1.69489,0.12761,0.10668,0.11733,0.56544,0.66488,0.66491,0.43705,0.51149,0.55582,0.54702,0.28729,1.25196,2.14315,4.79551,1.49023,0,0,0,0.000448154,0.000448154,0.000448154
282,9951.98,1.53187,2.60137,1.72709,1.70454,0.12712,0.10383,0.11429,0.55137,0.67328,0.63606,0.39786,0.48155,0.59378,0.52132,0.2528,1.27964,2.15428,4.59248,1.50891,0,0,0,0.00044678,0.00044678,0.00044678
283,9987.07,1.54489,2.56542,1.65318,1.66936,0.12457,0.10332,0.11351,0.57069,0.68487,0.6642,0.42678,0.52793,0.5894,0.55762,0.27822,1.28437,2.18518,4.05415,1.51296,0,0,0,0.000445405,0.000445405,0.000445405
284,10022,1.52336,2.61167,1.71334,1.69405,0.12248,0.10041,0.11047,0.57706,0.69831,0.65379,0.42493,0.51526,0.60929,0.54416,0.27718,1.23397,2.14132,4.78624,1.46992,0,0,0,0.000444031,0.000444031,0.000444031
285,10057.3,1.55706,2.65512,1.70778,1.68522,0.13196,0.1082,0.11949,0.54534,0.69643,0.6525,0.43655,0.45897,0.63202,0.53726,0.27335,1.21449,2.08125,5.17749,1.46438,0,0,0,0.000442656,0.000442656,0.000442656
286,10092.3,1.53901,2.56144,1.69488,1.68331,0.11805,0.09685,0.10702,0.57508,0.66442,0.65273,0.42646,0.54948,0.5446,0.54477,0.27066,1.23419,2.11132,4.84709,1.46985,0,0,0,0.000441282,0.000441282,0.000441282
287,10127.4,1.54317,2.60084,1.75058,1.6685,0.11638,0.09554,0.10583,0.6115,0.6266,0.64908,0.41463,0.60271,0.53939,0.53835,0.26618,1.27831,2.13954,4.95844,1.51021,0,0,0,0.000439907,0.000439907,0.000439907
288,10162.4,1.54007,2.60924,1.69658,1.68923,0.13038,0.10717,0.1187,0.59942,0.65326,0.64456,0.42452,0.52252,0.57692,0.52891,0.26824,1.22868,2.10732,5.65703,1.46402,0,0,0,0.000438533,0.000438533,0.000438533
289,10197.6,1.57371,2.62461,1.70527,1.71321,0.12286,0.10317,0.1135,0.55395,0.67667,0.66005,0.43203,0.48548,0.60625,0.55011,0.28588,1.23754,2.1049,4.84126,1.47381,0,0,0,0.000437158,0.000437158,0.000437158
290,10232.7,1.55698,2.60377,1.713,1.71201,0.12638,0.10501,0.11599,0.6613,0.58559,0.65943,0.42023,0.59463,0.53091,0.55789,0.28684,1.26771,2.11428,4.53981,1.49023,0,0,0,0.000435784,0.000435784,0.000435784
291,10267.7,1.54915,2.593,1.72906,1.68313,0.12718,0.10567,0.11553,0.58673,0.66586,0.66897,0.4325,0.51893,0.5791,0.53651,0.27767,1.24332,2.14106,4.73702,1.47986,0,0,0,0.000434409,0.000434409,0.000434409
292,10302.5,1.55963,2.60382,1.76061,1.72708,0.12554,0.10058,0.11298,0.55227,0.6969,0.65453,0.43495,0.49466,0.62069,0.54004,0.26905,1.22868,2.09064,4.56942,1.47233,0,0,0,0.000433035,0.000433035,0.000433035
293,10337.8,1.55683,2.54546,1.71123,1.69821,0.11885,0.10151,0.11064,0.59392,0.67078,0.68157,0.45944,0.53172,0.60038,0.57037,0.29855,1.20632,2.06536,4.90065,1.44265,0,0,0,0.000431661,0.000431661,0.000431661
294,10373.1,1.54585,2.60102,1.68162,1.67368,0.12162,0.10145,0.11146,0.58155,0.69624,0.67511,0.45656,0.52196,0.63126,0.57018,0.28717,1.21688,2.09326,4.68177,1.45694,0,0,0,0.000430286,0.000430286,0.000430286
295,10408.5,1.52783,2.63124,1.66243,1.65877,0.12411,0.1042,0.1147,0.60362,0.68112,0.68243,0.4642,0.56219,0.58577,0.56303,0.30256,1.21897,2.0963,4.91488,1.45352,0,0,0,0.000428912,0.000428912,0.000428912
296,10443.6,1.51868,2.56437,1.66734,1.66622,0.12092,0.10094,0.11091,0.56355,0.71199,0.69238,0.46755,0.55411,0.56911,0.58193,0.30746,1.1987,2.06553,4.44391,1.43721,0,0,0,0.000427537,0.000427537,0.000427537
297,10479,1.51445,2.54402,1.653,1.66812,0.1278,0.10666,0.1178,0.57909,0.70312,0.67993,0.46778,0.51174,0.61944,0.56265,0.30223,1.19674,2.06774,4.78619,1.43732,0,0,0,0.000426163,0.000426163,0.000426163
298,10514.2,1.50268,2.56074,1.66068,1.65355,0.11936,0.09954,0.10984,0.56999,0.70654,0.6852,0.48308,0.5163,0.60865,0.57347,0.31254,1.20046,2.06293,4.5183,1.4399,0,0,0,0.000424788,0.000424788,0.000424788
299,10549.3,1.52178,2.59579,1.6763,1.6712,0.1221,0.10311,0.11314,0.58737,0.70309,0.68434,0.46819,0.52743,0.62725,0.57283,0.30431,1.22122,2.09356,4.74064,1.45693,0,0,0,0.000423414,0.000423414,0.000423414
300,10584.5,1.54246,2.60987,1.70819,1.6871,0.12688,0.10436,0.11499,0.59659,0.70412,0.68425,0.48027,0.562,0.6061,0.58516,0.30968,1.18648,2.06558,4.57001,1.43713,0,0,0,0.000422039,0.000422039,0.000422039
301,10619.7,1.54569,2.62716,1.67107,1.6912,0.1259,0.10541,0.11467,0.62509,0.67235,0.69027,0.47046,0.57588,0.58682,0.58554,0.30776,1.19853,2.03547,5.03814,1.44468,0,0,0,0.000420665,0.000420665,0.000420665
302,10654.8,1.51952,2.49172,1.66995,1.67494,0.11541,0.09632,0.1062,0.59943,0.69998,0.68463,0.46784,0.56403,0.58769,0.56082,0.30485,1.19224,2.05651,4.39584,1.44449,0,0,0,0.000419291,0.000419291,0.000419291
303,10689.8,1.53507,2.52782,1.66865,1.68866,0.12364,0.10446,0.11498,0.59632,0.69168,0.67034,0.45111,0.52228,0.61988,0.5534,0.28402,1.19049,2.08389,4.31244,1.44309,0,0,0,0.000417916,0.000417916,0.000417916
304,10724.8,1.52687,2.55017,1.62147,1.6486,0.12064,0.10255,0.11293,0.57835,0.67822,0.68444,0.46494,0.55041,0.56502,0.55682,0.29357,1.17698,2.04486,4.53316,1.42329,0,0,0,0.000416542,0.000416542,0.000416542
305,10760.1,1.50986,2.5692,1.66666,1.65286,0.11832,0.09825,0.10842,0.61227,0.69077,0.6675,0.45531,0.56618,0.57295,0.55687,0.27769,1.21789,2.08283,4.8136,1.4571,0,0,0,0.000415167,0.000415167,0.000415167
306,10795.1,1.55508,2.62804,1.66576,1.68887,0.12261,0.10418,0.11382,0.59519,0.70507,0.6728,0.46062,0.53022,0.62662,0.56991,0.28994,1.18884,2.04493,4.69573,1.43309,0,0,0,0.000413793,0.000413793,0.000413793
307,10830.2,1.4829,2.50901,1.63097,1.63515,0.12171,0.10106,0.11163,0.58925,0.67951,0.66922,0.4635,0.50514,0.64372,0.57005,0.30412,1.17026,2.02058,4.85947,1.41579,0,0,0,0.000412418,0.000412418,0.000412418
308,10865.1,1.51988,2.55946,1.66693,1.6696,0.12327,0.10399,0.11343,0.62816,0.64203,0.66626,0.45038,0.57924,0.55207,0.57028,0.30101,1.22965,2.06007,4.46652,1.4539,0,0,0,0.000411044,0.000411044,0.000411044
309,10900.2,1.50035,2.51397,1.62972,1.65316,0.11878,0.10157,0.11036,0.59896,0.69664,0.67143,0.45532,0.59527,0.56355,0.56902,0.29826,1.19537,2.01951,4.98322,1.43826,0,0,0,0.000409669,0.000409669,0.000409669
310,10935.2,1.46452,2.50689,1.96036,1.62675,0.11894,0.10184,0.11066,0.59331,0.68774,0.67958,0.4665,0.52912,0.60768,0.56505,0.30019,1.1932,2.0169,5.15788,1.43919,0,0,0,0.000408295,0.000408295,0.000408295
311,10970,1.48163,2.48792,1.65936,1.66648,0.11699,0.0981,0.10766,0.5578,0.68163,0.66801,0.45497,0.49796,0.62067,0.55509,0.2925,1.19711,2.03508,4.9507,1.43193,0,0,0,0.00040692,0.00040692,0.00040692
312,11005.2,1.51327,2.63062,1.65112,1.66832,0.13137,0.11124,0.12194,0.60716,0.67336,0.67487,0.44882,0.54247,0.59608,0.56016,0.29251,1.23313,2.11007,4.48154,1.45931,0,0,0,0.000405546,0.000405546,0.000405546
313,11040.2,1.51261,2.50521,1.67455,1.68176,0.11938,0.10195,0.11141,0.64672,0.66061,0.67744,0.45994,0.57828,0.57725,0.56551,0.29907,1.23662,2.1082,4.24396,1.46557,0,0,0,0.000404172,0.000404172,0.000404172
314,11075.2,1.49533,2.49973,1.58931,1.62476,0.11592,0.09915,0.10858,0.58816,0.70664,0.68056,0.47394,0.51529,0.64816,0.56602,0.2895,1.22065,2.09898,4.75292,1.45013,0,0,0,0.000402797,0.000402797,0.000402797
315,11110.2,1.50013,2.56181,1.68401,1.66348,0.12634,0.10361,0.11474,0.59792,0.67788,0.66493,0.46176,0.53524,0.59639,0.55618,0.28727,1.23084,2.07347,4.726,1.45006,0,0,0,0.000401423,0.000401423,0.000401423
316,11145.2,1.50272,2.50313,1.65713,1.64781,0.12039,0.10229,0.11161,0.61277,0.66073,0.67309,0.46261,0.5331,0.59708,0.55904,0.28967,1.1943,2.01541,4.6825,1.42361,0,0,0,0.000400048,0.000400048,0.000400048
317,11180.1,1.49911,2.55008,1.65535,1.66168,0.12413,0.10447,0.11471,0.6366,0.6724,0.68031,0.4751,0.53718,0.63021,0.56637,0.30209,1.18431,2.00703,4.8539,1.42255,0,0,0,0.000398674,0.000398674,0.000398674
318,11215,1.47823,2.47009,1.62988,1.65253,0.11557,0.09774,0.10803,0.64552,0.64594,0.68991,0.46585,0.58464,0.58808,0.57629,0.30985,1.20044,2.03004,5.00132,1.42982,0,0,0,0.000397299,0.000397299,0.000397299
319,11250.2,1.49026,2.5016,1.61585,1.63195,0.12204,0.10301,0.11238,0.60211,0.67259,0.68721,0.47201,0.59435,0.55963,0.56934,0.30705,1.17813,2.05808,4.99186,1.4222,0,0,0,0.000395925,0.000395925,0.000395925
320,11285.1,1.48293,2.53497,1.6028,1.64707,0.12099,0.10288,0.1123,0.63104,0.64838,0.66997,0.45617,0.54829,0.5865,0.5608,0.29101,1.23859,2.09124,4.58751,1.46878,0,0,0,0.00039455,0.00039455,0.00039455
321,11320.1,1.47722,2.54384,1.5984,1.62926,0.12121,0.10214,0.11289,0.61243,0.62305,0.66687,0.44414,0.51088,0.56317,0.54808,0.29649,1.2501,2.10011,4.62793,1.47522,0,0,0,0.000393176,0.000393176,0.000393176
322,11355.2,1.48051,2.50878,1.61266,1.60977,0.1119,0.09561,0.10524,0.66461,0.61183,0.67928,0.44846,0.61056,0.52264,0.5704,0.29871,1.22808,2.04655,4.37828,1.4579,0,0,0,0.000391802,0.000391802,0.000391802
323,11390.2,1.4763,2.53003,1.56865,1.63134,0.12366,0.10411,0.11411,0.60827,0.71382,0.69799,0.47959,0.539,0.63781,0.58811,0.31446,1.16781,1.96642,5.09769,1.41224,0,0,0,0.000390427,0.000390427,0.000390427
324,11425.4,1.49885,2.49093,1.64755,1.63916,0.12389,0.10478,0.11548,0.65638,0.67618,0.71058,0.49496,0.55248,0.63329,0.5969,0.32314,1.18212,1.96676,4.92573,1.41917,0,0,0,0.000389053,0.000389053,0.000389053
325,11460.8,1.48163,2.55078,1.64012,1.63515,0.12024,0.10235,0.11209,0.6842,0.62866,0.7097,0.47416,0.61868,0.56093,0.59928,0.3141,1.22195,2.02094,4.26985,1.44628,0,0,0,0.000387678,0.000387678,0.000387678
326,11495.8,1.44532,2.49472,1.5727,1.6344,0.12531,0.10512,0.11478,0.58864,0.70627,0.71302,0.4859,0.52448,0.61435,0.60274,0.32111,1.17306,1.95603,5.00962,1.40901,0,0,0,0.000386304,0.000386304,0.000386304
327,11530.9,1.52226,2.52118,1.60908,1.63252,0.11544,0.09633,0.10682,0.58966,0.68508,0.71113,0.5003,0.55555,0.61221,0.61577,0.34073,1.13675,1.9583,5.09534,1.39239,0,0,0,0.000384929,0.000384929,0.000384929
328,11566.3,1.51092,2.50556,1.5875,1.61891,0.12312,0.1039,0.11422,0.68392,0.62428,0.70306,0.48023,0.64975,0.55749,0.60469,0.32348,1.15376,1.98552,4.80435,1.41071,0,0,0,0.000383555,0.000383555,0.000383555
329,11601.2,1.50554,2.52063,1.65333,1.67509,0.12258,0.10286,0.11314,0.64542,0.67476,0.71464,0.49762,0.59522,0.60945,0.61723,0.3373,1.14053,1.95829,4.53216,1.39876,0,0,0,0.00038218,0.00038218,0.00038218
330,11636.2,1.47894,2.52498,1.60833,1.6398,0.12058,0.10077,0.1108,0.64187,0.68983,0.71075,0.49637,0.57232,0.64283,0.60607,0.32473,1.15014,1.9785,4.64813,1.40136,0,0,0,0.000380806,0.000380806,0.000380806
331,11671.4,1.47178,2.49805,1.58175,1.62652,0.11952,0.10184,0.11114,0.59994,0.72552,0.71365,0.4986,0.54682,0.64737,0.60205,0.31797,1.14934,1.96756,4.55989,1.39608,0,0,0,0.000379431,0.000379431,0.000379431
332,11706.4,1.47319,2.50757,1.61366,1.62223,0.12468,0.10526,0.11466,0.61721,0.72206,0.70367,0.49532,0.57241,0.63397,0.58481,0.32091,1.1429,1.95532,5.64781,1.39018,0,0,0,0.000378057,0.000378057,0.000378057
333,11741.4,1.51002,2.4942,1.64839,1.65511,0.11576,0.09737,0.10759,0.6303,0.70096,0.70931,0.498,0.63039,0.58996,0.60161,0.32034,1.16673,2.0032,5.14174,1.40503,0,0,0,0.000376683,0.000376683,0.000376683
334,11776.5,1.4829,2.51237,1.60297,1.61553,0.11961,0.10141,0.11139,0.6258,0.71462,0.71167,0.50843,0.60533,0.6074,0.60844,0.32374,1.12243,1.97364,4.97277,1.38412,0,0,0,0.000375308,0.000375308,0.000375308
335,11811.2,1.44249,2.50136,1.59846,1.64179,0.11863,0.09907,0.1088,0.62254,0.69245,0.71,0.49471,0.5551,0.61723,0.59673,0.31764,1.13488,1.96997,5.01441,1.39344,0,0,0,0.000373934,0.000373934,0.000373934
336,11846.2,1.4814,2.46855,1.61721,1.628,0.11856,0.10216,0.11052,0.60475,0.73036,0.69683,0.48173,0.56063,0.64307,0.5879,0.30807,1.14769,1.96142,4.97675,1.39532,0,0,0,0.000372559,0.000372559,0.000372559
337,11881.4,1.47186,2.48537,1.55915,1.61521,0.12253,0.10589,0.11547,0.56318,0.73923,0.70031,0.48684,0.51655,0.63526,0.58075,0.31536,1.12544,1.94146,4.81135,1.38711,0,0,0,0.000371185,0.000371185,0.000371185
338,11916.9,1.46419,2.45877,1.55435,1.623,0.121,0.10334,0.11276,0.57492,0.72307,0.69675,0.48626,0.5616,0.5761,0.57075,0.3118,1.13245,1.96292,5.05093,1.38676,0,0,0,0.00036981,0.00036981,0.00036981
339,11951.9,1.47739,2.51768,1.59814,1.62424,0.12046,0.10124,0.11144,0.56767,0.72446,0.70301,0.48387,0.50256,0.64195,0.58621,0.32324,1.12022,1.93937,6.03414,1.37479,0,0,0,0.000368436,0.000368436,0.000368436
340,11987,1.47359,2.51285,1.60921,1.62851,0.11922,0.10107,0.11059,0.56408,0.7137,0.70687,0.49253,0.53791,0.5972,0.58196,0.31656,1.11521,1.94345,5.04379,1.3723,0,0,0,0.000367061,0.000367061,0.000367061
341,12022,1.45215,2.42526,1.57316,1.60488,0.11484,0.0986,0.10796,0.58337,0.68673,0.70401,0.4828,0.57469,0.55454,0.58381,0.30654,1.13359,1.9712,4.28067,1.38695,0,0,0,0.000365687,0.000365687,0.000365687
342,12057,1.46804,2.50844,1.62538,1.62977,0.11557,0.09712,0.10641,0.57006,0.72254,0.70274,0.48803,0.5249,0.61936,0.59302,0.31283,1.15053,1.9904,3.8093,1.40344,0,0,0,0.000364313,0.000364313,0.000364313
343,12092,1.45479,2.43809,1.63107,1.60599,0.11718,0.10042,0.10966,0.57858,0.68231,0.70858,0.49605,0.54608,0.59253,0.60248,0.3237,1.12899,1.946,4.37146,1.37891,0,0,0,0.000362938,0.000362938,0.000362938
344,12127.1,1.4557,2.48332,1.56778,1.61414,0.12467,0.10632,0.11674,0.5688,0.71487,0.70847,0.50084,0.55972,0.58418,0.59463,0.32836,1.14345,1.92644,4.48491,1.38095,0,0,0,0.000361564,0.000361564,0.000361564
345,12162,1.4409,2.40268,1.58372,1.63072,0.11804,0.10085,0.11032,0.60848,0.71819,0.7088,0.49887,0.58617,0.61076,0.59278,0.32317,1.12993,1.93739,4.61851,1.37412,0,0,0,0.000360189,0.000360189,0.000360189
346,12197,1.51755,2.48402,1.62759,1.65041,0.11877,0.10111,0.11035,0.6128,0.73768,0.71248,0.50035,0.57201,0.651,0.5995,0.31927,1.12198,1.92783,4.88059,1.36815,0,0,0,0.000358815,0.000358815,0.000358815
347,12232.1,1.49188,2.42476,1.58634,1.62388,0.11167,0.09329,0.10314,0.60701,0.72067,0.71286,0.50407,0.57998,0.62801,0.59541,0.31676,1.1108,1.92216,5.11124,1.35938,0,0,0,0.00035744,0.00035744,0.00035744
348,12267,1.47641,2.50588,1.57235,1.6163,0.11654,0.09987,0.10964,0.59363,0.72227,0.71783,0.50658,0.5711,0.62645,0.59947,0.33034,1.10131,1.94467,5.42018,1.357,0,0,0,0.000356066,0.000356066,0.000356066
349,12302,1.4269,2.44908,1.54844,1.60372,0.1218,0.1024,0.1127,0.61812,0.70922,0.72656,0.51483,0.57022,0.64819,0.61612,0.34427,1.09279,1.9104,5.372,1.35228,0,0,0,0.000354691,0.000354691,0.000354691
350,12337.3,1.42539,2.42071,1.53178,1.5948,0.12026,0.10309,0.11321,0.60713,0.74851,0.72409,0.5236,0.55686,0.67578,0.61685,0.33408,1.11855,1.97183,5.31021,1.36969,0,0,0,0.000353317,0.000353317,0.000353317
351,12372.3,1.4193,2.45897,1.53238,1.60261,0.12312,0.10466,0.11392,0.61866,0.73138,0.71877,0.50717,0.58475,0.63816,0.61491,0.32605,1.10683,1.97557,5.84145,1.36739,0,0,0,0.000351942,0.000351942,0.000351942
352,12407.5,1.41876,2.4557,1.56864,1.60015,0.1222,0.10355,0.11286,0.61809,0.73518,0.72116,0.51689,0.55401,0.66513,0.61427,0.33901,1.07537,1.92558,5.48518,1.34505,0,0,0,0.000350568,0.000350568,0.000350568
353,12442.5,1.47495,2.43313,1.57171,1.60627,0.11564,0.09936,0.1094,0.60778,0.73961,0.71301,0.51035,0.54267,0.67113,0.60856,0.33579,1.10179,1.92669,4.96961,1.36362,0,0,0,0.000349194,0.000349194,0.000349194
354,12477.7,1.4772,2.43709,1.57979,1.62156,0.1108,0.09688,0.10593,0.62057,0.7281,0.71344,0.50082,0.56803,0.64692,0.60628,0.32516,1.12278,1.95763,4.94824,1.3776,0,0,0,0.000347819,0.000347819,0.000347819
355,12512.8,1.41153,2.39791,1.51971,1.5649,0.11764,0.10293,0.11162,0.6536,0.72136,0.71647,0.50437,0.59241,0.64698,0.61098,0.32487,1.11127,1.94096,5.15408,1.36195,0,0,0,0.000346445,0.000346445,0.000346445
356,12547.8,1.42598,2.40508,1.52475,1.58754,0.11871,0.10168,0.11257,0.65281,0.7169,0.71538,0.51349,0.60746,0.6312,0.61113,0.32877,1.10237,1.92924,5.15292,1.35824,0,0,0,0.00034507,0.00034507,0.00034507
357,12582.8,1.4327,2.43769,1.52635,1.58573,0.12059,0.10209,0.1121,0.63257,0.70514,0.71651,0.50977,0.5737,0.64162,0.61342,0.33097,1.12206,1.93081,5.16048,1.36722,0,0,0,0.000343696,0.000343696,0.000343696
358,12617.6,1.39135,2.34291,1.52378,1.57749,0.1192,0.10007,0.11003,0.60252,0.73317,0.72195,0.51162,0.5574,0.67512,0.62003,0.33183,1.102,1.90126,5.27126,1.35442,0,0,0,0.000342321,0.000342321,0.000342321
359,12652.7,1.43465,2.4258,1.5456,1.57787,0.1212,0.1042,0.1132,0.64207,0.7266,0.71722,0.49905,0.58385,0.65967,0.6108,0.34001,1.12344,1.9258,5.33879,1.36919,0,0,0,0.000340947,0.000340947,0.000340947
360,12687.7,1.45448,2.42385,1.59364,1.60513,0.11529,0.097,0.10756,0.64849,0.7176,0.71963,0.50004,0.59296,0.65038,0.60272,0.32665,1.13374,1.96199,4.88933,1.38278,0,0,0,0.000339572,0.000339572,0.000339572
361,12722.8,1.40107,2.33986,1.5141,1.59686,0.11766,0.10311,0.11234,0.62905,0.72272,0.71757,0.51654,0.55241,0.68648,0.61382,0.32881,1.13866,1.98176,5.49221,1.37976,0,0,0,0.000338198,0.000338198,0.000338198
362,12758.1,1.44867,2.43617,1.49954,1.58706,0.12224,0.1054,0.11473,0.59527,0.76146,0.72832,0.52847,0.55212,0.67991,0.62772,0.33659,1.09208,1.89718,5.55678,1.34248,0,0,0,0.000336824,0.000336824,0.000336824
363,12793.2,1.39014,2.34421,1.45733,1.55828,0.11499,0.10062,0.10934,0.67095,0.68592,0.73131,0.52641,0.62243,0.62414,0.63092,0.35507,1.07758,1.87616,5.2595,1.34099,0,0,0,0.000335449,0.000335449,0.000335449
364,12828.7,1.41207,2.38707,1.5294,1.58656,0.12425,0.10637,0.11646,0.63533,0.72084,0.7307,0.52677,0.57542,0.65924,0.63662,0.35282,1.07962,1.87404,4.83644,1.3402,0,0,0,0.000334075,0.000334075,0.000334075
365,12863.6,1.38981,2.3408,1.5416,1.57156,0.11557,0.09723,0.10718,0.61599,0.71456,0.72436,0.50965,0.60052,0.60341,0.63731,0.35291,1.08696,1.87419,4.99102,1.34336,0,0,0,0.0003327,0.0003327,0.0003327
366,12898.6,1.44005,2.37355,1.57537,1.57769,0.11286,0.0972,0.10666,0.57235,0.75722,0.71733,0.50509,0.51248,0.67352,0.62113,0.33881,1.12224,1.90281,4.54221,1.36244,0,0,0,0.000331326,0.000331326,0.000331326
367,12933.6,1.44759,2.4014,1.5563,1.58792,0.11787,0.09907,0.10985,0.65862,0.69494,0.73601,0.51956,0.6188,0.64011,0.64407,0.35304,1.09545,1.88732,4.55843,1.34147,0,0,0,0.000329951,0.000329951,0.000329951
368,12968.5,1.41219,2.40359,1.53303,1.57024,0.11954,0.10259,0.11235,0.59184,0.75341,0.73463,0.51878,0.57606,0.63752,0.64012,0.35306,1.08342,1.88148,4.5098,1.34281,0,0,0,0.000328577,0.000328577,0.000328577
369,13003.6,1.42254,2.40268,1.53239,1.5749,0.125,0.10336,0.11367,0.62228,0.73908,0.73157,0.51979,0.57158,0.65499,0.62517,0.34059,1.09793,1.88009,4.62914,1.3517,0,0,0,0.000327202,0.000327202,0.000327202
370,13038.6,1.43419,2.38611,1.49005,1.56106,0.11795,0.10276,0.11173,0.60272,0.76218,0.72931,0.50574,0.53804,0.67976,0.611,0.32278,1.11867,1.91744,4.62907,1.36118,0,0,0,0.000325828,0.000325828,0.000325828
371,13073.7,1.42553,2.39346,1.55655,1.60065,0.11489,0.09674,0.10633,0.6174,0.7525,0.73395,0.52836,0.58284,0.64306,0.62017,0.34888,1.09873,1.90119,5.1248,1.33863,0,0,0,0.000324453,0.000324453,0.000324453
372,13108.8,1.40746,2.40728,1.5297,1.58308,0.12258,0.10509,0.1143,0.6215,0.75757,0.7249,0.5241,0.55826,0.67609,0.61271,0.34403,1.07134,1.87103,4.74738,1.31963,0,0,0,0.000323079,0.000323079,0.000323079
373,13144,1.41932,2.40694,1.47613,1.56348,0.12113,0.10359,0.11342,0.64901,0.70976,0.72325,0.51946,0.58654,0.65012,0.61995,0.34876,1.0996,1.90265,4.42119,1.33845,0,0,0,0.000321705,0.000321705,0.000321705
374,13179.1,1.40527,2.39565,1.49921,1.54126,0.11825,0.10079,0.11011,0.59916,0.76427,0.73058,0.53988,0.56669,0.66826,0.63556,0.35129,1.05902,1.8801,4.89514,1.31857,0,0,0,0.00032033,0.00032033,0.00032033
375,13214.3,1.34534,2.34096,1.45695,1.54905,0.11316,0.09803,0.10761,0.63297,0.73573,0.72742,0.52824,0.58071,0.66591,0.63536,0.35002,1.06425,1.86284,5.04875,1.31744,0,0,0,0.000318956,0.000318956,0.000318956
376,13249.6,1.42511,2.37898,1.51687,1.56307,0.11586,0.10097,0.11067,0.64744,0.76895,0.73302,0.52966,0.56737,0.69331,0.62694,0.34987,1.08909,1.87718,4.74816,1.33697,0,0,0,0.000317581,0.000317581,0.000317581
377,13284.3,1.3756,2.38164,1.52044,1.57976,0.11693,0.09865,0.1083,0.64759,0.73058,0.73372,0.52377,0.6167,0.61357,0.62983,0.35391,1.06478,1.85514,4.76843,1.32174,0,0,0,0.000316207,0.000316207,0.000316207
378,13319.5,1.41552,2.36156,1.49798,1.56434,0.11273,0.09889,0.10786,0.63495,0.70051,0.73456,0.52443,0.64538,0.578,0.63328,0.35673,1.08116,1.84326,4.55773,1.33056,0,0,0,0.000314832,0.000314832,0.000314832
379,13354.7,1.40953,2.43251,1.51298,1.53898,0.12136,0.10311,0.11331,0.62447,0.70802,0.72887,0.52784,0.58627,0.61984,0.63057,0.35814,1.06868,1.85862,4.85939,1.32872,0,0,0,0.000313458,0.000313458,0.000313458
380,13390,1.41445,2.36184,1.51798,1.54268,0.11164,0.09518,0.10417,0.63251,0.71379,0.72929,0.52342,0.59054,0.63693,0.63316,0.35077,1.06444,1.85305,4.7966,1.33301,0,0,0,0.000312083,0.000312083,0.000312083
381,13425.2,1.47109,2.45861,1.52897,1.58414,0.11161,0.09686,0.10546,0.64145,0.72347,0.73764,0.52771,0.5989,0.66015,0.64136,0.35531,1.07846,1.84599,4.9294,1.33681,0,0,0,0.000310709,0.000310709,0.000310709
382,13460.2,1.36596,2.31032,1.46781,1.56899,0.11489,0.09863,0.10806,0.66247,0.68068,0.73392,0.51601,0.61452,0.6305,0.63611,0.34862,1.09673,1.89015,5.29162,1.34803,0,0,0,0.000309335,0.000309335,0.000309335
383,13495.3,1.43177,2.41065,1.51979,1.56336,0.11694,0.09983,0.10927,0.67633,0.69105,0.73115,0.52026,0.62776,0.62761,0.63138,0.35182,1.09469,1.88507,5.21023,1.34156,0,0,0,0.00030796,0.00030796,0.00030796
384,13530.4,1.3873,2.35294,1.46778,1.5312,0.11325,0.09678,0.10628,0.64471,0.69252,0.73468,0.52156,0.61747,0.63158,0.62566,0.34312,1.07627,1.87993,5.70715,1.3312,0,0,0,0.000306586,0.000306586,0.000306586
385,13565.4,1.39487,2.38701,1.51559,1.55622,0.11318,0.09613,0.10615,0.66369,0.70492,0.7338,0.51882,0.61863,0.6527,0.62924,0.34226,1.09177,1.89163,5.07405,1.3455,0,0,0,0.000305211,0.000305211,0.000305211
386,13600.7,1.41484,2.43846,1.47357,1.54573,0.11809,0.10391,0.11268,0.68009,0.67551,0.73134,0.52211,0.63215,0.61967,0.63321,0.35076,1.07355,1.85877,5.42136,1.33401,0,0,0,0.000303837,0.000303837,0.000303837
387,13635.5,1.38807,2.38448,1.50699,1.56976,0.1194,0.09991,0.1097,0.63201,0.77099,0.73716,0.5311,0.60767,0.63705,0.63189,0.3602,1.05471,1.83485,5.59094,1.31584,0,0,0,0.000302462,0.000302462,0.000302462
388,13670.9,1.38054,2.34019,1.44255,1.54072,0.11676,0.10109,0.11015,0.62287,0.7699,0.73547,0.53966,0.57321,0.69342,0.64635,0.36559,1.0483,1.82537,5.87855,1.31517,0,0,0,0.000301088,0.000301088,0.000301088
389,13706.1,1.39938,2.38103,1.48724,1.55125,0.11773,0.10021,0.11058,0.65147,0.73251,0.72744,0.52141,0.5856,0.67986,0.63007,0.35364,1.06839,1.87813,5.2927,1.32968,0,0,0,0.000299713,0.000299713,0.000299713
390,13741.3,1.39355,2.36344,1.48342,1.55489,0.11686,0.10072,0.10993,0.64135,0.74673,0.7287,0.52293,0.58624,0.68063,0.63665,0.34734,1.06675,1.8729,5.04549,1.32552,0,0,0,0.000298339,0.000298339,0.000298339
391,13776.2,1.36905,2.3391,1.45416,1.54506,0.11485,0.09955,0.1081,0.68917,0.73813,0.74783,0.53637,0.64144,0.67555,0.65341,0.36705,1.05573,1.83527,5.39426,1.31521,0,0,0,0.000296964,0.000296964,0.000296964
392,13811.3,1.41511,2.35622,1.48319,1.54375,0.11496,0.09893,0.10784,0.67907,0.74228,0.7507,0.54325,0.62101,0.6813,0.65416,0.36175,1.06797,1.84037,5.21524,1.3237,0,0,0,0.00029559,0.00029559,0.00029559
393,13846.3,1.3623,2.30389,1.42688,1.5353,0.11044,0.09723,0.10645,0.67186,0.70653,0.74065,0.52786,0.60036,0.65601,0.6461,0.34635,1.07337,1.87952,5.14957,1.33188,0,0,0,0.000294216,0.000294216,0.000294216
394,13881.3,1.40292,2.33116,1.47186,1.54637,0.11753,0.10012,0.10986,0.66085,0.75687,0.74731,0.54964,0.6088,0.68008,0.65131,0.36459,1.04166,1.82372,4.91414,1.31136,0,0,0,0.000292841,0.000292841,0.000292841
395,13916.7,1.36299,2.31317,1.4754,1.55852,0.11813,0.10165,0.11084,0.63797,0.70163,0.74105,0.54164,0.58736,0.6361,0.63708,0.35944,1.05598,1.84262,4.91198,1.31872,0,0,0,0.000291467,0.000291467,0.000291467
396,13951.8,1.41387,2.38932,1.50569,1.59602,0.12248,0.10474,0.11434,0.61763,0.75091,0.74652,0.53995,0.58606,0.63684,0.64382,0.37295,1.05919,1.8328,4.71674,1.32074,0,0,0,0.000290092,0.000290092,0.000290092
397,13986.7,1.40082,2.38676,1.46788,1.55436,0.11712,0.10165,0.11179,0.61641,0.74365,0.74683,0.53711,0.56557,0.67627,0.64879,0.36905,1.05327,1.83041,4.89973,1.31847,0,0,0,0.000288718,0.000288718,0.000288718
398,14021.4,1.33843,2.25592,1.48191,1.55098,0.11043,0.09402,0.10312,0.61072,0.75254,0.74838,0.54825,0.57023,0.67052,0.65079,0.36989,1.02535,1.79473,4.85129,1.30144,0,0,0,0.000287343,0.000287343,0.000287343
399,14056.6,1.37302,2.32001,1.46585,1.53251,0.11847,0.10217,0.11257,0.61546,0.75707,0.7481,0.54523,0.56594,0.68981,0.65222,0.36212,1.04203,1.80485,5.12622,1.30434,0,0,0,0.000285969,0.000285969,0.000285969
400,14091.7,1.38794,2.34845,1.48117,1.53955,0.11186,0.09727,0.10637,0.6209,0.72739,0.72491,0.48425,0.55351,0.65602,0.61921,0.30994,1.14529,1.94786,4.29738,1.38167,0,0,0,0.000284594,0.000284594,0.000284594
401,14126.9,1.38239,2.32096,1.44794,1.53807,0.11944,0.10379,0.11344,0.62701,0.73021,0.7251,0.4934,0.56765,0.65538,0.63121,0.31984,1.12564,1.91976,4.47856,1.36612,0,0,0,0.00028322,0.00028322,0.00028322
402,14162,1.37972,2.32187,1.4788,1.54249,0.11698,0.09925,0.10859,0.6495,0.74648,0.7362,0.51817,0.62877,0.63823,0.63967,0.34955,1.07572,1.83789,4.6657,1.32449,0,0,0,0.000281846,0.000281846,0.000281846
403,14196.9,1.3895,2.32032,1.43104,1.51516,0.11858,0.10293,0.11206,0.66958,0.75346,0.7368,0.52773,0.6316,0.64203,0.63242,0.35665,1.04195,1.82431,5.14419,1.30087,0,0,0,0.000280471,0.000280471,0.000280471
404,14232,1.36047,2.34653,1.43797,1.54667,0.11763,0.10222,0.11097,0.67807,0.72168,0.73951,0.54547,0.61394,0.65718,0.6413,0.36923,1.04069,1.82004,5.52344,1.29481,0,0,0,0.000279097,0.000279097,0.000279097
405,14266.9,1.37527,2.33256,1.44231,1.5431,0.11692,0.1011,0.11045,0.61646,0.76823,0.74476,0.55038,0.58755,0.63646,0.64318,0.37155,1.0245,1.78506,5.16334,1.28428,0,0,0,0.000277722,0.000277722,0.000277722
406,14302.1,1.3642,2.29904,1.43315,1.52808,0.11479,0.10113,0.10984,0.69562,0.69256,0.74307,0.53385,0.63072,0.60858,0.63539,0.36942,1.03615,1.79969,4.80366,1.29613,0,0,0,0.000276348,0.000276348,0.000276348
407,14337.1,1.34983,2.30405,1.42101,1.52027,0.11503,0.10141,0.11039,0.6766,0.73316,0.7451,0.54802,0.61392,0.66333,0.64459,0.36914,1.02428,1.78801,4.9403,1.28839,0,0,0,0.000274973,0.000274973,0.000274973
408,14372.3,1.37519,2.33722,1.48682,1.54144,0.11514,0.09947,0.10869,0.64301,0.73553,0.73003,0.53736,0.61491,0.64521,0.63607,0.35601,1.05295,1.84782,5.04251,1.30906,0,0,0,0.000273599,0.000273599,0.000273599
409,14407.3,1.41444,2.34842,1.45992,1.5459,0.11537,0.10056,0.1093,0.63235,0.74442,0.74095,0.5328,0.58739,0.68463,0.64994,0.36107,1.03586,1.80938,4.91593,1.29588,0,0,0,0.000272224,0.000272224,0.000272224
410,14442.3,1.37757,2.29231,1.43276,1.54095,0.11736,0.10279,0.11187,0.6616,0.75528,0.74016,0.54757,0.60959,0.68981,0.65173,0.37839,1.02768,1.78193,5.06474,1.29338,0,0,0,0.00027085,0.00027085,0.00027085
411,14477.8,1.34454,2.25147,1.46642,1.5037,0.11371,0.098,0.1065,0.65427,0.75371,0.7391,0.54584,0.60596,0.68612,0.65538,0.38022,1.03353,1.78568,4.89812,1.29396,0,0,0,0.000269475,0.000269475,0.000269475
412,14513,1.37472,2.35851,1.48888,1.56161,0.10804,0.09457,0.10365,0.65311,0.75676,0.7445,0.55265,0.60511,0.69785,0.66008,0.38968,1.02641,1.74678,5.03752,1.2818,0,0,0,0.000268101,0.000268101,0.000268101
413,14548.2,1.32863,2.25066,1.44549,1.5346,0.11782,0.10009,0.10988,0.6605,0.74372,0.74329,0.54849,0.60123,0.67782,0.65665,0.38228,1.04048,1.78536,5.05673,1.29774,0,0,0,0.000266727,0.000266727,0.000266727
414,14583.3,1.38693,2.34448,1.47359,1.55773,0.12283,0.10672,0.11699,0.65172,0.73773,0.743,0.54696,0.57854,0.69748,0.65008,0.379,1.03388,1.77987,4.87552,1.29657,0,0,0,0.000265352,0.000265352,0.000265352
415,14618.5,1.34095,2.22161,1.41588,1.50978,0.11373,0.09942,0.10738,0.64832,0.72495,0.73137,0.53697,0.57038,0.69533,0.64126,0.36818,1.05506,1.7908,4.92492,1.30597,0,0,0,0.000263978,0.000263978,0.000263978
416,14653.4,1.34155,2.27939,1.49191,1.51497,0.10648,0.09054,0.09983,0.67472,0.73363,0.7373,0.53876,0.62126,0.67705,0.64585,0.37401,1.05276,1.79256,5.05421,1.30421,0,0,0,0.000262603,0.000262603,0.000262603
417,14688.4,1.40535,2.36543,1.47896,1.51777,0.11592,0.09925,0.10812,0.67989,0.71811,0.74226,0.54791,0.64835,0.63491,0.63324,0.37173,1.02183,1.75123,5.23392,1.28679,0,0,0,0.000261229,0.000261229,0.000261229
418,14723.6,1.37241,2.33329,1.4783,1.52142,0.11037,0.0952,0.10467,0.65752,0.72868,0.7468,0.55721,0.63642,0.62846,0.63994,0.37263,1.01773,1.75918,5.31389,1.28021,0,0,0,0.000259854,0.000259854,0.000259854
419,14758.5,1.31547,2.27843,1.48213,1.51499,0.11236,0.09819,0.10686,0.67636,0.72751,0.7411,0.55137,0.61417,0.67471,0.64074,0.37085,1.0206,1.76137,5.01684,1.28307,0,0,0,0.00025848,0.00025848,0.00025848
420,14793.8,1.36725,2.31882,1.43018,1.52551,0.11467,0.1008,0.1093,0.63949,0.7661,0.74628,0.54814,0.60181,0.67389,0.64625,0.37972,1.02466,1.76451,4.9224,1.28737,0,0,0,0.000257105,0.000257105,0.000257105
421,14828.8,1.37862,2.33768,1.45894,1.52936,0.11383,0.09894,0.10891,0.65002,0.75344,0.7418,0.5408,0.58966,0.67818,0.63138,0.36137,1.06179,1.78819,4.35471,1.31102,0,0,0,0.000255731,0.000255731,0.000255731
422,14864.2,1.36107,2.28238,1.44428,1.52873,0.11926,0.10368,0.11231,0.69113,0.7084,0.74351,0.54395,0.61409,0.63795,0.63919,0.36917,1.05118,1.78065,4.42382,1.30854,0,0,0,0.000254357,0.000254357,0.000254357
423,14899,1.38536,2.29956,1.42648,1.53293,0.11508,0.10039,0.11005,0.65776,0.7356,0.74925,0.54538,0.61943,0.6552,0.64562,0.37691,1.03038,1.74368,4.81641,1.29737,0,0,0,0.000252982,0.000252982,0.000252982
424,14934,1.36115,2.32972,1.46029,1.53334,0.10762,0.09283,0.10165,0.68419,0.76022,0.75463,0.55684,0.62834,0.675,0.6438,0.38113,1.01617,1.73432,5.11497,1.28342,0,0,0,0.000251608,0.000251608,0.000251608
425,14969.2,1.36172,2.29178,1.41305,1.53782,0.11045,0.09661,0.10566,0.66621,0.74314,0.75843,0.56129,0.62453,0.63826,0.64687,0.37902,1.02528,1.76928,4.92063,1.29077,0,0,0,0.000250233,0.000250233,0.000250233
426,15004.4,1.37391,2.29609,1.42155,1.52283,0.11955,0.10337,0.11266,0.68888,0.73802,0.75297,0.55898,0.62766,0.66356,0.65366,0.3871,1.02307,1.75676,5.05572,1.28645,0,0,0,0.000248859,0.000248859,0.000248859
427,15039.8,1.35605,2.30557,1.45209,1.52797,0.11163,0.095,0.10459,0.68848,0.72842,0.74485,0.54688,0.63843,0.66829,0.645,0.37259,1.02657,1.76373,4.96575,1.28287,0,0,0,0.000247484,0.000247484,0.000247484
428,15074.8,1.33476,2.27751,1.42419,1.5205,0.11662,0.10172,0.11103,0.63943,0.73571,0.7466,0.55576,0.61322,0.64349,0.65129,0.38269,1.0255,1.75845,4.85091,1.2896,0,0,0,0.00024611,0.00024611,0.00024611
429,15109.9,1.35921,2.26259,1.43038,1.51364,0.1124,0.09771,0.10747,0.65686,0.7275,0.74979,0.55575,0.64145,0.63069,0.65352,0.37501,1.0401,1.78094,4.53191,1.2978,0,0,0,0.000244735,0.000244735,0.000244735
430,15144.7,1.32947,2.29421,1.42222,1.52506,0.11524,0.0988,0.10784,0.69327,0.73645,0.75153,0.56248,0.66599,0.64217,0.65685,0.38325,1.02824,1.73917,4.70067,1.28844,0,0,0,0.000243361,0.000243361,0.000243361
431,15179.6,1.36656,2.25756,1.4592,1.52502,0.11626,0.10061,0.10992,0.66747,0.75697,0.75403,0.56284,0.6091,0.70739,0.65219,0.38192,1.0167,1.72168,5.30279,1.27846,0,0,0,0.000241986,0.000241986,0.000241986
432,15214.8,1.35302,2.25914,1.41683,1.53042,0.11445,0.10098,0.10897,0.69023,0.74221,0.75454,0.56112,0.63593,0.68892,0.6585,0.38801,1.00096,1.71892,5.02232,1.27306,0,0,0,0.000240612,0.000240612,0.000240612
433,15250,1.34392,2.22843,1.41487,1.52486,0.10938,0.09417,0.10354,0.69694,0.73782,0.75482,0.568,0.62258,0.70094,0.65848,0.39231,0.99223,1.71082,4.86559,1.2674,0,0,0,0.000239238,0.000239238,0.000239238
434,15285.4,1.30774,2.26685,1.38336,1.49843,0.11071,0.09577,0.10469,0.68299,0.73982,0.75485,0.56604,0.63737,0.66976,0.65658,0.39383,0.99398,1.714,5.13517,1.26428,0,0,0,0.000237863,0.000237863,0.000237863
435,15320.6,1.33679,2.25523,1.38391,1.48293,0.11363,0.09872,0.10762,0.67371,0.75804,0.75784,0.56423,0.62696,0.70206,0.6604,0.39357,0.9975,1.72839,5.11715,1.26291,0,0,0,0.000236489,0.000236489,0.000236489
436,15355.6,1.35134,2.29911,1.44425,1.52231,0.11309,0.09928,0.10753,0.67581,0.7563,0.75722,0.56334,0.63259,0.69953,0.65903,0.39338,1.00644,1.73699,4.98802,1.27262,0,0,0,0.000235114,0.000235114,0.000235114
437,15390.8,1.35903,2.26196,1.42317,1.51774,0.10956,0.0961,0.10419,0.66221,0.77387,0.75863,0.57,0.61489,0.71424,0.66129,0.39378,0.99963,1.74878,4.73975,1.27098,0,0,0,0.00023374,0.00023374,0.00023374
438,15426.1,1.35432,2.31131,1.43716,1.50129,0.11238,0.0988,0.10699,0.66644,0.74738,0.75577,0.56024,0.588,0.72181,0.65405,0.39506,0.99734,1.74847,4.70848,1.26938,0,0,0,0.000232365,0.000232365,0.000232365
439,15461,1.32763,2.26024,1.41807,1.50352,0.1145,0.09915,0.10828,0.69266,0.72533,0.7519,0.55473,0.62139,0.68702,0.65505,0.38549,0.99954,1.73931,4.81439,1.2692,0,0,0,0.000230991,0.000230991,0.000230991
440,15496.1,1.35683,2.24932,1.39822,1.50594,0.11213,0.09787,0.10691,0.66602,0.75151,0.74606,0.55184,0.59973,0.70963,0.64684,0.36897,1.01733,1.78612,4.77232,1.28823,0,0,0,0.000229616,0.000229616,0.000229616
441,15531.7,1.35454,2.31869,1.43843,1.52223,0.11496,0.0984,0.10862,0.66027,0.77421,0.75754,0.56453,0.62113,0.69573,0.66333,0.37971,1.00092,1.75922,4.65178,1.26715,0,0,0,0.000228242,0.000228242,0.000228242
442,15566.6,1.29059,2.19318,1.37866,1.49275,0.11387,0.09928,0.10804,0.68644,0.74975,0.75917,0.56288,0.6372,0.68209,0.66616,0.38785,1.00194,1.73329,4.66818,1.2622,0,0,0,0.000226868,0.000226868,0.000226868
443,15601.7,1.33428,2.24319,1.3955,1.49611,0.11822,0.10224,0.11191,0.68009,0.75863,0.7594,0.56591,0.64034,0.69892,0.67041,0.39479,0.98221,1.70486,4.79746,1.25634,0,0,0,0.000225493,0.000225493,0.000225493
444,15636.7,1.35386,2.28554,1.41755,1.51888,0.11167,0.09569,0.10481,0.67254,0.76553,0.75936,0.56243,0.62141,0.70519,0.668,0.3958,0.99183,1.72006,4.87354,1.26031,0,0,0,0.000224119,0.000224119,0.000224119
445,15671.7,1.33686,2.1935,1.37743,1.49505,0.1112,0.09705,0.10567,0.70178,0.75731,0.76369,0.57429,0.64851,0.70792,0.67549,0.40154,0.97517,1.71277,5.11023,1.25181,0,0,0,0.000222744,0.000222744,0.000222744
446,15707.2,1.38409,2.30192,1.41999,1.52545,0.11912,0.10318,0.11228,0.66149,0.79104,0.75748,0.56896,0.68608,0.63828,0.67098,0.39581,0.98791,1.71173,4.94609,1.25901,0,0,0,0.00022137,0.00022137,0.00022137
447,15742.2,1.29666,2.20523,1.40044,1.49427,0.11479,0.09771,0.10746,0.69056,0.7311,0.75842,0.57288,0.66143,0.63939,0.66505,0.39413,0.98399,1.71091,4.74032,1.25863,0,0,0,0.000219995,0.000219995,0.000219995
448,15777.2,1.31136,2.2528,1.3728,1.50379,0.11406,0.09931,0.10831,0.66463,0.76205,0.75644,0.56741,0.61728,0.68971,0.66759,0.3975,0.97613,1.70059,4.93187,1.25252,0,0,0,0.000218621,0.000218621,0.000218621
449,15812.1,1.3208,2.19554,1.40076,1.49864,0.11068,0.09855,0.107,0.65895,0.74712,0.75656,0.56463,0.64048,0.6605,0.67189,0.39439,0.9815,1.70963,4.97587,1.2539,0,0,0,0.000217246,0.000217246,0.000217246
450,15847.2,1.32845,2.2727,1.40173,1.4923,0.11325,0.09765,0.10586,0.65569,0.74632,0.75255,0.55382,0.6375,0.67346,0.6676,0.39465,0.98991,1.72041,4.72947,1.26046,0,0,0,0.000215872,0.000215872,0.000215872
451,15882.2,1.26202,2.20867,1.33812,1.48258,0.11337,0.0986,0.10799,0.61142,0.77441,0.76116,0.55803,0.60317,0.68561,0.67289,0.40519,0.99107,1.70381,4.85366,1.25945,0,0,0,0.000214497,0.000214497,0.000214497
452,15917.1,1.34557,2.30009,1.41518,1.52523,0.11273,0.09842,0.10752,0.65496,0.75935,0.76337,0.5666,0.65043,0.66032,0.67115,0.4038,0.99224,1.70882,4.78607,1.2585,0,0,0,0.000213123,0.000213123,0.000213123
453,15952.2,1.30574,2.27793,1.4029,1.50286,0.11307,0.09918,0.10781,0.66354,0.75586,0.76198,0.5709,0.61991,0.70361,0.67595,0.39934,0.97778,1.70471,4.69102,1.24895,0,0,0,0.000211749,0.000211749,0.000211749
454,15987.1,1.30509,2.26001,1.41721,1.51214,0.11411,0.09814,0.10755,0.66402,0.77807,0.76373,0.5729,0.61637,0.69378,0.66767,0.40377,0.97961,1.71096,4.95309,1.24865,0,0,0,0.000210374,0.000210374,0.000210374
455,16022.4,1.31714,2.25002,1.43434,1.50084,0.10846,0.09248,0.1011,0.67215,0.76008,0.76161,0.56882,0.61847,0.68929,0.65429,0.40073,0.98843,1.71048,4.71593,1.25611,0,0,0,0.000209,0.000209,0.000209
456,16057.4,1.29919,2.24692,1.41041,1.5128,0.11283,0.09762,0.10655,0.66383,0.76453,0.75993,0.56506,0.61769,0.69417,0.67162,0.40236,0.99043,1.71693,4.66439,1.25927,0,0,0,0.000207625,0.000207625,0.000207625
457,16092.3,1.31305,2.25921,1.4013,1.49786,0.12065,0.10251,0.11365,0.67734,0.74988,0.75469,0.5689,0.61744,0.69384,0.66677,0.3959,0.98346,1.72855,4.82562,1.25573,0,0,0,0.000206251,0.000206251,0.000206251
458,16127.4,1.29391,2.26576,1.3673,1.49266,0.11649,0.10165,0.11106,0.6676,0.76787,0.75714,0.57859,0.62762,0.70571,0.67027,0.4053,0.97128,1.71751,5.06803,1.24422,0,0,0,0.000204876,0.000204876,0.000204876
459,16162.6,1.29698,2.27035,1.3833,1.49391,0.11886,0.10247,0.11174,0.6644,0.79403,0.76327,0.58346,0.61532,0.73261,0.67387,0.40459,0.95237,1.70468,5.35482,1.23498,0,0,0,0.000203502,0.000203502,0.000203502
460,16197.8,1.28809,2.20441,1.37915,1.49174,0.11578,0.10004,0.10936,0.66314,0.77496,0.76376,0.58223,0.6191,0.70431,0.67115,0.40512,0.97254,1.71098,5.23089,1.24508,0,0,0,0.000202127,0.000202127,0.000202127
461,16233,1.32303,2.23248,1.36149,1.49543,0.11706,0.10132,0.11205,0.65918,0.80201,0.76817,0.58094,0.61033,0.73883,0.67827,0.39912,0.96238,1.71331,5.41472,1.24057,0,0,0,0.000200753,0.000200753,0.000200753
462,16267.9,1.33948,2.22643,1.3923,1.50338,0.10772,0.09423,0.10357,0.66814,0.76272,0.76175,0.56827,0.60761,0.71642,0.65793,0.38718,0.98835,1.73905,4.91754,1.2544,0,0,0,0.000199379,0.000199379,0.000199379
463,16302.9,1.29829,2.19003,1.32736,1.46918,0.11248,0.09997,0.10794,0.68956,0.7492,0.76498,0.56726,0.62433,0.68173,0.65737,0.38548,0.98531,1.73137,4.97469,1.25296,0,0,0,0.000198004,0.000198004,0.000198004
464,16338,1.32614,2.22599,1.39037,1.48112,0.11498,0.10057,0.10921,0.68683,0.74448,0.76381,0.57898,0.64203,0.65851,0.65954,0.39614,0.96687,1.71238,4.9809,1.24192,0,0,0,0.00019663,0.00019663,0.00019663
465,16373.2,1.34337,2.2174,1.38873,1.49844,0.10873,0.09445,0.10221,0.68363,0.77411,0.77553,0.59086,0.65209,0.67223,0.6747,0.41167,0.95009,1.68732,5.06217,1.23326,0,0,0,0.000195255,0.000195255,0.000195255
466,16408.3,1.26834,2.13585,1.35372,1.46703,0.10339,0.09135,0.09887,0.68231,0.76377,0.77341,0.58637,0.66927,0.65514,0.6749,0.40689,0.94883,1.68762,4.97802,1.23184,0,0,0,0.000193881,0.000193881,0.000193881
467,16443.5,1.35616,2.19099,1.4142,1.49386,0.10796,0.09531,0.10284,0.65829,0.7899,0.77352,0.58214,0.65011,0.66513,0.67951,0.4032,0.96107,1.67808,4.86308,1.23716,0,0,0,0.000192506,0.000192506,0.000192506
468,16478.3,1.31172,2.19404,1.37976,1.50889,0.1125,0.0994,0.1089,0.6715,0.75506,0.76749,0.57557,0.62254,0.69646,0.67723,0.4024,0.96288,1.68332,4.94686,1.23894,0,0,0,0.000191132,0.000191132,0.000191132
469,16513.5,1.32921,2.25493,1.35881,1.47462,0.11388,0.09803,0.10782,0.68131,0.74087,0.77014,0.58216,0.60847,0.6985,0.67518,0.40193,0.95138,1.66973,5.41951,1.23224,0,0,0,0.000189757,0.000189757,0.000189757
470,16548.5,1.30277,2.21573,1.41646,1.50017,0.11093,0.09762,0.10569,0.6474,0.79556,0.76495,0.5825,0.6127,0.72921,0.67644,0.40653,0.96542,1.67728,5.5978,1.23936,0,0,0,0.000188383,0.000188383,0.000188383
471,16583.4,1.31201,2.25099,1.41428,1.49762,0.11283,0.09738,0.10684,0.65386,0.75697,0.76487,0.58153,0.62318,0.68819,0.67638,0.40853,0.95711,1.67686,5.62968,1.23478,0,0,0,0.000187008,0.000187008,0.000187008
472,16618.4,1.34232,2.28734,1.42505,1.50005,0.11422,0.09948,0.10736,0.67688,0.75366,0.76134,0.57862,0.65077,0.6838,0.67844,0.40302,0.95378,1.69036,5.60019,1.23071,0,0,0,0.000185634,0.000185634,0.000185634
473,16653.5,1.2951,2.20685,1.32897,1.46136,0.11241,0.09957,0.10787,0.66566,0.77415,0.76232,0.57651,0.63232,0.69969,0.67056,0.39744,0.9628,1.70286,5.47133,1.23481,0,0,0,0.00018426,0.00018426,0.00018426
474,16688.8,1.31829,2.17655,1.35856,1.46395,0.10801,0.0946,0.10362,0.65982,0.77847,0.76398,0.58191,0.62723,0.70053,0.67194,0.3983,0.96506,1.7009,5.38534,1.23387,0,0,0,0.000182885,0.000182885,0.000182885
475,16723.8,1.31742,2.1794,1.37088,1.48495,0.11026,0.09698,0.10535,0.69233,0.75968,0.76709,0.58771,0.65238,0.68949,0.67216,0.40226,0.9699,1.70007,5.26982,1.23801,0,0,0,0.000181511,0.000181511,0.000181511
476,16758.9,1.29846,2.13211,1.36895,1.47797,0.10517,0.09112,0.09918,0.67246,0.73869,0.76112,0.5754,0.63133,0.66682,0.6573,0.3891,0.97301,1.68849,5.46714,1.24433,0,0,0,0.000180136,0.000180136,0.000180136
477,16793.9,1.33745,2.31776,1.46322,1.53405,0.11514,0.09909,0.10815,0.6608,0.79051,0.76281,0.58957,0.62993,0.69354,0.6699,0.40013,0.95759,1.66317,5.52246,1.23511,0,0,0,0.000178762,0.000178762,0.000178762
478,16828.8,1.26361,2.21453,1.33801,1.45904,0.11804,0.10141,0.11108,0.69199,0.75995,0.76384,0.5885,0.6431,0.69593,0.66609,0.40339,0.95788,1.68152,5.55482,1.2301,0,0,0,0.000177387,0.000177387,0.000177387
479,16864,1.29508,2.18042,1.37982,1.48196,0.10862,0.09336,0.10213,0.65281,0.81278,0.76279,0.5861,0.6309,0.72911,0.67317,0.40416,0.96121,1.69667,5.52548,1.23629,0,0,0,0.000176013,0.000176013,0.000176013
480,16899.1,1.32555,2.25983,1.35803,1.48438,0.11777,0.10087,0.10939,0.69447,0.72574,0.76496,0.58285,0.68242,0.62961,0.66825,0.3987,0.98662,1.70923,5.30031,1.25345,0,0,0,0.000174638,0.000174638,0.000174638
481,16934.2,1.28119,2.18632,1.37561,1.4785,0.11136,0.09617,0.10369,0.67003,0.78811,0.7667,0.58554,0.63154,0.69911,0.67514,0.41019,0.96891,1.68786,5.64184,1.23802,0,0,0,0.000173264,0.000173264,0.000173264
482,16969.1,1.30088,2.23114,1.38056,1.4811,0.11319,0.09854,0.10754,0.72794,0.72353,0.76784,0.58709,0.68893,0.65793,0.67938,0.41317,0.96465,1.68571,5.68397,1.23353,0,0,0,0.00017189,0.00017189,0.00017189
483,17004.2,1.31299,2.12889,1.37907,1.48608,0.10645,0.09452,0.10198,0.66985,0.76662,0.76352,0.58005,0.63233,0.67128,0.66605,0.40932,0.97133,1.6935,5.42502,1.24142,0,0,0,0.000170515,0.000170515,0.000170515
484,17039.3,1.24854,2.12372,1.31383,1.46739,0.11259,0.0978,0.10605,0.68207,0.78305,0.76885,0.58731,0.64863,0.67937,0.68043,0.41453,0.96082,1.68709,5.56832,1.23054,0,0,0,0.000169141,0.000169141,0.000169141
485,17074.2,1.29222,2.16726,1.33295,1.45948,0.10953,0.09575,0.10409,0.67901,0.77373,0.76769,0.58487,0.62331,0.70628,0.6684,0.4037,0.95685,1.68895,5.45392,1.22986,0,0,0,0.000167766,0.000167766,0.000167766
486,17109.5,1.33702,2.20401,1.38811,1.47976,0.11096,0.09711,0.10563,0.712,0.74834,0.76842,0.58383,0.6616,0.67282,0.66997,0.41009,0.95361,1.688,5.29293,1.22762,0,0,0,0.000166392,0.000166392,0.000166392
487,17144.4,1.28767,2.17457,1.3434,1.46404,0.10799,0.09602,0.10396,0.732,0.72378,0.7682,0.58456,0.67411,0.66798,0.67138,0.41287,0.94504,1.67625,5.45612,1.22119,0,0,0,0.000165017,0.000165017,0.000165017
488,17179.4,1.27241,2.19786,1.38331,1.49372,0.10835,0.09549,0.10389,0.71714,0.74886,0.76618,0.58323,0.65568,0.69303,0.67484,0.4092,0.93649,1.66313,5.38877,1.21576,0,0,0,0.000163643,0.000163643,0.000163643
489,17214.4,1.30835,2.16963,1.35807,1.47473,0.11262,0.09939,0.10748,0.70884,0.75737,0.76832,0.58771,0.65499,0.70371,0.67723,0.41429,0.93792,1.65256,5.21081,1.2162,0,0,0,0.000162268,0.000162268,0.000162268
490,17249.2,1.28294,2.19868,1.37422,1.46467,0.10726,0.09337,0.10229,0.72219,0.74638,0.77276,0.59097,0.65843,0.69117,0.67214,0.41241,0.95053,1.6658,5.03479,1.22541,0,0,0,0.000160894,0.000160894,0.000160894
491,17284.5,1.27813,2.14543,1.32505,1.44457,0.10745,0.09489,0.10335,0.71543,0.75671,0.77234,0.59228,0.65954,0.69523,0.67057,0.40895,0.94393,1.65665,5.24954,1.22289,0,0,0,0.00015952,0.00015952,0.00015952
492,17319.5,1.31529,2.19335,1.36746,1.49662,0.10942,0.09526,0.10349,0.71876,0.74558,0.77061,0.59278,0.67905,0.66702,0.67522,0.41759,0.95741,1.66396,5.04037,1.2251,0,0,0,0.000158145,0.000158145,0.000158145
493,17354.9,1.27825,2.16741,1.34157,1.47051,0.11271,0.10035,0.10815,0.71132,0.76221,0.76604,0.58429,0.65388,0.69816,0.66844,0.41082,0.95666,1.66772,4.94621,1.22626,0,0,0,0.000156771,0.000156771,0.000156771
494,17390,1.29379,2.13898,1.33332,1.45361,0.10802,0.09498,0.10247,0.71263,0.75799,0.76751,0.58517,0.65252,0.69374,0.66579,0.40508,0.95892,1.67292,4.95614,1.22868,0,0,0,0.000155396,0.000155396,0.000155396
495,17425.2,1.25825,2.20028,1.33813,1.46629,0.11171,0.09783,0.10705,0.71603,0.7631,0.7707,0.59126,0.6632,0.70229,0.67736,0.40968,0.94893,1.66907,4.98428,1.22111,0,0,0,0.000154022,0.000154022,0.000154022
496,17460.3,1.31263,2.20296,1.38727,1.46127,0.1114,0.09599,0.1053,0.69935,0.78379,0.77299,0.58947,0.65038,0.7163,0.67802,0.40709,0.94613,1.65264,4.9955,1.22135,0,0,0,0.000152647,0.000152647,0.000152647
497,17495.1,1.3045,2.20543,1.38179,1.47288,0.11151,0.09787,0.10569,0.70316,0.76989,0.77399,0.58722,0.64361,0.70964,0.67934,0.40924,0.94198,1.64837,5.03366,1.22206,0,0,0,0.000151273,0.000151273,0.000151273
498,17530.2,1.28475,2.20576,1.36784,1.45559,0.11372,0.09828,0.10644,0.7005,0.77424,0.76951,0.58686,0.66389,0.67421,0.6677,0.40874,0.94279,1.653,5.1245,1.22329,0,0,0,0.000149898,0.000149898,0.000149898
499,17565.2,1.26382,2.12615,1.30081,1.44194,0.10719,0.09901,0.10397,0.6971,0.77307,0.7705,0.58996,0.66963,0.68115,0.6707,0.4124,0.93702,1.64951,5.10051,1.21651,0,0,0,0.000148524,0.000148524,0.000148524
500,17600.2,1.25193,2.15024,1.34329,1.45749,0.11009,0.09793,0.10514,0.69998,0.76398,0.76792,0.58695,0.65178,0.70274,0.67038,0.4108,0.93798,1.64424,4.98781,1.21391,0,0,0,0.000147149,0.000147149,0.000147149
501,17635.1,1.25648,2.1344,1.34841,1.45888,0.11423,0.10018,0.10785,0.70583,0.77006,0.77306,0.58905,0.66186,0.6919,0.68147,0.41359,0.93069,1.63722,4.90585,1.21405,0,0,0,0.000145775,0.000145775,0.000145775
502,17670.1,1.26865,2.21457,1.30918,1.46054,0.10246,0.09098,0.09835,0.71064,0.76061,0.77353,0.59245,0.66055,0.69386,0.68345,0.41384,0.93264,1.63791,4.93298,1.21366,0,0,0,0.000144401,0.000144401,0.000144401
503,17705.2,1.27231,2.09388,1.3006,1.44226,0.10987,0.09842,0.10649,0.71426,0.75583,0.77347,0.58453,0.65973,0.69621,0.68518,0.41407,0.94547,1.65008,5.02397,1.21794,0,0,0,0.000143026,0.000143026,0.000143026
504,17740.3,1.33378,2.25745,1.37038,1.47303,0.11418,0.10085,0.10887,0.71838,0.75162,0.77659,0.58077,0.67014,0.67771,0.68551,0.41037,0.94271,1.64881,5.12825,1.21745,0,0,0,0.000141652,0.000141652,0.000141652
505,17775.4,1.23852,2.10367,1.30326,1.43696,0.11007,0.09694,0.10456,0.71042,0.74878,0.77601,0.5941,0.67699,0.66208,0.68563,0.41969,0.93091,1.64099,5.16468,1.21126,0,0,0,0.000140277,0.000140277,0.000140277
506,17810.7,1.27925,2.15526,1.3414,1.45826,0.11484,0.10069,0.10808,0.69462,0.75447,0.77734,0.59575,0.62878,0.70911,0.68879,0.42235,0.92557,1.64848,5.25145,1.21139,0,0,0,0.000138903,0.000138903,0.000138903
507,17845.9,1.25409,2.11211,1.32014,1.44912,0.10848,0.09461,0.10302,0.70139,0.76822,0.77776,0.5935,0.64388,0.6957,0.69048,0.42123,0.93347,1.65255,5.23582,1.21477,0,0,0,0.000137528,0.000137528,0.000137528
508,17880.7,1.2475,2.17455,1.34239,1.46816,0.11757,0.10291,0.11061,0.71418,0.76705,0.77706,0.59592,0.656,0.70316,0.68577,0.42931,0.93476,1.65598,5.22855,1.2161,0,0,0,0.000136154,0.000136154,0.000136154
509,17916.1,1.27541,2.18509,1.35313,1.47261,0.1096,0.09606,0.10473,0.71441,0.76973,0.78006,0.59511,0.65778,0.70641,0.68849,0.42759,0.93421,1.65219,5.21425,1.21377,0,0,0,0.000134779,0.000134779,0.000134779
510,17951.3,1.28535,2.15852,1.33644,1.45007,0.11134,0.098,0.10564,0.71786,0.76127,0.781,0.59705,0.64736,0.70469,0.68471,0.41899,0.93593,1.64569,5.26748,1.2134,0,0,0,0.000133405,0.000133405,0.000133405
511,17986.1,1.24657,2.16742,1.32137,1.45692,0.10594,0.09344,0.10198,0.7062,0.75867,0.77709,0.59429,0.64622,0.69354,0.67335,0.41529,0.93411,1.64651,4.97188,1.21161,0,0,0,0.000132031,0.000132031,0.000132031
512,18021.1,1.3122,2.17187,1.41593,1.48575,0.10911,0.09681,0.10401,0.70753,0.76075,0.77669,0.59239,0.64065,0.70933,0.67677,0.41866,0.9314,1.6407,5.03054,1.21082,0,0,0,0.000130656,0.000130656,0.000130656
513,18056.1,1.26454,2.20017,1.34619,1.47481,0.10943,0.09561,0.10354,0.71202,0.75153,0.77838,0.59567,0.65261,0.68273,0.68939,0.42459,0.92462,1.63882,5.0203,1.20857,0,0,0,0.000129282,0.000129282,0.000129282
514,18090.9,1.24994,2.16801,1.32033,1.44285,0.10967,0.09577,0.10415,0.71372,0.7498,0.77652,0.59396,0.66527,0.6728,0.68716,0.42369,0.93041,1.63375,5.13125,1.21038,0,0,0,0.000127907,0.000127907,0.000127907
515,18125.9,1.24413,2.10652,1.2982,1.43751,0.10878,0.09685,0.10425,0.71392,0.75857,0.77862,0.59413,0.66979,0.67023,0.69241,0.42049,0.92846,1.63432,5.17872,1.20993,0,0,0,0.000126533,0.000126533,0.000126533
516,18160.9,1.26285,2.13728,1.32749,1.45325,0.10456,0.09516,0.10129,0.69951,0.77251,0.77992,0.5978,0.62419,0.73033,0.69281,0.42297,0.92543,1.61901,5.07562,1.20697,0,0,0,0.000125158,0.000125158,0.000125158
517,18196,1.2715,2.13664,1.32181,1.47827,0.1104,0.09744,0.10486,0.70817,0.77068,0.77874,0.59032,0.64057,0.71043,0.68959,0.41966,0.9251,1.61596,5.06398,1.20741,0,0,0,0.000123784,0.000123784,0.000123784
518,18231,1.24853,2.11194,1.30413,1.45348,0.10842,0.09736,0.10375,0.69437,0.77478,0.78073,0.59103,0.68263,0.66589,0.69263,0.42082,0.92355,1.61837,5.21624,1.20551,0,0,0,0.000122409,0.000122409,0.000122409
519,18266.1,1.29792,2.15443,1.33069,1.46885,0.11468,0.10118,0.1098,0.69118,0.78317,0.77699,0.59225,0.66223,0.6973,0.68746,0.41901,0.92676,1.62837,5.40068,1.20315,0,0,0,0.000121035,0.000121035,0.000121035
520,18301.1,1.2323,2.09751,1.29571,1.45058,0.10816,0.09632,0.10384,0.68855,0.79638,0.7783,0.59402,0.65409,0.71208,0.69005,0.42364,0.92774,1.63254,5.25694,1.20317,0,0,0,0.00011966,0.00011966,0.00011966
521,18336.2,1.2408,2.12773,1.32885,1.44489,0.1167,0.10187,0.1095,0.69788,0.78161,0.77949,0.5968,0.65938,0.70472,0.69333,0.4254,0.92513,1.62698,5.17384,1.20215,0,0,0,0.000118286,0.000118286,0.000118286
522,18371.1,1.26447,2.10963,1.29312,1.45176,0.10957,0.09631,0.10446,0.71198,0.77494,0.78068,0.60206,0.66036,0.70422,0.69159,0.42613,0.92751,1.63135,5.13914,1.20315,0,0,0,0.000116912,0.000116912,0.000116912
523,18406.5,1.24132,2.13766,1.30337,1.43759,0.1115,0.09781,0.1056,0.71297,0.75908,0.78193,0.60216,0.66037,0.6949,0.69508,0.42505,0.92318,1.62713,5.13174,1.2017,0,0,0,0.000115537,0.000115537,0.000115537
524,18441.5,1.24205,2.1375,1.33366,1.45236,0.1112,0.09777,0.10581,0.70578,0.76993,0.78037,0.59773,0.64962,0.69865,0.6952,0.42851,0.92512,1.62555,5.07109,1.20341,0,0,0,0.000114163,0.000114163,0.000114163
525,18476.5,1.25902,2.12136,1.32394,1.46325,0.11009,0.09862,0.10601,0.70182,0.77326,0.77741,0.6007,0.65467,0.70029,0.69262,0.42229,0.93457,1.63025,5.06322,1.20883,0,0,0,0.000112788,0.000112788,0.000112788
526,18511.9,1.25844,2.13716,1.29186,1.44207,0.10733,0.09676,0.10363,0.6906,0.77762,0.77621,0.59828,0.63903,0.71606,0.69107,0.4233,0.92431,1.61672,5.18001,1.20215,0,0,0,0.000111414,0.000111414,0.000111414
527,18546.9,1.26408,2.14491,1.32616,1.45667,0.10772,0.09569,0.10298,0.69277,0.78507,0.77597,0.59453,0.63898,0.71985,0.68513,0.4219,0.918,1.61674,5.11519,1.19927,0,0,0,0.000110039,0.000110039,0.000110039
528,18581.8,1.26233,2.12967,1.36196,1.4489,0.10885,0.09461,0.10261,0.71258,0.77646,0.77887,0.59397,0.65416,0.7159,0.69176,0.42294,0.91576,1.61167,5.1194,1.19766,0,0,0,0.000108665,0.000108665,0.000108665
529,18617,1.27853,2.1783,1.30836,1.43395,0.11574,0.10354,0.11148,0.71672,0.76021,0.77826,0.59446,0.66193,0.69763,0.69202,0.42299,0.91484,1.60889,5.19215,1.19628,0,0,0,0.00010729,0.00010729,0.00010729
530,18652,1.23055,2.09613,1.30078,1.43799,0.10916,0.09525,0.10346,0.70682,0.76764,0.77787,0.59225,0.64286,0.70679,0.68654,0.42198,0.90915,1.59962,5.23112,1.19618,0,0,0,0.000105916,0.000105916,0.000105916
531,18687.1,1.23922,2.16482,1.31863,1.46728,0.11161,0.09933,0.1075,0.7094,0.7628,0.77884,0.59127,0.64838,0.70607,0.68632,0.4243,0.90552,1.59316,5.38829,1.19531,0,0,0,0.000104542,0.000104542,0.000104542
532,18722.1,1.24033,2.1131,1.26552,1.41471,0.11201,0.09929,0.10662,0.71984,0.75332,0.77852,0.59365,0.66426,0.69398,0.68839,0.42586,0.90753,1.59602,5.46854,1.19506,0,0,0,0.000103167,0.000103167,0.000103167
533,18757,1.25521,2.05501,1.29199,1.42259,0.1107,0.09751,0.10544,0.72341,0.74711,0.78,0.59552,0.68018,0.67992,0.69126,0.42236,0.9068,1.60253,5.46593,1.19569,0,0,0,0.000101793,0.000101793,0.000101793
534,18792.1,1.24115,2.07497,1.2715,1.43553,0.10791,0.09719,0.10429,0.71037,0.75709,0.77825,0.59405,0.66316,0.69166,0.68758,0.42483,0.90586,1.60579,5.41399,1.19626,0,0,0,0.000100418,0.000100418,0.000100418
535,18826.9,1.25364,2.15052,1.29236,1.43023,0.11126,0.09689,0.10526,0.69918,0.77002,0.78109,0.59723,0.65064,0.7029,0.69068,0.43308,0.906,1.60666,5.47601,1.19295,0,0,0,9.90437e-05,9.90437e-05,9.90437e-05
536,18862.2,1.23065,2.11632,1.32814,1.43999,0.11212,0.0976,0.10586,0.70828,0.76144,0.78172,0.59341,0.66137,0.70663,0.68922,0.42975,0.90568,1.60667,5.41857,1.19275,0,0,0,9.76692e-05,9.76692e-05,9.76692e-05
537,18897.3,1.28706,2.17874,1.33872,1.44694,0.10932,0.09549,0.10317,0.69048,0.77826,0.78154,0.59348,0.64746,0.72924,0.70533,0.43268,0.90388,1.6097,5.34756,1.19146,0,0,0,9.62948e-05,9.62948e-05,9.62948e-05
538,18932.5,1.22882,2.06573,1.30005,1.43277,0.11202,0.09828,0.10638,0.69405,0.77377,0.77965,0.59131,0.64653,0.71952,0.69275,0.42767,0.90192,1.61639,5.25532,1.18892,0,0,0,9.49203e-05,9.49203e-05,9.49203e-05
539,18967.5,1.25821,2.12969,1.32799,1.43818,0.10783,0.09393,0.1014,0.69492,0.75946,0.78465,0.59769,0.65258,0.69795,0.69808,0.43012,0.90324,1.61992,5.04767,1.19179,0,0,0,9.35459e-05,9.35459e-05,9.35459e-05
540,19002.7,1.2556,2.0664,1.27336,1.42024,0.10902,0.09723,0.10487,0.69372,0.76644,0.7826,0.59893,0.68005,0.66858,0.6998,0.42169,0.9099,1.62933,4.8965,1.19441,0,0,0,9.21715e-05,9.21715e-05,9.21715e-05
541,19037.7,1.24992,2.07585,1.29009,1.43082,0.11568,0.10072,0.10876,0.70675,0.7641,0.78124,0.59828,0.67921,0.66699,0.69528,0.42224,0.9083,1.629,4.93004,1.19343,0,0,0,9.0797e-05,9.0797e-05,9.0797e-05
542,19072.7,1.24332,2.175,1.30605,1.44383,0.1104,0.0971,0.10536,0.69885,0.77102,0.7808,0.60002,0.66331,0.68545,0.69399,0.41714,0.90875,1.62503,5.0394,1.19403,0,0,0,8.94226e-05,8.94226e-05,8.94226e-05
543,19107.7,1.25207,2.10927,1.33473,1.45267,0.10968,0.09482,0.10399,0.68768,0.78936,0.78274,0.60234,0.6654,0.67879,0.69963,0.42206,0.90515,1.61755,5.04955,1.19251,0,0,0,8.80481e-05,8.80481e-05,8.80481e-05
544,19142.8,1.26276,2.13322,1.3073,1.44518,0.11364,0.10011,0.10802,0.69367,0.78732,0.78235,0.60108,0.64185,0.71854,0.7013,0.42421,0.90759,1.61234,4.9715,1.19508,0,0,0,8.66736e-05,8.66736e-05,8.66736e-05
545,19178.1,1.25599,2.09008,1.31819,1.43904,0.10817,0.09562,0.10387,0.69862,0.78446,0.78368,0.6026,0.64783,0.70934,0.70414,0.42834,0.90575,1.60922,4.82738,1.19226,0,0,0,8.52992e-05,8.52992e-05,8.52992e-05
546,19213.2,1.26031,2.15889,1.3291,1.45477,0.10436,0.09088,0.09916,0.71547,0.78654,0.78355,0.60199,0.66768,0.70479,0.69576,0.42601,0.90067,1.60105,4.84498,1.1885,0,0,0,8.39248e-05,8.39248e-05,8.39248e-05
547,19248.3,1.22209,2.08346,1.26932,1.43408,0.11272,0.09985,0.10805,0.71512,0.76523,0.78293,0.59836,0.66729,0.71367,0.70435,0.42464,0.89919,1.5958,4.96516,1.18623,0,0,0,8.25503e-05,8.25503e-05,8.25503e-05
548,19283.2,1.26604,2.10941,1.33669,1.47277,0.10884,0.09513,0.10362,0.69925,0.76895,0.78501,0.60321,0.64984,0.7124,0.70796,0.42876,0.90125,1.59351,5.0962,1.18722,0,0,0,8.11759e-05,8.11759e-05,8.11759e-05
549,19318.5,1.23549,2.16158,1.31166,1.43466,0.11109,0.09775,0.10543,0.69397,0.77152,0.78289,0.60196,0.64228,0.7165,0.70426,0.42999,0.90244,1.59108,5.09668,1.18768,0,0,0,7.98014e-05,7.98014e-05,7.98014e-05
550,19353.8,1.26774,2.11777,1.35619,1.44676,0.10863,0.09508,0.1031,0.69698,0.76819,0.78083,0.60028,0.64829,0.71208,0.70088,0.42433,0.91265,1.59567,5.04714,1.19088,0,0,0,7.84269e-05,7.84269e-05,7.84269e-05
551,19388.8,1.23654,2.11586,1.3055,1.42365,0.1078,0.09485,0.10233,0.6993,0.77401,0.78333,0.59928,0.63803,0.74709,0.71007,0.43172,0.90766,1.5966,4.89757,1.19061,0,0,0,7.70525e-05,7.70525e-05,7.70525e-05
552,19423.8,1.20009,2.06913,1.28022,1.4271,0.10855,0.09493,0.10335,0.70372,0.77756,0.78393,0.60546,0.63742,0.75294,0.70109,0.43205,0.90457,1.58787,4.74792,1.19004,0,0,0,7.5678e-05,7.5678e-05,7.5678e-05
553,19459.1,1.23956,2.06144,1.28376,1.4256,0.10902,0.0951,0.10387,0.71293,0.76236,0.78604,0.60498,0.66654,0.71017,0.70421,0.43291,0.90376,1.58613,4.70194,1.19054,0,0,0,7.43036e-05,7.43036e-05,7.43036e-05
554,19494,1.23096,2.13904,1.32344,1.45412,0.10818,0.09403,0.10217,0.71095,0.76457,0.78508,0.6097,0.65583,0.72293,0.70682,0.4315,0.89773,1.58051,4.73039,1.18848,0,0,0,7.29292e-05,7.29292e-05,7.29292e-05
555,19529.3,1.2372,2.09233,1.30146,1.44463,0.10831,0.09555,0.103,0.69372,0.76571,0.78644,0.61028,0.64957,0.70964,0.70496,0.43225,0.89733,1.57668,4.76057,1.18783,0,0,0,7.15547e-05,7.15547e-05,7.15547e-05
556,19564.5,1.21122,2.15958,1.27653,1.43508,0.10588,0.09292,0.10165,0.70356,0.76859,0.78111,0.60619,0.66203,0.71847,0.70774,0.43231,0.89353,1.57383,4.80948,1.18447,0,0,0,7.01802e-05,7.01802e-05,7.01802e-05
557,19599.8,1.27631,2.14547,1.33467,1.44113,0.10743,0.09612,0.10318,0.7067,0.77208,0.78293,0.60767,0.66064,0.72077,0.70399,0.43608,0.89465,1.56951,4.81911,1.18359,0,0,0,6.88058e-05,6.88058e-05,6.88058e-05
558,19635,1.24362,2.12633,1.31426,1.43521,0.11007,0.09626,0.10413,0.71939,0.75052,0.78426,0.60794,0.66813,0.6986,0.70055,0.42869,0.89371,1.56869,4.83964,1.18336,0,0,0,6.74313e-05,6.74313e-05,6.74313e-05
559,19669.9,1.24438,2.02593,1.26297,1.42483,0.10666,0.09396,0.10178,0.7155,0.75638,0.78407,0.60658,0.67316,0.69425,0.70423,0.43515,0.89522,1.57433,4.87678,1.18459,0,0,0,6.60569e-05,6.60569e-05,6.60569e-05
560,19705,1.21184,2.09976,1.28272,1.4247,0.10795,0.09534,0.10316,0.70394,0.76526,0.783,0.60272,0.66408,0.68905,0.70287,0.43517,0.89501,1.58038,4.9165,1.18513,0,0,0,6.46825e-05,6.46825e-05,6.46825e-05
561,19740,1.2484,2.07791,1.29787,1.44161,0.10612,0.09486,0.10193,0.70833,0.75638,0.7814,0.60493,0.65661,0.69463,0.69654,0.43427,0.8955,1.58119,4.93593,1.18444,0,0,0,6.3308e-05,6.3308e-05,6.3308e-05
562,19775.1,1.25637,2.14563,1.33202,1.43329,0.10924,0.09597,0.10362,0.71096,0.75515,0.78202,0.60279,0.66291,0.69028,0.69441,0.43365,0.89141,1.57899,4.9226,1.18123,0,0,0,6.19335e-05,6.19335e-05,6.19335e-05
563,19810.2,1.24676,2.11605,1.30786,1.44077,0.11373,0.10038,0.10948,0.68501,0.77799,0.78325,0.60239,0.64811,0.69836,0.68918,0.4335,0.89243,1.57577,4.9818,1.18158,0,0,0,6.05591e-05,6.05591e-05,6.05591e-05
564,19845,1.22713,2.09472,1.3268,1.42799,0.1063,0.09333,0.10102,0.68476,0.77724,0.78365,0.60732,0.63597,0.71373,0.69249,0.42741,0.89016,1.57659,5.07802,1.18015,0,0,0,5.91846e-05,5.91846e-05,5.91846e-05
565,19880,1.24473,2.11633,1.31388,1.44831,0.11453,0.09907,0.1083,0.67955,0.78532,0.78264,0.61039,0.64439,0.70658,0.6908,0.42577,0.88934,1.57744,5.05634,1.17957,0,0,0,5.78102e-05,5.78102e-05,5.78102e-05
566,19915,1.22265,2.13632,1.27904,1.42756,0.11145,0.09817,0.10573,0.66971,0.79264,0.78209,0.60897,0.65219,0.68834,0.69182,0.42372,0.89095,1.57606,5.1076,1.18036,0,0,0,5.64358e-05,5.64358e-05,5.64358e-05
567,19950.2,1.21469,2.0873,1.27056,1.42285,0.10613,0.09381,0.10128,0.69969,0.75373,0.78308,0.60984,0.65821,0.70383,0.69581,0.42908,0.88931,1.57865,5.17617,1.18037,0,0,0,5.50613e-05,5.50613e-05,5.50613e-05
568,19985.2,1.24189,2.12989,1.30775,1.43196,0.10538,0.09298,0.10064,0.71548,0.73978,0.78312,0.60919,0.66117,0.69539,0.69391,0.42776,0.89215,1.58145,5.11105,1.18119,0,0,0,5.36869e-05,5.36869e-05,5.36869e-05
569,20020.2,1.23323,2.07487,1.30492,1.43769,0.10427,0.09078,0.09827,0.66287,0.81237,0.78392,0.61063,0.64848,0.70028,0.69479,0.43686,0.89182,1.57791,5.04828,1.18031,0,0,0,5.23124e-05,5.23124e-05,5.23124e-05
570,20055.2,1.19631,2.07453,1.26654,1.43244,0.10784,0.09456,0.10197,0.6971,0.76354,0.7833,0.60899,0.6662,0.68897,0.70169,0.43715,0.89158,1.57606,5.03898,1.17925,0,0,0,5.09379e-05,5.09379e-05,5.09379e-05
571,20090.3,1.25427,2.11512,1.3231,1.44833,0.11326,0.09884,0.10799,0.69288,0.77093,0.78577,0.61191,0.649,0.70964,0.69858,0.43344,0.8911,1.57356,5.07729,1.17825,0,0,0,4.95635e-05,4.95635e-05,4.95635e-05
572,20125.3,1.21474,2.0649,1.27774,1.41813,0.10842,0.09581,0.10309,0.68487,0.78607,0.78296,0.60713,0.64114,0.72733,0.69744,0.43129,0.88707,1.57564,5.15587,1.17609,0,0,0,4.81891e-05,4.81891e-05,4.81891e-05
573,20160.4,1.23714,2.09596,1.28813,1.4329,0.11043,0.09834,0.10644,0.69977,0.77735,0.78396,0.60648,0.65985,0.71309,0.69844,0.4319,0.88449,1.57559,5.20498,1.17528,0,0,0,4.68146e-05,4.68146e-05,4.68146e-05
574,20195.6,1.2447,2.09562,1.2811,1.45342,0.10915,0.09558,0.10422,0.70005,0.77822,0.7839,0.60315,0.67053,0.70713,0.69806,0.43103,0.88607,1.57367,5.18934,1.17625,0,0,0,4.54402e-05,4.54402e-05,4.54402e-05
575,20230.7,1.22029,2.08206,1.27314,1.42085,0.10663,0.09596,0.10351,0.7002,0.77559,0.7843,0.59928,0.66531,0.70798,0.68958,0.43205,0.88735,1.57654,5.24372,1.17641,0,0,0,4.40657e-05,4.40657e-05,4.40657e-05
576,20265.7,1.21382,2.05323,1.3017,1.42798,0.10971,0.09595,0.10453,0.70423,0.75325,0.78395,0.60142,0.66011,0.69933,0.68782,0.43127,0.88506,1.5771,5.29154,1.17583,0,0,0,4.26912e-05,4.26912e-05,4.26912e-05
577,20300.6,1.22843,2.08038,1.27845,1.42821,0.10804,0.09632,0.10427,0.70587,0.75628,0.78307,0.6054,0.66243,0.70452,0.68774,0.43666,0.88439,1.57698,5.27057,1.175,0,0,0,4.13168e-05,4.13168e-05,4.13168e-05
578,20335.6,1.24354,2.0929,1.27644,1.41576,0.1049,0.09481,0.1014,0.69412,0.76242,0.78405,0.60977,0.66287,0.69383,0.69046,0.43685,0.88457,1.57722,5.26681,1.17643,0,0,0,3.99423e-05,3.99423e-05,3.99423e-05
579,20370.7,1.22575,2.04962,1.26609,1.42948,0.11262,0.10006,0.10882,0.69592,0.76922,0.78251,0.61032,0.66036,0.70594,0.6984,0.43741,0.88339,1.57416,5.2906,1.17605,0,0,0,3.85679e-05,3.85679e-05,3.85679e-05
580,20405.9,1.19126,2.04805,1.26039,1.4145,0.10294,0.09095,0.09869,0.69793,0.77151,0.78444,0.61144,0.6708,0.70132,0.70075,0.43935,0.88404,1.57085,5.25375,1.17551,0,0,0,3.71935e-05,3.71935e-05,3.71935e-05
581,20441.2,1.21216,2.11655,1.29733,1.44401,0.11164,0.09703,0.10491,0.69288,0.76851,0.78424,0.611,0.649,0.71349,0.70088,0.43889,0.8814,1.57286,5.19163,1.17409,0,0,0,3.5819e-05,3.5819e-05,3.5819e-05
582,20476.3,1.24829,2.0577,1.29186,1.43626,0.10855,0.09542,0.10354,0.69367,0.76679,0.78367,0.60992,0.66752,0.69653,0.69301,0.43341,0.87997,1.57388,5.15342,1.1737,0,0,0,3.44445e-05,3.44445e-05,3.44445e-05
583,20511.6,1.2588,2.12795,1.35123,1.43351,0.11157,0.0975,0.10575,0.69582,0.76061,0.78515,0.61165,0.65226,0.70807,0.6931,0.43948,0.87818,1.57526,5.16542,1.17358,0,0,0,3.30701e-05,3.30701e-05,3.30701e-05
584,20546.9,1.19982,2.07648,1.24963,1.40877,0.10675,0.09528,0.10171,0.69688,0.76508,0.78532,0.61124,0.65546,0.70433,0.69364,0.43858,0.87795,1.57912,5.14863,1.17325,0,0,0,3.16956e-05,3.16956e-05,3.16956e-05
585,20581.9,1.22278,2.04638,1.26697,1.41753,0.11212,0.10017,0.10773,0.71265,0.74302,0.78565,0.6125,0.65864,0.69861,0.69429,0.43363,0.87691,1.58124,5.16039,1.17211,0,0,0,3.03212e-05,3.03212e-05,3.03212e-05
586,20617.1,1.24098,2.11272,1.30635,1.42188,0.10818,0.09578,0.10331,0.69037,0.77235,0.78436,0.61131,0.6519,0.71619,0.69207,0.43214,0.87847,1.5819,5.22148,1.1723,0,0,0,2.89468e-05,2.89468e-05,2.89468e-05
587,20652,1.23077,2.05502,1.26244,1.44103,0.11342,0.09815,0.10535,0.70729,0.74827,0.78706,0.61198,0.65315,0.70759,0.69499,0.43447,0.87946,1.58083,5.26671,1.17205,0,0,0,2.75723e-05,2.75723e-05,2.75723e-05
588,20687.1,1.18457,2.05449,1.25248,1.4045,0.11014,0.09776,0.10523,0.6969,0.76095,0.78534,0.61056,0.65064,0.71701,0.6949,0.43251,0.87827,1.57895,5.2855,1.17154,0,0,0,2.61978e-05,2.61978e-05,2.61978e-05
589,20722,1.23129,2.06385,1.26857,1.41386,0.10759,0.09577,0.104,0.72143,0.73762,0.78549,0.61356,0.66363,0.69971,0.70021,0.43772,0.87719,1.57152,5.30386,1.17041,0,0,0,2.48234e-05,2.48234e-05,2.48234e-05
590,20757.4,1.21318,2.09865,1.29392,1.42039,0.11102,0.09503,0.10421,0.71785,0.74222,0.78518,0.61234,0.66992,0.69189,0.69977,0.43809,0.87823,1.56923,5.2882,1.17026,0,0,0,2.34489e-05,2.34489e-05,2.34489e-05
591,20795.2,1.29582,2.13344,1.27661,1.48728,0.0802,0.06263,0.07084,0.71541,0.74823,0.78477,0.60897,0.6674,0.69661,0.69985,0.43259,0.89388,1.5862,5.31111,1.17584,0,0,0,2.20745e-05,2.20745e-05,2.20745e-05
592,20830.4,1.24883,2.07932,1.29113,1.43884,0.07869,0.06135,0.06891,0.68161,0.78551,0.78058,0.60046,0.66605,0.6865,0.6945,0.42058,0.91078,1.61244,5.27349,1.18413,0,0,0,2.07001e-05,2.07001e-05,2.07001e-05
593,20865.4,1.2125,2.03348,1.20981,1.43712,0.07818,0.06099,0.06861,0.71455,0.75048,0.77744,0.59049,0.66355,0.68316,0.68463,0.41566,0.92518,1.63594,5.19978,1.19263,0,0,0,1.93256e-05,1.93256e-05,1.93256e-05
594,20900.4,1.18691,2.11467,1.24874,1.44316,0.0737,0.05953,0.06593,0.67249,0.75808,0.77602,0.58537,0.64842,0.67333,0.68016,0.41271,0.93849,1.65281,5.14473,1.20053,0,0,0,1.79512e-05,1.79512e-05,1.79512e-05
595,20935.5,1.19548,2.04451,1.21863,1.41314,0.07496,0.06013,0.06687,0.6782,0.75389,0.77375,0.58291,0.62095,0.68343,0.67656,0.41034,0.94835,1.66427,5.09218,1.20638,0,0,0,1.65767e-05,1.65767e-05,1.65767e-05
596,20970.5,1.1965,2.0206,1.1995,1.41618,0.07445,0.06029,0.06684,0.68833,0.74119,0.77406,0.58135,0.63317,0.67896,0.67525,0.40748,0.9538,1.66857,5.07098,1.20913,0,0,0,1.52022e-05,1.52022e-05,1.52022e-05
597,21005.6,1.17322,1.94567,1.14373,1.39738,0.07292,0.05978,0.06592,0.67498,0.76446,0.77454,0.5832,0.62195,0.70495,0.67841,0.40964,0.95152,1.66441,5.07708,1.20736,0,0,0,1.38278e-05,1.38278e-05,1.38278e-05
598,21040.6,1.20419,2.02949,1.21949,1.42299,0.07468,0.06015,0.06647,0.68091,0.7629,0.77632,0.58465,0.6255,0.70412,0.67917,0.41155,0.94957,1.66078,5.07063,1.20595,0,0,0,1.24534e-05,1.24534e-05,1.24534e-05
599,21075.6,1.17494,1.99188,1.19608,1.42586,0.07202,0.05811,0.06495,0.68492,0.77039,0.7737,0.58155,0.62538,0.71998,0.67554,0.41088,0.94818,1.65765,5.0994,1.20564,0,0,0,1.10789e-05,1.10789e-05,1.10789e-05
600,21110.5,1.19403,1.99718,1.14598,1.39707,0.07232,0.05897,0.06596,0.66894,0.76929,0.7774,0.58257,0.61783,0.72485,0.68094,0.41243,0.94799,1.65565,5.11778,1.20548,0,0,0,9.70445e-06,9.70445e-06,9.70445e-06
