epoch,time,train/box_loss,train/seg_loss,train/cls_loss,train/dfl_loss,train/sem_loss,train/heat_loss,train/seed_loss,metrics/precision(B),metrics/recall(B),metrics/mAP50(B),metrics/mAP50-95(B),metrics/precision(M),metrics/recall(M),metrics/mAP50(M),metrics/mAP50-95(M),val/box_loss,val/seg_loss,val/cls_loss,val/dfl_loss,val/sem_loss,val/heat_loss,val/seed_loss,lr/pg0,lr/pg1,lr/pg2
1,33.6796,3.80795,7.36172,0.20787,4.20804,0.07815,0.84772,0.85272,2e-05,0.00094,0,0,0.00023,0.01594,3e-05,0,4.05842,5.16839,0.2005,4.15804,0.07554,0,0,0.000271356,0.000271356,0.000271356
2,59.9779,3.72986,5.43296,0.21669,4.11318,0.07729,0.82992,0.83358,0.00033,0.02797,6e-05,1e-05,0.00023,0.01705,4e-05,1e-05,4.04736,4.89287,0.19589,4.12804,0.07557,0,0,0.000548117,0.000548117,0.000548117
3,86.4321,3.55979,4.72358,0.20908,3.95597,0.07638,0.79526,0.79952,0.00021,0.03333,0.00014,3e-05,0.00013,0.02,4e-05,1e-05,4.03226,5.06087,0.1551,3.9865,0.07563,0,0,0.000823961,0.000823961,0.000823961
4,113.539,3.43993,4.57612,0.2051,3.69919,0.07571,0.7516,0.75758,0.00073,0.02108,6e-05,1e-05,0.00022,0.00231,1e-05,0,3.64336,7.12375,0.27273,3.77258,0.07606,0,0,0.000828877,0.000828877,0.000828877
5,140.363,3.23105,4.53083,0.20395,3.48427,0.07523,0.7063,0.71507,0.00048,0.00759,5e-05,1e-05,0.0002,0.0236,1e-05,0,3.36354,6.17318,12.3465,3.35962,0.07627,0,0,0.000827502,0.000827502,0.000827502
6,167.327,3.15795,4.42456,0.20669,3.37284,0.07481,0.66523,0.6756,0.0009,0.01657,8e-05,2e-05,0.00066,0.0161,5e-05,1e-05,3.31956,5.00459,7.07343,3.30814,0.07568,0,0,0.000826128,0.000826128,0.000826128
7,197.003,3.07669,4.37478,0.21091,3.30231,0.07461,0.62975,0.64047,0.20333,0.00046,4e-05,1e-05,0.20333,0.00046,5e-05,1e-05,3.33023,4.78431,1.49039,3.22237,0.07501,0,0,0.000824753,0.000824753,0.000824753
8,224.867,3.13918,4.3098,0.18594,3.2175,0.07451,0.59948,0.60959,0.00061,0.00554,7e-05,1e-05,0.00055,0.00462,6e-05,1e-05,3.27807,4.65591,1.09474,3.21808,0.07486,0,0,0.000823379,0.000823379,0.000823379
9,253.762,3.12189,4.27099,0.1776,3.16466,0.07439,0.57717,0.58566,0.00082,0.00508,0.00015,3e-05,0.00075,0.00831,0.00012,4e-05,3.3177,4.75201,0.29139,3.19658,0.07466,0,0,0.000822004,0.000822004,0.000822004
10,283.137,3.07896,4.23817,0.18461,3.13823,0.07436,0.56068,0.56778,0.00121,0.00703,0.00011,2e-05,0.00141,0.00323,0.00011,2e-05,3.27682,4.62882,0.2202,3.12637,0.07451,0,0,0.00082063,0.00082063,0.00082063
11,315.911,3.10463,4.22897,0.16566,3.10109,0.07425,0.54813,0.55406,0.00175,0.00554,0.00049,7e-05,0.0016,0.00323,0.00048,9e-05,3.25852,4.64349,0.18022,3.05827,0.07448,0,0,0.000819255,0.000819255,0.000819255
12,348.257,3.11619,4.17574,0.15446,3.04137,0.07423,0.53984,0.545,0.20213,0.00323,0.00027,6e-05,0.20263,0.00231,0.00027,6e-05,3.29681,4.7088,0.17239,3.06624,0.07451,0,0,0.000817881,0.000817881,0.000817881
13,379.922,3.04756,4.17895,0.15712,3.00473,0.07423,0.53435,0.53892,0.00138,0.0051,0.00012,2e-05,0.20134,0.00277,0.00011,2e-05,nan,nan,nan,nan,nan,0,0,0.000816507,0.000816507,0.000816507
14,414.295,3.04614,4.15729,0.14805,2.97803,0.07423,0.5297,0.53384,0.00185,0.0061,0.00018,4e-05,0.00198,0.00843,0.00023,4e-05,3.23135,4.43568,0.13012,3.00366,0.07438,0,0,0.000815132,0.000815132,0.000815132
15,448.906,2.98046,4.1135,0.13762,2.91957,0.0741,0.52619,0.53024,0.00112,0.09785,0.00036,5e-05,0.40191,0.00323,0.00023,4e-05,3.25078,4.43116,0.10652,3.02263,0.07432,0,0,0.000813758,0.000813758,0.000813758
16,483.937,3.00554,4.08773,0.13687,2.93659,0.07423,0.5236,0.52761,0.20309,0.01131,0.00042,0.00011,0.20243,0.00751,0.00041,0.0001,3.21277,4.5034,0.10843,2.96393,0.0745,0,0,0.000812383,0.000812383,0.000812383
17,519.026,2.96545,4.06396,0.12899,2.89251,0.07416,0.52155,0.52521,0.00272,0.0051,0.00022,4e-05,0.004,0.00647,0.00091,0.00018,3.15628,4.45101,0.10521,2.94421,0.07436,0,0,0.000811009,0.000811009,0.000811009
18,554.501,2.93748,4.07397,0.12333,2.8815,0.07411,0.51975,0.52315,0.00085,0.02829,0.00018,5e-05,0.00076,0.02265,0.00017,6e-05,3.17421,4.38194,0.09973,2.94522,0.07422,0,0,0.000809634,0.000809634,0.000809634
19,589.863,2.97303,4.05244,0.12023,2.85608,0.07404,0.51835,0.52195,0.00129,0.14036,0.00136,0.00036,0.0014,0.01434,0.00032,9e-05,3.1099,4.36865,0.08782,2.93307,0.07415,0,0,0.00080826,0.00080826,0.00080826
20,625.211,2.89576,4.01829,0.10929,2.83728,0.07402,0.51645,0.51947,0.00126,0.0198,0.00023,4e-05,0.00096,0.05488,0.00013,3e-05,3.09487,4.37965,0.13283,2.90814,0.07422,0,0,0.000806885,0.000806885,0.000806885
21,660.621,2.857,4.0167,0.11256,2.84338,0.07397,0.51556,0.51861,0.20794,0.00231,0.00063,9e-05,0.20477,0.00416,0.00079,0.00015,3.08255,4.38673,0.08593,2.91234,0.07418,0,0,0.000805511,0.000805511,0.000805511
22,696.065,2.84064,3.96425,0.10124,2.79219,0.07393,0.51477,0.51764,0.00386,0.05936,0.0008,0.00021,0.00371,0.05464,0.00083,0.00021,3.06904,4.27163,0.0772,2.90551,0.074,0,0,0.000804137,0.000804137,0.000804137
23,731.611,2.84433,3.94991,0.09913,2.77503,0.07377,0.51406,0.5169,0.00456,0.04536,0.00076,0.00015,0.00428,0.03685,0.00068,0.00021,3.03543,4.30218,0.08548,2.85273,0.07391,0,0,0.000802762,0.000802762,0.000802762
24,766.659,2.8092,3.91211,0.09007,2.77979,0.0736,0.51297,0.51609,0.00202,0.01157,0.00142,0.00019,0.00781,0.00462,0.00164,0.00034,3.01705,4.29698,0.08274,2.86703,0.07333,0,0,0.000801388,0.000801388,0.000801388
25,801.938,2.74275,3.97051,0.0892,2.73426,0.07258,0.51232,0.51493,0.00296,0.06024,0.00062,0.00015,0.20422,0.00508,0.00056,0.00013,2.98444,4.26733,0.07404,2.81497,0.07129,0,0,0.000800013,0.000800013,0.000800013
26,837.389,2.79501,3.96725,0.0885,2.75474,0.07015,0.51155,0.51447,0.00811,0.015,0.00215,0.00036,0.01494,0.00785,0.00271,0.00062,2.97394,4.28998,0.07212,2.81963,0.06849,0,0,0.000798639,0.000798639,0.000798639
27,872.847,2.72862,3.91758,0.08469,2.67621,0.06736,0.51112,0.51388,0.00217,0.01524,0.00046,0.0001,0.00302,0.01665,0.00051,0.00011,2.94251,4.24526,0.07653,2.78877,0.0656,0,0,0.000797264,0.000797264,0.000797264
28,908.185,2.71106,3.90363,0.08185,2.66465,0.06568,0.51053,0.51273,0.00436,0.00974,0.0009,0.00023,0.2071,0.00928,0.00119,0.0003,2.90706,4.32454,0.072,2.77445,0.0651,0,0,0.00079589,0.00079589,0.00079589
29,943.378,2.69183,3.89357,0.08554,2.68092,0.06541,0.51017,0.51254,0.20434,0.006,0.00106,0.00023,0.41431,0.00508,0.00163,0.00033,2.85943,4.18161,0.07031,2.77761,0.06456,0,0,0.000794515,0.000794515,0.000794515
30,978.378,2.63718,3.92446,0.08167,2.66784,0.06492,0.50962,0.51193,0.00274,0.01249,0.00075,0.00018,0.00223,0.00766,0.00097,0.0003,2.83872,4.21916,0.07507,2.73721,0.06352,0,0,0.000793141,0.000793141,0.000793141
31,1013.99,2.60037,3.80981,0.07759,2.63606,0.064,0.50946,0.51141,0.20629,0.00785,0.00115,0.00026,0.20633,0.01018,0.00108,0.00029,2.86806,4.29873,0.07261,2.76604,0.0633,0,0,0.000791767,0.000791767,0.000791767
32,1048.8,2.59776,3.82729,0.08015,2.62091,0.06394,0.50909,0.51179,0.00429,0.02843,0.0013,0.00029,0.00347,0.02277,0.00078,0.00018,2.79633,4.16614,0.06917,2.71803,0.0632,0,0,0.000790392,0.000790392,0.000790392
33,1084.13,2.56142,3.82768,0.08003,2.60253,0.06378,0.50886,0.51139,0.20918,0.01247,0.0018,0.00043,0.21053,0.01016,0.00173,0.0004,2.8634,4.17035,0.07348,2.76607,0.06319,0,0,0.000789018,0.000789018,0.000789018
34,1119.41,2.53813,3.8329,0.07738,2.58777,0.06405,0.50837,0.51023,0.00219,0.0247,0.00065,0.00017,0.00302,0.01111,0.00056,0.00016,2.77536,4.16135,0.06684,2.69014,0.0632,0,0,0.000787643,0.000787643,0.000787643
35,1154.72,2.53408,3.78348,0.07382,2.56457,0.06378,0.50726,0.50924,0.40937,0.01617,0.00225,0.00064,0.40946,0.01155,0.00195,0.00049,2.78982,4.18044,0.07353,2.70162,0.06325,0,0,0.000786269,0.000786269,0.000786269
36,1189.91,2.50281,3.769,0.07868,2.5472,0.06404,0.50744,0.50988,0.20483,0.01201,0.00185,0.00049,0.21342,0.00785,0.00211,0.00061,2.71432,4.14633,0.06746,2.6391,0.06335,0,0,0.000784894,0.000784894,0.000784894
37,1225.06,2.50221,3.76487,0.07054,2.53425,0.06381,0.50669,0.50872,0.21237,0.01201,0.00297,0.00084,0.42134,0.00785,0.00339,0.00094,2.69317,4.07467,0.07097,2.63427,0.06318,0,0,0.00078352,0.00078352,0.00078352
38,1260.26,2.4762,3.7222,0.07719,2.54789,0.06372,0.50674,0.5085,0.20558,0.01293,0.00364,0.00142,0.21789,0.00785,0.00324,0.00098,2.68109,4.10693,0.06665,2.65461,0.06327,0,0,0.000782145,0.000782145,0.000782145
39,1295.18,2.43263,3.78953,0.07462,2.53136,0.06384,0.50585,0.50785,0.20709,0.01016,0.00276,0.00078,0.21389,0.00924,0.00294,0.00108,2.72449,4.13436,0.06701,2.6746,0.06328,0,0,0.000780771,0.000780771,0.000780771
40,1330.41,2.42072,3.73038,0.07628,2.48839,0.06395,0.50613,0.50817,0.21242,0.01247,0.00355,0.00069,0.21514,0.01016,0.00322,0.00084,2.65652,4.0673,0.07757,2.6178,0.06311,0,0,0.000779396,0.000779396,0.000779396
41,1365.44,2.39645,3.72974,0.07084,2.45406,0.06391,0.5054,0.50712,0.01068,0.01293,0.003,0.0008,0.00992,0.01201,0.00373,0.00114,2.67829,4.05071,0.06671,2.61923,0.06318,0,0,0.000778022,0.000778022,0.000778022
42,1400.51,2.36837,3.72123,0.07363,2.45493,0.06365,0.5043,0.50617,0.0127,0.01293,0.0031,0.00099,0.01379,0.01386,0.00372,0.00125,2.66311,3.99567,0.06724,2.5995,0.06322,0,0,0.000776648,0.000776648,0.000776648
43,1435.68,2.37875,3.68209,0.07064,2.43503,0.06407,0.50397,0.50589,0.2144,0.01339,0.00473,0.00128,0.21211,0.01247,0.00488,0.0015,2.6237,4.06855,0.06355,2.58078,0.06331,0,0,0.000775273,0.000775273,0.000775273
44,1470.98,2.3558,3.66731,0.0741,2.40701,0.06376,0.50392,0.50561,0.20979,0.01848,0.00356,0.00095,0.41229,0.01339,0.00349,0.00103,2.62154,4.02747,0.06758,2.60055,0.06318,0,0,0.000773899,0.000773899,0.000773899
45,1506.2,2.30654,3.71976,0.07346,2.39147,0.06401,0.50325,0.50513,0.21597,0.01765,0.00411,0.00108,0.21288,0.01765,0.00401,0.00115,2.5752,3.98158,0.06987,2.53691,0.06315,0,0,0.000772524,0.000772524,0.000772524
46,1541.81,2.34441,3.65042,0.07099,2.38714,0.06399,0.50226,0.50424,0.41642,0.01478,0.00428,0.0011,0.41386,0.01247,0.00424,0.0014,2.54427,4.0154,0.06451,2.54581,0.06322,0,0,0.00077115,0.00077115,0.00077115
47,1576.91,2.32382,3.6397,0.07018,2.36623,0.06362,0.50092,0.50261,0.22552,0.00831,0.00526,0.00157,0.22197,0.00785,0.00519,0.00174,2.5273,4.03969,0.06511,2.49691,0.06327,0,0,0.000769775,0.000769775,0.000769775
48,1612.6,2.30514,3.65197,0.07377,2.39107,0.06392,0.50068,0.50308,0.21251,0.01663,0.00505,0.00182,0.21629,0.01155,0.00455,0.00175,2.54506,4.03258,0.06606,2.54597,0.06324,0,0,0.000768401,0.000768401,0.000768401
49,1647.88,2.24662,3.64387,0.07132,2.38901,0.06386,0.49893,0.50187,0.41037,0.01062,0.00605,0.00206,0.40992,0.01016,0.00619,0.00234,2.606,4.06734,0.06442,2.59311,0.06324,0,0,0.000767026,0.000767026,0.000767026
50,1683.08,2.26999,3.68098,0.07453,2.35506,0.06401,0.49788,0.50081,0.20551,0.02079,0.00211,0.00065,0.20581,0.0194,0.00287,0.00079,2.53867,4.02544,0.06384,2.55179,0.06322,0,0,0.000765652,0.000765652,0.000765652
51,1718.05,2.27775,3.65089,0.07369,2.35029,0.06392,0.49494,0.49899,0.20863,0.01801,0.00325,0.00102,0.21374,0.0097,0.00296,0.001,2.53639,4.00505,0.06272,2.51084,0.06324,0,0,0.000764278,0.000764278,0.000764278
52,1752.96,2.22665,3.61814,0.07218,2.36189,0.06376,0.49025,0.49506,0.21462,0.01617,0.0074,0.00262,0.22236,0.02283,0.00701,0.00247,2.50573,4.00804,0.06687,2.48758,0.06319,0,0,0.000762903,0.000762903,0.000762903
53,1788.14,2.24109,3.57889,0.07243,2.34147,0.06403,0.47977,0.48703,0.41945,0.01339,0.00629,0.00179,0.41846,0.01293,0.00579,0.00194,2.52667,4.0106,0.06303,2.51412,0.06324,0,0,0.000761529,0.000761529,0.000761529
54,1823.24,2.19454,3.57319,0.07143,2.31133,0.06394,0.4571,0.47239,0.22079,0.02135,0.00463,0.00138,0.21998,0.02607,0.00473,0.00128,2.54253,4.02055,0.06167,2.54027,0.06325,0,0,0.000760154,0.000760154,0.000760154
55,1858.24,2.21819,3.57395,0.07347,2.30916,0.06427,0.40419,0.44256,0.2107,0.01386,0.00482,0.00146,0.21099,0.01155,0.00417,0.00139,2.48768,4.03976,0.0619,2.49358,0.06324,0,0,0.00075878,0.00075878,0.00075878
56,1893.41,2.22101,3.62302,0.0682,2.3142,0.06372,0.32319,0.40042,0.21506,0.01201,0.0059,0.00234,0.42282,0.0097,0.0054,0.00224,2.50563,3.98126,0.06111,2.50533,0.06328,0,0,0.000757405,0.000757405,0.000757405
57,1928.44,2.24073,3.6167,0.07042,2.32656,0.06401,0.25754,0.33331,0.20961,0.0194,0.00463,0.00182,0.21125,0.01904,0.00391,0.00157,2.55433,3.9905,0.06774,2.54987,0.0632,0,0,0.000756031,0.000756031,0.000756031
58,1963.69,2.19973,3.58949,0.0698,2.29276,0.06383,0.2297,0.2664,0.44045,0.01526,0.00681,0.00209,0.43912,0.0148,0.00752,0.0022,2.50362,3.99588,0.06256,2.50752,0.06324,0,0,0.000754656,0.000754656,0.000754656
59,1998.55,2.19896,3.57645,0.0712,2.30184,0.06381,0.21508,0.23552,0.21551,0.02127,0.00788,0.00203,0.42199,0.01478,0.0069,0.0022,2.50417,3.96098,0.06244,2.52672,0.06326,0,0,0.000753282,0.000753282,0.000753282
60,2033.62,2.16013,3.52623,0.06858,2.29375,0.06388,0.20162,0.22559,0.41719,0.01386,0.00574,0.00173,0.41989,0.01062,0.00639,0.00202,2.47494,3.98462,0.06111,2.47976,0.0632,0,0,0.000751907,0.000751907,0.000751907
61,2068.64,2.1522,3.56201,0.07182,2.2725,0.06396,0.19844,0.22536,0.0121,0.0195,0.00474,0.00165,0.0168,0.01821,0.00423,0.00155,2.50309,4.07777,0.06795,2.49472,0.0634,0,0,0.000750533,0.000750533,0.000750533
62,2103.65,2.12338,3.54502,0.07163,2.26028,0.06371,0.19323,0.22,0.21555,0.01432,0.00712,0.00219,0.41753,0.01155,0.00663,0.00244,2.5394,4.0549,0.06251,2.54331,0.06328,0,0,0.000749159,0.000749159,0.000749159
63,2138.83,2.12371,3.51064,0.06943,2.2248,0.06373,0.19159,0.22037,0.4153,0.0157,0.00473,0.00136,0.4134,0.01478,0.00447,0.00127,2.47387,4.05209,0.065,2.49051,0.06331,0,0,0.000747784,0.000747784,0.000747784
64,2173.66,2.09949,3.51696,0.06939,2.23131,0.06388,0.19171,0.22088,0.24249,0.01757,0.00787,0.00223,0.23943,0.0148,0.00655,0.00209,2.44765,3.92834,0.06219,2.46139,0.06323,0,0,0.00074641,0.00074641,0.00074641
65,2208.79,2.09867,3.49497,0.06742,2.21588,0.06364,0.19074,0.21571,0.42401,0.01478,0.00607,0.00193,0.42476,0.01524,0.00546,0.00173,2.44139,3.99151,0.06358,2.45816,0.06317,0,0,0.000745035,0.000745035,0.000745035
66,2244.06,2.1308,3.53958,0.06953,2.23961,0.06375,0.19043,0.21129,0.22021,0.01755,0.00676,0.00197,0.21805,0.01524,0.00629,0.00204,2.44624,4.00698,0.06528,2.48496,0.06328,0,0,0.000743661,0.000743661,0.000743661
67,2279.35,2.12995,3.47359,0.07153,2.2283,0.06411,0.19206,0.20776,0.20916,0.02263,0.00321,0.00105,0.20851,0.01755,0.00257,0.00096,2.44957,4.06271,0.06321,2.48657,0.06329,0,0,0.000742286,0.000742286,0.000742286
68,2314.08,2.06387,3.46622,0.06993,2.19666,0.06369,0.18594,0.19719,0.21226,0.01755,0.00451,0.00152,0.21358,0.01247,0.00369,0.00133,2.39758,3.94821,0.06337,2.44111,0.06333,0,0,0.000740912,0.000740912,0.000740912
69,2348.9,2.05816,3.491,0.07229,2.21023,0.06388,0.18679,0.19795,0.01557,0.01755,0.00609,0.00172,0.01561,0.01617,0.00517,0.00163,2.45718,3.9624,0.06129,2.45295,0.06324,0,0,0.000739537,0.000739537,0.000739537
70,2384.04,2.11849,3.44975,0.06928,2.21602,0.06374,0.18168,0.19621,0.42201,0.01771,0.0097,0.00251,0.41857,0.01494,0.00874,0.00264,2.45649,3.96727,0.05914,2.46027,0.06323,0,0,0.000738163,0.000738163,0.000738163
71,2419.19,2.06716,3.47123,0.07031,2.19463,0.06384,0.17739,0.19755,0.00641,0.03679,0.00293,0.00098,0.00908,0.0171,0.00271,0.0008,2.40391,3.93627,0.06456,2.43285,0.06335,0,0,0.000736788,0.000736788,0.000736788
72,2454.12,2.06435,3.49231,0.07149,2.19487,0.06368,0.17106,0.19306,0.2185,0.01663,0.00655,0.00215,0.42076,0.01432,0.00611,0.00208,2.39782,3.98945,0.06442,2.42024,0.0632,0,0,0.000735414,0.000735414,0.000735414
73,2489.43,2.06693,3.47404,0.06745,2.16771,0.0635,0.16535,0.19068,0.21196,0.01432,0.00521,0.00163,0.22244,0.01858,0.00579,0.00173,2.47921,3.93997,0.05893,2.47647,0.06321,0,0,0.00073404,0.00073404,0.00073404
74,2524.36,2.06955,3.4594,0.07037,2.20019,0.06385,0.1663,0.19298,0.21871,0.01894,0.00604,0.00184,0.21711,0.01848,0.00566,0.00173,2.39645,3.97494,0.06145,2.41268,0.06326,0,0,0.000732665,0.000732665,0.000732665
75,2559.03,2.06228,3.48364,0.07178,2.17911,0.06383,0.17378,0.19751,0.21262,0.02494,0.00532,0.00175,0.22,0.01617,0.00545,0.00179,2.36658,3.95409,0.06468,2.41694,0.06332,0,0,0.000731291,0.000731291,0.000731291
76,2593.91,2.02152,3.43679,0.06927,2.16494,0.06346,0.16793,0.19227,0.21565,0.01709,0.00652,0.00212,0.4168,0.01524,0.00664,0.00217,2.39116,3.90001,0.06279,2.41377,0.06322,0,0,0.000729916,0.000729916,0.000729916
77,2628.58,2.03289,3.4151,0.07119,2.1602,0.06374,0.16736,0.19279,0.42685,0.01293,0.00825,0.00264,0.42873,0.01293,0.00869,0.00298,2.38959,3.95844,0.06078,2.42452,0.06318,0,0,0.000728542,0.000728542,0.000728542
78,2663.92,2.05531,3.4614,0.06947,2.18965,0.06384,0.16883,0.19437,0.21336,0.0194,0.00688,0.00261,0.21336,0.0194,0.00617,0.00253,2.382,3.97074,0.06325,2.39492,0.06324,0,0,0.000727167,0.000727167,0.000727167
79,2698.65,1.99824,3.40582,0.07079,2.14638,0.0635,0.16888,0.19066,0.21613,0.01617,0.00545,0.00171,0.21521,0.01524,0.00506,0.00166,2.4022,3.94903,0.06017,2.40382,0.06327,0,0,0.000725793,0.000725793,0.000725793
80,2733.66,1.9918,3.34202,0.07069,2.14502,0.06397,0.16779,0.19426,0.21849,0.01617,0.00782,0.00295,0.21579,0.01432,0.00743,0.0032,2.39998,3.9481,0.06083,2.41287,0.06326,0,0,0.000724418,0.000724418,0.000724418
81,2768.96,2.00421,3.38788,0.06768,2.10846,0.06352,0.16614,0.19223,0.22415,0.03253,0.00822,0.0033,0.22072,0.02643,0.0064,0.00272,2.38222,3.92454,0.062,2.40039,0.06325,0,0,0.000723044,0.000723044,0.000723044
82,2803.96,1.98884,3.37982,0.07243,2.13837,0.06373,0.16397,0.18729,0.20952,0.02725,0.00902,0.00283,0.21703,0.01524,0.00829,0.00296,2.4153,3.88097,0.05968,2.42046,0.06318,0,0,0.00072167,0.00072167,0.00072167
83,2838.86,1.99996,3.38549,0.07035,2.15013,0.06357,0.16611,0.19222,0.41617,0.02402,0.00887,0.00296,0.41862,0.02032,0.00734,0.00289,2.34982,3.92071,0.05989,2.38037,0.06323,0,0,0.000720295,0.000720295,0.000720295
84,2873.94,1.94884,3.3554,0.06729,2.10863,0.06341,0.16901,0.18937,0.21705,0.02273,0.0068,0.00212,0.41967,0.01739,0.00613,0.00219,2.41114,3.94865,0.06201,2.41762,0.06324,0,0,0.000718921,0.000718921,0.000718921
85,2908.82,1.99974,3.40479,0.07157,2.12314,0.06385,0.16973,0.19564,0.21931,0.02504,0.00743,0.00244,0.21412,0.01986,0.00536,0.00213,2.39217,3.89856,0.06097,2.38603,0.06311,0,0,0.000717546,0.000717546,0.000717546
86,2943.95,1.93061,3.38424,0.06845,2.1,0.06344,0.16674,0.18889,0.21157,0.02125,0.00583,0.00224,0.22373,0.02552,0.00521,0.0023,2.37429,3.93178,0.0599,2.40755,0.06323,0,0,0.000716172,0.000716172,0.000716172
87,2978.74,1.99485,3.40251,0.07014,2.13617,0.06362,0.16652,0.192,0.22179,0.0293,0.00686,0.00248,0.22174,0.01801,0.00549,0.00191,2.35859,3.86844,0.05956,2.38864,0.06316,0,0,0.000714797,0.000714797,0.000714797
88,3013.7,1.94102,3.35189,0.06777,2.08105,0.06372,0.16239,0.18644,0.22364,0.02079,0.00872,0.00284,0.62652,0.01848,0.00801,0.00313,2.35324,3.95165,0.0599,2.38892,0.06327,0,0,0.000713423,0.000713423,0.000713423
89,3048.5,1.94883,3.37887,0.07024,2.11394,0.06371,0.16829,0.1928,0.42396,0.01986,0.01032,0.00357,0.42485,0.01617,0.00834,0.00311,2.34367,3.90751,0.05914,2.37519,0.06329,0,0,0.000712048,0.000712048,0.000712048
90,3083.91,1.94037,3.32254,0.0709,2.0997,0.06357,0.16116,0.18613,0.21553,0.02448,0.00728,0.0023,0.22056,0.01848,0.0063,0.00209,2.36244,3.93564,0.06104,2.39488,0.06324,0,0,0.000710674,0.000710674,0.000710674
91,3118.97,1.92628,3.32417,0.06922,2.07748,0.06366,0.17226,0.19441,0.41964,0.0293,0.00807,0.00293,0.41792,0.01617,0.00749,0.0028,2.36647,3.90835,0.05968,2.39055,0.06323,0,0,0.000709299,0.000709299,0.000709299
92,3153.91,1.94019,3.29689,0.06902,2.07332,0.06366,0.16264,0.18937,0.22475,0.01757,0.0096,0.00301,0.22272,0.02321,0.00861,0.00318,2.40918,3.853,0.05847,2.43168,0.06321,0,0,0.000707925,0.000707925,0.000707925
93,3189.01,1.99349,3.37032,0.0695,2.11213,0.06401,0.16867,0.19405,0.21655,0.02319,0.00635,0.0026,0.22378,0.0246,0.00619,0.00253,2.36551,3.87672,0.062,2.39875,0.06323,0,0,0.000706551,0.000706551,0.000706551
94,3223.67,1.92597,3.32507,0.07231,2.0736,0.0641,0.16708,0.19404,0.21698,0.01801,0.0061,0.00242,0.2168,0.01755,0.00536,0.00236,2.34682,3.9292,0.06352,2.39001,0.06322,0,0,0.000705176,0.000705176,0.000705176
95,3258.45,1.88792,3.31034,0.06621,2.06588,0.06351,0.16074,0.18432,0.21623,0.01524,0.01018,0.0034,0.21664,0.01524,0.00912,0.00347,2.32188,3.84762,0.05893,2.33955,0.06322,0,0,0.000703802,0.000703802,0.000703802
96,3293.23,1.93157,3.30957,0.06972,2.08329,0.06398,0.165,0.19205,0.21875,0.01617,0.00677,0.0028,0.21821,0.0157,0.00601,0.00264,2.34513,3.94739,0.05854,2.39262,0.06347,0,0,0.000702427,0.000702427,0.000702427
97,3328.2,1.9131,3.3404,0.06609,2.06978,0.06383,0.16433,0.18866,0.22307,0.01801,0.00893,0.00303,0.22045,0.01621,0.00767,0.00267,2.36593,3.91107,0.06229,2.40173,0.06333,0,0,0.000701053,0.000701053,0.000701053
98,3363.04,1.94376,3.3483,0.06683,2.07151,0.06367,0.16246,0.18844,0.22149,0.02125,0.00787,0.00285,0.21962,0.0194,0.00646,0.00259,2.35333,3.93089,0.06406,2.37305,0.06335,0,0,0.000699678,0.000699678,0.000699678
99,3398.3,1.91793,3.33138,0.07144,2.06471,0.06401,0.16877,0.19085,0.21742,0.02884,0.00654,0.00238,0.21585,0.02273,0.00602,0.0023,2.34135,3.85139,0.06312,2.36645,0.06322,0,0,0.000698304,0.000698304,0.000698304
100,3432.96,1.88963,3.31304,0.07235,2.04947,0.06395,0.16519,0.19169,0.01372,0.06028,0.00787,0.00328,0.01524,0.07059,0.00725,0.00314,2.30608,3.92207,0.06185,2.34798,0.06341,0,0,0.000696929,0.000696929,0.000696929
101,3468.24,1.91452,3.29401,0.06717,2.06633,0.06343,0.16884,0.19072,0.21816,0.02171,0.00843,0.00321,0.21872,0.0194,0.00722,0.00286,2.36352,3.93067,0.06125,2.36232,0.0633,0,0,0.000695555,0.000695555,0.000695555
102,3502.93,1.88738,3.30015,0.06891,2.03351,0.06371,0.16569,0.18889,0.22524,0.06677,0.01033,0.00353,0.22579,0.05892,0.00975,0.00425,2.32511,3.89877,0.06152,2.33168,0.06334,0,0,0.000694181,0.000694181,0.000694181
103,3538.18,1.88889,3.28016,0.07132,2.03661,0.06374,0.16349,0.1899,0.21341,0.02681,0.00652,0.00251,0.01462,0.02968,0.00621,0.00257,2.37056,3.90391,0.06093,2.38127,0.06334,0,0,0.000692806,0.000692806,0.000692806
104,3573.15,1.91443,3.32051,0.06785,2.04266,0.06377,0.16089,0.1873,0.21031,0.0194,0.00606,0.00196,0.21631,0.01478,0.00539,0.00201,2.34249,3.86074,0.06184,2.37818,0.06332,0,0,0.000691432,0.000691432,0.000691432
105,3608.13,1.88201,3.28139,0.06864,2.04459,0.06363,0.17026,0.19204,0.22212,0.04402,0.01239,0.00392,0.02033,0.06156,0.01046,0.00373,2.31357,3.89801,0.06109,2.33491,0.06331,0,0,0.000690057,0.000690057,0.000690057
106,3643.21,1.86821,3.27025,0.06892,2.0293,0.06383,0.16477,0.1887,0.2123,0.04095,0.00907,0.00346,0.21195,0.0354,0.00858,0.00326,2.35618,3.83963,0.06128,2.38265,0.06325,0,0,0.000688683,0.000688683,0.000688683
107,3678.33,1.90123,3.21357,0.06644,1.99298,0.06369,0.16164,0.18701,0.04984,0.05695,0.02184,0.00917,0.0502,0.05281,0.02102,0.00954,2.33643,3.88462,0.06197,2.36574,0.06332,0,0,0.000687308,0.000687308,0.000687308
108,3713.47,1.86559,3.26181,0.06956,2.02806,0.06352,0.16693,0.19038,0.24379,0.03651,0.01576,0.0047,0.24326,0.03512,0.01488,0.00629,2.35107,3.88764,0.05957,2.33627,0.06329,0,0,0.000685934,0.000685934,0.000685934
109,3748.51,1.91428,3.27984,0.06984,2.02689,0.06364,0.16489,0.18903,0.01581,0.03432,0.00574,0.00161,0.22615,0.02147,0.00515,0.00147,2.33469,3.99725,0.06258,2.34225,0.06326,0,0,0.000684559,0.000684559,0.000684559
110,3783.17,1.85861,3.24948,0.06935,2.02191,0.06364,0.15956,0.18484,0.21625,0.04141,0.00985,0.00318,0.4216,0.01478,0.00848,0.00303,2.32442,3.88035,0.06118,2.34467,0.0633,0,0,0.000683185,0.000683185,0.000683185
111,3818.37,1.81002,3.26003,0.06841,1.99142,0.0636,0.16542,0.18866,0.01769,0.02263,0.01026,0.00384,0.0244,0.01663,0.0098,0.00374,2.31547,3.86983,0.0615,2.35481,0.06332,0,0,0.00068181,0.00068181,0.00068181
112,3853.35,1.85319,3.2386,0.0643,2.00361,0.06349,0.16165,0.18571,0.41592,0.02125,0.00603,0.00207,0.41516,0.02125,0.00596,0.00214,2.2999,3.91378,0.06239,2.34969,0.06335,0,0,0.000680436,0.000680436,0.000680436
113,3888.01,1.83486,3.18595,0.06679,1.98963,0.06344,0.16414,0.18732,0.22717,0.05071,0.00752,0.00273,0.22542,0.04506,0.00714,0.00248,2.33837,3.92436,0.06219,2.35694,0.06347,0,0,0.000679062,0.000679062,0.000679062
114,3923,1.85968,3.24275,0.07061,1.98311,0.06386,0.16219,0.18636,0.21138,0.05075,0.01015,0.0033,0.42776,0.02089,0.00887,0.00315,2.32329,3.86469,0.05892,2.35926,0.06335,0,0,0.000677687,0.000677687,0.000677687
115,3957.68,1.85621,3.22843,0.0697,1.98197,0.06371,0.1633,0.18422,0.21707,0.02316,0.00646,0.00207,0.21424,0.0194,0.00624,0.00206,2.32797,3.8916,0.06187,2.35862,0.06335,0,0,0.000676313,0.000676313,0.000676313
116,3993.13,1.8147,3.212,0.06846,1.99321,0.0637,0.16859,0.19215,0.01647,0.05966,0.00843,0.00245,0.01454,0.05346,0.00702,0.002,2.3413,3.90901,0.05615,2.38729,0.06336,0,0,0.000674938,0.000674938,0.000674938
117,4028.09,1.85497,3.18782,0.06845,1.99035,0.06367,0.16245,0.18816,0.21772,0.0354,0.00906,0.00264,0.2353,0.02089,0.00798,0.0023,2.33799,3.92583,0.06039,2.36379,0.06335,0,0,0.000673564,0.000673564,0.000673564
118,4063.36,1.82504,3.23686,0.07015,1.98109,0.06369,0.16613,0.18992,0.22103,0.03022,0.00867,0.00308,0.20996,0.03956,0.00856,0.00306,2.30437,3.94136,0.06057,2.34956,0.06344,0,0,0.000672189,0.000672189,0.000672189
119,4098.16,1.84038,3.18165,0.07225,2.00713,0.06378,0.16339,0.19022,0.21433,0.0381,0.00861,0.00268,0.42058,0.01711,0.00701,0.00229,2.29216,3.9238,0.05935,2.3432,0.0634,0,0,0.000670815,0.000670815,0.000670815
120,4132.99,1.79981,3.1748,0.07227,1.96645,0.0637,0.16421,0.18703,0.02857,0.07635,0.01738,0.00615,0.02556,0.06504,0.01632,0.00686,2.28618,3.91689,0.06057,2.34405,0.06336,0,0,0.00066944,0.00066944,0.00066944
121,4167.89,1.80023,3.14265,0.06693,1.94976,0.06364,0.16197,0.1874,0.2125,0.03577,0.00728,0.00236,0.21281,0.01617,0.00593,0.00193,2.31663,3.91442,0.06006,2.35869,0.06338,0,0,0.000668066,0.000668066,0.000668066
122,4202.9,1.7907,3.18389,0.07292,1.96132,0.06429,0.16736,0.19247,0.23192,0.03328,0.01051,0.00305,0.23697,0.02958,0.00887,0.00282,2.33946,4.0036,0.05915,2.35122,0.06331,0,0,0.000666692,0.000666692,0.000666692
123,4238.13,1.81058,3.22373,0.06801,1.9715,0.06361,0.16395,0.18755,0.01238,0.03904,0.00999,0.00272,0.0236,0.05703,0.01125,0.0028,2.32572,3.89179,0.05947,2.34082,0.06334,0,0,0.000665317,0.000665317,0.000665317
124,4272.72,1.76439,3.18945,0.0722,1.95559,0.06371,0.17027,0.19251,0.21206,0.05689,0.00887,0.00302,0.22191,0.01757,0.00668,0.00251,2.305,3.91875,0.06166,2.36625,0.06337,0,0,0.000663943,0.000663943,0.000663943
125,4307.37,1.81018,3.15498,0.07062,1.98265,0.06366,0.1684,0.1903,0.22582,0.03743,0.01301,0.00438,0.22309,0.03328,0.01098,0.00425,2.26212,3.90258,0.06087,2.31008,0.06331,0,0,0.000662568,0.000662568,0.000662568
126,4342.08,1.78041,3.13848,0.06871,1.9619,0.06349,0.1607,0.18372,0.28124,0.03338,0.01754,0.00527,0.27098,0.02912,0.01509,0.00573,2.2625,3.86553,0.06293,2.31048,0.06349,0,0,0.000661194,0.000661194,0.000661194
127,4377.14,1.83057,3.12847,0.06576,1.92925,0.06376,0.16563,0.18736,0.02855,0.05004,0.01368,0.00369,0.02633,0.04394,0.01257,0.00431,2.34871,3.91684,0.06024,2.35653,0.06339,0,0,0.000659819,0.000659819,0.000659819
128,4412.09,1.82232,3.18875,0.06905,1.97303,0.06358,0.16408,0.18733,0.22422,0.03799,0.0093,0.00326,0.22537,0.0305,0.00792,0.00314,2.29903,3.87295,0.06039,2.34171,0.06336,0,0,0.000658445,0.000658445,0.000658445
129,4447.04,1.80515,3.15857,0.06996,1.94355,0.06392,0.16644,0.18952,0.22715,0.02819,0.00819,0.00268,0.22799,0.02819,0.00663,0.00251,2.32646,3.98164,0.06292,2.34825,0.06345,0,0,0.00065707,0.00065707,0.00065707
130,4482.21,1.82393,3.12021,0.06898,1.92273,0.06352,0.16143,0.18455,0.02077,0.02171,0.00847,0.00284,0.01931,0.01986,0.0069,0.00253,2.29822,3.9573,0.06257,2.31926,0.06334,0,0,0.000655696,0.000655696,0.000655696
131,4517.11,1.77508,3.14837,0.07113,1.94107,0.06375,0.16732,0.19103,0.23193,0.04506,0.0098,0.00361,0.22684,0.04219,0.00833,0.00357,2.32142,3.91771,0.06225,2.34781,0.06343,0,0,0.000654321,0.000654321,0.000654321
132,4551.97,1.76314,3.13926,0.0715,1.94088,0.06372,0.1641,0.18841,0.26055,0.02773,0.01523,0.00442,0.26691,0.0245,0.01395,0.00538,2.29221,3.8815,0.06022,2.34536,0.06337,0,0,0.000652947,0.000652947,0.000652947
133,4586.61,1.74191,3.11792,0.07258,1.92983,0.06382,0.1628,0.18739,0.2216,0.03486,0.00828,0.0025,0.22075,0.03348,0.00727,0.00246,2.32461,3.94983,0.0619,2.3596,0.0633,0,0,0.000651573,0.000651573,0.000651573
134,4621.42,1.77299,3.13012,0.07013,1.93994,0.06352,0.16185,0.18791,0.21816,0.069,0.00789,0.00278,0.21553,0.05669,0.00685,0.00237,2.28033,3.92929,0.05882,2.32635,0.0634,0,0,0.000650198,0.000650198,0.000650198
135,4656.32,1.78746,3.11801,0.07082,1.91561,0.06386,0.16756,0.18731,0.2186,0.05946,0.00925,0.00346,0.21814,0.04392,0.00836,0.00292,2.27179,3.91086,0.06144,2.3047,0.06333,0,0,0.000648824,0.000648824,0.000648824
136,4691.39,1.77445,3.10644,0.07133,1.92846,0.06388,0.1658,0.19133,0.03129,0.06771,0.01387,0.00422,0.02296,0.02635,0.01206,0.00532,2.28367,3.86692,0.06076,2.3327,0.06332,0,0,0.000647449,0.000647449,0.000647449
137,4726.61,1.78765,3.09875,0.07117,1.89888,0.06373,0.16521,0.18925,0.01674,0.05382,0.00894,0.00319,0.01546,0.04781,0.00781,0.00315,2.29522,3.89596,0.06086,2.32472,0.06339,0,0,0.000646075,0.000646075,0.000646075
138,4761.67,1.77548,3.13133,0.06984,1.92261,0.06367,0.16618,0.18822,0.02416,0.02227,0.00793,0.00272,0.22511,0.0195,0.00692,0.00239,2.29718,3.92094,0.06031,2.33882,0.06337,0,0,0.0006447,0.0006447,0.0006447
139,4796.31,1.76556,3.11209,0.06913,1.92715,0.06372,0.16288,0.18708,0.21674,0.01986,0.00804,0.00261,0.21796,0.01663,0.00618,0.00232,2.25018,3.93255,0.05994,2.26955,0.06341,0,0,0.000643326,0.000643326,0.000643326
140,4831.2,1.76323,3.10937,0.06948,1.9093,0.06358,0.16495,0.18727,0.22404,0.04733,0.00984,0.0035,0.22218,0.04077,0.00837,0.00352,2.25928,3.93173,0.06116,2.31603,0.06344,0,0,0.000641951,0.000641951,0.000641951
141,4866.08,1.83522,3.05884,0.06553,1.9229,0.06355,0.16265,0.18427,0.22012,0.04095,0.01005,0.00349,0.41984,0.01848,0.00791,0.00293,2.2577,3.95634,0.06176,2.30422,0.06345,0,0,0.000640577,0.000640577,0.000640577
142,4900.85,1.74175,3.06584,0.06601,1.86217,0.06361,0.15961,0.18474,0.2127,0.02828,0.00719,0.00261,0.21322,0.02217,0.0061,0.00218,2.2718,3.88181,0.06195,2.30077,0.06339,0,0,0.000639203,0.000639203,0.000639203
143,4935.69,1.7368,3.10567,0.07083,1.90761,0.06403,0.16051,0.1886,0.01148,0.04641,0.0076,0.00269,0.01132,0.05169,0.00701,0.00247,2.2687,3.93765,0.06053,2.32186,0.06346,0,0,0.000637828,0.000637828,0.000637828
144,4970.61,1.75441,3.05882,0.06693,1.89652,0.06345,0.16393,0.18459,0.21403,0.0402,0.00891,0.00279,0.214,0.03697,0.00799,0.00277,2.28542,3.92299,0.06092,2.33055,0.06335,0,0,0.000636454,0.000636454,0.000636454
145,5005.32,1.73139,3.04779,0.07189,1.89031,0.06384,0.1627,0.1868,0.22818,0.06113,0.01091,0.00332,0.21782,0.06291,0.00907,0.00301,2.30728,3.89986,0.06051,2.34924,0.06341,0,0,0.000635079,0.000635079,0.000635079
146,5040.23,1.7154,3.13008,0.0684,1.88249,0.06363,0.16354,0.18511,0.01816,0.03346,0.00926,0.00316,0.01656,0.02976,0.00779,0.00282,2.22938,3.88413,0.06073,2.28856,0.06334,0,0,0.000633705,0.000633705,0.000633705
147,5074.98,1.74446,3.05184,0.07097,1.89321,0.06395,0.16469,0.18909,0.21916,0.06087,0.01157,0.00381,0.21349,0.04187,0.0103,0.00365,2.28316,3.89111,0.05918,2.32079,0.06342,0,0,0.00063233,0.00063233,0.00063233
148,5109.93,1.71939,3.0631,0.06892,1.87533,0.06377,0.16274,0.18642,0.21333,0.04972,0.00813,0.00268,0.21365,0.02032,0.00637,0.00228,2.26373,3.89096,0.06254,2.30642,0.06347,0,0,0.000630956,0.000630956,0.000630956
149,5144.95,1.74983,3.07108,0.0699,1.8931,0.06385,0.16741,0.19141,0.2257,0.06097,0.00968,0.00287,0.22275,0.0544,0.00867,0.00272,2.28593,3.89846,0.0641,2.30394,0.06344,0,0,0.000629581,0.000629581,0.000629581
150,5179.64,1.71119,3.10001,0.07195,1.8836,0.06377,0.15839,0.18597,0.22127,0.02781,0.00936,0.00323,0.2196,0.02125,0.00778,0.00279,2.27604,3.90825,0.05909,2.32853,0.0635,0,0,0.000628207,0.000628207,0.000628207
151,5214.87,1.73077,3.03763,0.06756,1.85092,0.06362,0.15894,0.18263,0.21907,0.03207,0.00859,0.00271,0.21726,0.02227,0.00751,0.00232,2.27624,3.92248,0.05997,2.30852,0.0634,0,0,0.000626832,0.000626832,0.000626832
152,5249.62,1.69948,3.05939,0.06863,1.882,0.06368,0.16475,0.18628,0.2188,0.02227,0.00868,0.00255,0.21787,0.01524,0.00767,0.00263,2.30994,3.96649,0.0604,2.34118,0.06346,0,0,0.000625458,0.000625458,0.000625458
153,5284.46,1.706,3.05277,0.0727,1.85554,0.06389,0.16806,0.18912,0.27167,0.07595,0.02877,0.00777,0.26438,0.0741,0.02648,0.00821,2.31244,3.94356,0.05746,2.32244,0.06353,0,0,0.000624084,0.000624084,0.000624084
154,5319.49,1.75931,3.08008,0.07141,1.86907,0.06399,0.16584,0.18975,0.04123,0.07605,0.01627,0.00515,0.24432,0.06994,0.01561,0.00385,2.27103,3.9064,0.05908,2.28158,0.06351,0,0,0.000622709,0.000622709,0.000622709
155,5354.75,1.73001,3.02632,0.06922,1.87097,0.06359,0.16284,0.18503,0.21496,0.02356,0.0075,0.00283,0.21502,0.02125,0.00646,0.00221,2.27632,3.95579,0.06104,2.30366,0.06351,0,0,0.000621335,0.000621335,0.000621335
156,5389.8,1.7281,3.08435,0.06841,1.87144,0.06371,0.16102,0.18535,0.24119,0.03838,0.01428,0.00463,0.23427,0.02819,0.01346,0.00559,2.27384,3.921,0.06012,2.27323,0.06346,0,0,0.00061996,0.00061996,0.00061996
157,5424.59,1.72907,3.0001,0.06874,1.8672,0.06379,0.16306,0.18559,0.21872,0.0391,0.00903,0.00299,0.21778,0.02828,0.00744,0.00262,2.28071,3.94831,0.06143,2.31729,0.06343,0,0,0.000618586,0.000618586,0.000618586
158,5459.18,1.68933,3.03312,0.06991,1.87866,0.06388,0.16783,0.18717,0.23117,0.05502,0.01115,0.00358,0.22773,0.04277,0.00846,0.00295,2.2794,3.95929,0.06148,2.31456,0.06352,0,0,0.000617211,0.000617211,0.000617211
159,5494.39,1.72037,3.02106,0.06867,1.83065,0.06384,0.16531,0.18709,0.21592,0.039,0.01081,0.00377,0.21445,0.02874,0.0089,0.00328,2.23937,3.91772,0.05912,2.29776,0.06354,0,0,0.000615837,0.000615837,0.000615837
160,5529.21,1.64325,3.00285,0.07304,1.83222,0.06388,0.16666,0.18797,0.22625,0.05159,0.01025,0.00316,0.22405,0.03444,0.00743,0.00237,2.30362,3.91574,0.06044,2.33403,0.06351,0,0,0.000614462,0.000614462,0.000614462
161,5564.3,1.71317,3.03306,0.07012,1.85979,0.06386,0.16491,0.18504,0.01588,0.03338,0.00959,0.00312,0.01144,0.02402,0.00818,0.00265,2.25913,3.91537,0.06039,2.29719,0.06348,0,0,0.000613088,0.000613088,0.000613088
162,5599.09,1.67692,3.02369,0.06857,1.83439,0.06366,0.16475,0.18444,0.21731,0.02828,0.00815,0.00312,0.21928,0.02319,0.00743,0.00257,2.25416,3.95701,0.06051,2.32113,0.06343,0,0,0.000611714,0.000611714,0.000611714
163,5633.69,1.6922,3.00438,0.06851,1.84504,0.0638,0.16949,0.18985,0.219,0.0502,0.00925,0.00314,0.21717,0.04456,0.00808,0.00277,2.29307,3.89605,0.05987,2.3401,0.06341,0,0,0.000610339,0.000610339,0.000610339
164,5668.53,1.68114,2.9593,0.06989,1.82457,0.06374,0.15785,0.18126,0.01111,0.03336,0.01045,0.0039,0.02739,0.02699,0.00897,0.00344,2.28204,3.97343,0.06026,2.32957,0.06349,0,0,0.000608965,0.000608965,0.000608965
165,5703.35,1.64816,3.02909,0.07227,1.82277,0.0639,0.16305,0.18627,0.0262,0.06788,0.01428,0.00469,0.03657,0.06753,0.01352,0.00479,2.24941,3.89569,0.05902,2.30398,0.06352,0,0,0.00060759,0.00060759,0.00060759
166,5738.65,1.69541,2.98038,0.06997,1.83406,0.06393,0.16512,0.18655,0.21369,0.03105,0.00777,0.00251,0.21552,0.02922,0.00647,0.00216,2.29056,3.97897,0.05972,2.33612,0.06357,0,0,0.000606216,0.000606216,0.000606216
167,5773.41,1.63678,2.99471,0.06893,1.82057,0.06343,0.16509,0.18561,0.22137,0.02691,0.00853,0.00343,0.21497,0.0349,0.00741,0.00305,2.24102,3.95277,0.06018,2.27743,0.06354,0,0,0.000604841,0.000604841,0.000604841
168,5808.29,1.65244,3.02478,0.0713,1.8448,0.06374,0.16361,0.18353,0.01703,0.04012,0.00851,0.00314,0.0169,0.03496,0.00734,0.00267,2.24878,3.97588,0.06112,2.30077,0.06353,0,0,0.000603467,0.000603467,0.000603467
169,5843.26,1.66427,2.96027,0.06825,1.83468,0.06379,0.16222,0.18422,0.32292,0.05828,0.03781,0.0102,0.32731,0.05689,0.03731,0.01224,2.25079,3.84941,0.06291,2.2827,0.06351,0,0,0.000602092,0.000602092,0.000602092
170,5878.42,1.6813,2.99941,0.06867,1.82896,0.06372,0.16304,0.18603,0.01756,0.04169,0.00879,0.00293,0.01792,0.03984,0.00766,0.00283,2.28722,3.94838,0.06128,2.3275,0.06347,0,0,0.000600718,0.000600718,0.000600718
171,5913.34,1.67686,3.00755,0.06826,1.85162,0.06376,0.16372,0.1879,0.0137,0.04593,0.0101,0.0037,0.01487,0.03289,0.0086,0.00333,2.25221,3.88168,0.05966,2.29837,0.06349,0,0,0.000599343,0.000599343,0.000599343
172,5948.16,1.67423,2.94516,0.0665,1.80095,0.06363,0.16245,0.18746,0.21465,0.02956,0.00991,0.0032,0.22589,0.01755,0.00825,0.00279,2.2489,3.95121,0.05951,2.28034,0.06345,0,0,0.000597969,0.000597969,0.000597969
173,5982.99,1.67436,2.94384,0.06845,1.82678,0.06367,0.16521,0.18553,0.22469,0.01848,0.00856,0.00292,0.22033,0.01801,0.00721,0.00275,2.26799,3.96737,0.06279,2.29133,0.0635,0,0,0.000596595,0.000596595,0.000596595
174,6018.14,1.65392,2.96812,0.07001,1.81059,0.06381,0.16566,0.187,0.01676,0.03474,0.0101,0.00329,0.01793,0.02402,0.00859,0.00284,2.23116,3.92403,0.06123,2.2785,0.06347,0,0,0.00059522,0.00059522,0.00059522
175,6053.12,1.66389,2.9859,0.07156,1.81113,0.06379,0.16221,0.18386,0.01331,0.03946,0.01135,0.00392,0.01441,0.02587,0.00954,0.00342,2.23669,3.89918,0.05992,2.27859,0.06353,0,0,0.000593846,0.000593846,0.000593846
176,6088.47,1.68226,2.93979,0.06659,1.79052,0.06359,0.16499,0.1871,0.22818,0.04789,0.01163,0.00392,0.23081,0.03994,0.00925,0.00348,2.25113,3.96644,0.06186,2.27911,0.06346,0,0,0.000592471,0.000592471,0.000592471
177,6123.22,1.6523,2.91563,0.07027,1.82014,0.06385,0.16977,0.19043,0.21834,0.04336,0.01166,0.00372,0.21703,0.03874,0.00889,0.00304,2.27378,4.00157,0.05837,2.31459,0.06343,0,0,0.000591097,0.000591097,0.000591097
178,6158.15,1.65842,2.95865,0.06964,1.80552,0.0639,0.17052,0.1894,0.03116,0.03846,0.00932,0.00335,0.02977,0.03522,0.00791,0.00256,2.29641,3.96091,0.0597,2.36898,0.06345,0,0,0.000589722,0.000589722,0.000589722
179,6193.08,1.66106,2.96353,0.07195,1.83004,0.06385,0.16899,0.18855,0.01819,0.04096,0.00913,0.00284,0.01587,0.03476,0.00693,0.00232,2.2906,3.91868,0.05942,2.34247,0.06344,0,0,0.000588348,0.000588348,0.000588348
180,6228.05,1.64325,2.97282,0.06658,1.79364,0.06349,0.16448,0.18634,0.22645,0.03374,0.00846,0.0028,0.21511,0.01986,0.00721,0.00244,2.2542,3.96596,0.06198,2.30281,0.06358,0,0,0.000586973,0.000586973,0.000586973
181,6262.97,1.63423,2.97185,0.06928,1.80603,0.0637,0.16687,0.1874,0.22345,0.03438,0.01185,0.00385,0.23866,0.02227,0.01069,0.00346,2.27392,3.95263,0.06042,2.32135,0.0634,0,0,0.000585599,0.000585599,0.000585599
182,6297.75,1.62669,2.99559,0.07058,1.80501,0.06378,0.1648,0.18776,0.21966,0.0638,0.01057,0.00356,0.21145,0.0291,0.009,0.00284,2.25634,3.86036,0.06097,2.28725,0.06349,0,0,0.000584225,0.000584225,0.000584225
183,6332.52,1.60492,2.95297,0.07074,1.76351,0.06377,0.1584,0.18154,0.21604,0.04954,0.01331,0.0045,0.2223,0.03189,0.01146,0.0038,2.20439,3.90943,0.06153,2.28156,0.06342,0,0,0.00058285,0.00058285,0.00058285
184,6367.43,1.62022,2.90242,0.06895,1.79072,0.06364,0.16459,0.18665,0.22926,0.04872,0.01129,0.00379,0.22741,0.04318,0.00913,0.00321,2.26359,3.93361,0.05939,2.31601,0.06346,0,0,0.000581476,0.000581476,0.000581476
185,6402.58,1.59226,2.86609,0.06613,1.7592,0.06351,0.15728,0.17961,0.0173,0.03022,0.0087,0.00324,0.0207,0.03597,0.00814,0.00248,2.23473,3.96947,0.06152,2.28544,0.06348,0,0,0.000580101,0.000580101,0.000580101
186,6437.44,1.62743,2.90518,0.06772,1.79076,0.0638,0.16333,0.18716,0.22039,0.03233,0.01227,0.00474,0.22434,0.02217,0.01045,0.00407,2.21168,3.90042,0.05973,2.2628,0.06342,0,0,0.000578727,0.000578727,0.000578727
187,6472.1,1.63552,2.90259,0.07232,1.80068,0.06375,0.15898,0.1833,0.01521,0.02633,0.00824,0.00285,0.01473,0.0194,0.00658,0.00236,2.24148,3.93294,0.06157,2.27664,0.06353,0,0,0.000577352,0.000577352,0.000577352
188,6506.71,1.61744,2.90725,0.07033,1.79235,0.06355,0.16128,0.18464,0.21663,0.03567,0.01017,0.00348,0.2181,0.03012,0.00836,0.00283,2.24726,3.94586,0.06147,2.31169,0.06345,0,0,0.000575978,0.000575978,0.000575978
189,6541.75,1.64994,2.96483,0.06988,1.7911,0.06393,0.16697,0.19012,0.22357,0.01755,0.01003,0.00327,0.22094,0.01863,0.00907,0.00337,2.2587,3.92695,0.06085,2.30193,0.06347,0,0,0.000574603,0.000574603,0.000574603
190,6576.36,1.61733,2.88386,0.07085,1.78064,0.06366,0.15544,0.1773,0.22232,0.02976,0.01065,0.00371,0.22051,0.02504,0.00983,0.00369,2.22693,3.89626,0.06143,2.32625,0.0634,0,0,0.000573229,0.000573229,0.000573229
191,6611.12,1.56325,2.91224,0.06976,1.78144,0.06342,0.16141,0.18327,0.22931,0.08808,0.01009,0.0031,0.23876,0.08179,0.01218,0.00372,2.2584,3.92869,0.05933,2.31369,0.06345,0,0,0.000571854,0.000571854,0.000571854
192,6645.93,1.61934,2.90307,0.07103,1.78483,0.06382,0.1617,0.1855,0.22853,0.0391,0.01156,0.00361,0.22296,0.03392,0.00777,0.00287,2.2789,3.90914,0.0592,2.30956,0.06343,0,0,0.00057048,0.00057048,0.00057048
193,6680.73,1.59521,2.89882,0.06863,1.75627,0.0636,0.16293,0.18426,0.01549,0.03392,0.00929,0.00358,0.21558,0.0157,0.00789,0.00321,2.2758,3.96062,0.05962,2.32052,0.06346,0,0,0.000569106,0.000569106,0.000569106
194,6716.07,1.60801,2.8944,0.06633,1.75103,0.06361,0.16096,0.18306,0.22199,0.0403,0.00951,0.0033,0.23818,0.03625,0.00889,0.00323,2.26945,3.95119,0.05943,2.29732,0.06347,0,0,0.000567731,0.000567731,0.000567731
195,6750.85,1.62456,2.91254,0.06946,1.7716,0.06371,0.16576,0.18693,0.01848,0.0392,0.01159,0.00389,0.01648,0.03494,0.00897,0.00341,2.25917,3.98276,0.0576,2.31204,0.06348,0,0,0.000566357,0.000566357,0.000566357
196,6785.63,1.6008,2.90571,0.06804,1.76405,0.0637,0.16429,0.18552,0.2244,0.06067,0.0124,0.00444,0.22526,0.05328,0.01018,0.00383,2.22219,3.98931,0.06093,2.26647,0.0635,0,0,0.000564982,0.000564982,0.000564982
197,6820.69,1.59674,2.88898,0.07304,1.77521,0.06372,0.16441,0.18806,0.01463,0.03484,0.00893,0.00342,0.21821,0.02884,0.00726,0.00289,2.2804,4.00878,0.06071,2.31019,0.06345,0,0,0.000563608,0.000563608,0.000563608
198,6855.31,1.58338,2.90723,0.07318,1.75149,0.06379,0.1604,0.18251,0.02204,0.05954,0.01019,0.00361,0.01901,0.0502,0.00862,0.00333,2.25579,3.98606,0.06131,2.31183,0.06353,0,0,0.000562233,0.000562233,0.000562233
199,6890.38,1.61016,2.87091,0.06914,1.75246,0.06368,0.16583,0.18617,0.22772,0.04087,0.01048,0.00393,0.24156,0.03625,0.00888,0.00343,2.25831,4.02133,0.05959,2.31832,0.06345,0,0,0.000560859,0.000560859,0.000560859
200,6925.35,1.61852,2.88253,0.06864,1.74925,0.06353,0.16228,0.18341,0.21607,0.05215,0.00827,0.0028,0.21505,0.03253,0.00598,0.00192,2.26276,3.98046,0.05999,2.29269,0.06348,0,0,0.000559484,0.000559484,0.000559484
201,6960.47,1.60299,2.84642,0.06673,1.7336,0.06369,0.16454,0.18636,0.01915,0.04735,0.00828,0.00283,0.01901,0.04976,0.00729,0.00267,2.26711,3.98935,0.06212,2.31595,0.06346,0,0,0.00055811,0.00055811,0.00055811
202,6995.8,1.58903,2.87809,0.06961,1.75266,0.06363,0.163,0.18371,0.03133,0.04974,0.0099,0.00329,0.03186,0.04559,0.00838,0.00266,2.27269,4.01233,0.0603,2.32457,0.06352,0,0,0.000556736,0.000556736,0.000556736
203,7030.59,1.56783,2.80298,0.07089,1.742,0.06373,0.16012,0.18315,0.02528,0.04643,0.0115,0.00368,0.02577,0.04791,0.01089,0.00362,2.27611,3.99438,0.05818,2.30383,0.06351,0,0,0.000555361,0.000555361,0.000555361
204,7065.65,1.58178,2.89297,0.06676,1.74401,0.06366,0.16547,0.18709,0.21957,0.0334,0.0091,0.00333,0.22568,0.02878,0.00853,0.00327,2.22748,4.00124,0.06034,2.29292,0.06347,0,0,0.000553987,0.000553987,0.000553987
205,7100.46,1.59811,2.84813,0.06828,1.73354,0.06361,0.15755,0.18097,0.02235,0.0431,0.01111,0.00383,0.02487,0.03532,0.01016,0.00347,2.25282,3.94629,0.05978,2.31037,0.06354,0,0,0.000552612,0.000552612,0.000552612
206,7135.29,1.58644,2.86667,0.07044,1.74159,0.0638,0.16153,0.18468,0.21471,0.03938,0.00801,0.00287,0.22109,0.03679,0.00768,0.00255,2.24612,3.9694,0.05894,2.30807,0.06352,0,0,0.000551238,0.000551238,0.000551238
207,7170.06,1.59765,2.83316,0.07049,1.74498,0.06378,0.1649,0.18608,0.02471,0.0804,0.01332,0.00489,0.02202,0.0642,0.01181,0.00413,2.2411,3.95767,0.05958,2.31253,0.06348,0,0,0.000549863,0.000549863,0.000549863
208,7204.9,1.5459,2.84549,0.06986,1.7295,0.06353,0.16159,0.18275,0.02438,0.03848,0.00996,0.00362,0.0237,0.03338,0.00853,0.00348,2.25585,3.9643,0.05905,2.29499,0.06352,0,0,0.000548489,0.000548489,0.000548489
209,7239.9,1.60553,2.89596,0.06994,1.75135,0.06401,0.16313,0.18793,0.01857,0.04872,0.00937,0.00331,0.01641,0.04215,0.00728,0.00243,2.23402,3.94291,0.06095,2.27502,0.06349,0,0,0.000547114,0.000547114,0.000547114
210,7275.03,1.58982,2.85097,0.0697,1.74389,0.06362,0.16429,0.18647,0.01536,0.03289,0.01039,0.00374,0.03071,0.02135,0.00922,0.00315,2.26792,3.97401,0.06046,2.33798,0.06345,0,0,0.00054574,0.00054574,0.00054574
211,7310.12,1.59131,2.85702,0.06853,1.73737,0.06359,0.16188,0.18335,0.02034,0.0292,0.01143,0.00418,0.21842,0.0194,0.0094,0.00375,2.28446,3.92307,0.06026,2.33921,0.06351,0,0,0.000544365,0.000544365,0.000544365
212,7345.18,1.52983,2.7908,0.06945,1.71138,0.06376,0.16421,0.18769,0.2298,0.02699,0.01125,0.0043,0.23082,0.02514,0.00948,0.00377,2.24054,3.94376,0.05946,2.28799,0.06353,0,0,0.000542991,0.000542991,0.000542991
213,7379.82,1.59268,2.81789,0.06614,1.73236,0.06361,0.16041,0.18139,0.01213,0.05103,0.00928,0.00325,0.01573,0.03197,0.00824,0.00262,2.27623,3.93909,0.05888,2.32879,0.06356,0,0,0.000541617,0.000541617,0.000541617
214,7414.92,1.56566,2.84911,0.06845,1.73223,0.0638,0.15853,0.1817,0.21837,0.0492,0.01019,0.00338,0.21692,0.02032,0.00847,0.00324,2.25185,3.94032,0.05853,2.30859,0.06358,0,0,0.000540242,0.000540242,0.000540242
215,7449.81,1.55267,2.84768,0.07011,1.71823,0.06381,0.16806,0.1878,0.22873,0.02422,0.01057,0.00431,0.22926,0.02848,0.00966,0.00404,2.26489,3.97222,0.05846,2.33121,0.06354,0,0,0.000538868,0.000538868,0.000538868
216,7484.71,1.5374,2.80139,0.06884,1.70785,0.06384,0.1586,0.18259,0.22945,0.03107,0.0102,0.00351,0.22922,0.0283,0.00856,0.00328,2.22033,3.96054,0.05912,2.28591,0.06357,0,0,0.000537493,0.000537493,0.000537493
217,7519.31,1.56298,2.8268,0.0723,1.75079,0.06385,0.16136,0.18391,0.2194,0.05494,0.01025,0.00352,0.21651,0.02273,0.00734,0.0027,2.24139,3.99938,0.06027,2.31172,0.06355,0,0,0.000536119,0.000536119,0.000536119
218,7554.29,1.56504,2.81544,0.06923,1.72763,0.06369,0.16063,0.18423,0.01695,0.03679,0.01033,0.00388,0.22016,0.0194,0.00906,0.00362,2.24407,4.02041,0.05984,2.30636,0.0635,0,0,0.000534744,0.000534744,0.000534744
219,7589.52,1.53495,2.82,0.06829,1.71775,0.06364,0.16125,0.18475,0.02232,0.03938,0.01213,0.00474,0.23084,0.0293,0.01367,0.00472,2.2763,3.96017,0.0605,2.3322,0.06348,0,0,0.00053337,0.00053337,0.00053337
220,7624.71,1.6031,2.86435,0.07155,1.73727,0.06375,0.16344,0.18499,0.02093,0.04237,0.00934,0.00356,0.22231,0.03163,0.00839,0.0029,2.26086,3.95933,0.0603,2.3255,0.06349,0,0,0.000531995,0.000531995,0.000531995
221,7659.51,1.53429,2.83329,0.0708,1.71812,0.06379,0.16024,0.18431,0.03499,0.04404,0.01276,0.00478,0.04288,0.03988,0.01083,0.00423,2.25166,4.00755,0.06054,2.28557,0.06357,0,0,0.000530621,0.000530621,0.000530621
222,7694.55,1.56491,2.80064,0.06751,1.73772,0.06374,0.16511,0.18577,0.02145,0.03163,0.01166,0.00432,0.02029,0.02978,0.01049,0.00439,2.27049,3.97289,0.05736,2.32698,0.06353,0,0,0.000529247,0.000529247,0.000529247
223,7729.41,1.5356,2.75929,0.0682,1.70188,0.0637,0.15592,0.17918,0.02332,0.05478,0.01165,0.00396,0.0208,0.05882,0.00894,0.00345,2.24895,3.9519,0.05814,2.29931,0.06352,0,0,0.000527872,0.000527872,0.000527872
224,7764.28,1.55278,2.85317,0.06958,1.71313,0.06385,0.16226,0.18453,0.22292,0.05197,0.0109,0.00388,0.22651,0.04448,0.00982,0.00306,2.26112,3.9739,0.05812,2.31103,0.06356,0,0,0.000526498,0.000526498,0.000526498
225,7799.25,1.53197,2.86422,0.07119,1.71483,0.06386,0.16089,0.18474,0.01584,0.05356,0.01028,0.00414,0.01275,0.02643,0.00924,0.00388,2.26197,3.97833,0.05969,2.29234,0.06356,0,0,0.000525123,0.000525123,0.000525123
226,7834.04,1.53815,2.83268,0.07296,1.70211,0.0639,0.16283,0.18296,0.03838,0.03902,0.01388,0.0059,0.0171,0.03263,0.00754,0.00246,2.2775,3.96682,0.0577,2.2909,0.06358,0,0,0.000523749,0.000523749,0.000523749
227,7868.83,1.50814,2.78241,0.07143,1.72188,0.06374,0.16559,0.18354,0.22696,0.04123,0.01047,0.00382,0.23372,0.03948,0.01032,0.00347,2.24097,4.01515,0.05864,2.29016,0.06361,0,0,0.000522374,0.000522374,0.000522374
228,7903.68,1.5274,2.79182,0.06883,1.72005,0.06372,0.16133,0.18225,0.22258,0.0292,0.00942,0.00336,0.22478,0.02597,0.00853,0.00273,2.26741,3.98168,0.06001,2.30883,0.06355,0,0,0.000521,0.000521,0.000521
229,7938.51,1.56092,2.80277,0.06988,1.7223,0.06377,0.163,0.18417,0.2201,0.03438,0.01076,0.00395,0.22027,0.03115,0.00863,0.00332,2.24153,3.9643,0.05971,2.30314,0.06358,0,0,0.000519625,0.000519625,0.000519625
230,7973.37,1.53574,2.81372,0.06834,1.70083,0.06362,0.15993,0.18028,0.22302,0.0292,0.01024,0.00347,0.22234,0.02828,0.00864,0.00282,2.26056,3.99034,0.0608,2.30945,0.06359,0,0,0.000518251,0.000518251,0.000518251
231,8008.16,1.54229,2.80169,0.06783,1.70806,0.06368,0.15779,0.18,0.2281,0.05197,0.01231,0.00411,0.22685,0.04966,0.0099,0.00346,2.27463,4.03356,0.05841,2.32477,0.06364,0,0,0.000516877,0.000516877,0.000516877
232,8043.33,1.54769,2.79267,0.06814,1.69711,0.06371,0.1602,0.18386,0.22262,0.06093,0.01346,0.00472,0.22132,0.05149,0.01197,0.00378,2.22367,4.0322,0.05893,2.27634,0.06362,0,0,0.000515502,0.000515502,0.000515502
233,8078.32,1.50225,2.79036,0.06801,1.68804,0.06357,0.16382,0.18631,0.23133,0.04743,0.01463,0.00544,0.23586,0.03809,0.01264,0.00397,2.25318,3.99157,0.05906,2.32185,0.06353,0,0,0.000514128,0.000514128,0.000514128
234,8113.01,1.47855,2.76906,0.07045,1.69546,0.06352,0.16225,0.18375,0.22929,0.05197,0.0127,0.00556,0.23522,0.03658,0.01156,0.00443,2.28826,4.00192,0.05858,2.32063,0.06357,0,0,0.000512753,0.000512753,0.000512753
235,8148.17,1.52883,2.79097,0.06845,1.70695,0.0638,0.16454,0.18281,0.01686,0.0441,0.01041,0.004,0.018,0.04697,0.0091,0.00337,2.23447,4.0132,0.05983,2.30711,0.06357,0,0,0.000511379,0.000511379,0.000511379
236,8183.18,1.53778,2.72894,0.06916,1.67476,0.06368,0.16182,0.18299,0.02358,0.05161,0.01048,0.00339,0.22498,0.03661,0.00844,0.00297,2.24707,3.96906,0.05832,2.27832,0.06361,0,0,0.000510004,0.000510004,0.000510004
237,8218.32,1.50312,2.74575,0.07259,1.68272,0.06381,0.1606,0.18563,0.22136,0.02013,0.00954,0.00321,0.22079,0.02273,0.00778,0.00291,2.25675,4.00559,0.05872,2.30096,0.06357,0,0,0.00050863,0.00050863,0.00050863
238,8253.32,1.52647,2.79037,0.06738,1.69131,0.06345,0.16187,0.18218,0.22311,0.02781,0.00842,0.00296,0.23449,0.02783,0.00738,0.00272,2.23544,3.92988,0.05994,2.27808,0.06359,0,0,0.000507255,0.000507255,0.000507255
239,8288.36,1.54849,2.74672,0.07013,1.68989,0.06378,0.15955,0.18274,0.02223,0.0431,0.01056,0.00398,0.02377,0.03755,0.00942,0.00369,2.26214,3.95673,0.0615,2.32298,0.0636,0,0,0.000505881,0.000505881,0.000505881
240,8323.3,1.48343,2.77016,0.06982,1.69881,0.06375,0.166,0.18421,0.21451,0.05085,0.00858,0.0028,0.21449,0.04715,0.00711,0.00238,2.2453,3.95252,0.06074,2.30552,0.0636,0,0,0.000504506,0.000504506,0.000504506
241,8357.96,1.52148,2.77415,0.06716,1.69204,0.06384,0.16237,0.18518,0.02301,0.06135,0.01245,0.00418,0.02222,0.05191,0.01104,0.00355,2.23425,3.94477,0.05867,2.27036,0.06367,0,0,0.000503132,0.000503132,0.000503132
242,8392.95,1.52344,2.77317,0.0716,1.68821,0.06378,0.16706,0.18743,0.22233,0.02966,0.01094,0.00381,0.22821,0.02032,0.00944,0.00336,2.25728,3.98606,0.05937,2.30736,0.06361,0,0,0.000501758,0.000501758,0.000501758
243,8427.9,1.52979,2.73839,0.07078,1.68182,0.06391,0.16672,0.18338,0.23202,0.04133,0.0152,0.00532,0.22955,0.03569,0.01403,0.00518,2.24352,3.98202,0.05954,2.30357,0.06364,0,0,0.000500383,0.000500383,0.000500383
244,8462.77,1.52179,2.78564,0.06951,1.68722,0.06387,0.16239,0.18691,0.02779,0.05165,0.01249,0.0044,0.0285,0.05267,0.01087,0.0038,2.23548,4.02014,0.06003,2.303,0.06364,0,0,0.000499009,0.000499009,0.000499009
245,8497.49,1.49287,2.75354,0.07077,1.68537,0.06376,0.15919,0.1808,0.02676,0.04217,0.01431,0.00499,0.02613,0.04079,0.01268,0.00421,2.23413,3.98375,0.06051,2.28637,0.06366,0,0,0.000497634,0.000497634,0.000497634
246,8532.45,1.51559,2.74839,0.06936,1.67611,0.0637,0.16869,0.18775,0.02235,0.04572,0.00963,0.00312,0.02143,0.03425,0.0082,0.00288,2.25685,4.02411,0.05822,2.29593,0.06362,0,0,0.00049626,0.00049626,0.00049626
247,8567.32,1.49592,2.75681,0.07154,1.66711,0.06405,0.16397,0.1862,0.01796,0.05824,0.011,0.00338,0.01587,0.05289,0.00816,0.00274,2.23277,4.04508,0.05951,2.28183,0.06367,0,0,0.000494885,0.000494885,0.000494885
248,8602.12,1.49945,2.70545,0.0666,1.6549,0.06374,0.15559,0.17983,0.01883,0.06482,0.00984,0.00335,0.01454,0.04308,0.00829,0.00291,2.22542,4.01696,0.0586,2.29646,0.06365,0,0,0.000493511,0.000493511,0.000493511
249,8637.46,1.48939,2.74318,0.06881,1.66355,0.06373,0.16124,0.18265,0.02567,0.07201,0.01067,0.00365,0.02309,0.06115,0.00915,0.00312,2.22754,4.01182,0.05638,2.28593,0.06371,0,0,0.000492136,0.000492136,0.000492136
250,8672.64,1.51612,2.71601,0.06439,1.65447,0.06354,0.15584,0.17835,0.04078,0.04828,0.01686,0.00586,0.03612,0.04309,0.01571,0.00489,2.2474,3.9933,0.05829,2.31788,0.06364,0,0,0.000490762,0.000490762,0.000490762
251,8707.23,1.50562,2.71564,0.06756,1.66138,0.06357,0.16217,0.1811,0.01522,0.04075,0.01186,0.00338,0.01255,0.0291,0.00953,0.00313,2.24034,3.97428,0.0586,2.30013,0.06361,0,0,0.000489387,0.000489387,0.000489387
252,8742.26,1.48306,2.72182,0.06989,1.66906,0.06382,0.16506,0.18311,0.0237,0.05498,0.0089,0.00286,0.01961,0.04886,0.0079,0.00261,2.27766,4.02532,0.05983,2.32894,0.06363,0,0,0.000488013,0.000488013,0.000488013
253,8777,1.45542,2.68265,0.06706,1.6425,0.06349,0.15976,0.17984,0.22947,0.0297,0.01011,0.00346,0.01821,0.03671,0.00861,0.00306,2.29836,4.03471,0.05998,2.33822,0.06358,0,0,0.000486639,0.000486639,0.000486639
254,8812.29,1.53968,2.75179,0.06725,1.65648,0.0636,0.16092,0.18276,0.02579,0.09012,0.01274,0.00417,0.02744,0.09384,0.0121,0.00361,2.2545,3.99977,0.06015,2.3237,0.06355,0,0,0.000485264,0.000485264,0.000485264
255,8847.12,1.47429,2.74776,0.06738,1.64044,0.06368,0.16069,0.18221,0.02604,0.05115,0.01015,0.00358,0.22412,0.04504,0.00943,0.00313,2.23732,3.95718,0.0596,2.27828,0.06358,0,0,0.00048389,0.00048389,0.00048389
256,8881.88,1.44713,2.7177,0.07097,1.6515,0.06382,0.16258,0.18571,0.02823,0.02227,0.00876,0.00276,0.01769,0.01755,0.0071,0.0024,2.25213,3.99837,0.06054,2.29651,0.0636,0,0,0.000482515,0.000482515,0.000482515
257,8916.76,1.44643,2.69774,0.07133,1.64658,0.06379,0.16191,0.18101,0.01722,0.03623,0.00973,0.00365,0.01954,0.02171,0.0083,0.00313,2.25596,4.01053,0.06067,2.31836,0.06358,0,0,0.000481141,0.000481141,0.000481141
258,8951.8,1.45748,2.7007,0.0688,1.62254,0.06365,0.1576,0.17834,0.2342,0.02468,0.0102,0.00372,0.22127,0.01755,0.0076,0.00294,2.27252,3.99986,0.05958,2.28955,0.06364,0,0,0.000479766,0.000479766,0.000479766
259,8986.6,1.49944,2.69938,0.06724,1.67045,0.06369,0.16156,0.18386,0.22079,0.02319,0.01087,0.0042,0.22906,0.0195,0.01036,0.00381,2.24414,4.00324,0.06076,2.27178,0.0637,0,0,0.000478392,0.000478392,0.000478392
260,9021.76,1.4898,2.68634,0.06776,1.64709,0.06385,0.16329,0.1826,0.23376,0.02755,0.01095,0.00426,0.21917,0.02395,0.00932,0.00402,2.26986,4.03562,0.05977,2.30142,0.06363,0,0,0.000477017,0.000477017,0.000477017
261,9056.65,1.48595,2.69935,0.07027,1.64018,0.0638,0.1625,0.18395,0.01753,0.04346,0.00993,0.00327,0.01453,0.03012,0.00877,0.00257,2.28277,3.99768,0.05887,2.33258,0.06366,0,0,0.000475643,0.000475643,0.000475643
262,9091.62,1.48899,2.69813,0.06954,1.66892,0.06368,0.16437,0.18548,0.03323,0.05346,0.00961,0.00342,0.02816,0.04097,0.00929,0.00279,2.25811,4.01027,0.0596,2.29538,0.06362,0,0,0.000474269,0.000474269,0.000474269
263,9126.45,1.45675,2.66902,0.06867,1.6461,0.06371,0.16244,0.18285,0.02032,0.05436,0.00997,0.00371,0.01956,0.05205,0.0093,0.00293,2.2492,4.0157,0.05917,2.29182,0.06364,0,0,0.000472894,0.000472894,0.000472894
264,9161.55,1.47429,2.73065,0.06735,1.64913,0.06373,0.15704,0.18096,0.01682,0.03486,0.0089,0.00278,0.01364,0.0404,0.00769,0.00247,2.23892,4.00828,0.05968,2.27995,0.06361,0,0,0.00047152,0.00047152,0.00047152
265,9196.25,1.46335,2.67253,0.0686,1.63016,0.0637,0.16307,0.18343,0.22196,0.02366,0.01036,0.00332,0.22446,0.02181,0.00831,0.00285,2.25299,4.02519,0.06006,2.2865,0.06362,0,0,0.000470145,0.000470145,0.000470145
266,9231.29,1.47009,2.65569,0.06789,1.64813,0.06367,0.16105,0.18291,0.22935,0.02643,0.01074,0.00357,0.21795,0.02263,0.00835,0.00304,2.25212,4.00094,0.05942,2.28652,0.06361,0,0,0.000468771,0.000468771,0.000468771
267,9266.24,1.4519,2.66002,0.06898,1.62748,0.06379,0.15997,0.1809,0.02045,0.02828,0.00791,0.00261,0.02352,0.02504,0.00674,0.00229,2.22653,4.01541,0.06204,2.29778,0.06362,0,0,0.000467396,0.000467396,0.000467396
268,9301.34,1.46022,2.61364,0.06623,1.61199,0.06348,0.16132,0.18118,0.01742,0.03996,0.00889,0.00307,0.01748,0.0297,0.00787,0.00267,2.23457,4.01579,0.05988,2.26931,0.06366,0,0,0.000466022,0.000466022,0.000466022
269,9336.43,1.47716,2.71727,0.06763,1.65251,0.06363,0.16002,0.1804,0.02604,0.0782,0.0119,0.00421,0.02328,0.06876,0.01105,0.00387,2.23406,3.99001,0.06013,2.27786,0.06366,0,0,0.000464647,0.000464647,0.000464647
270,9371.35,1.46755,2.67546,0.06623,1.64078,0.06368,0.16134,0.18319,0.02296,0.04504,0.00947,0.00336,0.02589,0.02042,0.00768,0.00288,2.24095,4.01408,0.06091,2.30333,0.06365,0,0,0.000463273,0.000463273,0.000463273
271,9406.36,1.45494,2.67033,0.06966,1.6388,0.0637,0.15956,0.17949,0.02982,0.03016,0.00902,0.00305,0.23086,0.02599,0.00861,0.00284,2.26277,4.00228,0.06153,2.30013,0.06366,0,0,0.000461898,0.000461898,0.000461898
272,9441.26,1.4751,2.68459,0.06822,1.6343,0.06363,0.15868,0.1818,0.22712,0.03801,0.01163,0.00409,0.01856,0.05117,0.01103,0.00377,2.23259,3.98666,0.05973,2.27039,0.06366,0,0,0.000460524,0.000460524,0.000460524
273,9476.01,1.46011,2.64588,0.06918,1.62844,0.06374,0.15926,0.18383,0.02205,0.05725,0.0121,0.00414,0.22387,0.05735,0.01114,0.00389,2.23625,3.99121,0.05943,2.29181,0.06363,0,0,0.00045915,0.00045915,0.00045915
274,9510.83,1.45705,2.73334,0.06882,1.64925,0.06369,0.1588,0.17822,0.02041,0.0543,0.01156,0.0039,0.0197,0.0631,0.00943,0.00354,2.23024,4.02931,0.06163,2.31021,0.06361,0,0,0.000457775,0.000457775,0.000457775
275,9545.67,1.48486,2.66446,0.0713,1.6467,0.06377,0.1642,0.18497,0.23815,0.04348,0.01242,0.00451,0.02911,0.05428,0.0129,0.00431,2.22538,3.97172,0.05947,2.27954,0.06359,0,0,0.000456401,0.000456401,0.000456401
276,9580.62,1.47133,2.73154,0.06677,1.65083,0.06351,0.15862,0.17884,0.02755,0.08179,0.01169,0.00404,0.02443,0.0738,0.01112,0.00381,2.20998,4.0211,0.0606,2.26633,0.06363,0,0,0.000455026,0.000455026,0.000455026
277,9615.54,1.42999,2.69366,0.06946,1.62461,0.06371,0.16202,0.18311,0.03086,0.09097,0.01299,0.00441,0.02697,0.07828,0.01183,0.00394,2.17714,3.9827,0.06259,2.25219,0.06364,0,0,0.000453652,0.000453652,0.000453652
278,9650.62,1.46887,2.66911,0.06793,1.62681,0.06351,0.15918,0.18296,0.22164,0.03007,0.00772,0.00265,0.22284,0.03155,0.00695,0.00232,2.26319,4.02162,0.05969,2.30975,0.06365,0,0,0.000452277,0.000452277,0.000452277
279,9685.53,1.43211,2.59926,0.06831,1.62922,0.06361,0.16228,0.18093,0.01684,0.03336,0.01146,0.00392,0.21916,0.02032,0.01,0.00387,2.22529,4.04554,0.06116,2.29176,0.06363,0,0,0.000450903,0.000450903,0.000450903
280,9720.33,1.4451,2.71138,0.06924,1.62946,0.06385,0.1648,0.18769,0.24522,0.02881,0.01299,0.00458,0.03189,0.02506,0.01165,0.00407,2.21989,3.98131,0.06069,2.27268,0.0637,0,0,0.000449528,0.000449528,0.000449528
281,9755.34,1.45732,2.60949,0.06724,1.6144,0.06371,0.16279,0.18133,0.02872,0.02924,0.00832,0.00297,0.02919,0.03062,0.00877,0.00284,2.26704,4.02785,0.06219,2.31489,0.06368,0,0,0.000448154,0.000448154,0.000448154
282,9790.29,1.42218,2.64677,0.06909,1.62032,0.06366,0.15934,0.18092,0.22627,0.03532,0.00829,0.00297,0.22171,0.02597,0.00818,0.00278,2.2456,3.96851,0.06097,2.32009,0.06366,0,0,0.00044678,0.00044678,0.00044678
283,9825.29,1.45909,2.64375,0.06835,1.60608,0.06384,0.16354,0.18486,0.02664,0.02321,0.0081,0.00296,0.23368,0.01904,0.00737,0.00264,2.23461,4.01868,0.06126,2.30394,0.06364,0,0,0.000445405,0.000445405,0.000445405
284,9860.28,1.39171,2.614,0.06642,1.59503,0.06369,0.16082,0.18097,0.23114,0.03253,0.01055,0.00336,0.2299,0.0255,0.00856,0.00295,2.25415,3.9972,0.05831,2.28862,0.06363,0,0,0.000444031,0.000444031,0.000444031
285,9895.16,1.46607,2.67434,0.06864,1.62395,0.06359,0.16675,0.18572,0.02411,0.04054,0.00967,0.00325,0.02328,0.0335,0.00955,0.00304,2.24905,3.98539,0.05999,2.27962,0.06367,0,0,0.000442656,0.000442656,0.000442656
286,9929.85,1.43166,2.64881,0.06957,1.60614,0.06365,0.15989,0.18012,0.02596,0.0246,0.01023,0.00367,0.02484,0.02321,0.00932,0.00311,2.21796,4.009,0.06068,2.26161,0.0637,0,0,0.000441282,0.000441282,0.000441282
287,9964.74,1.42015,2.61976,0.06842,1.61028,0.06349,0.15626,0.17698,0.22999,0.02822,0.01167,0.00418,0.23255,0.01896,0.01063,0.0042,2.21177,4.00187,0.06183,2.25657,0.06368,0,0,0.000439907,0.000439907,0.000439907
288,10000.1,1.48282,2.66802,0.06975,1.6382,0.06383,0.16509,0.18551,0.02172,0.04044,0.00971,0.0032,0.22039,0.02408,0.00874,0.00317,2.2407,4.00128,0.06205,2.28572,0.06363,0,0,0.000438533,0.000438533,0.000438533
289,10035.1,1.46801,2.66799,0.06616,1.62349,0.06356,0.15987,0.1828,0.02025,0.03763,0.01049,0.00323,0.01493,0.03338,0.0087,0.00278,2.23686,3.98611,0.05986,2.29594,0.06363,0,0,0.000437158,0.000437158,0.000437158
290,10069.9,1.42605,2.62527,0.07042,1.60585,0.06368,0.16367,0.18397,0.02417,0.04247,0.00931,0.0035,0.03105,0.0237,0.00817,0.00302,2.21726,4.01481,0.05999,2.27957,0.06364,0,0,0.000435784,0.000435784,0.000435784
291,10104.7,1.42318,2.63012,0.06853,1.59117,0.06353,0.16192,0.18379,0.02524,0.03532,0.01229,0.00434,0.22426,0.02366,0.01118,0.00398,2.23512,4.01676,0.05967,2.26219,0.0637,0,0,0.000434409,0.000434409,0.000434409
292,10139.4,1.41683,2.6164,0.07171,1.62306,0.06374,0.16245,0.18314,0.01644,0.03659,0.01015,0.00382,0.0132,0.02818,0.00922,0.00381,2.21437,3.99452,0.05982,2.27233,0.06364,0,0,0.000433035,0.000433035,0.000433035
293,10174.2,1.4485,2.63407,0.06844,1.60644,0.06382,0.15766,0.17887,0.02575,0.0403,0.01104,0.00431,0.02625,0.03199,0.01,0.0035,2.20996,3.98424,0.06188,2.27155,0.06368,0,0,0.000431661,0.000431661,0.000431661
294,10209.6,1.43573,2.63354,0.06581,1.61184,0.06335,0.16016,0.179,0.02683,0.02699,0.00907,0.00296,0.02034,0.02273,0.00721,0.00262,2.23416,4.00281,0.06139,2.27869,0.06364,0,0,0.000430286,0.000430286,0.000430286
295,10244.8,1.4458,2.61436,0.06836,1.61033,0.0636,0.16493,0.18243,0.02449,0.05062,0.01133,0.00412,0.02499,0.04081,0.01074,0.00365,2.22167,3.94975,0.06097,2.2661,0.06364,0,0,0.000428912,0.000428912,0.000428912
296,10279.6,1.42164,2.60834,0.06922,1.58201,0.06387,0.16202,0.18326,0.22017,0.03627,0.00928,0.00294,0.23485,0.02183,0.00862,0.00275,2.24191,4.00069,0.05925,2.27787,0.06368,0,0,0.000427537,0.000427537,0.000427537
297,10314.6,1.42221,2.58684,0.06795,1.59813,0.06378,0.16309,0.18421,0.02,0.04473,0.00994,0.0033,0.23326,0.02508,0.00924,0.00302,2.24497,3.97949,0.06061,2.28551,0.06364,0,0,0.000426163,0.000426163,0.000426163
298,10349.6,1.4033,2.5977,0.06596,1.58801,0.06346,0.15564,0.17942,0.02217,0.09117,0.01123,0.00365,0.01939,0.07846,0.01008,0.00343,2.21636,3.9225,0.05966,2.26478,0.06362,0,0,0.000424788,0.000424788,0.000424788
299,10384.6,1.43695,2.64791,0.06777,1.6077,0.06364,0.15926,0.17998,0.01875,0.06779,0.00855,0.003,0.0154,0.06785,0.00801,0.00294,2.21413,3.96228,0.06174,2.26679,0.06365,0,0,0.000423414,0.000423414,0.000423414
300,10419.5,1.43758,2.64724,0.06422,1.60681,0.06348,0.15997,0.18014,0.24579,0.01998,0.01084,0.00363,0.24333,0.01858,0.00959,0.0037,2.22728,3.9418,0.06051,2.28277,0.06368,0,0,0.000422039,0.000422039,0.000422039
301,10454.7,1.4442,2.6217,0.06829,1.60832,0.06353,0.16304,0.18,0.23431,0.02663,0.01137,0.00371,0.2338,0.01673,0.00942,0.00337,2.2055,4.01822,0.05961,2.26487,0.06368,0,0,0.000420665,0.000420665,0.000420665
302,10489.6,1.42685,2.57872,0.06567,1.58865,0.06343,0.1575,0.17706,0.0189,0.03478,0.01019,0.00335,0.22996,0.02129,0.00936,0.00328,2.23974,4.02595,0.06083,2.31462,0.06368,0,0,0.000419291,0.000419291,0.000419291
303,10524.4,1.43083,2.57934,0.06775,1.60574,0.06359,0.15855,0.18165,0.2252,0.02683,0.01075,0.0041,0.2285,0.02221,0.00967,0.00363,2.20521,3.98209,0.06073,2.26646,0.06369,0,0,0.000417916,0.000417916,0.000417916
304,10559.6,1.43219,2.58636,0.06693,1.58247,0.06371,0.16142,0.18101,0.22142,0.02181,0.0096,0.00392,0.22573,0.02089,0.00966,0.00349,2.26757,4.00026,0.06167,2.30731,0.06372,0,0,0.000416542,0.000416542,0.000416542
305,10594.7,1.44256,2.64507,0.06806,1.59542,0.06364,0.15576,0.17669,0.03619,0.05811,0.01154,0.00424,0.04061,0.06173,0.01249,0.00366,2.23429,4.06987,0.061,2.27285,0.06375,0,0,0.000415167,0.000415167,0.000415167
306,10629.6,1.44521,2.60727,0.06918,1.5995,0.06376,0.16223,0.18003,0.02326,0.07117,0.01014,0.00365,0.0243,0.09291,0.01039,0.00354,2.19743,4.02229,0.06152,2.26942,0.06372,0,0,0.000413793,0.000413793,0.000413793
307,10664.7,1.39605,2.60491,0.06585,1.59092,0.06365,0.16214,0.18223,0.21811,0.04932,0.01156,0.00404,0.01369,0.05157,0.00982,0.00332,2.24709,4.00486,0.06009,2.29927,0.06369,0,0,0.000412418,0.000412418,0.000412418
308,10699.5,1.41746,2.58058,0.0677,1.58592,0.06368,0.15818,0.18041,0.22552,0.06042,0.01101,0.00385,0.02043,0.0999,0.0099,0.00331,2.25339,3.98901,0.06126,2.31256,0.06368,0,0,0.000411044,0.000411044,0.000411044
309,10734.5,1.41091,2.58151,0.06667,1.5873,0.06355,0.15906,0.17878,0.02692,0.09386,0.01432,0.00442,0.0239,0.08251,0.01242,0.00392,2.204,3.99792,0.06087,2.27287,0.06373,0,0,0.000409669,0.000409669,0.000409669
310,10769.3,1.39077,2.60965,0.06854,1.58954,0.06375,0.16234,0.17986,0.02518,0.06052,0.01147,0.00414,0.0161,0.05432,0.01068,0.00388,2.21577,3.99923,0.06003,2.28016,0.0637,0,0,0.000408295,0.000408295,0.000408295
311,10804.2,1.37342,2.53845,0.06855,1.57773,0.06359,0.15711,0.17933,0.01345,0.06894,0.01258,0.00471,0.23074,0.01663,0.01083,0.00416,2.19173,4.01531,0.06031,2.26804,0.0637,0,0,0.00040692,0.00040692,0.00040692
312,10839.5,1.41288,2.60059,0.07132,1.59228,0.06386,0.16478,0.18463,0.0156,0.03394,0.01014,0.00366,0.01929,0.03257,0.00926,0.00321,2.2202,4.01422,0.05947,2.28963,0.06374,0,0,0.000405546,0.000405546,0.000405546
313,10874.1,1.39463,2.57369,0.06802,1.58946,0.06362,0.15864,0.17818,0.02229,0.05061,0.01077,0.00377,0.02121,0.04691,0.00949,0.00339,2.23734,4.01543,0.0584,2.28186,0.06372,0,0,0.000404172,0.000404172,0.000404172
314,10909.2,1.39228,2.56792,0.06438,1.57508,0.06338,0.15737,0.17758,0.02341,0.04542,0.01171,0.00402,0.02036,0.04125,0.00932,0.00338,2.23335,4.01177,0.06218,2.30393,0.06364,0,0,0.000402797,0.000402797,0.000402797
315,10944,1.40023,2.57229,0.06969,1.58602,0.06379,0.16185,0.18322,0.22947,0.03163,0.01207,0.00438,0.22676,0.0246,0.01062,0.00375,2.24652,4.08526,0.05915,2.3,0.06366,0,0,0.000401423,0.000401423,0.000401423
316,10979.1,1.41273,2.53397,0.06508,1.58109,0.06332,0.15506,0.17526,0.02448,0.07201,0.013,0.00442,0.02115,0.05838,0.01165,0.00415,2.23139,4.0227,0.06054,2.2926,0.0637,0,0,0.000400048,0.000400048,0.000400048
317,11014,1.38571,2.57357,0.06804,1.57336,0.06393,0.16404,0.18424,0.23539,0.02416,0.01064,0.00376,0.23862,0.02416,0.0102,0.00356,2.25109,4.03763,0.0595,2.32721,0.06372,0,0,0.000398674,0.000398674,0.000398674
318,11049,1.35527,2.5219,0.06635,1.54931,0.06352,0.15603,0.1772,0.22447,0.0348,0.01304,0.00463,0.02468,0.04544,0.01246,0.00436,2.22844,4.0371,0.05977,2.31347,0.06367,0,0,0.000397299,0.000397299,0.000397299
319,11084.3,1.38602,2.56285,0.06898,1.57261,0.06361,0.15877,0.18049,0.03459,0.0547,0.0138,0.00466,0.03289,0.05283,0.0132,0.00423,2.23758,4.02706,0.06056,2.30474,0.06366,0,0,0.000395925,0.000395925,0.000395925
320,11119.4,1.4089,2.58921,0.06455,1.58599,0.0634,0.16123,0.17788,0.02041,0.03293,0.01174,0.00414,0.02988,0.03942,0.01223,0.00403,2.25765,4.01228,0.05965,2.29429,0.06366,0,0,0.00039455,0.00039455,0.00039455
321,11154.6,1.40929,2.5871,0.06606,1.57839,0.06353,0.15679,0.17824,0.02709,0.10508,0.01561,0.00484,0.02424,0.09295,0.01457,0.00476,2.23048,3.98501,0.06126,2.27752,0.06369,0,0,0.000393176,0.000393176,0.000393176
322,11189.7,1.39921,2.58109,0.06538,1.55248,0.06336,0.15643,0.17635,0.03043,0.02275,0.01077,0.00364,0.23346,0.01998,0.00916,0.00317,2.2265,4.0024,0.0618,2.28657,0.0637,0,0,0.000391802,0.000391802,0.000391802
323,11224.6,1.3784,2.53391,0.06833,1.55198,0.06357,0.16197,0.18103,0.02059,0.03803,0.00943,0.00324,0.22386,0.0208,0.00863,0.00293,2.24889,4.04675,0.0595,2.32011,0.06371,0,0,0.000390427,0.000390427,0.000390427
324,11259.6,1.38329,2.52717,0.06652,1.56579,0.06346,0.1609,0.17945,0.22988,0.03119,0.01151,0.0038,0.22566,0.02175,0.00984,0.00342,2.24383,4.02262,0.06152,2.30226,0.06366,0,0,0.000389053,0.000389053,0.000389053
325,11294.7,1.38103,2.5381,0.06821,1.54813,0.06353,0.15996,0.18038,0.02483,0.03167,0.01055,0.00337,0.03137,0.02183,0.00963,0.0033,2.26109,4.04183,0.05947,2.29775,0.06374,0,0,0.000387678,0.000387678,0.000387678
326,11329.6,1.34435,2.52071,0.06975,1.55081,0.06359,0.15981,0.18297,0.2348,0.02323,0.0104,0.00332,0.01787,0.04137,0.0097,0.00312,2.24084,4.06675,0.06017,2.28597,0.0637,0,0,0.000386304,0.000386304,0.000386304
327,11364.5,1.38754,2.58856,0.06928,1.56565,0.06374,0.15656,0.17785,0.01891,0.04924,0.00963,0.00349,0.02306,0.03896,0.00936,0.00328,2.24616,4.08248,0.06075,2.3092,0.06372,0,0,0.000384929,0.000384929,0.000384929
328,11399.7,1.41702,2.55895,0.06393,1.55214,0.06334,0.15888,0.17986,0.02637,0.04103,0.01113,0.00395,0.22845,0.03072,0.01094,0.00393,2.26499,4.05494,0.06053,2.307,0.06373,0,0,0.000383555,0.000383555,0.000383555
329,11434.5,1.39998,2.61502,0.06806,1.59371,0.06366,0.16308,0.18094,0.03781,0.03944,0.01232,0.00411,0.01994,0.05396,0.0116,0.00399,2.25721,4.03965,0.06213,2.29962,0.06377,0,0,0.00038218,0.00038218,0.00038218
330,11469.6,1.38799,2.56169,0.07005,1.56306,0.06374,0.16194,0.18218,0.23672,0.01998,0.01121,0.00394,0.23848,0.01998,0.0103,0.0034,2.24081,4.02193,0.06097,2.28424,0.06374,0,0,0.000380806,0.000380806,0.000380806
331,11504.8,1.38275,2.54092,0.06763,1.56297,0.06357,0.15794,0.17742,0.24575,0.02967,0.01324,0.00432,0.26255,0.02545,0.01128,0.00389,2.23818,4.00761,0.06142,2.30105,0.06365,0,0,0.000379431,0.000379431,0.000379431
332,11539.7,1.38197,2.57184,0.06736,1.5601,0.0637,0.15998,0.1809,0.26262,0.0236,0.01185,0.004,0.26182,0.02185,0.01056,0.00351,2.21646,4.02447,0.06263,2.29338,0.06363,0,0,0.000378057,0.000378057,0.000378057
333,11574.6,1.40793,2.5137,0.06719,1.56842,0.06355,0.15762,0.17842,0.03539,0.0989,0.01509,0.0042,0.02863,0.0838,0.01324,0.00424,2.22476,4.03272,0.0613,2.28651,0.06365,0,0,0.000376683,0.000376683,0.000376683
334,11610,1.37415,2.51569,0.06708,1.53193,0.0634,0.16238,0.18137,0.04463,0.06317,0.01468,0.00474,0.0555,0.07466,0.019,0.00522,2.25627,4.0677,0.06154,2.29649,0.0637,0,0,0.000375308,0.000375308,0.000375308
335,11644.9,1.3433,2.56583,0.06976,1.55765,0.0636,0.16029,0.18157,0.01971,0.0451,0.01052,0.00366,0.02388,0.03582,0.0092,0.00339,2.21541,4.03587,0.06031,2.2889,0.06369,0,0,0.000373934,0.000373934,0.000373934
336,11679.8,1.36714,2.52379,0.06437,1.53968,0.06342,0.15545,0.17942,0.02835,0.04878,0.01125,0.0037,0.0176,0.02821,0.00973,0.00358,2.22027,4.07958,0.06146,2.2808,0.06371,0,0,0.000372559,0.000372559,0.000372559
337,11714.9,1.37852,2.52828,0.06723,1.53645,0.06348,0.16217,0.18214,0.03044,0.03896,0.01029,0.00342,0.03493,0.03759,0.00891,0.00344,2.22745,4.10136,0.06065,2.29493,0.0637,0,0,0.000371185,0.000371185,0.000371185
338,11749.8,1.37408,2.50458,0.06635,1.54196,0.06355,0.15921,0.17867,0.22161,0.03332,0.01056,0.00355,0.22368,0.02639,0.00901,0.00322,2.2221,4.08435,0.06228,2.30047,0.06371,0,0,0.00036981,0.00036981,0.00036981
339,11784.7,1.3708,2.54852,0.0673,1.54748,0.06369,0.16079,0.18249,0.01882,0.03797,0.00952,0.00338,0.22188,0.03295,0.00837,0.00308,2.24504,4.09959,0.05972,2.30617,0.06374,0,0,0.000368436,0.000368436,0.000368436
340,11819.7,1.35795,2.50239,0.06911,1.55222,0.06363,0.15913,0.17959,0.2356,0.02127,0.00994,0.0037,0.24274,0.0208,0.00897,0.00347,2.2368,4.04934,0.05941,2.30869,0.06369,0,0,0.000367061,0.000367061,0.000367061
341,11854.8,1.37815,2.48667,0.06388,1.54448,0.06334,0.15749,0.17899,0.02624,0.03619,0.01266,0.00466,0.0248,0.02498,0.01077,0.00413,2.21173,4.07187,0.0629,2.29416,0.06374,0,0,0.000365687,0.000365687,0.000365687
342,11889.8,1.36857,2.5147,0.0684,1.55332,0.06364,0.1606,0.17697,0.02401,0.03432,0.01216,0.00437,0.02272,0.02589,0.01083,0.00414,2.21409,4.05011,0.05904,2.28984,0.06374,0,0,0.000364313,0.000364313,0.000364313
343,11924.7,1.34918,2.51747,0.06653,1.53659,0.06334,0.16065,0.17968,0.02465,0.08028,0.01354,0.00485,0.02107,0.08498,0.01235,0.00433,2.21282,4.03594,0.06097,2.29107,0.06368,0,0,0.000362938,0.000362938,0.000362938
344,11959.9,1.37918,2.52024,0.06796,1.55074,0.06372,0.16434,0.18385,0.02084,0.08633,0.01274,0.00411,0.02281,0.06494,0.01078,0.00407,2.2225,4.10095,0.06237,2.30193,0.06373,0,0,0.000361564,0.000361564,0.000361564
345,11994.7,1.35961,2.50987,0.06638,1.5555,0.06352,0.15755,0.17789,0.02837,0.07749,0.01491,0.00478,0.02611,0.06548,0.0137,0.00453,2.22061,4.05675,0.0613,2.28765,0.06369,0,0,0.000360189,0.000360189,0.000360189
346,12029.7,1.40426,2.54129,0.06808,1.56857,0.06363,0.15864,0.17717,0.02627,0.09711,0.01385,0.00442,0.02322,0.08257,0.01233,0.00433,2.24434,4.05128,0.06003,2.29254,0.06371,0,0,0.000358815,0.000358815,0.000358815
347,12064.7,1.36266,2.49836,0.06314,1.53558,0.06317,0.15437,0.17517,0.04052,0.07564,0.01636,0.00535,0.0391,0.08251,0.01756,0.00607,2.24804,4.07062,0.05952,2.29849,0.06377,0,0,0.00035744,0.00035744,0.00035744
348,12099.7,1.39426,2.50096,0.06844,1.53926,0.06371,0.16121,0.18235,0.04111,0.05934,0.01711,0.00548,0.03472,0.0685,0.01715,0.00547,2.23284,4.04505,0.05875,2.28801,0.06372,0,0,0.000356066,0.000356066,0.000356066
349,12134.8,1.34322,2.48247,0.06818,1.5126,0.06354,0.16013,0.18048,0.02336,0.05807,0.01268,0.00405,0.02939,0.05684,0.01286,0.00397,2.24126,4.0796,0.05828,2.28428,0.06368,0,0,0.000354691,0.000354691,0.000354691
350,12169.8,1.35301,2.50283,0.06838,1.53444,0.06369,0.15963,0.17819,0.02459,0.06495,0.01189,0.00388,0.01845,0.04775,0.01024,0.00359,2.2334,4.0945,0.06114,2.27769,0.06367,0,0,0.000353317,0.000353317,0.000353317
351,12204.9,1.33287,2.50657,0.06657,1.53266,0.06337,0.15731,0.1783,0.22731,0.02447,0.01005,0.00328,0.23094,0.01988,0.01008,0.00319,2.23934,4.0568,0.05901,2.27868,0.06368,0,0,0.000351942,0.000351942,0.000351942
352,12239.8,1.32532,2.51217,0.06774,1.52679,0.06355,0.16084,0.18006,0.23424,0.02783,0.01159,0.00378,0.23615,0.02552,0.0102,0.0033,2.24002,4.07312,0.0603,2.28667,0.06369,0,0,0.000350568,0.000350568,0.000350568
353,12274.9,1.38628,2.52345,0.06502,1.53602,0.06332,0.15841,0.17935,0.23252,0.02785,0.01126,0.00362,0.24082,0.01854,0.01014,0.00322,2.23001,4.05777,0.06027,2.28569,0.06366,0,0,0.000349194,0.000349194,0.000349194
354,12310.1,1.38751,2.46279,0.06679,1.54009,0.06346,0.14972,0.17256,0.226,0.02219,0.01158,0.00374,0.02441,0.03488,0.01253,0.00411,2.23611,4.08974,0.05883,2.29145,0.06376,0,0,0.000347819,0.000347819,0.000347819
355,12345,1.35292,2.47982,0.06528,1.51935,0.06327,0.16011,0.17855,0.02821,0.02924,0.01131,0.0039,0.03589,0.02323,0.01121,0.00385,2.2298,4.06287,0.06018,2.29197,0.06376,0,0,0.000346445,0.000346445,0.000346445
356,12380.2,1.35532,2.48105,0.06707,1.52323,0.06361,0.16161,0.18021,0.02227,0.03719,0.01289,0.00446,0.02317,0.02878,0.01142,0.00439,2.2106,4.08286,0.0603,2.27989,0.06375,0,0,0.00034507,0.00034507,0.00034507
357,12415.3,1.3386,2.44404,0.06584,1.50855,0.06374,0.16093,0.18076,0.23812,0.02416,0.00924,0.00304,0.23762,0.0237,0.00841,0.00282,2.22871,4.09301,0.06221,2.27576,0.06378,0,0,0.000343696,0.000343696,0.000343696
358,12449.9,1.30085,2.43969,0.06704,1.51566,0.06345,0.15783,0.17812,0.02816,0.02506,0.0105,0.0036,0.03394,0.02137,0.00993,0.0034,2.22403,4.05273,0.0627,2.28466,0.0638,0,0,0.000342321,0.000342321,0.000342321
359,12484.8,1.3266,2.47019,0.06952,1.51344,0.06358,0.15786,0.17873,0.23444,0.03303,0.01003,0.00338,0.2301,0.02082,0.00935,0.00326,2.23804,4.0199,0.06213,2.27416,0.06379,0,0,0.000340947,0.000340947,0.000340947
360,12519.7,1.3579,2.49598,0.06854,1.53909,0.06358,0.15518,0.17726,0.24962,0.02462,0.01037,0.00325,0.25012,0.02508,0.01014,0.00321,2.24543,4.09432,0.06163,2.28296,0.06381,0,0,0.000339572,0.000339572,0.000339572
361,12554.6,1.29974,2.44225,0.06634,1.50595,0.06336,0.15648,0.17635,0.24151,0.02275,0.01102,0.00362,0.24233,0.02183,0.01053,0.00358,2.25167,4.09715,0.06179,2.29506,0.06378,0,0,0.000338198,0.000338198,0.000338198
362,12590.2,1.36063,2.4778,0.06486,1.52951,0.06322,0.16051,0.17891,0.01894,0.05239,0.01302,0.00424,0.018,0.05203,0.01173,0.00435,2.20669,4.05088,0.06164,2.27479,0.06372,0,0,0.000336824,0.000336824,0.000336824
363,12625.2,1.33548,2.43713,0.06647,1.51003,0.06347,0.15708,0.1784,0.01895,0.06609,0.01364,0.00419,0.24409,0.02185,0.01287,0.00414,2.22559,4.05409,0.06223,2.29715,0.06377,0,0,0.000335449,0.000335449,0.000335449
364,12660.5,1.32223,2.45828,0.0684,1.52839,0.06347,0.16188,0.17987,0.01403,0.05211,0.01091,0.00363,0.22903,0.02238,0.01057,0.00371,2.2259,4.0453,0.06175,2.30183,0.06369,0,0,0.000334075,0.000334075,0.000334075
365,12695.3,1.31782,2.45714,0.06453,1.51121,0.06356,0.15572,0.17608,0.0146,0.07167,0.01139,0.00353,0.01303,0.06093,0.00978,0.0034,2.24414,4.07437,0.06279,2.29799,0.06374,0,0,0.0003327,0.0003327,0.0003327
366,12730.2,1.3332,2.46637,0.07082,1.53095,0.06366,0.15756,0.17684,0.01755,0.05757,0.01158,0.00391,0.01647,0.06904,0.00994,0.00362,2.26172,4.08655,0.06131,2.32447,0.06377,0,0,0.000331326,0.000331326,0.000331326
367,12765.3,1.36341,2.47401,0.06706,1.53745,0.06345,0.15877,0.18047,0.0165,0.07683,0.01217,0.00403,0.01482,0.07376,0.01068,0.00386,2.26476,4.08003,0.0613,2.32851,0.06375,0,0,0.000329951,0.000329951,0.000329951
368,12800.1,1.34431,2.43369,0.06667,1.51243,0.06361,0.16379,0.18096,0.01856,0.09008,0.01188,0.00379,0.01743,0.08352,0.01008,0.00341,2.25038,4.09669,0.06193,2.30129,0.06374,0,0,0.000328577,0.000328577,0.000328577
369,12835.2,1.33745,2.45931,0.06616,1.51674,0.06358,0.16061,0.179,0.01209,0.07436,0.01079,0.00372,0.0137,0.04958,0.00941,0.00351,2.24317,4.08158,0.06169,2.30144,0.06374,0,0,0.000327202,0.000327202,0.000327202
370,12870.3,1.34787,2.45466,0.06548,1.50485,0.06334,0.15871,0.17772,0.01631,0.09627,0.01008,0.00328,0.01473,0.08404,0.00915,0.00329,2.24018,4.07742,0.06372,2.31032,0.06375,0,0,0.000325828,0.000325828,0.000325828
371,12905.2,1.36137,2.444,0.06709,1.52711,0.06358,0.15122,0.17341,0.01909,0.07629,0.0098,0.00353,0.01688,0.07906,0.01044,0.00363,2.2704,4.08799,0.06028,2.31239,0.0638,0,0,0.000324453,0.000324453,0.000324453
372,12940.4,1.34069,2.46238,0.0644,1.52479,0.0633,0.15913,0.18075,0.01964,0.09898,0.01205,0.00391,0.01938,0.08691,0.01153,0.00372,2.23843,4.08779,0.06248,2.30228,0.06379,0,0,0.000323079,0.000323079,0.000323079
373,12975.6,1.35288,2.44367,0.06573,1.51591,0.06352,0.16024,0.17938,0.02292,0.05721,0.012,0.00401,0.02063,0.06121,0.01131,0.00411,2.25919,4.09594,0.0595,2.31617,0.06375,0,0,0.000321705,0.000321705,0.000321705
374,13010.7,1.33454,2.48433,0.06563,1.49861,0.06342,0.15796,0.17844,0.01842,0.03663,0.00938,0.00355,0.0169,0.03898,0.00928,0.00342,2.2568,4.09089,0.05944,2.31223,0.06373,0,0,0.00032033,0.00032033,0.00032033
375,13045.7,1.28063,2.43508,0.06351,1.49326,0.06327,0.15492,0.1765,0.02195,0.03526,0.00962,0.00341,0.22589,0.01988,0.00928,0.00333,2.25381,4.08863,0.05965,2.30771,0.06371,0,0,0.000318956,0.000318956,0.000318956
376,13080.9,1.35215,2.44251,0.06408,1.50334,0.0632,0.15975,0.17935,0.23041,0.02926,0.01144,0.00402,0.01871,0.07016,0.01227,0.0043,2.266,4.06682,0.05979,2.31833,0.06373,0,0,0.000317581,0.000317581,0.000317581
377,13115.8,1.26582,2.44211,0.06617,1.4899,0.06337,0.15302,0.17331,0.22094,0.05759,0.01258,0.00489,0.01824,0.06583,0.01343,0.00505,2.24204,4.08212,0.05849,2.30096,0.06374,0,0,0.000316207,0.000316207,0.000316207
378,13151,1.31991,2.41867,0.06458,1.5055,0.0633,0.16001,0.17737,0.0274,0.08964,0.01475,0.0053,0.02521,0.09982,0.01551,0.0055,2.26041,4.06429,0.05928,2.31979,0.06377,0,0,0.000314832,0.000314832,0.000314832
379,13186.3,1.32639,2.48734,0.06854,1.49722,0.06336,0.16023,0.18064,0.02676,0.0935,0.01315,0.00464,0.02772,0.09416,0.01329,0.0046,2.24361,4.07926,0.05979,2.3152,0.06373,0,0,0.000313458,0.000313458,0.000313458
380,13221.6,1.34843,2.47447,0.06345,1.50443,0.0632,0.1545,0.17358,0.03159,0.0949,0.01583,0.00552,0.03189,0.09378,0.01619,0.00571,2.23195,4.06878,0.05934,2.30299,0.0637,0,0,0.000312083,0.000312083,0.000312083
381,13256.6,1.36139,2.47252,0.06448,1.51549,0.06328,0.15817,0.17668,0.02383,0.0904,0.01379,0.00481,0.02323,0.08739,0.01419,0.0044,2.25532,4.07157,0.06112,2.30191,0.06372,0,0,0.000310709,0.000310709,0.000310709
382,13291.7,1.29679,2.38579,0.06455,1.51457,0.06338,0.15397,0.17545,0.03143,0.11382,0.01876,0.00604,0.03023,0.10779,0.01814,0.00614,2.23361,4.11197,0.05987,2.27862,0.06375,0,0,0.000309335,0.000309335,0.000309335
383,13326.8,1.34996,2.49679,0.06595,1.52319,0.06347,0.15893,0.17508,0.03561,0.08305,0.01657,0.00543,0.03228,0.07462,0.01572,0.00546,2.22023,4.12753,0.05947,2.28132,0.06381,0,0,0.00030796,0.00030796,0.00030796
384,13361.8,1.33872,2.46545,0.06426,1.50389,0.06355,0.15379,0.17574,0.03209,0.07619,0.01555,0.00535,0.04768,0.05183,0.01827,0.00631,2.22448,4.10279,0.06026,2.28601,0.0638,0,0,0.000306586,0.000306586,0.000306586
385,13396.8,1.32446,2.43669,0.06595,1.49448,0.06355,0.15513,0.17629,0.02373,0.07862,0.01058,0.00354,0.02385,0.08157,0.01138,0.00394,2.24213,4.09959,0.06116,2.27647,0.06376,0,0,0.000305211,0.000305211,0.000305211
386,13431.9,1.3284,2.43718,0.06534,1.49966,0.06332,0.16013,0.17894,0.02892,0.07956,0.01181,0.00394,0.02797,0.06823,0.01209,0.00425,2.24811,4.08118,0.06032,2.29699,0.0638,0,0,0.000303837,0.000303837,0.000303837
387,13467,1.30382,2.45192,0.06624,1.4975,0.06354,0.15874,0.17811,0.02244,0.07924,0.01094,0.00359,0.0214,0.08255,0.01121,0.00356,2.2402,4.07821,0.06169,2.29222,0.06378,0,0,0.000302462,0.000302462,0.000302462
388,13501.8,1.31748,2.42866,0.06884,1.4805,0.06372,0.15979,0.18075,0.02129,0.05064,0.01147,0.00383,0.02133,0.08016,0.01293,0.00421,2.2546,4.12739,0.05989,2.29145,0.06381,0,0,0.000301088,0.000301088,0.000301088
389,13537,1.29921,2.43795,0.06755,1.48772,0.06345,0.16035,0.17912,0.02618,0.06001,0.01281,0.00423,0.02312,0.09091,0.01328,0.00425,2.23787,4.12206,0.06083,2.28261,0.06377,0,0,0.000299713,0.000299713,0.000299713
390,13571.9,1.3021,2.43236,0.06542,1.49876,0.06317,0.15907,0.17703,0.02923,0.06221,0.01516,0.00472,0.03313,0.06683,0.01678,0.00507,2.23825,4.11204,0.06032,2.2833,0.06371,0,0,0.000298339,0.000298339,0.000298339
391,13607.1,1.30987,2.43203,0.06721,1.50684,0.06331,0.15904,0.17614,0.02472,0.04056,0.01348,0.00406,0.02045,0.08277,0.01259,0.00426,2.24079,4.09027,0.06127,2.28461,0.06373,0,0,0.000296964,0.000296964,0.000296964
392,13642.4,1.33749,2.4189,0.068,1.49035,0.06365,0.15621,0.1788,0.03006,0.06064,0.0126,0.00422,0.02095,0.07157,0.01218,0.00452,2.25218,4.09078,0.06026,2.30259,0.06374,0,0,0.00029559,0.00029559,0.00029559
393,13677.5,1.28528,2.43472,0.06484,1.48201,0.06329,0.15405,0.17596,0.02233,0.06241,0.01267,0.0044,0.02575,0.04406,0.01252,0.00478,2.22842,4.12569,0.06217,2.29879,0.06369,0,0,0.000294216,0.000294216,0.000294216
394,13712.7,1.33164,2.43938,0.0659,1.49175,0.06337,0.15793,0.17519,0.25898,0.02187,0.01228,0.00407,0.26038,0.02279,0.01136,0.00399,2.24814,4.11361,0.0618,2.30419,0.06373,0,0,0.000292841,0.000292841,0.000292841
395,13747.9,1.30842,2.42012,0.0651,1.50018,0.06323,0.15636,0.17765,0.26048,0.02139,0.01367,0.00441,0.26978,0.02092,0.01316,0.00442,2.25444,4.11269,0.06001,2.30876,0.06379,0,0,0.000291467,0.000291467,0.000291467
396,13783,1.33153,2.45614,0.06817,1.5191,0.06357,0.16477,0.18173,0.25681,0.02044,0.01234,0.00393,0.2622,0.01998,0.0125,0.00391,2.25971,4.12439,0.06093,2.30404,0.06375,0,0,0.000290092,0.000290092,0.000290092
397,13818,1.31518,2.44017,0.06665,1.50022,0.06337,0.16181,0.1798,0.28203,0.02137,0.01361,0.00435,0.26312,0.02038,0.01231,0.00416,2.25872,4.11675,0.06158,2.30794,0.06374,0,0,0.000288718,0.000288718,0.000288718
398,13852.9,1.26577,2.3711,0.06763,1.47896,0.0637,0.15698,0.17724,0.048,0.0251,0.01203,0.00432,0.05721,0.0251,0.01194,0.00397,2.23806,4.09176,0.06084,2.2889,0.06374,0,0,0.000287343,0.000287343,0.000287343
399,13887.9,1.31317,2.4126,0.06802,1.49481,0.0637,0.16248,0.1821,0.01789,0.04464,0.01202,0.00452,0.25032,0.02275,0.01247,0.00437,2.26803,4.10315,0.06021,2.30485,0.06381,0,0,0.000285969,0.000285969,0.000285969
400,13923.3,1.33403,2.45652,0.06714,1.48386,0.06335,0.15207,0.17494,0.02497,0.03388,0.01126,0.0042,0.23159,0.02785,0.01143,0.00408,2.26165,4.11072,0.05832,2.29867,0.06382,0,0,0.000284594,0.000284594,0.000284594
401,13958.3,1.30599,2.41849,0.06753,1.47724,0.06338,0.15896,0.1783,0.02151,0.03388,0.01132,0.00379,0.02039,0.04352,0.01132,0.00389,2.26711,4.10947,0.05986,2.30589,0.06383,0,0,0.00028322,0.00028322,0.00028322
402,13993.4,1.29044,2.41115,0.06745,1.48653,0.06331,0.15814,0.17828,0.02904,0.04221,0.0108,0.00363,0.039,0.05082,0.01357,0.00364,2.26945,4.12362,0.05959,2.29396,0.06383,0,0,0.000281846,0.000281846,0.000281846
403,14028.7,1.33012,2.4254,0.06555,1.48584,0.06337,0.15919,0.17917,0.24539,0.02334,0.0117,0.00408,0.02389,0.06916,0.01333,0.00424,2.25754,4.11602,0.05976,2.28513,0.0638,0,0,0.000280471,0.000280471,0.000280471
404,14063.7,1.27871,2.43892,0.06736,1.49322,0.06333,0.16368,0.17934,0.02559,0.06741,0.01462,0.00479,0.02604,0.07157,0.01439,0.00451,2.25822,4.11695,0.05934,2.29508,0.06378,0,0,0.000279097,0.000279097,0.000279097
405,14098.7,1.2893,2.41582,0.06512,1.47616,0.06351,0.15921,0.17879,0.02532,0.04685,0.01627,0.00543,0.02671,0.06777,0.01604,0.00522,2.2701,4.12793,0.06017,2.30263,0.0638,0,0,0.000277722,0.000277722,0.000277722
406,14133.6,1.28704,2.37963,0.06337,1.46465,0.06335,0.15639,0.1774,0.25585,0.02454,0.01482,0.0048,0.2467,0.01992,0.01414,0.0047,2.27036,4.1231,0.05805,2.30161,0.06379,0,0,0.000276348,0.000276348,0.000276348
407,14168.4,1.27792,2.37075,0.06713,1.4694,0.06346,0.15992,0.1795,0.02733,0.03526,0.01413,0.00474,0.01968,0.08593,0.01274,0.00434,2.25713,4.11896,0.05992,2.29354,0.06378,0,0,0.000274973,0.000274973,0.000274973
408,14203.9,1.31895,2.40859,0.06641,1.49188,0.06324,0.15848,0.17575,0.01768,0.06452,0.01368,0.0043,0.01984,0.09105,0.01293,0.00406,2.25688,4.11198,0.06015,2.28646,0.06376,0,0,0.000273599,0.000273599,0.000273599
409,14238.8,1.2943,2.42624,0.06683,1.48208,0.06344,0.16011,0.17556,0.01807,0.09761,0.01339,0.00432,0.01857,0.0942,0.01278,0.00414,2.26592,4.11023,0.0597,2.30105,0.06374,0,0,0.000272224,0.000272224,0.000272224
410,14273.9,1.28816,2.39133,0.06531,1.47232,0.06333,0.15676,0.17719,0.02858,0.10008,0.01588,0.00519,0.02982,0.06729,0.01542,0.00509,2.26346,4.11345,0.06066,2.29176,0.06373,0,0,0.00027085,0.00027085,0.00027085
411,14309.1,1.28573,2.37218,0.06504,1.46406,0.06337,0.15646,0.17527,0.02491,0.0899,0.0145,0.00449,0.03514,0.07378,0.015,0.00448,2.25842,4.12211,0.06045,2.28678,0.06376,0,0,0.000269475,0.000269475,0.000269475
412,14344,1.2944,2.43435,0.06435,1.48407,0.06316,0.15548,0.171,0.02879,0.06054,0.01409,0.00482,0.03264,0.0546,0.01642,0.00487,2.23916,4.10701,0.06214,2.28578,0.06372,0,0,0.000268101,0.000268101,0.000268101
413,14379.2,1.2982,2.40181,0.0668,1.49234,0.06347,0.16138,0.17977,0.02921,0.06406,0.0139,0.00457,0.03909,0.05609,0.01553,0.0048,2.23893,4.09437,0.06158,2.27207,0.06379,0,0,0.000266727,0.000266727,0.000266727
414,14414.2,1.29464,2.3949,0.06787,1.49181,0.06357,0.16085,0.18049,0.03704,0.06414,0.01584,0.00531,0.05127,0.06221,0.01712,0.00536,2.25257,4.11888,0.06154,2.27507,0.06377,0,0,0.000265352,0.000265352,0.000265352
415,14449.3,1.27801,2.37244,0.06601,1.46485,0.0633,0.15811,0.17667,0.04232,0.07478,0.01567,0.00523,0.04996,0.06203,0.01719,0.00539,2.24498,4.1057,0.06135,2.26474,0.06375,0,0,0.000263978,0.000263978,0.000263978
416,14484.3,1.25349,2.35268,0.06563,1.45284,0.0634,0.15501,0.17538,0.02331,0.07585,0.01322,0.00473,0.0256,0.07805,0.01448,0.00514,2.24594,4.09128,0.06011,2.26855,0.06379,0,0,0.000262603,0.000262603,0.000262603
417,14519.4,1.3181,2.43418,0.06502,1.48371,0.06304,0.16034,0.1767,0.02151,0.0856,0.01436,0.00497,0.01972,0.08827,0.01283,0.00476,2.25202,4.09495,0.06068,2.29732,0.06382,0,0,0.000261229,0.000261229,0.000261229
418,14554.5,1.27382,2.38408,0.06589,1.46538,0.06345,0.15525,0.17505,0.03113,0.07081,0.01379,0.00423,0.02558,0.0581,0.01223,0.00433,2.25353,4.13446,0.06185,2.2926,0.06381,0,0,0.000259854,0.000259854,0.000259854
419,14589.6,1.24381,2.35537,0.06755,1.45217,0.06362,0.15627,0.17665,0.0325,0.0743,0.01684,0.00598,0.03694,0.06948,0.01896,0.00664,2.26174,4.13458,0.06196,2.28586,0.06384,0,0,0.00025848,0.00025848,0.00025848
420,14624.8,1.30704,2.39812,0.06249,1.47979,0.06311,0.15829,0.17785,0.03502,0.07711,0.01717,0.00592,0.03304,0.07003,0.01838,0.00678,2.24647,4.10735,0.06098,2.30299,0.06381,0,0,0.000257105,0.000257105,0.000257105
421,14659.7,1.30275,2.41355,0.06431,1.46481,0.06338,0.15478,0.17624,0.02455,0.09063,0.01506,0.00497,0.02093,0.09518,0.01351,0.00538,2.25028,4.11261,0.06108,2.29842,0.06379,0,0,0.000255731,0.000255731,0.000255731
422,14695,1.2804,2.39666,0.06813,1.46478,0.0637,0.16406,0.18321,0.02818,0.09376,0.01676,0.00584,0.02509,0.07775,0.01523,0.00606,2.24131,4.10166,0.06003,2.29025,0.0638,0,0,0.000254357,0.000254357,0.000254357
423,14730,1.30524,2.4,0.06387,1.47991,0.06317,0.15875,0.17602,0.02668,0.08036,0.01523,0.00536,0.02665,0.07147,0.01393,0.00552,2.25297,4.11057,0.06056,2.30311,0.06383,0,0,0.000252982,0.000252982,0.000252982
424,14765,1.28788,2.3998,0.06606,1.47086,0.06338,0.15408,0.17511,0.02427,0.07109,0.01394,0.00493,0.22375,0.03201,0.01292,0.005,2.25815,4.07956,0.05991,2.30505,0.06382,0,0,0.000251608,0.000251608,0.000251608
425,14800.7,1.26142,2.37605,0.06496,1.45768,0.06345,0.15244,0.17558,0.22603,0.03976,0.01374,0.00489,0.232,0.04693,0.01419,0.00518,2.2745,4.09094,0.06032,2.31209,0.06384,0,0,0.000250233,0.000250233,0.000250233
426,14836,1.30391,2.34573,0.06397,1.46695,0.0633,0.16113,0.17685,0.03293,0.0651,0.0153,0.00511,0.03465,0.059,0.01386,0.00478,2.30008,4.11805,0.05903,2.30772,0.06386,0,0,0.000248859,0.000248859,0.000248859
427,14871.1,1.26174,2.39356,0.068,1.46021,0.06333,0.15554,0.1736,0.03159,0.065,0.01474,0.00536,0.25289,0.06315,0.01925,0.00561,2.27236,4.11064,0.05929,2.29376,0.06383,0,0,0.000247484,0.000247484,0.000247484
428,14906.1,1.26738,2.37606,0.06531,1.46945,0.06328,0.1633,0.17775,0.03077,0.07147,0.01522,0.00566,0.02926,0.06868,0.01409,0.00507,2.26275,4.12598,0.06105,2.29909,0.06385,0,0,0.00024611,0.00024611,0.00024611
429,14941.1,1.27673,2.3224,0.0655,1.46102,0.06319,0.15643,0.17513,0.02571,0.06962,0.01403,0.00488,0.03007,0.07783,0.01508,0.00508,2.26234,4.12292,0.06046,2.28769,0.06387,0,0,0.000244735,0.000244735,0.000244735
430,14976,1.26106,2.38468,0.06782,1.47928,0.06346,0.1602,0.17802,0.02286,0.05388,0.01255,0.00439,0.02519,0.05609,0.01301,0.00456,2.27338,4.13141,0.06128,2.29509,0.06387,0,0,0.000243361,0.000243361,0.000243361
431,15010.8,1.26972,2.37172,0.06664,1.46458,0.06326,0.15571,0.17565,0.03072,0.02591,0.01119,0.00405,0.02532,0.05062,0.0121,0.0041,2.25166,4.1209,0.06112,2.2881,0.06387,0,0,0.000241986,0.000241986,0.000241986
432,15046,1.29616,2.40714,0.06603,1.47398,0.06338,0.15995,0.17678,0.03181,0.03157,0.01175,0.00412,0.02005,0.03572,0.01197,0.0041,2.26003,4.10768,0.06149,2.2897,0.06385,0,0,0.000240612,0.000240612,0.000240612
433,15081.1,1.24772,2.35061,0.06375,1.45103,0.06314,0.15338,0.17212,0.02791,0.02783,0.01076,0.0037,0.03509,0.02036,0.00996,0.00345,2.27268,4.117,0.06169,2.29711,0.06385,0,0,0.000239238,0.000239238,0.000239238
434,15115.9,1.27642,2.37513,0.06481,1.47277,0.06326,0.15877,0.17606,0.03892,0.02693,0.01232,0.00433,0.04342,0.02462,0.01163,0.00413,2.26752,4.10114,0.05994,2.30832,0.06387,0,0,0.000237863,0.000237863,0.000237863
435,15151,1.26666,2.3494,0.06433,1.43002,0.06334,0.15231,0.17564,0.01653,0.05221,0.01145,0.00389,0.01727,0.06042,0.01189,0.00394,2.2617,4.09622,0.05946,2.2965,0.06382,0,0,0.000236489,0.000236489,0.000236489
436,15186,1.28713,2.39983,0.06561,1.47692,0.06341,0.16031,0.17895,0.01843,0.05777,0.0149,0.00535,0.01706,0.05167,0.01485,0.00521,2.25814,4.09579,0.06082,2.30062,0.06385,0,0,0.000235114,0.000235114,0.000235114
437,15221.1,1.26978,2.35278,0.0656,1.45895,0.06325,0.15658,0.17503,0.022,0.09187,0.01529,0.00558,0.03268,0.08267,0.01703,0.00605,2.24504,4.09226,0.06161,2.2947,0.06385,0,0,0.00023374,0.00023374,0.00023374
438,15256.4,1.28564,2.37405,0.06581,1.45855,0.06325,0.15762,0.17451,0.02366,0.08245,0.01479,0.00503,0.03097,0.06275,0.01497,0.00499,2.24459,4.13075,0.06128,2.29454,0.06384,0,0,0.000232365,0.000232365,0.000232365
439,15291.2,1.27759,2.33253,0.06566,1.46462,0.06331,0.1589,0.1765,0.02811,0.04518,0.01342,0.00429,0.03079,0.04832,0.01403,0.00453,2.24815,4.16215,0.06251,2.30006,0.06386,0,0,0.000230991,0.000230991,0.000230991
440,15326.3,1.28035,2.32304,0.06576,1.45572,0.06331,0.1547,0.17569,0.23981,0.02368,0.01307,0.0042,0.02401,0.05109,0.01332,0.00425,2.25055,4.14893,0.06085,2.30314,0.06389,0,0,0.000229616,0.000229616,0.000229616
441,15361.4,1.25868,2.36268,0.06572,1.45751,0.06333,0.15776,0.1765,0.25128,0.02926,0.01437,0.00497,0.03954,0.04647,0.01318,0.00445,2.24072,4.16953,0.06156,2.30216,0.0639,0,0,0.000228242,0.000228242,0.000228242
442,15396.5,1.23187,2.30892,0.06565,1.44833,0.06325,0.15615,0.17424,0.2469,0.0251,0.01259,0.00457,0.02069,0.06496,0.01252,0.00438,2.24747,4.16692,0.06151,2.29715,0.06391,0,0,0.000226868,0.000226868,0.000226868
443,15431.7,1.24875,2.33189,0.06559,1.44091,0.06348,0.16018,0.18025,0.02293,0.07241,0.01505,0.00511,0.02305,0.07229,0.01445,0.00498,2.25276,4.14591,0.06097,2.29433,0.06388,0,0,0.000225493,0.000225493,0.000225493
444,15466.7,1.26442,2.3471,0.0678,1.45398,0.06375,0.15593,0.17993,0.26112,0.02372,0.01531,0.00501,0.26501,0.02187,0.01352,0.0048,2.25691,4.16821,0.06103,2.29714,0.06388,0,0,0.000224119,0.000224119,0.000224119
445,15502,1.29791,2.36933,0.06612,1.46058,0.06342,0.16001,0.17688,0.24713,0.02556,0.01519,0.00535,0.25913,0.02418,0.0137,0.00512,2.25315,4.16794,0.06087,2.29359,0.06387,0,0,0.000222744,0.000222744,0.000222744
446,15537.3,1.281,2.36006,0.06455,1.45559,0.06335,0.15661,0.17869,0.26442,0.02185,0.01506,0.0055,0.28097,0.02231,0.01414,0.00532,2.26029,4.1739,0.06123,2.28782,0.06387,0,0,0.00022137,0.00022137,0.00022137
447,15572.1,1.23283,2.31996,0.06479,1.44544,0.06311,0.15835,0.17511,0.05488,0.02231,0.0146,0.00514,0.26435,0.02231,0.01438,0.00507,2.25446,4.12504,0.06059,2.27954,0.06388,0,0,0.000219995,0.000219995,0.000219995
448,15607.1,1.25323,2.35247,0.06422,1.45244,0.06346,0.1573,0.17557,0.02365,0.07864,0.01513,0.00484,0.02498,0.08038,0.01338,0.00449,2.24341,4.13037,0.06171,2.29959,0.06387,0,0,0.000218621,0.000218621,0.000218621
449,15642.2,1.23867,2.29578,0.0633,1.45306,0.06316,0.1579,0.17347,0.02787,0.08315,0.01628,0.00539,0.03027,0.07526,0.01579,0.00478,2.25219,4.14893,0.06187,2.2951,0.06387,0,0,0.000217246,0.000217246,0.000217246
450,15677.2,1.24452,2.35988,0.06277,1.44514,0.06321,0.15336,0.17327,0.0198,0.05066,0.01518,0.00532,0.02831,0.09103,0.01528,0.00502,2.24584,4.16087,0.06235,2.28645,0.06389,0,0,0.000215872,0.000215872,0.000215872
451,15712.2,1.23531,2.30736,0.06546,1.44897,0.06339,0.15648,0.17585,0.24324,0.02785,0.01425,0.00514,0.24195,0.02554,0.01361,0.00498,2.23961,4.15235,0.06337,2.30065,0.06387,0,0,0.000214497,0.000214497,0.000214497
452,15747,1.26072,2.33494,0.06821,1.45853,0.06343,0.15547,0.17443,0.24169,0.03621,0.01392,0.00503,0.02519,0.05564,0.01423,0.00487,2.24532,4.13385,0.06391,2.30349,0.06385,0,0,0.000213123,0.000213123,0.000213123
453,15782.2,1.242,2.30874,0.06555,1.44591,0.06331,0.15475,0.17452,0.25859,0.02882,0.01419,0.00463,0.24184,0.02502,0.01251,0.00424,2.24592,4.17195,0.0619,2.29581,0.06387,0,0,0.000211749,0.000211749,0.000211749
454,15817.2,1.25387,2.33245,0.06521,1.44085,0.06324,0.15402,0.17537,0.03377,0.06315,0.01518,0.0049,0.02806,0.07281,0.01298,0.0043,2.24342,4.18168,0.06169,2.29414,0.06385,0,0,0.000210374,0.000210374,0.000210374
455,15852.4,1.26625,2.35546,0.06616,1.44576,0.06332,0.15461,0.17198,0.03011,0.08697,0.01628,0.0055,0.02531,0.05251,0.01525,0.00502,2.24652,4.16622,0.06232,2.29301,0.06383,0,0,0.000209,0.000209,0.000209
456,15887.3,1.22655,2.31748,0.06514,1.44882,0.06329,0.15973,0.17712,0.02119,0.05928,0.01485,0.00525,0.01972,0.0604,0.01414,0.00496,2.25307,4.15607,0.06126,2.29284,0.06385,0,0,0.000207625,0.000207625,0.000207625
457,15922.2,1.25369,2.33689,0.06878,1.45139,0.06351,0.16165,0.18003,0.02335,0.07084,0.01459,0.00471,0.02106,0.06243,0.01346,0.00446,2.27409,4.14799,0.05927,2.30478,0.06388,0,0,0.000206251,0.000206251,0.000206251
458,15957.3,1.22911,2.3589,0.06646,1.43434,0.06321,0.15744,0.17732,0.02103,0.0689,0.01496,0.00529,0.0222,0.06779,0.01542,0.00481,2.28126,4.14205,0.05929,2.30519,0.06387,0,0,0.000204876,0.000204876,0.000204876
459,15992.4,1.22568,2.35967,0.06484,1.43739,0.06342,0.16078,0.17906,0.01877,0.04834,0.01489,0.00539,0.25687,0.02372,0.01336,0.00481,2.27478,4.15429,0.05836,2.29713,0.06386,0,0,0.000203502,0.000203502,0.000203502
460,16027.5,1.222,2.2999,0.06767,1.43916,0.06351,0.1586,0.17563,0.02083,0.04787,0.01467,0.00523,0.02215,0.05528,0.01462,0.00477,2.25191,4.14525,0.0605,2.2992,0.06382,0,0,0.000202127,0.000202127,0.000202127
461,16062.8,1.26825,2.30922,0.06553,1.45183,0.06324,0.16267,0.17858,0.25725,0.02982,0.0146,0.00511,0.26028,0.0289,0.01468,0.00518,2.25727,4.14756,0.06133,2.30523,0.06383,0,0,0.000200753,0.000200753,0.000200753
462,16097.8,1.27208,2.33509,0.06493,1.4489,0.06314,0.15326,0.16993,0.25541,0.03084,0.01474,0.00498,0.238,0.03121,0.0143,0.00488,2.27244,4.1875,0.06064,2.29843,0.06389,0,0,0.000199379,0.000199379,0.000199379
463,16132.9,1.25192,2.29751,0.06707,1.43395,0.06329,0.15903,0.17652,0.24376,0.02554,0.01376,0.00472,0.02326,0.03536,0.01289,0.00442,2.25611,4.17244,0.0605,2.28918,0.06387,0,0,0.000198004,0.000198004,0.000198004
464,16168.3,1.28867,2.33622,0.06571,1.45072,0.06352,0.15886,0.17825,0.25183,0.02602,0.01476,0.00469,0.03091,0.02926,0.01461,0.00484,2.26554,4.16001,0.06064,2.29224,0.0639,0,0,0.00019663,0.00019663,0.00019663
465,16203.6,1.27923,2.35282,0.06296,1.4428,0.06316,0.15204,0.17527,0.01886,0.07428,0.01549,0.00527,0.02924,0.05335,0.01586,0.00545,2.27656,4.15456,0.06059,2.29272,0.06389,0,0,0.000195255,0.000195255,0.000195255
466,16238.4,1.20844,2.24672,0.06465,1.41669,0.06331,0.15254,0.17243,0.01853,0.06962,0.01616,0.00554,0.02801,0.06538,0.01567,0.00577,2.27148,4.14804,0.06002,2.3104,0.06384,0,0,0.000193881,0.000193881,0.000193881
467,16273.4,1.26834,2.29035,0.06335,1.43268,0.06328,0.15569,0.17415,0.02017,0.07243,0.0152,0.00528,0.02746,0.05946,0.01489,0.00531,2.2638,4.14807,0.05997,2.29561,0.06384,0,0,0.000192506,0.000192506,0.000192506
468,16308.8,1.26102,2.30614,0.063,1.44527,0.0632,0.15644,0.17532,0.0187,0.06372,0.01354,0.00469,0.0231,0.06223,0.0132,0.00456,2.25772,4.18485,0.06048,2.29039,0.06385,0,0,0.000191132,0.000191132,0.000191132
469,16343.8,1.26731,2.35583,0.06333,1.42985,0.0631,0.15462,0.17408,0.02428,0.08976,0.01362,0.00449,0.02705,0.07195,0.01345,0.00443,2.23723,4.17155,0.06039,2.28198,0.06384,0,0,0.000189757,0.000189757,0.000189757
470,16379.1,1.23071,2.29751,0.06506,1.43734,0.06306,0.15576,0.17495,0.03067,0.09442,0.01754,0.00615,0.03691,0.08918,0.01858,0.0065,2.22877,4.14086,0.06089,2.28417,0.06382,0,0,0.000188383,0.000188383,0.000188383
471,16414.1,1.2135,2.31829,0.06651,1.43347,0.06329,0.16017,0.17781,0.02458,0.09998,0.01629,0.00589,0.02254,0.09508,0.01602,0.00605,2.23516,4.15499,0.06117,2.29114,0.06378,0,0,0.000187008,0.000187008,0.000187008
472,16449.3,1.24729,2.35947,0.06545,1.43729,0.06319,0.15695,0.17357,0.02744,0.09121,0.01577,0.0055,0.02487,0.09324,0.01492,0.00558,2.25356,4.16277,0.06202,2.30017,0.06377,0,0,0.000185634,0.000185634,0.000185634
473,16484.4,1.24466,2.29927,0.06524,1.41431,0.06335,0.1567,0.17546,0.02224,0.07902,0.01313,0.00452,0.02105,0.08309,0.01281,0.00482,2.26749,4.17247,0.06045,2.30045,0.06379,0,0,0.00018426,0.00018426,0.00018426
474,16519.7,1.26588,2.30649,0.06313,1.43946,0.06314,0.15606,0.17412,0.01807,0.0754,0.01268,0.00424,0.01454,0.06596,0.01204,0.00424,2.2783,4.16757,0.05932,2.30567,0.06382,0,0,0.000182885,0.000182885,0.000182885
475,16554.9,1.23201,2.29074,0.06333,1.4265,0.06321,0.15938,0.17662,0.02256,0.0548,0.01258,0.00428,0.02044,0.06167,0.01258,0.00456,2.2673,4.17639,0.06042,2.30632,0.06383,0,0,0.000181511,0.000181511,0.000181511
476,16590.1,1.22332,2.24945,0.06503,1.4136,0.06319,0.15118,0.16857,0.02332,0.07103,0.01334,0.00436,0.02725,0.07093,0.01367,0.00472,2.2571,4.17005,0.0619,2.31361,0.06384,0,0,0.000180136,0.000180136,0.000180136
477,16625.2,1.24545,2.32066,0.06499,1.43844,0.06329,0.15588,0.17433,0.02623,0.0795,0.01399,0.00461,0.02372,0.07908,0.01347,0.00483,2.27159,4.17611,0.06091,2.32451,0.06386,0,0,0.000178762,0.000178762,0.000178762
478,16660.5,1.22979,2.32598,0.06661,1.4241,0.06336,0.15918,0.17767,0.02846,0.07958,0.01402,0.00467,0.01829,0.0753,0.01292,0.00467,2.27079,4.17522,0.06185,2.31969,0.06386,0,0,0.000177387,0.000177387,0.000177387
479,16695.6,1.25158,2.27449,0.06542,1.4419,0.06331,0.15886,0.17742,0.02321,0.08422,0.01314,0.00432,0.24433,0.02464,0.01181,0.00414,2.26878,4.17446,0.0603,2.3184,0.06388,0,0,0.000176013,0.000176013,0.000176013
480,16730.8,1.26114,2.31674,0.06569,1.43577,0.06317,0.15975,0.17774,0.01991,0.08366,0.01365,0.00429,0.01602,0.07428,0.01266,0.00423,2.27796,4.18804,0.06151,2.32329,0.0639,0,0,0.000174638,0.000174638,0.000174638
481,16766,1.22593,2.27192,0.06467,1.42466,0.06316,0.15153,0.17339,0.02503,0.09253,0.01522,0.00463,0.02193,0.07933,0.01338,0.00462,2.27875,4.18919,0.06097,2.32874,0.0639,0,0,0.000173264,0.000173264,0.000173264
482,16801.1,1.2454,2.31675,0.06336,1.43548,0.06318,0.15709,0.17579,0.03637,0.07715,0.01733,0.0054,0.0319,0.06677,0.01588,0.00544,2.27491,4.15194,0.06049,2.31751,0.06389,0,0,0.00017189,0.00017189,0.00017189
483,16836.4,1.24038,2.25509,0.06322,1.43028,0.06334,0.15394,0.17466,0.03503,0.1204,0.01701,0.00523,0.03249,0.11408,0.01773,0.00586,2.27001,4.14498,0.06161,2.32637,0.06385,0,0,0.000170515,0.000170515,0.000170515
484,16871.1,1.19769,2.27059,0.0661,1.41638,0.06327,0.15373,0.17537,0.0288,0.11575,0.01591,0.005,0.02511,0.12528,0.01567,0.00522,2.27041,4.1606,0.0617,2.32822,0.06385,0,0,0.000169141,0.000169141,0.000169141
485,16906.2,1.25717,2.29164,0.06441,1.42937,0.06326,0.15649,0.17364,0.02851,0.11994,0.01599,0.00481,0.02708,0.12396,0.01635,0.00516,2.28022,4.16603,0.06108,2.31825,0.06388,0,0,0.000167766,0.000167766,0.000167766
486,16941.5,1.278,2.33579,0.06593,1.44786,0.06335,0.16082,0.17758,0.03414,0.09291,0.01518,0.00487,0.03466,0.08946,0.01686,0.00538,2.27529,4.17431,0.06251,2.32543,0.06388,0,0,0.000166392,0.000166392,0.000166392
487,16976.4,1.22015,2.2838,0.06606,1.41507,0.06329,0.15663,0.17413,0.02283,0.059,0.014,0.00474,0.025,0.05703,0.01549,0.00502,2.27027,4.16949,0.06231,2.30759,0.06391,0,0,0.000165017,0.000165017,0.000165017
488,17011.4,1.21469,2.28413,0.06561,1.43238,0.06319,0.15448,0.17515,0.02619,0.06187,0.01477,0.00479,0.0265,0.05795,0.01437,0.00488,2.25303,4.15987,0.06315,2.30294,0.06391,0,0,0.000163643,0.000163643,0.000163643
489,17046.3,1.22172,2.29452,0.06285,1.41961,0.06303,0.15558,0.1731,0.01736,0.07442,0.0127,0.00422,0.01481,0.06456,0.01173,0.00428,2.25378,4.16615,0.06293,2.30953,0.06392,0,0,0.000162268,0.000162268,0.000162268
490,17081.2,1.21211,2.25051,0.06663,1.42272,0.06329,0.15345,0.17289,0.01982,0.03426,0.01281,0.00437,0.01685,0.04083,0.01269,0.00444,2.25729,4.18627,0.06189,2.3061,0.06393,0,0,0.000160894,0.000160894,0.000160894
491,17116.3,1.23669,2.27993,0.06392,1.41286,0.06308,0.15495,0.17462,0.02352,0.04177,0.0126,0.00429,0.0186,0.08259,0.01289,0.00453,2.27246,4.20664,0.06098,2.31534,0.06391,0,0,0.00015952,0.00015952,0.00015952
492,17151.1,1.22781,2.27833,0.06677,1.42555,0.06358,0.15382,0.17631,0.03009,0.05623,0.01333,0.00443,0.01924,0.07287,0.01337,0.00444,2.26383,4.19284,0.06043,2.31333,0.06388,0,0,0.000158145,0.000158145,0.000158145
493,17186.2,1.22418,2.26407,0.06386,1.42732,0.06317,0.15678,0.17308,0.02178,0.05946,0.01249,0.00422,0.02191,0.05842,0.01244,0.00412,2.26163,4.19523,0.06007,2.30554,0.06389,0,0,0.000156771,0.000156771,0.000156771
494,17221.4,1.21429,2.26258,0.06501,1.40342,0.06321,0.15935,0.1759,0.04269,0.04742,0.01222,0.004,0.02195,0.06454,0.01157,0.0038,2.27093,4.21169,0.06118,2.31151,0.06391,0,0,0.000155396,0.000155396,0.000155396
495,17256.6,1.21699,2.28729,0.06399,1.42256,0.06321,0.15209,0.1747,0.02019,0.06317,0.0121,0.00385,0.01672,0.05665,0.01223,0.00379,2.27521,4.20978,0.06189,2.31367,0.06392,0,0,0.000154022,0.000154022,0.000154022
496,17291.9,1.2601,2.33719,0.06412,1.43064,0.06327,0.15807,0.17626,0.02468,0.0552,0.01358,0.00446,0.02108,0.05193,0.01415,0.00437,2.27837,4.20914,0.06033,2.30971,0.06392,0,0,0.000152647,0.000152647,0.000152647
497,17326.9,1.21991,2.28808,0.06622,1.42228,0.06332,0.1565,0.17397,0.02683,0.05946,0.01501,0.00498,0.02824,0.05888,0.01462,0.00492,2.27649,4.19862,0.06052,2.31128,0.0639,0,0,0.000151273,0.000151273,0.000151273
498,17362,1.23456,2.32758,0.06441,1.41797,0.06304,0.15751,0.17274,0.02299,0.04762,0.01498,0.00505,0.02694,0.05139,0.01535,0.005,2.27519,4.20291,0.0606,2.32142,0.06386,0,0,0.000149898,0.000149898,0.000149898
499,17397,1.21839,2.2537,0.06189,1.40454,0.06289,0.15284,0.17264,0.02617,0.09263,0.01417,0.00476,0.0252,0.08966,0.01411,0.00447,2.27313,4.20556,0.06176,2.32308,0.06386,0,0,0.000148524,0.000148524,0.000148524
500,17431.8,1.21558,2.28775,0.06544,1.4155,0.06352,0.15421,0.17721,0.02501,0.09219,0.0139,0.00447,0.02613,0.09892,0.01308,0.00426,2.27303,4.21951,0.05995,2.3154,0.06389,0,0,0.000147149,0.000147149,0.000147149
501,17467.3,1.22259,2.26335,0.06337,1.40268,0.06316,0.15579,0.17333,0.02716,0.08605,0.01346,0.00434,0.02707,0.08492,0.01359,0.00447,2.27544,4.22152,0.06062,2.3092,0.06391,0,0,0.000145775,0.000145775,0.000145775
502,17502.2,1.2097,2.27415,0.06034,1.3999,0.06304,0.15348,0.17302,0.02433,0.09396,0.0142,0.00454,0.02331,0.08864,0.01322,0.00454,2.27856,4.21953,0.06065,2.30739,0.06389,0,0,0.000144401,0.000144401,0.000144401
503,17537.7,1.22861,2.26524,0.06371,1.41046,0.06307,0.15651,0.17376,0.02012,0.07199,0.01385,0.00457,0.0174,0.07697,0.01342,0.00468,2.28588,4.21282,0.06075,2.32256,0.06388,0,0,0.000143026,0.000143026,0.000143026
504,17572.9,1.25881,2.327,0.06401,1.4071,0.06329,0.1594,0.18067,0.01878,0.06988,0.01471,0.005,0.01662,0.06709,0.01309,0.00495,2.28711,4.21306,0.05903,2.33366,0.06385,0,0,0.000141652,0.000141652,0.000141652
505,17607.7,1.17876,2.22688,0.06642,1.38896,0.06325,0.15611,0.17394,0.02426,0.08446,0.01474,0.005,0.02087,0.07456,0.01371,0.00492,2.2796,4.204,0.06118,2.33476,0.06384,0,0,0.000140277,0.000140277,0.000140277
506,17643.1,1.21745,2.27466,0.06403,1.41056,0.06316,0.15658,0.17509,0.02721,0.08364,0.01367,0.0046,0.02466,0.07613,0.01316,0.00461,2.27523,4.20409,0.061,2.3413,0.06386,0,0,0.000138903,0.000138903,0.000138903
507,17677.9,1.20722,2.24148,0.06379,1.40916,0.06299,0.15263,0.17079,0.01791,0.04835,0.01225,0.00433,0.04989,0.01805,0.0127,0.00432,2.28476,4.21013,0.06014,2.33499,0.06389,0,0,0.000137528,0.000137528,0.000137528
508,17712.8,1.19622,2.27339,0.06616,1.41615,0.06317,0.16008,0.17679,0.02285,0.07771,0.01289,0.00442,0.02061,0.08388,0.01307,0.00429,2.27312,4.18918,0.06205,2.33094,0.0639,0,0,0.000136154,0.000136154,0.000136154
509,17748,1.22788,2.28366,0.06453,1.41361,0.06319,0.15314,0.17639,0.0246,0.074,0.01385,0.0048,0.02691,0.09083,0.01496,0.00474,2.27506,4.18915,0.06113,2.32799,0.06389,0,0,0.000134779,0.000134779,0.000134779
510,17783.1,1.23705,2.27785,0.06096,1.41099,0.06308,0.1559,0.17525,0.02709,0.08964,0.01398,0.00459,0.02178,0.05464,0.0151,0.00491,2.28134,4.19864,0.06211,2.32925,0.06389,0,0,0.000133405,0.000133405,0.000133405
511,17818.1,1.19091,2.24211,0.06632,1.40276,0.06316,0.15008,0.17339,0.02642,0.095,0.01666,0.00546,0.02304,0.05323,0.01699,0.00533,2.2777,4.19031,0.06209,2.32309,0.06391,0,0,0.000132031,0.000132031,0.000132031
512,17853.2,1.22854,2.25261,0.06429,1.42343,0.06294,0.15397,0.1731,0.02222,0.08548,0.01491,0.00479,0.02257,0.06667,0.01513,0.00505,2.27268,4.18078,0.06124,2.31122,0.06393,0,0,0.000130656,0.000130656,0.000130656
513,17888.4,1.22008,2.29668,0.06427,1.41428,0.06324,0.15253,0.17215,0.01923,0.0843,0.01577,0.00496,0.02497,0.06269,0.01633,0.00516,2.27613,4.20414,0.06052,2.31272,0.06395,0,0,0.000129282,0.000129282,0.000129282
514,17923.3,1.20664,2.27064,0.06554,1.39665,0.06333,0.15272,0.17437,0.02452,0.08886,0.01503,0.00473,0.02446,0.0589,0.0159,0.00472,2.28367,4.20122,0.05974,2.31448,0.06395,0,0,0.000127907,0.000127907,0.000127907
515,17958.4,1.20048,2.21571,0.06409,1.41195,0.06314,0.15436,0.17425,0.02099,0.06994,0.01553,0.00488,0.02891,0.06084,0.01646,0.00537,2.28158,4.2136,0.06034,2.31318,0.06394,0,0,0.000126533,0.000126533,0.000126533
516,17993.6,1.22091,2.24819,0.06211,1.42677,0.06286,0.15139,0.17048,0.02346,0.06583,0.01566,0.00489,0.0262,0.0589,0.01568,0.00507,2.28247,4.24158,0.06038,2.32017,0.06396,0,0,0.000125158,0.000125158,0.000125158
517,18028.5,1.22525,2.23838,0.06407,1.42565,0.06326,0.15933,0.17488,0.02334,0.06946,0.01534,0.00493,0.02802,0.05323,0.01525,0.00498,2.28411,4.2215,0.05993,2.32807,0.06395,0,0,0.000123784,0.000123784,0.000123784
518,18063.8,1.20084,2.25292,0.06315,1.40269,0.06326,0.15865,0.17587,0.02513,0.09105,0.01595,0.00511,0.02929,0.05093,0.01644,0.00525,2.27428,4.21605,0.06169,2.32259,0.06394,0,0,0.000122409,0.000122409,0.000122409
519,18098.9,1.22093,2.24707,0.06575,1.40595,0.06324,0.16207,0.17909,0.02165,0.08568,0.01609,0.00506,0.02409,0.05462,0.01683,0.00521,2.27462,4.20602,0.063,2.31721,0.06391,0,0,0.000121035,0.000121035,0.000121035
520,18134,1.20296,2.22188,0.06402,1.39554,0.06314,0.15426,0.17305,0.02311,0.07809,0.01489,0.00487,0.02376,0.0737,0.01565,0.00505,2.27515,4.21337,0.06258,2.31833,0.06393,0,0,0.00011966,0.00011966,0.00011966
521,18169.2,1.19353,2.26614,0.06547,1.41451,0.06316,0.15913,0.17641,0.02617,0.08364,0.01529,0.00496,0.03862,0.05972,0.01652,0.00521,2.27682,4.21592,0.06163,2.31586,0.06393,0,0,0.000118286,0.000118286,0.000118286
522,18204.2,1.21375,2.23927,0.06398,1.4014,0.06332,0.15515,0.17579,0.02729,0.07185,0.01525,0.00465,0.05846,0.05408,0.01793,0.00496,2.27889,4.22065,0.06129,2.31044,0.06393,0,0,0.000116912,0.000116912,0.000116912
523,18239.4,1.18998,2.24087,0.06678,1.41203,0.06324,0.16013,0.17653,0.02974,0.07428,0.01468,0.00481,0.04403,0.05649,0.01695,0.00502,2.27561,4.21,0.06202,2.31054,0.06394,0,0,0.000115537,0.000115537,0.000115537
524,18274.4,1.19394,2.27632,0.0647,1.41062,0.06317,0.15771,0.17712,0.02479,0.08783,0.01418,0.00467,0.04451,0.05833,0.01612,0.00482,2.26971,4.21398,0.06222,2.3092,0.06396,0,0,0.000114163,0.000114163,0.000114163
525,18309.4,1.20757,2.22995,0.06329,1.41525,0.06304,0.15679,0.17288,0.02051,0.07568,0.01396,0.00469,0.02815,0.05659,0.01488,0.00485,2.27216,4.23193,0.06165,2.31176,0.06396,0,0,0.000112788,0.000112788,0.000112788
526,18344.5,1.22361,2.25151,0.06237,1.41094,0.06303,0.15654,0.17305,0.02573,0.09466,0.0155,0.00484,0.0237,0.08482,0.0146,0.00487,2.27353,4.22523,0.0609,2.32048,0.06395,0,0,0.000111414,0.000111414,0.000111414
527,18379.3,1.22009,2.25926,0.06312,1.41165,0.06301,0.15432,0.17219,0.02457,0.08826,0.01439,0.0048,0.02337,0.07697,0.01469,0.00479,2.27478,4.22053,0.06099,2.326,0.06394,0,0,0.000110039,0.000110039,0.000110039
528,18414.5,1.19862,2.22452,0.0649,1.40403,0.06353,0.15767,0.17418,0.03327,0.08603,0.0156,0.00491,0.02818,0.07281,0.015,0.00515,2.27563,4.23014,0.0606,2.33204,0.06392,0,0,0.000108665,0.000108665,0.000108665
529,18449.6,1.22316,2.26151,0.06558,1.38702,0.06313,0.15707,0.17579,0.03643,0.07012,0.01611,0.00475,0.03304,0.06203,0.01474,0.00467,2.2746,4.21234,0.0599,2.32411,0.06391,0,0,0.00010729,0.00010729,0.00010729
530,18484.5,1.17572,2.20216,0.06285,1.38421,0.063,0.15652,0.17344,0.02126,0.05601,0.01532,0.00502,0.02811,0.07926,0.01601,0.00526,2.26746,4.21775,0.06024,2.32038,0.06389,0,0,0.000105916,0.000105916,0.000105916
531,18519.7,1.19447,2.24755,0.06296,1.40698,0.06292,0.15464,0.1702,0.02782,0.07113,0.01673,0.00516,0.02791,0.08259,0.01507,0.00511,2.26106,4.23143,0.06013,2.31309,0.06389,0,0,0.000104542,0.000104542,0.000104542
532,18554.7,1.21523,2.25394,0.06214,1.39079,0.06299,0.15671,0.17247,0.02261,0.06233,0.0147,0.00478,0.03013,0.07241,0.0149,0.00495,2.27395,4.22377,0.05995,2.31878,0.06389,0,0,0.000103167,0.000103167,0.000103167
533,18589.5,1.21993,2.21161,0.06334,1.38751,0.06306,0.15721,0.17274,0.02457,0.08882,0.01504,0.00482,0.03232,0.07149,0.01599,0.00493,2.27923,4.2246,0.05957,2.31856,0.0639,0,0,0.000101793,0.000101793,0.000101793
534,18624.6,1.19939,2.20851,0.06572,1.38885,0.06324,0.15627,0.17423,0.02835,0.09715,0.0156,0.00493,0.0357,0.07603,0.01699,0.0054,2.28573,4.22605,0.0588,2.31836,0.06392,0,0,0.000100418,0.000100418,0.000100418
535,18659.5,1.20145,2.27335,0.06344,1.3938,0.06311,0.16027,0.17446,0.02805,0.08269,0.01522,0.00503,0.03033,0.08352,0.01692,0.00539,2.28165,4.23154,0.05975,2.31824,0.06391,0,0,9.90437e-05,9.90437e-05,9.90437e-05
536,18694.5,1.16181,2.20745,0.06223,1.38302,0.06303,0.14951,0.17008,0.0232,0.05669,0.01464,0.00485,0.02873,0.08675,0.01544,0.00493,2.27977,4.22843,0.05966,2.3267,0.06391,0,0,9.76692e-05,9.76692e-05,9.76692e-05
537,18729.4,1.22647,2.26961,0.06302,1.398,0.06318,0.15287,0.17405,0.02868,0.08101,0.01509,0.00482,0.03226,0.07988,0.01646,0.00508,2.27969,4.23151,0.06006,2.31754,0.06389,0,0,9.62948e-05,9.62948e-05,9.62948e-05
538,18764.5,1.17603,2.21559,0.06335,1.37585,0.06297,0.15936,0.1765,0.02596,0.08002,0.01602,0.00498,0.03888,0.06418,0.01708,0.00523,2.27323,4.23141,0.05995,2.30802,0.0639,0,0,9.49203e-05,9.49203e-05,9.49203e-05
539,18799.7,1.21089,2.22005,0.06173,1.40187,0.06306,0.15448,0.17129,0.0287,0.07954,0.01661,0.00532,0.03525,0.06323,0.01829,0.00568,2.26562,4.22312,0.06051,2.30596,0.0639,0,0,9.35459e-05,9.35459e-05,9.35459e-05
540,18834.8,1.2334,2.21351,0.06263,1.38864,0.0629,0.15665,0.1741,0.03061,0.09729,0.01553,0.00474,0.03671,0.06462,0.01723,0.00507,2.27442,4.21983,0.05947,2.31078,0.06391,0,0,9.21715e-05,9.21715e-05,9.21715e-05
541,18870,1.20663,2.22018,0.06356,1.39162,0.06315,0.15789,0.17752,0.03023,0.09301,0.01556,0.00479,0.0348,0.06131,0.01631,0.00511,2.26646,4.21536,0.06042,2.30516,0.06389,0,0,9.0797e-05,9.0797e-05,9.0797e-05
542,18905.1,1.19811,2.24878,0.06272,1.40797,0.06295,0.15217,0.17073,0.03097,0.08705,0.01605,0.00511,0.0291,0.06269,0.01856,0.00572,2.25864,4.22204,0.05968,2.30544,0.06389,0,0,8.94226e-05,8.94226e-05,8.94226e-05
543,18940.3,1.20259,2.20233,0.06631,1.40349,0.06327,0.15913,0.17739,0.02924,0.09548,0.01565,0.00521,0.03182,0.06325,0.01721,0.00527,2.26995,4.24053,0.05925,2.31348,0.06389,0,0,8.80481e-05,8.80481e-05,8.80481e-05
544,18975.3,1.20641,2.24105,0.06727,1.39768,0.06341,0.157,0.17753,0.02704,0.10293,0.01562,0.00518,0.23978,0.03564,0.0172,0.00527,2.28557,4.2486,0.05831,2.32421,0.06392,0,0,8.66736e-05,8.66736e-05,8.66736e-05
545,19010.5,1.20625,2.20087,0.06318,1.39036,0.06315,0.15507,0.17324,0.02799,0.10508,0.01603,0.00535,0.25997,0.03287,0.01897,0.0056,2.28397,4.25325,0.05885,2.32855,0.06392,0,0,8.52992e-05,8.52992e-05,8.52992e-05
546,19045.7,1.21374,2.2012,0.06169,1.39609,0.06302,0.1517,0.17253,0.02631,0.10838,0.01618,0.00553,0.26761,0.03287,0.02551,0.0063,2.27679,4.24608,0.05907,2.32134,0.06393,0,0,8.39248e-05,8.39248e-05,8.39248e-05
547,19080.5,1.16903,2.18107,0.06324,1.37886,0.06302,0.1586,0.17566,0.03265,0.10185,0.01609,0.00527,0.26815,0.03195,0.02559,0.00626,2.27413,4.2449,0.05997,2.31467,0.06393,0,0,8.25503e-05,8.25503e-05,8.25503e-05
548,19115.3,1.21464,2.22082,0.06407,1.40385,0.06345,0.15021,0.17425,0.02941,0.12193,0.01524,0.00501,0.05363,0.03518,0.0245,0.00599,2.27365,4.24268,0.05987,2.31327,0.06394,0,0,8.11759e-05,8.11759e-05,8.11759e-05
549,19150.4,1.17656,2.20356,0.06366,1.37645,0.06308,0.15222,0.16975,0.02758,0.10839,0.0157,0.00509,0.03635,0.07787,0.02037,0.00572,2.27494,4.241,0.05964,2.30984,0.06395,0,0,7.98014e-05,7.98014e-05,7.98014e-05
550,19185.6,1.18636,2.22512,0.0642,1.38775,0.06318,0.15762,0.17656,0.03127,0.09428,0.01586,0.00525,0.02929,0.05279,0.0189,0.00566,2.2798,4.23923,0.05958,2.31347,0.06395,0,0,7.84269e-05,7.84269e-05,7.84269e-05
551,19220.6,1.19408,2.23635,0.06349,1.38572,0.06324,0.155,0.17352,0.02315,0.08548,0.01481,0.00496,0.02889,0.05374,0.01726,0.00537,2.28438,4.24341,0.05956,2.32361,0.06395,0,0,7.70525e-05,7.70525e-05,7.70525e-05
552,19255.5,1.15107,2.19635,0.06275,1.38482,0.06308,0.15725,0.17592,0.02639,0.0841,0.01503,0.00507,0.02818,0.05325,0.01728,0.00534,2.28054,4.22633,0.05935,2.32289,0.06395,0,0,7.5678e-05,7.5678e-05,7.5678e-05
553,19290.5,1.18678,2.16557,0.06119,1.38447,0.06286,0.15141,0.17112,0.02459,0.08031,0.01496,0.00494,0.0301,0.05139,0.0168,0.00557,2.28718,4.22219,0.05947,2.33288,0.06396,0,0,7.43036e-05,7.43036e-05,7.43036e-05
554,19325.4,1.15396,2.22805,0.06687,1.38595,0.06323,0.15476,0.17307,0.02351,0.09679,0.01524,0.00516,0.03374,0.05518,0.01654,0.00545,2.28343,4.22263,0.0597,2.33291,0.06396,0,0,7.29292e-05,7.29292e-05,7.29292e-05
555,19360.1,1.18741,2.21433,0.06385,1.39454,0.06332,0.15609,0.1736,0.02412,0.09159,0.01532,0.00501,0.03275,0.045,0.01663,0.00538,2.28142,4.2245,0.06043,2.33256,0.06395,0,0,7.15547e-05,7.15547e-05,7.15547e-05
556,19395.2,1.16347,2.24816,0.06386,1.37343,0.06305,0.15195,0.17308,0.24836,0.0288,0.0146,0.00506,0.03016,0.05325,0.01579,0.00525,2.28426,4.2273,0.06042,2.32644,0.06396,0,0,7.01802e-05,7.01802e-05,7.01802e-05
557,19430.4,1.21943,2.23306,0.06221,1.39138,0.06297,0.15688,0.17262,0.03705,0.03157,0.01464,0.00488,0.02769,0.0551,0.01552,0.00514,2.28375,4.22752,0.06115,2.32441,0.06395,0,0,6.88058e-05,6.88058e-05,6.88058e-05
558,19465.3,1.17946,2.18077,0.06474,1.37992,0.06324,0.15232,0.17295,0.01909,0.08964,0.01465,0.00492,0.03195,0.07334,0.01603,0.00537,2.28389,4.22337,0.06088,2.3185,0.06394,0,0,6.74313e-05,6.74313e-05,6.74313e-05
559,19500.4,1.21515,2.192,0.06185,1.396,0.06297,0.15462,0.17324,0.02086,0.06012,0.01452,0.00484,0.03487,0.07149,0.01611,0.00522,2.28909,4.22552,0.06091,2.32219,0.06395,0,0,6.60569e-05,6.60569e-05,6.60569e-05
560,19535.5,1.18009,2.20231,0.06365,1.39551,0.06297,0.1553,0.17288,0.24491,0.025,0.01448,0.00489,0.03409,0.06769,0.01508,0.00495,2.28804,4.22459,0.06069,2.32782,0.06394,0,0,6.46825e-05,6.46825e-05,6.46825e-05
561,19570.7,1.22099,2.20166,0.06216,1.40461,0.06325,0.15456,0.17289,0.01965,0.0903,0.01449,0.00491,0.02639,0.05799,0.01506,0.00498,2.28642,4.22383,0.06078,2.33265,0.06393,0,0,6.3308e-05,6.3308e-05,6.3308e-05
562,19605.8,1.18956,2.21773,0.063,1.38804,0.0629,0.15518,0.17269,0.02072,0.08588,0.01464,0.0046,0.02457,0.07187,0.01451,0.00475,2.28759,4.22614,0.0606,2.3344,0.06392,0,0,6.19335e-05,6.19335e-05,6.19335e-05
563,19640.8,1.2022,2.23349,0.06189,1.39496,0.06288,0.15862,0.17285,0.02015,0.09054,0.01406,0.00451,0.02143,0.07324,0.01467,0.00501,2.29398,4.22255,0.06087,2.33766,0.06393,0,0,6.05591e-05,6.05591e-05,6.05591e-05
564,19675.8,1.18618,2.22903,0.06355,1.3899,0.06309,0.15323,0.1727,0.01836,0.08368,0.01394,0.00442,0.02022,0.07647,0.01458,0.00493,2.2939,4.23947,0.06114,2.3389,0.06394,0,0,5.91846e-05,5.91846e-05,5.91846e-05
565,19710.6,1.1979,2.23671,0.06538,1.40843,0.06322,0.15802,0.17493,0.24196,0.02597,0.01407,0.00464,0.02675,0.07324,0.01469,0.005,2.29123,4.24794,0.06099,2.33461,0.06394,0,0,5.78102e-05,5.78102e-05,5.78102e-05
566,19745.9,1.19246,2.23693,0.06414,1.3913,0.06313,0.15857,0.17696,0.24492,0.02454,0.01323,0.00432,0.02681,0.07324,0.01411,0.00468,2.29709,4.24439,0.06014,2.34169,0.06394,0,0,5.64358e-05,5.64358e-05,5.64358e-05
567,19780.9,1.19248,2.21186,0.06306,1.38341,0.06306,0.15151,0.17067,0.24079,0.02546,0.01291,0.00421,0.02551,0.0737,0.0141,0.00466,2.29518,4.24849,0.06042,2.34162,0.06394,0,0,5.50613e-05,5.50613e-05,5.50613e-05
568,19815.8,1.19531,2.22896,0.06429,1.39525,0.06322,0.15359,0.17509,0.0158,0.08195,0.01307,0.00442,0.02145,0.07649,0.01483,0.00495,2.28985,4.25351,0.06075,2.33948,0.06394,0,0,5.36869e-05,5.36869e-05,5.36869e-05
569,19850.8,1.17964,2.22515,0.0649,1.38749,0.06313,0.15038,0.16862,0.02145,0.09954,0.01368,0.00463,0.02301,0.07556,0.01461,0.00499,2.28708,4.244,0.06136,2.33755,0.06393,0,0,5.23124e-05,5.23124e-05,5.23124e-05
570,19885.6,1.1595,2.20502,0.06402,1.38935,0.06306,0.15429,0.17255,0.02101,0.09954,0.01396,0.00465,0.02869,0.08018,0.01529,0.00505,2.28697,4.24303,0.06076,2.33494,0.06392,0,0,5.09379e-05,5.09379e-05,5.09379e-05
571,19920.8,1.19609,2.23077,0.06541,1.39251,0.06315,0.1587,0.17542,0.02418,0.10223,0.01475,0.00476,0.02903,0.07591,0.0156,0.00537,2.28943,4.23586,0.06101,2.3362,0.06393,0,0,4.95635e-05,4.95635e-05,4.95635e-05
572,19955.7,1.16908,2.184,0.06014,1.37783,0.06287,0.15617,0.17233,0.02097,0.10639,0.01402,0.00453,0.03208,0.07221,0.01486,0.00511,2.29452,4.24042,0.061,2.34315,0.06393,0,0,4.81891e-05,4.81891e-05,4.81891e-05
573,19990.6,1.18043,2.2094,0.06351,1.39015,0.06295,0.1556,0.17441,0.02075,0.1059,0.01372,0.0045,0.02949,0.07591,0.01451,0.00484,2.3018,4.23961,0.0608,2.34403,0.06393,0,0,4.68146e-05,4.68146e-05,4.68146e-05
574,20025.7,1.19859,2.23326,0.06361,1.38028,0.06322,0.15218,0.17211,0.01845,0.09111,0.01327,0.00464,0.02503,0.06757,0.01411,0.00489,2.29761,4.23912,0.06054,2.34332,0.06392,0,0,4.54402e-05,4.54402e-05,4.54402e-05
575,20060.6,1.17834,2.19103,0.06342,1.3756,0.06295,0.15571,0.17303,0.01955,0.09064,0.01329,0.00461,0.01813,0.05093,0.01368,0.00476,2.2925,4.23601,0.0603,2.33841,0.06392,0,0,4.40657e-05,4.40657e-05,4.40657e-05
576,20095.7,1.17107,2.20607,0.06456,1.39134,0.06312,0.15749,0.17451,0.0209,0.09064,0.01352,0.00456,0.02572,0.07185,0.01371,0.00464,2.28865,4.23179,0.06024,2.33666,0.06392,0,0,4.26912e-05,4.26912e-05,4.26912e-05
577,20130.7,1.20142,2.21633,0.0639,1.38639,0.06312,0.15534,0.17129,0.01928,0.09731,0.01329,0.00456,0.02197,0.0597,0.01381,0.00468,2.2881,4.24047,0.06051,2.3351,0.06394,0,0,4.13168e-05,4.13168e-05,4.13168e-05
578,20166,1.21069,2.19211,0.06266,1.38652,0.06294,0.15287,0.17159,0.01847,0.1001,0.01338,0.00467,0.02161,0.05103,0.01382,0.00471,2.28851,4.2455,0.06143,2.33547,0.06395,0,0,3.99423e-05,3.99423e-05,3.99423e-05
579,20201.3,1.16726,2.19162,0.06729,1.38194,0.06319,0.15917,0.17649,0.02094,0.11504,0.0137,0.00476,0.02234,0.05574,0.01428,0.00483,2.28484,4.25036,0.06188,2.33236,0.06395,0,0,3.85679e-05,3.85679e-05,3.85679e-05
580,20236,1.15525,2.17524,0.06351,1.37063,0.06289,0.15573,0.17048,0.01792,0.09444,0.01376,0.00482,0.02527,0.06554,0.01435,0.00471,2.28346,4.25174,0.06129,2.33624,0.06394,0,0,3.71935e-05,3.71935e-05,3.71935e-05
581,20271.2,1.15599,2.2037,0.06633,1.38902,0.06314,0.1546,0.17545,0.01703,0.08378,0.01452,0.00496,0.02671,0.07352,0.01475,0.00493,2.27957,4.26022,0.06206,2.33505,0.06394,0,0,3.5819e-05,3.5819e-05,3.5819e-05
582,20306,1.19271,2.17345,0.06337,1.38025,0.06289,0.15144,0.16991,0.01702,0.07771,0.01421,0.00484,0.02264,0.07534,0.01441,0.00477,2.2783,4.26909,0.06176,2.33145,0.06395,0,0,3.44445e-05,3.44445e-05,3.44445e-05
583,20341,1.20438,2.21225,0.06222,1.3867,0.06317,0.15666,0.1777,0.01778,0.08339,0.01379,0.00467,0.02388,0.0883,0.01399,0.00458,2.28289,4.27279,0.06115,2.33068,0.06396,0,0,3.30701e-05,3.30701e-05,3.30701e-05
584,20376,1.16017,2.18803,0.06278,1.37422,0.06299,0.15268,0.17363,0.01793,0.0848,0.01389,0.00473,0.0232,0.09436,0.01416,0.00466,2.28128,4.26919,0.06071,2.32513,0.06396,0,0,3.16956e-05,3.16956e-05,3.16956e-05
585,20411,1.17781,2.19196,0.06371,1.37738,0.06298,0.15503,0.17368,0.01773,0.08434,0.01437,0.00487,0.02455,0.0897,0.01496,0.00492,2.28036,4.25941,0.06095,2.32174,0.06396,0,0,3.03212e-05,3.03212e-05,3.03212e-05
586,20446.3,1.1911,2.20263,0.06255,1.3768,0.06304,0.15274,0.17197,0.02232,0.10513,0.01416,0.00486,0.02403,0.07064,0.01467,0.00492,2.27725,4.25602,0.06098,2.3193,0.06395,0,0,2.89468e-05,2.89468e-05,2.89468e-05
587,20481.1,1.16717,2.14024,0.0657,1.38153,0.0633,0.15469,0.17436,0.02582,0.11305,0.01474,0.00512,0.02184,0.05528,0.01512,0.00505,2.27522,4.26076,0.06092,2.31778,0.06394,0,0,2.75723e-05,2.75723e-05,2.75723e-05
588,20515.9,1.15388,2.20907,0.06309,1.37685,0.06288,0.15665,0.17382,0.02594,0.11303,0.01509,0.00525,0.0222,0.05056,0.01545,0.00519,2.27513,4.26482,0.06118,2.31705,0.06394,0,0,2.61978e-05,2.61978e-05,2.61978e-05
589,20550.9,1.18175,2.19733,0.06257,1.36891,0.06323,0.15405,0.17655,0.02731,0.11398,0.01529,0.00522,0.0239,0.04982,0.01599,0.00525,2.27714,4.26103,0.06085,2.31939,0.06394,0,0,2.48234e-05,2.48234e-05,2.48234e-05
590,20585.7,1.15646,2.18901,0.06261,1.3701,0.063,0.15709,0.17513,0.0253,0.0986,0.0154,0.00489,0.02584,0.06546,0.01564,0.0051,2.27821,4.25363,0.06052,2.32134,0.06395,0,0,2.34489e-05,2.34489e-05,2.34489e-05
591,20624.7,1.24162,2.30192,0.07916,1.43067,0.06331,0.1166,0.15335,0.02091,0.10793,0.01464,0.00466,0.02548,0.07842,0.01524,0.00479,2.27118,4.28709,0.06141,2.32316,0.06394,0,0,2.20745e-05,2.20745e-05,2.20745e-05
592,20659.1,1.24737,2.243,0.06642,1.43301,0.06328,0.11676,0.15308,0.02237,0.07707,0.0148,0.00481,0.02285,0.09518,0.01478,0.00466,2.26492,4.36171,0.06243,2.32478,0.06395,0,0,2.07001e-05,2.07001e-05,2.07001e-05
593,20693.4,1.20775,2.2097,0.06444,1.3893,0.06329,0.11646,0.15257,0.02241,0.05803,0.01437,0.00471,0.23531,0.02592,0.01325,0.00451,2.27214,4.40969,0.0612,2.33294,0.06398,0,0,1.93256e-05,1.93256e-05,1.93256e-05
594,20727.9,1.17664,2.26773,0.06522,1.40267,0.0632,0.11404,0.15111,0.02392,0.05526,0.01432,0.00452,0.02254,0.06127,0.01351,0.00437,2.27263,4.44901,0.0603,2.33894,0.064,0,0,1.79512e-05,1.79512e-05,1.79512e-05
595,20762.2,1.18156,2.19432,0.06705,1.39729,0.06321,0.11635,0.15229,0.02246,0.05239,0.01365,0.00435,0.02453,0.05562,0.01376,0.00432,2.27777,4.47378,0.0603,2.34639,0.06403,0,0,1.65767e-05,1.65767e-05,1.65767e-05
596,20797,1.18275,2.1842,0.06317,1.38691,0.06324,0.1157,0.15184,0.02806,0.0598,0.01461,0.00451,0.02423,0.05609,0.01374,0.00437,2.27673,4.48033,0.0608,2.34612,0.06405,0,0,1.52022e-05,1.52022e-05,1.52022e-05
597,20831.4,1.16365,2.16514,0.06449,1.3756,0.06322,0.1161,0.15269,0.02931,0.06073,0.01435,0.00439,0.02495,0.05516,0.01337,0.00428,2.27915,4.4811,0.06108,2.34613,0.06407,0,0,1.38278e-05,1.38278e-05,1.38278e-05
598,20865.8,1.15298,2.1865,0.06326,1.38587,0.06328,0.11422,0.1522,0.02772,0.06259,0.01478,0.00453,0.02271,0.05701,0.01359,0.00462,2.27911,4.48025,0.06137,2.3495,0.06407,0,0,1.24534e-05,1.24534e-05,1.24534e-05
599,20900.4,1.17754,2.15826,0.13516,1.39495,0.0632,0.11374,0.15154,0.02781,0.06119,0.01507,0.00461,0.02243,0.05183,0.01404,0.00477,2.27574,4.47409,0.06151,2.34967,0.06408,0,0,1.10789e-05,1.10789e-05,1.10789e-05
600,20934.8,1.17506,2.18122,0.06386,1.3749,0.06317,0.11423,0.15253,0.02801,0.06257,0.01526,0.00467,0.02311,0.05183,0.0144,0.00484,2.27451,4.47753,0.06109,2.3529,0.06408,0,0,9.70445e-06,9.70445e-06,9.70445e-06
