epoch,time,train/box_loss,train/seg_loss,train/cls_loss,train/dfl_loss,train/sem_loss,train/heat_loss,train/seed_loss,metrics/precision(B),metrics/recall(B),metrics/mAP50(B),metrics/mAP50-95(B),metrics/precision(M),metrics/recall(M),metrics/mAP50(M),metrics/mAP50-95(M),val/box_loss,val/seg_loss,val/cls_loss,val/dfl_loss,val/sem_loss,val/heat_loss,val/seed_loss,lr/pg0,lr/pg1,lr/pg2
1,34.7214,4.08273,7.37108,6.48463,4.19205,0.82364,0.84792,0.85436,8e-05,0.00784,0,0,6e-05,0.00205,2e-05,0,3.89703,4.98073,4.07166,3.96112,0,0,0,0.000271356,0.000271356,0.000271356
2,62.232,4.02671,5.63401,6.07418,4.13143,0.8046,0.82981,0.83772,7e-05,0.01415,1e-05,0,8e-05,0.00808,1e-05,0,3.82401,4.87508,3.99875,3.89238,0,0,0,0.000548117,0.000548117,0.000548117
3,88.3868,3.98468,5.21477,5.91043,4.07678,0.76977,0.80237,0.80541,8e-05,0.01585,2e-05,0,3e-05,0.00388,0,0,3.79135,4.46031,5.63591,3.99289,0,0,0,0.000823961,0.000823961,0.000823961
4,114.716,3.96476,4.85484,5.83861,3.95074,0.73339,0.76653,0.76382,6e-05,0.01648,4e-05,1e-05,3e-05,0.00865,0,0,3.73848,5.55212,5.19637,3.6376,0,0,0,0.000828877,0.000828877,0.000828877
5,141.413,3.80491,4.6815,5.6751,3.76116,0.69204,0.72387,0.71861,0.00013,0.04248,5e-05,2e-05,9e-05,0.00863,1e-05,0,3.55492,7.91206,10.4031,3.55457,0,0,0,0.000827502,0.000827502,0.000827502
6,167.287,3.52008,4.67279,5.53796,3.55175,0.6496,0.67955,0.67404,0.00021,0.02027,2e-05,0,0.00019,0.05222,2e-05,0,3.38265,4.79999,5.59831,3.36312,0,0,0,0.000826128,0.000826128,0.000826128
7,193.309,3.38689,4.61168,5.26214,3.40087,0.61183,0.6386,0.63468,0.00012,0.02051,3e-05,1e-05,8e-05,0.01457,2e-05,0,3.2992,4.54358,7.61438,3.22423,0,0,0,0.000824753,0.000824753,0.000824753
8,219.244,3.38686,4.58571,5.15063,3.29776,0.58643,0.60792,0.60495,0.87684,0.0014,9e-05,1e-05,0.87615,0.00076,4e-05,1e-05,3.17599,4.4844,11.2145,3.12442,0,0,0,0.000823379,0.000823379,0.000823379
9,245.531,3.24294,4.55327,4.90505,3.19988,0.56917,0.5856,0.58352,0.62576,0.00248,9e-05,2e-05,0.62577,0.00227,7e-05,1e-05,3.06595,4.4185,10.0724,3.04716,0,0,0,0.000822004,0.000822004,0.000822004
10,271.591,3.21059,4.53114,4.77724,3.13732,0.55544,0.56622,0.56476,0.87931,0.00151,0.00034,6e-05,0.87973,0.00162,0.00032,5e-05,3.13034,4.36812,9.6754,3.0261,0,0,0,0.00082063,0.00082063,0.00082063
11,297.711,3.19098,4.51915,4.83682,3.10848,0.54523,0.55219,0.55112,0.88252,0.00248,0.00099,0.00031,0.88409,0.00248,0.00105,0.00032,3.04952,4.29067,5.88251,2.94726,0,0,0,0.000819255,0.000819255,0.000819255
12,323.551,3.15444,4.43894,4.63199,3.01175,0.53836,0.54229,0.54185,0.38022,0.00237,0.0005,0.0001,0.38046,0.00248,0.00102,0.00017,3.0188,4.30157,5.55149,2.96843,0,0,0,0.000817881,0.000817881,0.000817881
13,349.394,3.08497,4.49184,4.55751,2.99571,0.53369,0.53513,0.53524,0.13832,0.00194,0.00096,0.00018,0.14633,0.0014,0.00098,0.00019,2.95369,4.26382,6.75606,2.85641,0,0,0,0.000816507,0.000816507,0.000816507
14,375.067,3.10258,4.44202,4.56787,2.90597,0.52791,0.52914,0.52914,0.00027,0.0462,0.00053,0.00011,0.00021,0.03659,0.0005,9e-05,2.93567,4.20864,5.96782,2.79648,0,0,0,0.000815132,0.000815132,0.000815132
15,400.991,2.97815,4.39643,4.50678,2.83819,0.5269,0.5245,0.52511,0.1267,0.00194,0.00029,7e-05,0.12689,0.0014,0.00023,5e-05,2.94647,4.20922,10.4648,2.84129,0,0,0,0.000813758,0.000813758,0.000813758
16,427.063,3.00721,4.42,4.41499,2.81465,0.52442,0.52025,0.52128,0.25816,0.00237,0.00077,0.00016,0.25891,0.00216,0.00087,0.00015,2.85069,4.24642,5.33899,2.6933,0,0,0,0.000812383,0.000812383,0.000812383
17,452.859,2.82216,4.27386,4.57693,2.68073,0.50961,0.50549,0.50652,0.5089,0.00194,0.00134,0.00034,0.51135,0.00234,0.00076,0.00015,2.79122,4.18147,6.5669,2.65176,0,0,0,0.000811009,0.000811009,0.000811009
18,478.708,2.87621,4.40306,4.32413,2.74031,0.51956,0.51477,0.51571,0.38759,0.0013,0.00139,0.00027,0.39064,0.00151,0.00111,0.00022,2.81538,4.23027,5.33466,2.67108,0,0,0,0.000809634,0.000809634,0.000809634
19,504.384,2.90446,4.34185,4.19684,2.69181,0.51756,0.51255,0.51357,0.38256,0.00237,0.00128,0.00029,0.38409,0.0025,0.00121,0.0002,2.84132,4.17861,5.62303,2.73182,0,0,0,0.00080826,0.00080826,0.00080826
20,530.132,2.84202,4.35385,4.24101,2.6731,0.51601,0.51087,0.512,0.8802,0.00281,0.00088,0.00024,0.88288,0.00313,0.00104,0.00026,2.74767,4.15704,7.39218,2.59935,0,0,0,0.000806885,0.000806885,0.000806885
21,555.821,2.80256,4.34719,4.18945,2.64074,0.51413,0.50907,0.5103,0.50653,0.00594,0.00142,0.00035,0.51241,0.0041,0.00127,0.00027,2.72784,4.09348,7.12486,2.56384,0,0,0,0.000805511,0.000805511,0.000805511
22,581.574,2.79919,4.27219,4.11247,2.61571,0.51294,0.50765,0.50881,0.26104,0.00389,0.00216,0.00058,0.26142,0.00367,0.00221,0.00065,2.67667,4.06124,7.69989,2.50952,0,0,0,0.000804137,0.000804137,0.000804137
23,607.679,2.78859,4.255,4.06822,2.59827,0.5119,0.50623,0.50735,0.38292,0.00399,0.00199,0.00052,0.38405,0.00443,0.00203,0.00052,2.67077,4.36297,4.8045,2.56023,0,0,0,0.000802762,0.000802762,0.000802762
24,633.604,2.77636,4.29902,4.01847,2.56348,0.51067,0.50478,0.50618,0.26633,0.00594,0.00336,0.00096,0.26919,0.00497,0.00295,0.00086,2.66391,4.01903,6.69342,2.49223,0,0,0,0.000801388,0.000801388,0.000801388
25,659.363,2.6852,4.24853,4.04868,2.55698,0.50863,0.50312,0.50432,0.39114,0.0054,0.00377,0.00109,0.39106,0.00518,0.00332,0.00093,2.60406,3.98512,5.40596,2.43484,0,0,0,0.000800013,0.000800013,0.000800013
26,685.572,2.72178,4.27854,4.0024,2.5365,0.50744,0.50174,0.5031,0.76237,0.00615,0.00289,0.00066,0.76259,0.00561,0.00251,0.00062,2.58562,4.00109,7.10319,2.43035,0,0,0,0.000798639,0.000798639,0.000798639
27,711.474,2.71591,4.23485,3.97738,2.50774,0.50582,0.50022,0.50145,0.38647,0.01241,0.00281,0.00082,0.38622,0.01004,0.00253,0.00066,2.599,3.97248,6.03198,2.41603,0,0,0,0.000797264,0.000797264,0.000797264
28,737.054,2.70766,4.23318,3.95926,2.49461,0.50411,0.49868,0.49975,0.51164,0.00761,0.00375,0.00113,0.51331,0.00648,0.00407,0.00103,2.62282,4.04878,5.06643,2.43874,0,0,0,0.00079589,0.00079589,0.00079589
29,763.164,2.66783,4.22804,3.86543,2.43965,0.50189,0.49674,0.49799,0.88972,0.01198,0.00459,0.0013,0.88749,0.00972,0.00358,0.00109,2.58805,3.98817,7.09512,2.35541,0,0,0,0.000794515,0.000794515,0.000794515
30,789.165,2.65035,4.23014,3.91504,2.47948,0.49976,0.49447,0.49616,0.51716,0.00961,0.00525,0.00147,0.51745,0.00918,0.00461,0.00132,2.55049,3.98242,6.23107,2.37884,0,0,0,0.000793141,0.000793141,0.000793141
31,815.004,2.60242,4.12692,3.79671,2.42976,0.49392,0.49153,0.49201,0.5139,0.01382,0.00551,0.00167,0.51492,0.01133,0.00515,0.00161,2.54102,3.95454,6.26816,2.35368,0,0,0,0.000791767,0.000791767,0.000791767
32,840.634,2.60643,4.18208,3.88752,2.44448,0.48682,0.48681,0.48757,0.89868,0.01058,0.00706,0.00207,0.89721,0.00918,0.00639,0.00195,2.57844,3.97208,4.25907,2.40376,0,0,0,0.000790392,0.000790392,0.000790392
33,866.399,2.61263,4.17907,3.83867,2.45665,0.47047,0.47989,0.47904,0.89327,0.01101,0.00655,0.00205,0.89383,0.00993,0.0053,0.00159,2.51603,3.91147,5.8191,2.35769,0,0,0,0.000789018,0.000789018,0.000789018
34,892.28,2.58506,4.18663,3.75761,2.37324,0.43895,0.46703,0.46209,0.76638,0.01317,0.01865,0.00649,0.76427,0.01209,0.02091,0.00507,2.48637,3.94058,6.34261,2.28999,0,0,0,0.000787643,0.000787643,0.000787643
35,918.03,2.56637,4.20394,3.71022,2.3767,0.37982,0.43712,0.42422,0.65077,0.01419,0.00778,0.00222,0.64768,0.01311,0.009,0.00207,2.50951,3.90757,4.81348,2.3111,0,0,0,0.000786269,0.000786269,0.000786269
36,943.922,2.56751,4.09147,3.75231,2.35902,0.3128,0.3767,0.36302,0.76664,0.01317,0.00926,0.00277,0.89323,0.01187,0.01002,0.00293,2.4571,3.88487,7.01349,2.24911,0,0,0,0.000784894,0.000784894,0.000784894
37,969.334,2.59138,4.10306,3.70165,2.34303,0.25031,0.27992,0.28771,0.51796,0.01641,0.00814,0.00266,0.51589,0.01479,0.00688,0.00219,2.477,3.85915,5.1292,2.25461,0,0,0,0.00078352,0.00078352,0.00078352
38,994.976,2.52028,4.06061,3.75438,2.32246,0.21943,0.19815,0.22202,0.39491,0.01382,0.00753,0.0024,0.41363,0.01516,0.00843,0.00237,2.47339,3.85887,4.40006,2.27417,0,0,0,0.000782145,0.000782145,0.000782145
39,1020.68,2.48268,4.08616,3.7363,2.34762,0.19624,0.15498,0.17424,0.63998,0.01846,0.00755,0.00236,0.64755,0.0184,0.0096,0.0025,2.42611,3.86553,5.41331,2.24421,0,0,0,0.000780771,0.000780771,0.000780771
40,1046.4,2.50191,4.0497,3.65712,2.28937,0.18061,0.14202,0.15425,0.8975,0.01749,0.0108,0.0034,0.89542,0.01587,0.01103,0.00289,2.41915,3.83285,4.81804,2.2297,0,0,0,0.000779396,0.000779396,0.000779396
41,1072.02,2.49035,4.07217,3.55949,2.27165,0.16169,0.13323,0.14193,0.89988,0.01684,0.01286,0.00378,0.89971,0.01641,0.01138,0.00385,2.42499,3.82943,4.69175,2.25963,0,0,0,0.000778022,0.000778022,0.000778022
42,1097.59,2.47266,4.07943,3.57326,2.28376,0.14791,0.12526,0.13319,0.64515,0.01803,0.01058,0.0035,0.64288,0.01684,0.01034,0.00327,2.39861,3.84654,6.05108,2.21885,0,0,0,0.000776648,0.000776648,0.000776648
43,1123.31,2.4685,4.06632,3.57667,2.302,0.1625,0.13706,0.14503,0.78201,0.02443,0.0123,0.00379,0.77554,0.02367,0.01057,0.00327,2.36877,3.81821,5.21237,2.20854,0,0,0,0.000775273,0.000775273,0.000775273
44,1148.98,2.46088,4.03527,3.54463,2.25485,0.15362,0.12947,0.13692,0.39473,0.02364,0.01052,0.00341,0.42393,0.02586,0.01029,0.00311,2.37846,3.85443,4.69213,2.1903,0,0,0,0.000773899,0.000773899,0.000773899
45,1174.72,2.49885,4.10359,3.86867,2.25549,0.15043,0.12747,0.1351,0.90128,0.01598,0.01251,0.00378,0.90029,0.0149,0.01034,0.0032,2.31956,3.80714,4.26962,2.17548,0,0,0,0.000772524,0.000772524,0.000772524
46,1200.58,2.46445,4.05318,3.46783,2.25855,0.15382,0.13016,0.13734,0.64653,0.02224,0.01498,0.00449,0.66878,0.02321,0.01421,0.00396,2.37013,3.77939,5.45388,2.18438,0,0,0,0.00077115,0.00077115,0.00077115
47,1226.2,2.45579,4.05022,3.51445,2.2373,0.14536,0.12316,0.13094,0.77616,0.02228,0.01531,0.00482,0.77603,0.02346,0.01552,0.00461,2.3687,3.7822,4.74493,2.16004,0,0,0,0.000769775,0.000769775,0.000769775
48,1251.55,2.45471,3.98823,3.48984,2.22222,0.15146,0.12659,0.13551,0.77682,0.01986,0.0151,0.00545,0.77979,0.01948,0.01432,0.0041,2.30613,3.79059,4.17516,2.15693,0,0,0,0.000768401,0.000768401,0.000768401
49,1277.41,2.41867,4.03972,3.48127,2.24014,0.14929,0.12571,0.13465,0.52807,0.02562,0.05125,0.01498,0.52823,0.02147,0.04227,0.01883,2.30245,3.7631,4.86976,2.14138,0,0,0,0.000767026,0.000767026,0.000767026
50,1303.27,2.39427,4.07496,3.44883,2.18068,0.15296,0.12602,0.13649,0.79411,0.02261,0.01572,0.00518,0.77498,0.02127,0.01499,0.00471,2.34003,3.76041,4.37475,2.14149,0,0,0,0.000765652,0.000765652,0.000765652
51,1328.74,2.43229,4.02851,3.44314,2.20474,0.14944,0.1214,0.13387,0.78952,0.02879,0.01745,0.00589,0.782,0.02617,0.01299,0.0039,2.2855,3.71023,4.18466,2.1021,0,0,0,0.000764278,0.000764278,0.000764278
52,1354.39,2.37269,3.96349,3.39059,2.1897,0.14722,0.11628,0.1319,0.60268,0.02805,0.02111,0.0074,0.58373,0.02622,0.01906,0.00584,2.33867,3.71941,4.24864,2.1622,0,0,0,0.000762903,0.000762903,0.000762903
53,1380.07,2.42411,3.95578,3.45175,2.20181,0.14892,0.11563,0.13315,0.69923,0.02891,0.02374,0.00792,0.66666,0.02717,0.01974,0.00544,2.25161,3.76368,5.31578,2.0724,0,0,0,0.000761529,0.000761529,0.000761529
54,1405.87,2.37458,3.94275,3.3686,2.17776,0.15577,0.11999,0.1381,0.68366,0.035,0.02807,0.00908,0.66078,0.02794,0.01922,0.00628,2.22168,3.69569,5.0299,2.06498,0,0,0,0.000760154,0.000760154,0.000760154
55,1431.73,2.38806,3.97205,3.35614,2.16284,0.1486,0.11415,0.13334,0.72512,0.02537,0.02186,0.00765,0.652,0.02073,0.01476,0.00457,2.24439,3.71804,5.69557,2.09055,0,0,0,0.00075878,0.00075878,0.00075878
56,1457.05,2.39869,3.98636,3.36235,2.18962,0.14683,0.11256,0.13024,0.68834,0.03074,0.02944,0.00993,0.65822,0.03107,0.02244,0.00631,2.24821,3.6741,4.75897,2.06151,0,0,0,0.000757405,0.000757405,0.000757405
57,1483.12,2.37189,3.93568,3.34137,2.15481,0.14897,0.11294,0.13266,0.71884,0.03757,0.02493,0.00964,0.64733,0.0332,0.01995,0.00459,2.24802,3.68336,5.65581,2.05278,0,0,0,0.000756031,0.000756031,0.000756031
58,1508.74,2.35947,3.96611,3.29095,2.15918,0.15046,0.11431,0.13473,0.69067,0.03888,0.04092,0.01243,0.6633,0.03442,0.02317,0.00653,2.24841,3.64397,4.35192,2.08554,0,0,0,0.000754656,0.000754656,0.000754656
59,1534.65,2.37602,3.95019,3.35644,2.16329,0.14819,0.11174,0.13189,0.7207,0.03058,0.02888,0.01089,0.67472,0.02702,0.01886,0.00689,2.24351,3.65996,4.44151,2.07956,0,0,0,0.000753282,0.000753282,0.000753282
60,1560.36,2.33486,3.92121,3.36222,2.16777,0.1453,0.11204,0.13046,0.67022,0.03055,0.02764,0.01079,0.65849,0.02949,0.01741,0.00521,2.20065,3.69448,4.77387,2.03682,0,0,0,0.000751907,0.000751907,0.000751907
61,1585.96,2.36392,3.94984,3.30375,2.15552,0.14639,0.11022,0.1311,0.58915,0.03662,0.02702,0.01087,0.54747,0.03394,0.01871,0.00544,2.22063,3.684,4.67512,2.05595,0,0,0,0.000750533,0.000750533,0.000750533
62,1611.7,2.32093,3.97962,3.2828,2.1444,0.14338,0.10928,0.12743,0.55183,0.0395,0.03848,0.01432,0.53849,0.0333,0.02327,0.00737,2.25756,3.61174,3.85256,2.07083,0,0,0,0.000749159,0.000749159,0.000749159
63,1637.83,2.31938,3.89381,3.22187,2.09933,0.14417,0.11302,0.12978,0.61307,0.05268,0.08683,0.02631,0.59645,0.04632,0.02676,0.00744,2.18254,3.62261,6.40467,2.01259,0,0,0,0.000747784,0.000747784,0.000747784
64,1663.66,2.29604,3.88459,3.25007,2.11508,0.14845,0.11202,0.13236,0.6807,0.04521,0.04978,0.01841,0.67069,0.03789,0.02547,0.00776,2.19213,3.63125,4.95746,2.01463,0,0,0,0.00074641,0.00074641,0.00074641
65,1689.4,2.2947,3.87296,3.14666,2.08668,0.14703,0.11572,0.13243,0.54991,0.04857,0.03827,0.01406,0.54699,0.04016,0.02149,0.00703,2.17956,3.59184,4.24954,2.0105,0,0,0,0.000745035,0.000745035,0.000745035
66,1715.01,2.33911,3.88026,3.21572,2.11875,0.14986,0.11674,0.13415,0.57687,0.04887,0.07175,0.0261,0.56275,0.03883,0.02761,0.00739,2.1605,3.56527,3.92401,2.0117,0,0,0,0.000743661,0.000743661,0.000743661
67,1741.03,2.28515,3.83824,3.18812,2.10527,0.1492,0.11569,0.13299,0.6203,0.0471,0.08153,0.02936,0.59132,0.03685,0.04107,0.01069,2.15854,3.58565,5.3878,1.97273,0,0,0,0.000742286,0.000742286,0.000742286
68,1767,2.27309,3.77762,3.19014,2.10138,0.14201,0.10848,0.12705,0.6314,0.05143,0.05792,0.02259,0.5673,0.04505,0.03269,0.01058,2.08376,3.53887,5.61256,1.94307,0,0,0,0.000740912,0.000740912,0.000740912
69,1792.58,2.24087,3.888,3.23105,2.08922,0.14903,0.11265,0.13309,0.61126,0.04267,0.05347,0.02136,0.60243,0.034,0.03113,0.01001,2.10659,3.53098,3.9904,1.96068,0,0,0,0.000739537,0.000739537,0.000739537
70,1818.26,2.28169,3.77422,3.09829,2.07642,0.1503,0.1166,0.13347,0.58356,0.05629,0.0563,0.01964,0.55492,0.03907,0.02477,0.00741,2.1175,3.55651,4.17729,1.96875,0,0,0,0.000738163,0.000738163,0.000738163
71,1844.05,2.25117,3.8642,3.12587,2.08399,0.14755,0.11314,0.13103,0.56891,0.05525,0.05024,0.01995,0.55204,0.04712,0.03198,0.01048,2.09624,3.52002,4.57599,1.94339,0,0,0,0.000736788,0.000736788,0.000736788
72,1869.7,2.25876,3.88447,3.13815,2.05193,0.1503,0.11411,0.13285,0.47592,0.05779,0.08116,0.02945,0.49728,0.04334,0.03436,0.01085,2.07472,3.54101,4.45768,1.9495,0,0,0,0.000735414,0.000735414,0.000735414
73,1895.39,2.24823,3.83547,3.07539,2.01972,0.14054,0.10882,0.12596,0.57433,0.04944,0.08679,0.02925,0.54937,0.04235,0.04982,0.01303,2.08495,3.54676,4.77532,1.94548,0,0,0,0.00073404,0.00073404,0.00073404
74,1921.42,2.27279,3.79113,3.11333,2.07536,0.14273,0.11039,0.12801,0.46622,0.07903,0.10614,0.03443,0.44916,0.05139,0.06498,0.01713,2.12104,3.48589,5.14307,1.96375,0,0,0,0.000732665,0.000732665,0.000732665
75,1947.37,2.25075,3.88086,3.11819,2.04994,0.15084,0.11435,0.1329,0.59523,0.06378,0.10594,0.03581,0.58873,0.04937,0.07396,0.02055,2.09313,3.51152,4.09729,1.92734,0,0,0,0.000731291,0.000731291,0.000731291
76,1973.15,2.20027,3.8236,3.15865,2.06015,0.14155,0.10791,0.12742,0.65937,0.06274,0.0788,0.03089,0.59061,0.04878,0.052,0.01576,2.06376,3.49189,4.22039,1.92201,0,0,0,0.000729916,0.000729916,0.000729916
77,1998.86,2.19945,3.71674,3.02186,2.02725,0.14163,0.11228,0.12755,0.54978,0.07698,0.13256,0.04343,0.53454,0.06045,0.08422,0.02738,2.04531,3.46869,4.6905,1.9124,0,0,0,0.000728542,0.000728542,0.000728542
78,2024.78,2.24867,3.79219,3.04438,2.02796,0.14619,0.11279,0.13019,0.63291,0.07387,0.06591,0.02673,0.61156,0.04727,0.03419,0.01121,2.03259,3.51965,5.16451,1.91103,0,0,0,0.000727167,0.000727167,0.000727167
79,2050.43,2.20064,3.78193,3.01405,2.02458,0.14389,0.11469,0.12953,0.54875,0.08255,0.05984,0.02278,0.53577,0.06597,0.04052,0.01261,2.03884,3.55965,4.69177,1.89062,0,0,0,0.000725793,0.000725793,0.000725793
80,2076.22,2.18269,3.72681,2.99121,2.01538,0.14629,0.11491,0.13068,0.57083,0.08658,0.08703,0.0349,0.55353,0.07049,0.06397,0.02079,2.04224,3.49105,4.36402,1.91596,0,0,0,0.000724418,0.000724418,0.000724418
81,2102,2.21056,3.77811,2.90703,1.99401,0.14368,0.11182,0.12916,0.46243,0.11155,0.10408,0.04008,0.4566,0.06828,0.08641,0.02109,2.02584,3.44243,4.55809,1.90249,0,0,0,0.000723044,0.000723044,0.000723044
82,2127.63,2.21359,3.74838,3.00437,2.02547,0.13842,0.10675,0.12442,0.52542,0.09,0.13202,0.05689,0.47259,0.06191,0.09179,0.02582,2.00954,3.44876,6.14884,1.89811,0,0,0,0.00072167,0.00072167,0.00072167
83,2153.68,2.21822,3.71569,2.92796,2.03372,0.14724,0.11371,0.13055,0.40779,0.10008,0.13067,0.04924,0.32774,0.0618,0.09088,0.02073,2.01739,3.44319,4.89538,1.88078,0,0,0,0.000720295,0.000720295,0.000720295
84,2179.41,2.14675,3.75151,2.91756,1.99642,0.13996,0.11075,0.12525,0.53676,0.1025,0.10938,0.04358,0.48554,0.05644,0.05861,0.01857,2.02685,3.46341,5.04745,1.89734,0,0,0,0.000718921,0.000718921,0.000718921
85,2205.12,2.22723,3.82633,3.00741,2.03937,0.14705,0.11461,0.13241,0.36275,0.10612,0.08454,0.0339,0.58331,0.06524,0.05356,0.01697,2.05969,3.45313,5.00876,1.91295,0,0,0,0.000717546,0.000717546,0.000717546
86,2231.24,2.17879,3.71202,2.90976,1.99175,0.13687,0.10802,0.12398,0.50696,0.10229,0.11362,0.04154,0.46577,0.0734,0.05668,0.01698,2.02104,3.41239,4.80314,1.88494,0,0,0,0.000716172,0.000716172,0.000716172
87,2256.97,2.20521,3.75025,3.01988,2.03368,0.14557,0.1124,0.12953,0.48867,0.11067,0.10746,0.03997,0.61499,0.06628,0.05909,0.01789,2.01655,3.44124,4.87629,1.87797,0,0,0,0.000714797,0.000714797,0.000714797
88,2282.76,2.16367,3.75447,2.95353,1.99274,0.13877,0.10721,0.12464,0.41669,0.11428,0.14362,0.06208,0.47142,0.06583,0.07828,0.02401,2.0018,3.42302,6.02102,1.86333,0,0,0,0.000713423,0.000713423,0.000713423
89,2308.84,2.20327,3.75377,2.98859,2.0109,0.1435,0.11384,0.12893,0.42305,0.11445,0.14153,0.0548,0.39522,0.08071,0.08328,0.02977,1.97488,3.42838,4.17775,1.86645,0,0,0,0.000712048,0.000712048,0.000712048
90,2334.58,2.12124,3.69017,2.87852,1.96656,0.13881,0.11091,0.12455,0.47923,0.13778,0.11799,0.05184,0.46271,0.09151,0.07165,0.02329,1.98701,3.44813,6.10925,1.83343,0,0,0,0.000710674,0.000710674,0.000710674
91,2360.08,2.11618,3.65223,2.79908,1.95735,0.14842,0.11715,0.13281,0.32858,0.12103,0.08767,0.03551,0.26257,0.09311,0.0588,0.01977,2.02385,3.42359,4.48099,1.87722,0,0,0,0.000709299,0.000709299,0.000709299
92,2385.77,2.15466,3.62019,2.89923,1.9742,0.13745,0.10724,0.12432,0.33936,0.13343,0.1445,0.07387,0.32568,0.08614,0.12325,0.03372,1.9564,3.39484,5.18811,1.83305,0,0,0,0.000707925,0.000707925,0.000707925
93,2411.6,2.17763,3.68901,2.89993,1.98494,0.14455,0.11346,0.12952,0.43551,0.10859,0.16265,0.07392,0.32083,0.09744,0.09364,0.02959,2.01115,3.45393,4.45176,1.85051,0,0,0,0.000706551,0.000706551,0.000706551
94,2437.14,2.12243,3.71134,2.8155,1.96258,0.14667,0.11403,0.13108,0.39833,0.14418,0.13125,0.05344,0.36338,0.10431,0.06967,0.02227,1.92793,3.35506,4.97282,1.80069,0,0,0,0.000705176,0.000705176,0.000705176
95,2462.9,2.1187,3.59399,2.7655,1.94147,0.13639,0.10885,0.12336,0.29951,0.15847,0.11019,0.04791,0.23356,0.11828,0.07008,0.02202,1.98709,3.36082,5.4496,1.82609,0,0,0,0.000703802,0.000703802,0.000703802
96,2488.66,2.13714,3.64354,2.79405,1.95991,0.14271,0.11418,0.129,0.37356,0.15209,0.16569,0.07116,0.29869,0.11185,0.08031,0.02777,1.96058,3.31067,4.21657,1.82196,0,0,0,0.000702427,0.000702427,0.000702427
97,2514.27,2.12693,3.68367,2.82695,1.97439,0.13762,0.10673,0.1231,0.32179,0.16916,0.13648,0.05963,0.37745,0.12775,0.09701,0.02755,1.93516,3.38993,4.89339,1.82144,0,0,0,0.000701053,0.000701053,0.000701053
98,2540.01,2.17191,3.6985,2.78251,1.93833,0.13915,0.10698,0.12475,0.36324,0.16747,0.14396,0.06342,0.40162,0.11468,0.10294,0.0319,1.94247,3.33701,5.01958,1.81846,0,0,0,0.000699678,0.000699678,0.000699678
99,2565.8,2.13817,3.65726,2.87103,1.97947,0.13941,0.10747,0.12496,0.32027,0.14994,0.17787,0.06877,0.24744,0.10594,0.09326,0.02986,1.92686,3.38023,5.18651,1.80745,0,0,0,0.000698304,0.000698304,0.000698304
100,2591.56,2.08003,3.6821,2.78757,1.94246,0.14152,0.11087,0.1264,0.53993,0.14079,0.16755,0.06694,0.51901,0.09632,0.11066,0.03703,1.89083,3.31665,4.55204,1.78565,0,0,0,0.000696929,0.000696929,0.000696929
101,2617.28,2.11411,3.60827,2.72583,1.92828,0.14194,0.11413,0.12809,0.41841,0.15325,0.12114,0.05007,0.52915,0.09344,0.07848,0.02533,1.91879,3.35984,7.7333,1.79597,0,0,0,0.000695555,0.000695555,0.000695555
102,2643.02,2.09762,3.70361,2.79277,1.94768,0.14299,0.11141,0.12727,0.42433,0.13476,0.14934,0.05826,0.39722,0.11639,0.10491,0.03382,1.95045,3.32162,4.0365,1.81614,0,0,0,0.000694181,0.000694181,0.000694181
103,2669.04,2.1057,3.64699,2.7579,1.93656,0.14597,0.11727,0.13136,0.45995,0.18524,0.20129,0.08788,0.39133,0.11518,0.14717,0.04466,1.87596,3.27059,5.54105,1.77766,0,0,0,0.000692806,0.000692806,0.000692806
104,2694.93,2.12991,3.67442,2.79925,1.94636,0.1356,0.10381,0.1219,0.36028,0.19937,0.18606,0.08145,0.29477,0.14078,0.13087,0.03834,1.90924,3.25167,4.76,1.78137,0,0,0,0.000691432,0.000691432,0.000691432
105,2720.51,2.04888,3.62136,2.62941,1.90421,0.1455,0.1162,0.13065,0.35243,0.16357,0.20819,0.0973,0.28571,0.13239,0.15235,0.05555,1.86375,3.22016,4.69734,1.76104,0,0,0,0.000690057,0.000690057,0.000690057
106,2746.56,2.07824,3.56248,2.67854,1.92719,0.14148,0.11174,0.12747,0.35577,0.17827,0.12617,0.05206,0.32807,0.13151,0.08735,0.03209,1.92043,3.25845,6.16823,1.79047,0,0,0,0.000688683,0.000688683,0.000688683
107,2772.22,2.12755,3.58947,2.67353,1.88072,0.14023,0.11147,0.12676,0.50091,0.14926,0.1966,0.08239,0.43976,0.12552,0.14623,0.04246,1.88055,3.26408,5.72736,1.76704,0,0,0,0.000687308,0.000687308,0.000687308
108,2797.86,2.06058,3.57915,2.69583,1.91902,0.13936,0.11383,0.12606,0.38708,0.17993,0.17235,0.06986,0.33846,0.13508,0.13495,0.04536,1.88648,3.27465,5.5663,1.77776,0,0,0,0.000685934,0.000685934,0.000685934
109,2824.02,2.10053,3.62483,2.64374,1.89742,0.14236,0.11274,0.12843,0.49381,0.1597,0.19803,0.07843,0.41592,0.12477,0.11731,0.03702,1.89836,3.28035,5.02896,1.76921,0,0,0,0.000684559,0.000684559,0.000684559
110,2849.47,2.10184,3.6229,2.68918,1.92168,0.13355,0.1059,0.12075,0.38946,0.18898,0.19008,0.07769,0.3056,0.13148,0.10881,0.03575,1.86799,3.22834,4.94688,1.76185,0,0,0,0.000683185,0.000683185,0.000683185
111,2874.91,2.05496,3.5787,2.65509,1.89843,0.13778,0.10795,0.12377,0.37329,0.2126,0.24352,0.0972,0.32581,0.14051,0.13607,0.04798,1.82995,3.21831,4.09216,1.73561,0,0,0,0.00068181,0.00068181,0.00068181
112,2900.58,2.05121,3.54924,2.53681,1.88087,0.13725,0.11167,0.12348,0.44559,0.18049,0.19665,0.08655,0.52397,0.12203,0.13766,0.04867,1.8224,3.24144,5.27012,1.73183,0,0,0,0.000680436,0.000680436,0.000680436
113,2926.12,2.03992,3.5807,2.6437,1.88384,0.13784,0.10806,0.12393,0.36813,0.22331,0.24389,0.1037,0.28964,0.16826,0.14622,0.04965,1.82349,3.19446,3.927,1.73117,0,0,0,0.000679062,0.000679062,0.000679062
114,2951.93,2.0792,3.5993,2.65669,1.88539,0.13599,0.10701,0.12256,0.32019,0.2406,0.20703,0.08092,0.27312,0.16703,0.15053,0.05335,1.88678,3.21892,4.64497,1.76418,0,0,0,0.000677687,0.000677687,0.000677687
115,2977.7,2.07463,3.5675,2.65184,1.87302,0.13922,0.11047,0.12621,0.57278,0.16956,0.21718,0.09716,0.53302,0.13461,0.1398,0.04742,1.81209,3.24731,4.74131,1.72169,0,0,0,0.000676313,0.000676313,0.000676313
116,3003.52,2.03737,3.53002,2.57679,1.87454,0.14412,0.11298,0.12844,0.36815,0.23826,0.20674,0.08828,0.52289,0.12769,0.15855,0.05648,1.83606,3.16809,5.46904,1.74059,0,0,0,0.000674938,0.000674938,0.000674938
117,3029.14,2.07956,3.53212,2.60752,1.87369,0.14025,0.11068,0.12555,0.3896,0.19541,0.21943,0.09436,0.25101,0.19978,0.16611,0.05153,1.82555,3.18714,5.74729,1.73105,0,0,0,0.000673564,0.000673564,0.000673564
118,3054.87,2.0466,3.58173,2.62206,1.84869,0.14232,0.11061,0.12677,0.31119,0.17312,0.17553,0.07227,0.25542,0.13013,0.11153,0.04052,1.8469,3.19672,4.48768,1.73958,0,0,0,0.000672189,0.000672189,0.000672189
119,3080.52,2.04748,3.49049,2.61948,1.89772,0.14109,0.11189,0.12629,0.46871,0.203,0.19752,0.08256,0.38736,0.16163,0.14595,0.05117,1.80787,3.1222,5.98031,1.73552,0,0,0,0.000670815,0.000670815,0.000670815
120,3106.27,1.98434,3.47309,2.52913,1.83818,0.13401,0.11037,0.12273,0.3891,0.21727,0.20258,0.08651,0.32468,0.15662,0.14792,0.05458,1.77719,3.16704,6.2298,1.71864,0,0,0,0.00066944,0.00066944,0.00066944
121,3131.76,2.04307,3.46854,2.58609,1.85893,0.13753,0.1094,0.12387,0.37031,0.24949,0.23276,0.098,0.29423,0.18567,0.16875,0.05693,1.83957,3.16734,4.88826,1.77059,0,0,0,0.000668066,0.000668066,0.000668066
122,3157.48,1.98572,3.49354,2.49891,1.85442,0.14937,0.11973,0.13274,0.3668,0.20401,0.19581,0.08557,0.32067,0.15794,0.14412,0.05068,1.79887,3.15528,5.09271,1.71114,0,0,0,0.000666692,0.000666692,0.000666692
123,3183.14,2.04263,3.53088,2.56055,1.86844,0.13866,0.11247,0.12533,0.3465,0.21748,0.24507,0.09485,0.29126,0.16105,0.16292,0.05405,1.79196,3.14784,4.24324,1.70747,0,0,0,0.000665317,0.000665317,0.000665317
124,3208.87,1.96112,3.54168,2.53598,1.86252,0.14648,0.11794,0.1306,0.38301,0.23638,0.18964,0.07991,0.32903,0.18562,0.13768,0.04952,1.79848,3.11739,5.52037,1.69826,0,0,0,0.000663943,0.000663943,0.000663943
125,3234.39,2.02379,3.44546,2.53877,1.88319,0.14119,0.11377,0.12702,0.48595,0.18415,0.18905,0.07336,0.47091,0.12488,0.13536,0.0439,1.79583,3.12366,4.56612,1.70785,0,0,0,0.000662568,0.000662568,0.000662568
126,3260.07,1.98854,3.41576,2.51455,1.85108,0.13492,0.10695,0.12108,0.45614,0.19469,0.21334,0.09284,0.48799,0.13136,0.12821,0.04527,1.78519,3.10051,5.33737,1.70369,0,0,0,0.000661194,0.000661194,0.000661194
127,3285.79,2.0218,3.4641,2.41628,1.7888,0.1382,0.11272,0.12439,0.3342,0.2425,0.22802,0.08651,0.33299,0.13998,0.15958,0.05824,1.82778,3.14043,5.13397,1.74648,0,0,0,0.000659819,0.000659819,0.000659819
128,3311.36,2.05679,3.46501,2.57507,1.87178,0.13409,0.10494,0.12038,0.30227,0.22723,0.21545,0.09419,0.2784,0.18455,0.17182,0.06054,1.79426,3.13131,3.99453,1.71357,0,0,0,0.000658445,0.000658445,0.000658445
129,3337.23,2.01908,3.47489,2.48293,1.8375,0.14276,0.11579,0.12853,0.41362,0.21063,0.202,0.09577,0.2727,0.18986,0.15232,0.05629,1.79099,3.12513,5.57053,1.69496,0,0,0,0.00065707,0.00065707,0.00065707
130,3363.14,2.04341,3.44427,2.46208,1.81493,0.13322,0.11032,0.12211,0.33114,0.24009,0.24683,0.10381,0.29408,0.19288,0.19463,0.0637,1.73679,3.10032,5.15162,1.66467,0,0,0,0.000655696,0.000655696,0.000655696
131,3389.09,1.95805,3.4084,2.43935,1.8212,0.14373,0.11693,0.12823,0.24737,0.27838,0.23144,0.10588,0.21911,0.22406,0.17654,0.06503,1.76172,3.08096,6.22338,1.6898,0,0,0,0.000654321,0.000654321,0.000654321
132,3415.06,1.96589,3.46446,2.40936,1.8468,0.14117,0.1104,0.12657,0.36034,0.31721,0.24285,0.11243,0.34604,0.27078,0.18042,0.06986,1.74848,3.09416,5.43493,1.66504,0,0,0,0.000652947,0.000652947,0.000652947
133,3441.47,1.96445,3.44626,2.51742,1.84914,0.13586,0.1077,0.12207,0.42306,0.27142,0.26138,0.12348,0.37713,0.2352,0.20777,0.07453,1.73892,3.04378,4.41936,1.66683,0,0,0,0.000651573,0.000651573,0.000651573
134,3467.14,1.98631,3.47538,2.47174,1.85336,0.14247,0.11324,0.12788,0.29497,0.37818,0.27632,0.11897,0.19068,0.27885,0.17543,0.0658,1.75765,3.07638,5.54374,1.72124,0,0,0,0.000650198,0.000650198,0.000650198
135,3492.91,2.03174,3.44243,2.48764,1.8209,0.13866,0.10985,0.12505,0.40776,0.25906,0.26807,0.13284,0.35708,0.22272,0.19386,0.06776,1.74044,3.10596,5.24618,1.69763,0,0,0,0.000648824,0.000648824,0.000648824
136,3518.89,1.98782,3.43606,2.40557,1.81663,0.14276,0.11346,0.12757,0.3471,0.29576,0.22754,0.10465,0.24347,0.22683,0.19689,0.06103,1.72752,2.98895,6.12987,1.69462,0,0,0,0.000647449,0.000647449,0.000647449
137,3544.61,1.97451,3.40449,2.34825,1.79185,0.13989,0.11461,0.12663,0.30586,0.31057,0.21721,0.09248,0.2344,0.23491,0.15316,0.05267,1.79241,3.09803,5.24816,1.67911,0,0,0,0.000646075,0.000646075,0.000646075
138,3570.35,1.98688,3.4383,2.38961,1.83786,0.14117,0.11289,0.12588,0.38439,0.3019,0.25154,0.1062,0.24278,0.23388,0.15826,0.05765,1.69679,3.00528,5.32185,1.63638,0,0,0,0.0006447,0.0006447,0.0006447
139,3595.99,1.95948,3.3848,2.4151,1.81311,0.14019,0.11275,0.1261,0.26338,0.30991,0.26239,0.1191,0.22138,0.21582,0.14902,0.0522,1.69111,3.00099,4.90106,1.63191,0,0,0,0.000643326,0.000643326,0.000643326
140,3621.72,1.97225,3.41716,2.36075,1.80645,0.13962,0.11503,0.12581,0.30516,0.30931,0.23242,0.1089,0.25156,0.26251,0.17906,0.05851,1.67899,3.00748,5.11847,1.62621,0,0,0,0.000641951,0.000641951,0.000641951
141,3647.51,2.01917,3.3717,2.40121,1.79482,0.13319,0.10514,0.11982,0.33763,0.28704,0.2731,0.11827,0.26089,0.24434,0.16448,0.05839,1.72659,3.04334,4.8413,1.64851,0,0,0,0.000640577,0.000640577,0.000640577
142,3673.06,1.94223,3.31765,2.39345,1.781,0.13129,0.1094,0.11933,0.29167,0.35776,0.25323,0.11894,0.24089,0.30226,0.19057,0.07067,1.66909,3.00949,4.14414,1.61159,0,0,0,0.000639203,0.000639203,0.000639203
143,3698.71,1.90611,3.41608,2.4037,1.80706,0.13464,0.10942,0.12046,0.27824,0.34968,0.2279,0.10349,0.28846,0.28168,0.1626,0.05991,1.70212,3.04016,4.46551,1.63373,0,0,0,0.000637828,0.000637828,0.000637828
144,3724.44,1.9713,3.39913,2.34586,1.79627,0.13755,0.10813,0.12257,0.28642,0.36636,0.22063,0.10632,0.25007,0.27585,0.16021,0.05803,1.68875,3.03657,4.20905,1.63422,0,0,0,0.000636454,0.000636454,0.000636454
145,3750,1.96193,3.34019,2.3518,1.78309,0.13976,0.11125,0.12378,0.40119,0.32034,0.22059,0.10509,0.39386,0.26773,0.15973,0.0555,1.68654,2.94244,5.11036,1.64592,0,0,0,0.000635079,0.000635079,0.000635079
146,3775.8,1.94065,3.39388,2.3376,1.78953,0.13354,0.10767,0.11957,0.27942,0.34568,0.24634,0.10764,0.24052,0.25098,0.14425,0.05304,1.6866,3.02161,4.66318,1.62327,0,0,0,0.000633705,0.000633705,0.000633705
147,3801.47,1.94832,3.33607,2.30687,1.77347,0.14054,0.11126,0.12403,0.32471,0.30856,0.28061,0.13538,0.2373,0.24445,0.20582,0.08014,1.69214,2.9492,4.53804,1.62536,0,0,0,0.00063233,0.00063233,0.00063233
148,3827.14,1.92439,3.36633,2.2612,1.74779,0.13702,0.11108,0.1219,0.30522,0.36926,0.27315,0.12926,0.27261,0.31952,0.2137,0.08658,1.6765,2.96519,5.82519,1.61316,0,0,0,0.000630956,0.000630956,0.000630956
149,3853.46,1.97098,3.39573,2.37027,1.82039,0.14192,0.1117,0.12608,0.35422,0.33145,0.29942,0.14697,0.35053,0.24632,0.22199,0.09077,1.67941,2.95733,5.8726,1.61529,0,0,0,0.000629581,0.000629581,0.000629581
150,3879.07,1.95317,3.38496,2.37398,1.8075,0.13527,0.10597,0.1189,0.36721,0.35499,0.29942,0.14692,0.27971,0.28077,0.21433,0.0718,1.67844,2.94581,5.96463,1.60861,0,0,0,0.000628207,0.000628207,0.000628207
151,3904.78,1.95355,3.28289,2.41887,1.76411,0.13016,0.10628,0.11721,0.37862,0.34479,0.31845,0.16806,0.33259,0.26518,0.25055,0.09911,1.63512,2.8917,5.10212,1.58284,0,0,0,0.000626832,0.000626832,0.000626832
152,3930.77,1.90021,3.31872,2.30219,1.76502,0.14036,0.1152,0.12587,0.33035,0.34627,0.2676,0.14277,0.24131,0.29441,0.19673,0.08391,1.68954,2.91007,5.26876,1.60027,0,0,0,0.000625458,0.000625458,0.000625458
153,3956.19,1.90553,3.3519,2.31064,1.76534,0.14039,0.11136,0.12424,0.30872,0.37641,0.2815,0.14373,0.24948,0.32136,0.21068,0.09125,1.6226,2.88448,3.89077,1.58849,0,0,0,0.000624084,0.000624084,0.000624084
154,3981.92,1.95017,3.35076,2.3026,1.78407,0.14469,0.1133,0.12574,0.33152,0.38468,0.29806,0.13532,0.23808,0.31801,0.21651,0.08678,1.66746,2.89913,5.31807,1.62141,0,0,0,0.000622709,0.000622709,0.000622709
155,4007.58,1.93021,3.3361,2.32661,1.75057,0.13234,0.10542,0.11799,0.38997,0.31757,0.28989,0.14368,0.32828,0.24969,0.20838,0.08878,1.67164,2.8941,5.16443,1.59976,0,0,0,0.000621335,0.000621335,0.000621335
156,4033.53,1.9147,3.38349,2.26153,1.76245,0.1382,0.11387,0.12359,0.3915,0.30611,0.29194,0.14341,0.33024,0.26144,0.21802,0.08392,1.64561,2.87804,5.38485,1.59219,0,0,0,0.00061996,0.00061996,0.00061996
157,4059.12,1.91008,3.28078,2.24123,1.72148,0.13475,0.10813,0.12055,0.3943,0.37359,0.32467,0.15609,0.42413,0.26787,0.24402,0.09946,1.62191,2.815,5.96724,1.58395,0,0,0,0.000618586,0.000618586,0.000618586
158,4085.07,1.89156,3.28402,2.18131,1.74032,0.13874,0.1139,0.12377,0.34974,0.32955,0.29312,0.15726,0.27045,0.27605,0.21933,0.08925,1.71064,2.9234,4.86059,1.63959,0,0,0,0.000617211,0.000617211,0.000617211
159,4110.62,1.96854,3.2577,2.35746,1.71741,0.13566,0.11038,0.12164,0.35433,0.34309,0.3441,0.1731,0.32407,0.3073,0.27746,0.13274,1.65785,2.88264,4.80695,1.5888,0,0,0,0.000615837,0.000615837,0.000615837
160,4136.48,1.85721,3.24557,2.24578,1.74658,0.14136,0.11643,0.12768,0.3453,0.40072,0.33521,0.16174,0.26403,0.32715,0.25711,0.11006,1.61596,2.83919,5.83998,1.57723,0,0,0,0.000614462,0.000614462,0.000614462
161,4162.01,1.85978,3.25451,2.20237,1.71705,0.13814,0.1114,0.12279,0.35185,0.33963,0.33064,0.15603,0.25461,0.26849,0.23759,0.10021,1.63929,2.87711,5.18325,1.59598,0,0,0,0.000613088,0.000613088,0.000613088
162,4187.51,1.88284,3.26693,2.22199,1.73602,0.13688,0.11105,0.12288,0.51133,0.31535,0.36189,0.17789,0.42616,0.26388,0.28022,0.12052,1.60683,2.81533,4.13124,1.56121,0,0,0,0.000611714,0.000611714,0.000611714
163,4213.27,1.88812,3.22143,2.21021,1.74391,0.14452,0.11795,0.12881,0.39204,0.36714,0.36314,0.1827,0.30638,0.30618,0.26831,0.11474,1.62447,2.83196,4.71852,1.57183,0,0,0,0.000610339,0.000610339,0.000610339
164,4239.14,1.84646,3.21117,2.20525,1.71167,0.13034,0.10541,0.11474,0.3495,0.3985,0.36997,0.18881,0.42021,0.2374,0.27331,0.11993,1.57557,2.78931,4.78704,1.5485,0,0,0,0.000608965,0.000608965,0.000608965
165,4264.89,1.87684,3.30048,2.23658,1.7457,0.13648,0.11028,0.12171,0.37278,0.3379,0.29885,0.1375,0.22112,0.28123,0.22324,0.07884,1.59244,2.79658,5.63304,1.56661,0,0,0,0.00060759,0.00060759,0.00060759
166,4290.59,1.88298,3.19315,2.15903,1.75163,0.14115,0.11487,0.12597,0.4292,0.37262,0.3437,0.17992,0.36274,0.31348,0.25913,0.09505,1.60795,2.90732,4.64749,1.58869,0,0,0,0.000606216,0.000606216,0.000606216
167,4316.17,1.81873,3.18409,2.12224,1.69956,0.13885,0.11699,0.12475,0.47253,0.34573,0.35145,0.16671,0.42214,0.29619,0.25895,0.10238,1.64177,2.79676,5.82407,1.592,0,0,0,0.000604841,0.000604841,0.000604841
168,4341.79,1.83964,3.24068,2.17613,1.71013,0.13079,0.1069,0.1164,0.36416,0.40241,0.35226,0.16797,0.29965,0.34355,0.26564,0.10651,1.58146,2.78945,5.12696,1.55827,0,0,0,0.000603467,0.000603467,0.000603467
169,4367.32,1.84751,3.27193,2.16398,1.72887,0.1351,0.10924,0.11937,0.35349,0.45095,0.35383,0.1798,0.34383,0.36418,0.28695,0.11829,1.55536,2.76706,4.27304,1.53753,0,0,0,0.000602092,0.000602092,0.000602092
170,4393.11,1.86311,3.25711,2.14422,1.7415,0.141,0.11594,0.12582,0.45805,0.36564,0.35214,0.17652,0.41396,0.27844,0.28524,0.1083,1.577,2.82739,5.96709,1.54628,0,0,0,0.000600718,0.000600718,0.000600718
171,4418.79,1.84893,3.25369,2.19196,1.7452,0.13596,0.10933,0.12169,0.33941,0.39252,0.33976,0.17144,0.50992,0.23071,0.28148,0.11319,1.62943,2.7866,5.43589,1.57663,0,0,0,0.000599343,0.000599343,0.000599343
172,4444.59,1.87539,3.23722,2.12418,1.71026,0.14163,0.11795,0.12714,0.38487,0.42188,0.36036,0.19465,0.27914,0.35586,0.2523,0.10463,1.54922,2.73737,6.48382,1.5232,0,0,0,0.000597969,0.000597969,0.000597969
173,4470.42,1.83211,3.20507,2.10623,1.68827,0.13703,0.11036,0.12163,0.38682,0.40925,0.35694,0.18144,0.40292,0.29696,0.26148,0.10927,1.62125,2.74288,4.852,1.56121,0,0,0,0.000596595,0.000596595,0.000596595
174,4495.95,1.87744,3.26439,2.18762,1.72618,0.13802,0.11131,0.12306,0.38569,0.39434,0.36366,0.20026,0.33673,0.33394,0.28502,0.1272,1.54854,2.70808,5.01201,1.52707,0,0,0,0.00059522,0.00059522,0.00059522
175,4521.93,1.83577,3.19949,2.11991,1.68011,0.13288,0.10806,0.11872,0.44088,0.40281,0.39498,0.21598,0.34461,0.30917,0.29192,0.13037,1.56249,2.73067,4.26671,1.54364,0,0,0,0.000593846,0.000593846,0.000593846
176,4547.74,1.83568,3.15068,2.05167,1.6861,0.14022,0.11608,0.12531,0.39794,0.41575,0.35573,0.19345,0.32402,0.34115,0.25172,0.11225,1.55836,2.69405,5.5209,1.53554,0,0,0,0.000592471,0.000592471,0.000592471
177,4573.53,1.85661,3.20825,2.10962,1.70339,0.14494,0.1175,0.12857,0.4283,0.42774,0.39703,0.23527,0.33974,0.3449,0.28808,0.1237,1.54271,2.71002,5.79396,1.51742,0,0,0,0.000591097,0.000591097,0.000591097
178,4599.32,1.8424,3.19711,2.12699,1.70949,0.14143,0.11461,0.12635,0.38409,0.40968,0.39175,0.22162,0.29744,0.33295,0.27189,0.12861,1.55153,2.70539,4.38715,1.52743,0,0,0,0.000589722,0.000589722,0.000589722
179,4625.06,1.87045,3.23365,2.13523,1.72828,0.13705,0.11281,0.12306,0.44847,0.41123,0.41289,0.21885,0.31729,0.32721,0.29297,0.13812,1.55538,2.71032,5.13341,1.53332,0,0,0,0.000588348,0.000588348,0.000588348
180,4650.6,1.87147,3.24442,2.11473,1.6873,0.13643,0.10926,0.12047,0.42005,0.47519,0.40333,0.22057,0.37175,0.36029,0.29921,0.1351,1.53595,2.68385,4.76574,1.51299,0,0,0,0.000586973,0.000586973,0.000586973
181,4676.31,1.8145,3.19326,2.08478,1.69796,0.13524,0.11098,0.12018,0.40138,0.43278,0.42581,0.22496,0.32553,0.3444,0.31852,0.14307,1.49063,2.62802,4.48353,1.49129,0,0,0,0.000585599,0.000585599,0.000585599
182,4702.1,1.80827,3.18655,2.11465,1.70198,0.13453,0.11026,0.12092,0.41296,0.45128,0.41744,0.21421,0.30233,0.37044,0.29047,0.12303,1.51906,2.65905,5.13205,1.49902,0,0,0,0.000584225,0.000584225,0.000584225
183,4727.61,1.80972,3.17295,2.05699,1.67848,0.13232,0.10788,0.11817,0.36127,0.44667,0.3994,0.21574,0.24857,0.38098,0.28901,0.12958,1.48776,2.65486,5.49626,1.48357,0,0,0,0.00058285,0.00058285,0.00058285
184,4753.24,1.82052,3.13732,2.0981,1.6799,0.13526,0.11047,0.12044,0.41871,0.43553,0.3989,0.21388,0.36361,0.38885,0.30811,0.13749,1.53085,2.63449,4.85596,1.49435,0,0,0,0.000581476,0.000581476,0.000581476
185,4778.49,1.82566,3.14991,2.04812,1.68116,0.13123,0.10804,0.11745,0.42566,0.4414,0.40935,0.21201,0.37665,0.35182,0.3159,0.14242,1.51041,2.62979,4.963,1.49109,0,0,0,0.000580101,0.000580101,0.000580101
186,4804.07,1.832,3.13916,2.06332,1.69258,0.13605,0.10966,0.12053,0.40237,0.46153,0.42705,0.22034,0.31579,0.39364,0.32743,0.14113,1.5159,2.59318,4.4564,1.50301,0,0,0,0.000578727,0.000578727,0.000578727
187,4829.54,1.83089,3.16689,2.10282,1.71143,0.13463,0.1085,0.11906,0.3738,0.45319,0.4203,0.2251,0.27411,0.41819,0.29396,0.12785,1.49979,2.61356,5.96978,1.48887,0,0,0,0.000577352,0.000577352,0.000577352
188,4855.15,1.80811,3.10856,2.05653,1.69531,0.13241,0.10758,0.11816,0.43512,0.49613,0.43639,0.24786,0.35134,0.41349,0.3194,0.14168,1.48179,2.58576,5.72611,1.47837,0,0,0,0.000575978,0.000575978,0.000575978
189,4881.07,1.80028,3.15428,2.07334,1.67976,0.13674,0.11023,0.12151,0.40502,0.4297,0.43608,0.22166,0.32639,0.35596,0.3186,0.14394,1.50896,2.61607,5.20539,1.47776,0,0,0,0.000574603,0.000574603,0.000574603
190,4906.36,1.78686,3.08098,2.0229,1.66347,0.12758,0.10246,0.11267,0.39597,0.45371,0.41715,0.22677,0.28347,0.38629,0.28461,0.12714,1.4878,2.59671,4.94098,1.48461,0,0,0,0.000573229,0.000573229,0.000573229
191,4932.02,1.75642,3.07334,2.02076,1.67714,0.12845,0.10425,0.11378,0.42968,0.46269,0.42864,0.23096,0.33367,0.37659,0.30789,0.13691,1.47185,2.58111,5.69058,1.47097,0,0,0,0.000571854,0.000571854,0.000571854
192,4957.67,1.78182,3.14244,2.041,1.67276,0.13765,0.11158,0.12198,0.39953,0.48469,0.44884,0.23228,0.33104,0.41043,0.33686,0.14622,1.45636,2.60018,4.77497,1.46075,0,0,0,0.00057048,0.00057048,0.00057048
193,4983.11,1.78355,3.14028,2.03127,1.65092,0.13516,0.10881,0.12004,0.41779,0.46261,0.419,0.23215,0.37179,0.35973,0.30883,0.13562,1.4596,2.60241,4.52134,1.4671,0,0,0,0.000569106,0.000569106,0.000569106
194,5008.87,1.78787,3.1269,1.98288,1.63619,0.13576,0.11046,0.12089,0.44103,0.43795,0.42255,0.22956,0.32859,0.36799,0.30865,0.13741,1.45646,2.57386,5.24175,1.45739,0,0,0,0.000567731,0.000567731,0.000567731
195,5034.28,1.84526,3.10617,2.08503,1.67514,0.13592,0.10634,0.11857,0.44925,0.42097,0.41847,0.23239,0.37645,0.35907,0.32278,0.1421,1.51332,2.57358,4.67536,1.48305,0,0,0,0.000566357,0.000566357,0.000566357
196,5060.03,1.77557,3.10569,2.04925,1.64523,0.13567,0.10968,0.12061,0.47001,0.41485,0.41908,0.24037,0.38058,0.35149,0.31268,0.13811,1.52683,2.59436,4.66438,1.48477,0,0,0,0.000564982,0.000564982,0.000564982
197,5085.8,1.76029,3.02556,1.98003,1.63445,0.13714,0.11501,0.12461,0.36899,0.49254,0.41756,0.23305,0.31283,0.41966,0.31939,0.14645,1.5096,2.55244,5.51015,1.47184,0,0,0,0.000563608,0.000563608,0.000563608
198,5111.36,1.78986,3.09749,2.00981,1.65643,0.13027,0.10695,0.11709,0.40444,0.48893,0.40591,0.21361,0.34826,0.41308,0.34771,0.1494,1.47956,2.5786,5.41907,1.47076,0,0,0,0.000562233,0.000562233,0.000562233
199,5136.9,1.77402,3.08617,2.00646,1.61077,0.13105,0.10699,0.11721,0.37583,0.50274,0.38451,0.18902,0.3334,0.41797,0.31177,0.12204,1.49391,2.58324,4.6537,1.46817,0,0,0,0.000560859,0.000560859,0.000560859
200,5162.71,1.81428,3.10475,1.98757,1.63451,0.12913,0.10786,0.11704,0.34958,0.50259,0.3977,0.20522,0.30898,0.41046,0.30992,0.13414,1.47527,2.53752,4.87786,1.45156,0,0,0,0.000559484,0.000559484,0.000559484
201,5188.39,1.78684,3.07613,1.92434,1.62474,0.13873,0.11282,0.1237,0.38659,0.50224,0.45999,0.25839,0.34733,0.40177,0.35901,0.16778,1.45781,2.5596,4.66233,1.46024,0,0,0,0.00055811,0.00055811,0.00055811
202,5214.15,1.75502,3.06599,1.94543,1.65396,0.1353,0.1096,0.1195,0.43353,0.49818,0.44475,0.24815,0.36198,0.42593,0.33672,0.1547,1.4713,2.59795,4.79454,1.46915,0,0,0,0.000556736,0.000556736,0.000556736
203,5240,1.75988,3.02793,1.94133,1.6434,0.13167,0.10619,0.1159,0.39572,0.51649,0.44854,0.25791,0.36473,0.39768,0.3414,0.16068,1.44013,2.51455,5.55504,1.44543,0,0,0,0.000555361,0.000555361,0.000555361
204,5265.49,1.74054,3.07218,1.99673,1.63724,0.13871,0.11052,0.12151,0.3998,0.50574,0.46236,0.25216,0.31823,0.43388,0.36022,0.17161,1.45845,2.52814,5.8532,1.4388,0,0,0,0.000553987,0.000553987,0.000553987
205,5291.13,1.7814,3.09788,1.95084,1.6443,0.13342,0.10855,0.11862,0.42789,0.47544,0.42811,0.23554,0.40215,0.41481,0.35254,0.16597,1.45732,2.54799,5.27071,1.45429,0,0,0,0.000552612,0.000552612,0.000552612
206,5316.54,1.76455,3.03422,1.98875,1.6513,0.1324,0.10622,0.11806,0.42394,0.48391,0.4536,0.24349,0.34443,0.3982,0.34163,0.14992,1.45468,2.54679,4.10692,1.46005,0,0,0,0.000551238,0.000551238,0.000551238
207,5342.29,1.75971,3.05472,1.95076,1.60733,0.13664,0.11035,0.12077,0.40146,0.5083,0.43965,0.23596,0.32557,0.40713,0.30897,0.14295,1.4619,2.51899,5.31772,1.45754,0,0,0,0.000549863,0.000549863,0.000549863
208,5367.86,1.69836,3.02347,1.93242,1.61141,0.13342,0.10846,0.11856,0.42377,0.49535,0.47659,0.25706,0.34714,0.39089,0.34989,0.15608,1.45461,2.5057,4.9786,1.43938,0,0,0,0.000548489,0.000548489,0.000548489
209,5393.43,1.78288,3.06483,1.93114,1.61761,0.13912,0.11309,0.12386,0.38591,0.54516,0.48105,0.27224,0.31287,0.41501,0.34609,0.16066,1.42345,2.50584,5.10843,1.43899,0,0,0,0.000547114,0.000547114,0.000547114
210,5419.32,1.77467,3.09469,1.96896,1.6226,0.13544,0.10964,0.12049,0.4212,0.54963,0.46798,0.2666,0.33759,0.4403,0.33432,0.15438,1.42783,2.53844,4.80086,1.44014,0,0,0,0.00054574,0.00054574,0.00054574
211,5445.02,1.75644,3.01178,1.90539,1.61632,0.13034,0.10651,0.11733,0.48832,0.48014,0.4664,0.27066,0.42094,0.38658,0.34584,0.16004,1.41306,2.50252,4.46367,1.42619,0,0,0,0.000544365,0.000544365,0.000544365
212,5470.52,1.70602,3.01615,1.87824,1.61507,0.13462,0.11004,0.1211,0.44899,0.51167,0.47976,0.26255,0.34753,0.38089,0.33457,0.15534,1.4498,2.49965,4.99705,1.44544,0,0,0,0.000542991,0.000542991,0.000542991
213,5496.09,1.76097,3.03429,1.90692,1.60568,0.13027,0.10697,0.117,0.5338,0.49622,0.48912,0.29019,0.43325,0.39526,0.3573,0.17606,1.41721,2.49681,5.0166,1.43004,0,0,0,0.000541617,0.000541617,0.000541617
214,5522.02,1.72779,3.01703,1.88716,1.60696,0.12973,0.10673,0.11536,0.49364,0.53764,0.47556,0.26431,0.40682,0.44754,0.35105,0.15895,1.43128,2.47958,5.2455,1.42816,0,0,0,0.000540242,0.000540242,0.000540242
215,5547.41,1.78099,3.06471,1.96269,1.62739,0.13436,0.1077,0.11881,0.43293,0.53035,0.48868,0.27507,0.35688,0.40178,0.35898,0.17199,1.38422,2.44793,5.78638,1.41093,0,0,0,0.000538868,0.000538868,0.000538868
216,5572.99,1.7107,2.9844,1.90741,1.61272,0.13356,0.10782,0.11994,0.44035,0.51673,0.46046,0.26161,0.4179,0.35771,0.33949,0.1572,1.40841,2.45107,6.45653,1.41158,0,0,0,0.000537493,0.000537493,0.000537493
217,5598.48,1.74447,2.96748,1.97907,1.65199,0.1372,0.10699,0.11959,0.43293,0.53708,0.47343,0.27069,0.40511,0.35993,0.35007,0.15841,1.40604,2.43977,6.27158,1.41957,0,0,0,0.000536119,0.000536119,0.000536119
218,5624.17,1.77686,3.00481,1.92162,1.61096,0.13345,0.10674,0.11803,0.43291,0.51079,0.47073,0.26865,0.38658,0.42252,0.35405,0.17351,1.43036,2.44442,4.73645,1.43476,0,0,0,0.000534744,0.000534744,0.000534744
219,5649.76,1.68268,3.01903,1.91329,1.61358,0.13279,0.1063,0.11642,0.44934,0.47716,0.44896,0.26089,0.34916,0.41087,0.33321,0.15734,1.42639,2.4721,5.35365,1.4358,0,0,0,0.00053337,0.00053337,0.00053337
220,5675.42,1.78253,3.05409,1.92236,1.59716,0.13181,0.10601,0.11654,0.39175,0.53434,0.47715,0.27312,0.29176,0.43128,0.34934,0.16805,1.40558,2.49931,5.18587,1.41218,0,0,0,0.000531995,0.000531995,0.000531995
221,5701.19,1.7076,3.01527,1.91274,1.61657,0.1326,0.10675,0.11861,0.48771,0.44566,0.48987,0.29317,0.3936,0.37983,0.37434,0.18235,1.39745,2.49486,5.85181,1.40954,0,0,0,0.000530621,0.000530621,0.000530621
222,5727.24,1.76693,3.03709,1.90357,1.63385,0.13859,0.11133,0.12317,0.43559,0.50423,0.49608,0.29115,0.40994,0.36031,0.36987,0.19089,1.4245,2.4387,6.14895,1.42467,0,0,0,0.000529247,0.000529247,0.000529247
223,5752.83,1.70309,2.94663,1.85745,1.58918,0.12736,0.10299,0.11207,0.4493,0.53365,0.49051,0.26484,0.33561,0.43034,0.37274,0.1742,1.39376,2.39586,5.55628,1.40425,0,0,0,0.000527872,0.000527872,0.000527872
224,5778.38,1.72768,3.03425,1.887,1.60052,0.13748,0.10871,0.11923,0.44991,0.53776,0.50626,0.27532,0.39164,0.44983,0.401,0.18969,1.35707,2.3851,4.92279,1.38928,0,0,0,0.000526498,0.000526498,0.000526498
225,5804.03,1.66857,3.02664,1.84745,1.58885,0.13442,0.10736,0.11689,0.49555,0.51527,0.49523,0.28717,0.41222,0.4397,0.37664,0.18204,1.33403,2.38542,5.27446,1.3767,0,0,0,0.000525123,0.000525123,0.000525123
226,5829.79,1.64139,2.91118,1.99161,1.53916,0.13435,0.10871,0.11901,0.43956,0.53429,0.49309,0.2777,0.35728,0.4307,0.36736,0.18465,1.3718,2.3833,5.27227,1.38652,0,0,0,0.000523749,0.000523749,0.000523749
227,5855.23,1.71081,3.00042,1.88328,1.59745,0.13418,0.1069,0.11811,0.44662,0.54468,0.5129,0.29601,0.34358,0.42733,0.36245,0.18307,1.35757,2.38151,5.03566,1.37982,0,0,0,0.000522374,0.000522374,0.000522374
228,5880.86,1.70027,2.93851,1.8933,1.60149,0.12988,0.10445,0.11542,0.45726,0.51247,0.49573,0.28802,0.48421,0.39277,0.36917,0.18457,1.37703,2.38492,5.43161,1.39386,0,0,0,0.000521,0.000521,0.000521
229,5906.29,1.74122,3.00519,1.9189,1.60418,0.13452,0.10828,0.12009,0.41604,0.56571,0.4882,0.28544,0.39013,0.43616,0.38223,0.18483,1.38467,2.39678,5.41033,1.39666,0,0,0,0.000519625,0.000519625,0.000519625
230,5932.05,1.72973,2.9965,1.88711,1.57831,0.13409,0.1081,0.11906,0.50691,0.47657,0.51604,0.31696,0.44717,0.40495,0.39278,0.19205,1.37291,2.36366,5.78685,1.38753,0,0,0,0.000518251,0.000518251,0.000518251
231,5957.62,1.70233,2.98982,1.88452,1.58403,0.12748,0.10407,0.11447,0.53682,0.48339,0.50216,0.30213,0.4506,0.42426,0.38186,0.19696,1.35061,2.41438,5.35243,1.3778,0,0,0,0.000516877,0.000516877,0.000516877
232,5983.35,1.69421,2.94742,1.83017,1.56962,0.13288,0.10881,0.11868,0.47511,0.56421,0.53172,0.3172,0.39244,0.45561,0.39793,0.20105,1.35705,2.39585,4.97858,1.38399,0,0,0,0.000515502,0.000515502,0.000515502
233,6009.02,1.6537,2.91665,1.79687,1.5663,0.13011,0.1075,0.11864,0.50078,0.48607,0.50735,0.28732,0.37432,0.4261,0.37801,0.18338,1.35715,2.40277,5.82088,1.38847,0,0,0,0.000514128,0.000514128,0.000514128
234,6034.4,1.66718,2.89614,1.88626,1.59679,0.13496,0.10754,0.11939,0.47386,0.54325,0.51737,0.29798,0.41152,0.43326,0.38597,0.1796,1.35185,2.37005,5.46148,1.38299,0,0,0,0.000512753,0.000512753,0.000512753
235,6060.06,1.68406,2.94523,1.81354,1.58852,0.13353,0.10912,0.11996,0.53661,0.51297,0.52677,0.31225,0.46816,0.41995,0.3886,0.18894,1.35251,2.3716,5.72408,1.38483,0,0,0,0.000511379,0.000511379,0.000511379
236,6085.61,1.68837,2.87553,1.82637,1.55095,0.1319,0.10627,0.11735,0.43633,0.5356,0.51824,0.29275,0.39713,0.45184,0.41633,0.20446,1.35627,2.37727,6.10486,1.37962,0,0,0,0.000510004,0.000510004,0.000510004
237,6110.94,1.67406,2.91235,1.81589,1.58467,0.13445,0.10838,0.11944,0.40466,0.54084,0.51113,0.28888,0.38233,0.43605,0.40789,0.19988,1.3458,2.35699,5.64802,1.38557,0,0,0,0.00050863,0.00050863,0.00050863
238,6136.69,1.70566,2.953,1.84064,1.58465,0.12977,0.10601,0.11587,0.42502,0.52151,0.49708,0.29272,0.42656,0.4264,0.40089,0.20066,1.36113,2.36723,5.66743,1.38283,0,0,0,0.000507255,0.000507255,0.000507255
239,6162.21,1.69653,2.88818,1.83754,1.58795,0.12977,0.10626,0.11593,0.49194,0.51319,0.5313,0.3287,0.42758,0.46046,0.43099,0.20865,1.35084,2.33835,5.46064,1.37205,0,0,0,0.000505881,0.000505881,0.000505881
240,6188.01,1.67795,2.89432,1.85668,1.59834,0.13088,0.10564,0.11526,0.44937,0.51625,0.5306,0.3271,0.37754,0.4319,0.40424,0.20153,1.34385,2.3553,4.65272,1.37449,0,0,0,0.000504506,0.000504506,0.000504506
241,6213.65,1.67929,2.89648,1.77355,1.58429,0.13431,0.10845,0.11837,0.42621,0.55767,0.53086,0.3062,0.39211,0.44254,0.41025,0.21106,1.3265,2.35089,5.47886,1.36551,0,0,0,0.000503132,0.000503132,0.000503132
242,6239.13,1.68692,2.93042,1.83247,1.55965,0.13522,0.11024,0.12216,0.50061,0.54254,0.5087,0.29018,0.42969,0.42197,0.38041,0.19132,1.3572,2.39276,4.98082,1.37979,0,0,0,0.000501758,0.000501758,0.000501758
243,6264.77,1.70318,2.89462,1.78977,1.5693,0.13502,0.10703,0.11764,0.47766,0.54656,0.53699,0.32012,0.38563,0.45839,0.40143,0.21364,1.33227,2.32367,5.62504,1.35887,0,0,0,0.000500383,0.000500383,0.000500383
244,6290.24,1.68346,2.93904,1.78994,1.57927,0.13272,0.10452,0.11585,0.45623,0.55783,0.53514,0.32508,0.37545,0.46958,0.40706,0.20579,1.33824,2.33169,5.15957,1.36422,0,0,0,0.000499009,0.000499009,0.000499009
245,6315.61,1.67566,2.92656,1.80627,1.58038,0.12815,0.10469,0.11559,0.46965,0.55865,0.51479,0.31328,0.37889,0.45084,0.38078,0.19197,1.3595,2.3865,4.62036,1.38303,0,0,0,0.000497634,0.000497634,0.000497634
246,6341.26,1.66747,2.92002,1.78022,1.55768,0.13834,0.11316,0.12377,0.49614,0.54169,0.51113,0.30847,0.42009,0.43299,0.38973,0.20162,1.34604,2.35701,4.47528,1.37061,0,0,0,0.00049626,0.00049626,0.00049626
247,6366.92,1.61897,2.90275,1.81784,1.56631,0.13848,0.11009,0.12117,0.48622,0.54587,0.51412,0.31287,0.41676,0.46392,0.39936,0.2041,1.31448,2.31982,5.27449,1.34873,0,0,0,0.000494885,0.000494885,0.000494885
248,6392.2,1.65019,2.88131,1.79551,1.53176,0.12405,0.0995,0.1102,0.47601,0.54721,0.5103,0.30485,0.39457,0.46096,0.38199,0.1934,1.32329,2.30962,5.34244,1.35772,0,0,0,0.000493511,0.000493511,0.000493511
249,6417.93,1.67113,2.83515,1.82943,1.58952,0.1323,0.1057,0.11601,0.55089,0.48459,0.52885,0.30613,0.50626,0.42725,0.40323,0.19812,1.32215,2.31489,6.0173,1.36602,0,0,0,0.000492136,0.000492136,0.000492136
250,6443.81,1.68457,2.94301,1.78296,1.55736,0.1255,0.10468,0.11479,0.51725,0.52789,0.53611,0.31111,0.45464,0.45599,0.41315,0.19877,1.30622,2.31086,5.67104,1.35838,0,0,0,0.000490762,0.000490762,0.000490762
251,6469.07,1.6326,2.88574,1.78411,1.55746,0.13014,0.10602,0.11656,0.43137,0.60026,0.5504,0.33374,0.44501,0.42016,0.41383,0.22236,1.31575,2.29798,5.0482,1.35432,0,0,0,0.000489387,0.000489387,0.000489387
252,6495.05,1.64962,2.89432,1.78933,1.5866,0.13179,0.10601,0.11758,0.47035,0.5811,0.54219,0.32673,0.3953,0.48548,0.40808,0.20953,1.29972,2.28306,6.10235,1.33571,0,0,0,0.000488013,0.000488013,0.000488013
253,6520.68,1.62717,2.84938,1.78138,1.54555,0.12755,0.10166,0.11319,0.46123,0.55458,0.53984,0.31927,0.41712,0.44745,0.39544,0.20119,1.32714,2.3136,5.53979,1.36339,0,0,0,0.000486639,0.000486639,0.000486639
254,6546.27,1.69447,2.89911,1.77151,1.53976,0.13022,0.10577,0.11638,0.4603,0.61153,0.53976,0.33711,0.41679,0.47952,0.41792,0.21671,1.33013,2.29187,5.53278,1.35993,0,0,0,0.000485264,0.000485264,0.000485264
255,6571.86,1.64311,2.91718,1.76925,1.54131,0.12789,0.10594,0.1153,0.47805,0.53122,0.54497,0.3446,0.40636,0.44424,0.4281,0.2251,1.29834,2.26702,5.41557,1.34297,0,0,0,0.00048389,0.00048389,0.00048389
256,6597.62,1.60615,2.89149,1.75809,1.55006,0.13701,0.11014,0.12117,0.48733,0.54353,0.55182,0.33887,0.45805,0.41122,0.41426,0.21672,1.30239,2.24134,5.73902,1.33741,0,0,0,0.000482515,0.000482515,0.000482515
257,6623.09,1.61754,2.79395,1.73488,1.53616,0.12785,0.10403,0.11505,0.47849,0.52213,0.53451,0.31834,0.41904,0.46521,0.40651,0.20605,1.31987,2.24402,6.13982,1.33531,0,0,0,0.000481141,0.000481141,0.000481141
258,6648.81,1.61835,2.85292,1.72075,1.51156,0.12745,0.10387,0.11366,0.50774,0.5682,0.5445,0.3266,0.44497,0.49761,0.4146,0.20881,1.31865,2.25661,5.1579,1.34014,0,0,0,0.000479766,0.000479766,0.000479766
259,6674.3,1.62078,2.81163,1.78715,1.54377,0.1324,0.10667,0.11801,0.50646,0.55765,0.55115,0.34312,0.47743,0.43159,0.43052,0.23213,1.2749,2.23998,5.88026,1.32856,0,0,0,0.000478392,0.000478392,0.000478392
260,6700.03,1.62278,2.84229,1.71732,1.52512,0.13502,0.11089,0.12059,0.50352,0.53123,0.55764,0.34637,0.4428,0.44131,0.43707,0.23901,1.26691,2.21854,6.33907,1.32388,0,0,0,0.000477017,0.000477017,0.000477017
261,6725.89,1.62449,2.83685,1.71992,1.51986,0.13292,0.11033,0.12126,0.4596,0.57218,0.54726,0.34334,0.39762,0.50053,0.43197,0.22969,1.268,2.25306,6.27469,1.31993,0,0,0,0.000475643,0.000475643,0.000475643
262,6751.34,1.66534,2.87753,1.79242,1.565,0.13464,0.10815,0.11961,0.48,0.56737,0.53809,0.31803,0.39144,0.48475,0.41683,0.21331,1.29214,2.25662,5.52805,1.33085,0,0,0,0.000474269,0.000474269,0.000474269
263,6776.49,1.59696,2.69001,1.82214,1.50943,0.12753,0.10065,0.11144,0.49203,0.60112,0.52776,0.32076,0.40589,0.51095,0.40674,0.20836,1.29487,2.25329,5.01073,1.33935,0,0,0,0.000472894,0.000472894,0.000472894
264,6802.18,1.64659,2.83409,1.74374,1.54349,0.12564,0.10082,0.11149,0.47655,0.60174,0.55737,0.35045,0.42254,0.52519,0.44541,0.23616,1.28646,2.24366,5.75415,1.32603,0,0,0,0.00047152,0.00047152,0.00047152
265,6827.86,1.59063,2.7908,1.71472,1.50157,0.12938,0.10618,0.11649,0.45846,0.62313,0.56792,0.35692,0.40454,0.52241,0.44067,0.23265,1.28322,2.23461,5.43074,1.32717,0,0,0,0.000470145,0.000470145,0.000470145
266,6853.57,1.631,2.83353,1.74823,1.55272,0.13226,0.10662,0.11773,0.50642,0.59082,0.57836,0.3579,0.43282,0.49472,0.44863,0.23805,1.28433,2.24526,5.70564,1.32846,0,0,0,0.000468771,0.000468771,0.000468771
267,6879.48,1.5797,2.76282,1.69241,1.50517,0.12672,0.10429,0.11453,0.5096,0.60704,0.58123,0.3672,0.43875,0.52779,0.45207,0.24098,1.27816,2.22284,5.59651,1.3292,0,0,0,0.000467396,0.000467396,0.000467396
268,6905.2,1.60179,2.69577,1.66691,1.48706,0.12779,0.10503,0.11532,0.51738,0.55625,0.57409,0.35063,0.48471,0.43046,0.44128,0.23169,1.26209,2.21131,5.33751,1.31876,0,0,0,0.000466022,0.000466022,0.000466022
269,6930.71,1.61618,2.79001,1.69659,1.52321,0.12849,0.10484,0.11534,0.48848,0.59315,0.58215,0.36456,0.39186,0.50357,0.44008,0.24005,1.27832,2.24636,5.19685,1.32597,0,0,0,0.000464647,0.000464647,0.000464647
270,6956.52,1.61477,2.82914,1.71741,1.52106,0.13275,0.1085,0.11862,0.50491,0.56977,0.56265,0.36082,0.44519,0.4786,0.44369,0.2396,1.27807,2.2086,4.99961,1.32402,0,0,0,0.000463273,0.000463273,0.000463273
271,6981.92,1.62993,2.79148,1.74407,1.54356,0.12995,0.1059,0.11692,0.52272,0.54618,0.55748,0.34875,0.4641,0.46312,0.4335,0.23066,1.27894,2.23442,5.44595,1.32861,0,0,0,0.000461898,0.000461898,0.000461898
272,7007.51,1.62604,2.73117,1.71391,1.51545,0.13098,0.10694,0.11749,0.55657,0.55499,0.57361,0.34905,0.47639,0.46422,0.43215,0.23182,1.27132,2.22612,5.36741,1.31971,0,0,0,0.000460524,0.000460524,0.000460524
273,7033.35,1.63557,2.81724,1.71001,1.51259,0.12875,0.10293,0.11407,0.61659,0.56012,0.57244,0.34401,0.54228,0.44467,0.43433,0.23073,1.27915,2.18705,5.49416,1.31904,0,0,0,0.00045915,0.00045915,0.00045915
274,7058.71,1.58442,2.82696,1.68811,1.50744,0.12622,0.10184,0.11261,0.45371,0.63511,0.56564,0.33452,0.50718,0.45334,0.44913,0.2386,1.27118,2.18744,6.4425,1.30832,0,0,0,0.000457775,0.000457775,0.000457775
275,7084.29,1.63783,2.76374,1.70855,1.52988,0.13151,0.10787,0.11874,0.46323,0.60607,0.55979,0.33144,0.39916,0.52597,0.43553,0.2276,1.25292,2.19006,6.40568,1.307,0,0,0,0.000456401,0.000456401,0.000456401
276,7109.82,1.58047,2.80014,1.67263,1.51166,0.12689,0.10404,0.11371,0.50091,0.5735,0.5586,0.34552,0.46176,0.47669,0.44412,0.23551,1.25627,2.19432,5.89293,1.30481,0,0,0,0.000455026,0.000455026,0.000455026
277,7135.3,1.57884,2.82295,1.73937,1.51219,0.1294,0.10475,0.11549,0.48969,0.61946,0.55389,0.33169,0.4241,0.5356,0.43409,0.22469,1.24952,2.18899,5.42739,1.30459,0,0,0,0.000453652,0.000453652,0.000453652
278,7160.92,1.60611,2.77874,1.69059,1.5028,0.12837,0.1046,0.11503,0.52055,0.53827,0.55479,0.34209,0.46996,0.46994,0.43011,0.23798,1.27223,2.16728,5.90145,1.31093,0,0,0,0.000452277,0.000452277,0.000452277
279,7186.55,1.61441,2.7416,1.68615,1.51789,0.13242,0.10835,0.11907,0.60201,0.48713,0.56434,0.34302,0.54603,0.43634,0.45235,0.24209,1.26969,2.15543,6.78434,1.30712,0,0,0,0.000450903,0.000450903,0.000450903
280,7212.27,1.59143,2.77525,1.66595,1.50155,0.13246,0.11042,0.12089,0.53203,0.5665,0.56393,0.35704,0.52083,0.47386,0.45315,0.24576,1.2488,2.15844,6.767,1.30204,0,0,0,0.000449528,0.000449528,0.000449528
281,7237.78,1.61396,2.78376,1.73913,1.52368,0.13211,0.10877,0.11957,0.48111,0.61014,0.57619,0.36216,0.4055,0.53027,0.44702,0.24351,1.23905,2.18032,6.97284,1.29751,0,0,0,0.000448154,0.000448154,0.000448154
282,7263.58,1.59579,2.73864,1.72314,1.53562,0.13274,0.10543,0.11615,0.50075,0.57261,0.56242,0.3436,0.4194,0.50771,0.44249,0.23754,1.25519,2.17388,6.48635,1.30263,0,0,0,0.00044678,0.00044678,0.00044678
283,7289.06,1.57559,2.70786,1.65062,1.48369,0.12934,0.10526,0.11581,0.50252,0.62613,0.58297,0.35571,0.43214,0.51922,0.45449,0.24411,1.24093,2.18517,5.97053,1.29723,0,0,0,0.000445405,0.000445405,0.000445405
284,7314.61,1.54686,2.7629,1.65728,1.48706,0.12695,0.10179,0.11223,0.54899,0.56368,0.57981,0.35318,0.4719,0.47833,0.4519,0.24139,1.25329,2.15647,5.48146,1.30368,0,0,0,0.000444031,0.000444031,0.000444031
285,7340.22,1.60438,2.79251,1.65662,1.50701,0.13697,0.11014,0.1219,0.5502,0.57628,0.5823,0.36007,0.47247,0.49137,0.44483,0.23844,1.243,2.1541,5.54433,1.29286,0,0,0,0.000442656,0.000442656,0.000442656
286,7365.63,1.59532,2.74042,1.68088,1.49584,0.12287,0.0996,0.11037,0.47211,0.62256,0.57295,0.34052,0.47984,0.4364,0.44057,0.22803,1.26477,2.17015,5.66037,1.30607,0,0,0,0.000441282,0.000441282,0.000441282
287,7391.27,1.61895,2.73816,1.72696,1.4906,0.11995,0.09658,0.10708,0.52761,0.56885,0.58691,0.35007,0.44847,0.49276,0.46093,0.24252,1.2333,2.16694,6.73992,1.29179,0,0,0,0.000439907,0.000439907,0.000439907
288,7416.8,1.57272,2.7392,1.63962,1.50065,0.13554,0.10829,0.12045,0.48454,0.60706,0.57257,0.34293,0.51635,0.44631,0.46273,0.24129,1.22939,2.16444,6.89889,1.28852,0,0,0,0.000438533,0.000438533,0.000438533
289,7442.33,1.5922,2.77802,1.68243,1.50321,0.1275,0.10464,0.11519,0.454,0.61606,0.57495,0.34659,0.46059,0.46056,0.4586,0.23893,1.21618,2.1495,5.79238,1.28197,0,0,0,0.000437158,0.000437158,0.000437158
290,7468.08,1.56258,2.74747,1.68931,1.49581,0.13253,0.10696,0.11842,0.4583,0.63173,0.58831,0.35464,0.45384,0.48374,0.46432,0.24323,1.2348,2.13797,5.80285,1.29184,0,0,0,0.000435784,0.000435784,0.000435784
291,7493.61,1.57688,2.71545,1.65618,1.47927,0.13058,0.10761,0.11702,0.54167,0.5864,0.58568,0.36254,0.56839,0.3997,0.45899,0.24191,1.21979,2.12937,6.33124,1.27901,0,0,0,0.000434409,0.000434409,0.000434409
292,7519.06,1.58686,2.72283,1.79626,1.52833,0.12968,0.10202,0.11471,0.48217,0.63627,0.57923,0.36042,0.39793,0.52148,0.44802,0.23141,1.23733,2.13663,5.57836,1.28373,0,0,0,0.000433035,0.000433035,0.000433035
293,7544.72,1.59029,2.67595,1.65437,1.48432,0.1231,0.10338,0.11317,0.4633,0.66544,0.58724,0.36935,0.39002,0.56456,0.45979,0.24379,1.22607,2.13006,5.47384,1.28365,0,0,0,0.000431661,0.000431661,0.000431661
294,7570.25,1.59218,2.72384,1.6402,1.50976,0.12746,0.10382,0.11445,0.5171,0.6024,0.61039,0.39358,0.48662,0.49104,0.48103,0.25841,1.22909,2.12777,5.5545,1.28029,0,0,0,0.000430286,0.000430286,0.000430286
295,7595.78,1.58504,2.77104,1.65178,1.48059,0.1318,0.1061,0.11691,0.55029,0.59713,0.61052,0.40099,0.47562,0.51086,0.47828,0.26801,1.20294,2.11428,5.68188,1.27166,0,0,0,0.000428912,0.000428912,0.000428912
296,7622.03,1.55797,2.71579,1.63586,1.47451,0.12812,0.1026,0.11335,0.515,0.58335,0.59282,0.38236,0.42239,0.51976,0.4609,0.25025,1.21906,2.13279,5.17396,1.27921,0,0,0,0.000427537,0.000427537,0.000427537
297,7647.57,1.54883,2.72713,1.65956,1.47363,0.13244,0.10839,0.12062,0.49217,0.63455,0.57519,0.3622,0.40325,0.55816,0.44542,0.23522,1.22897,2.1145,5.81676,1.27888,0,0,0,0.000426163,0.000426163,0.000426163
298,7672.89,1.55323,2.6787,1.65402,1.47997,0.12562,0.10175,0.11275,0.58746,0.55197,0.59996,0.39935,0.47935,0.45829,0.44889,0.25544,1.20598,2.09462,5.35939,1.27111,0,0,0,0.000424788,0.000424788,0.000424788
299,7698.4,1.57527,2.76973,1.66369,1.4971,0.12704,0.10457,0.11466,0.53295,0.60182,0.58657,0.37411,0.40732,0.5143,0.43521,0.23028,1.19671,2.11648,5.33633,1.27352,0,0,0,0.000423414,0.000423414,0.000423414
300,7723.99,1.59431,2.78443,1.67963,1.51076,0.13053,0.10571,0.11682,0.50509,0.6313,0.60927,0.3816,0.44256,0.50105,0.46135,0.24856,1.19967,2.10425,5.4892,1.27147,0,0,0,0.000422039,0.000422039,0.000422039
301,7749.54,1.55946,2.76691,1.61464,1.4764,0.12957,0.10706,0.11656,0.55147,0.60371,0.60836,0.38863,0.46113,0.50834,0.46861,0.26034,1.20166,2.09459,5.89875,1.26904,0,0,0,0.000420665,0.000420665,0.000420665
302,7774.99,1.56098,2.67059,1.62272,1.4714,0.11929,0.09792,0.10804,0.5788,0.62729,0.60847,0.38867,0.51418,0.5236,0.46914,0.25844,1.19643,2.07536,5.55906,1.27035,0,0,0,0.000419291,0.000419291,0.000419291
303,7800.56,1.58408,2.70211,1.62601,1.49399,0.12814,0.10564,0.11649,0.51374,0.65748,0.60024,0.37943,0.45563,0.54218,0.4629,0.25903,1.17222,2.0609,5.71993,1.25991,0,0,0,0.000417916,0.000417916,0.000417916
304,7826.06,1.54148,2.67377,1.58387,1.44368,0.12745,0.10494,0.11543,0.56034,0.58929,0.60054,0.3819,0.44023,0.55477,0.46786,0.25268,1.17856,2.0637,5.80978,1.25205,0,0,0,0.000416542,0.000416542,0.000416542
305,7851.73,1.57292,2.70259,1.64702,1.46506,0.12322,0.1005,0.11076,0.52677,0.60594,0.58821,0.37379,0.50358,0.49733,0.46853,0.25087,1.2016,2.08917,6.30341,1.26877,0,0,0,0.000415167,0.000415167,0.000415167
306,7877.31,1.58044,2.77778,1.60537,1.48415,0.12784,0.10593,0.11634,0.59348,0.61068,0.61133,0.3928,0.58887,0.48581,0.50007,0.26541,1.17231,2.07564,5.98754,1.25807,0,0,0,0.000413793,0.000413793,0.000413793
307,7902.93,1.5281,2.64246,1.5932,1.45759,0.12715,0.10274,0.11407,0.60119,0.59117,0.60981,0.39094,0.54966,0.50011,0.48025,0.27059,1.1721,2.05264,5.8896,1.25376,0,0,0,0.000412418,0.000412418,0.000412418
308,7928.46,1.54792,2.71315,1.60573,1.47817,0.12867,0.10545,0.11564,0.53785,0.64507,0.6016,0.38244,0.46547,0.55569,0.47437,0.25892,1.1944,2.06562,6.42131,1.2575,0,0,0,0.000411044,0.000411044,0.000411044
309,7954.07,1.55962,2.64383,1.60089,1.46072,0.12448,0.10368,0.11273,0.56118,0.64862,0.61243,0.39912,0.48365,0.53517,0.47523,0.25651,1.16635,2.06121,6.19833,1.24377,0,0,0,0.000409669,0.000409669,0.000409669
310,7979.46,1.49439,2.643,1.94433,1.45094,0.12487,0.10392,0.114,0.56164,0.60208,0.61803,0.40385,0.46354,0.53713,0.48466,0.26781,1.15979,2.06244,6.16715,1.24677,0,0,0,0.000408295,0.000408295,0.000408295
311,8004.98,1.5284,2.62172,1.61554,1.48609,0.12367,0.10064,0.11095,0.5457,0.61357,0.61685,0.40582,0.50806,0.49002,0.4855,0.27038,1.18045,2.04383,5.81789,1.25599,0,0,0,0.00040692,0.00040692,0.00040692
312,8030.72,1.53554,2.76149,1.59313,1.48239,0.13652,0.11366,0.12424,0.53751,0.66528,0.62576,0.40233,0.45213,0.53395,0.47666,0.27191,1.17045,2.03593,6.30296,1.25389,0,0,0,0.000405546,0.000405546,0.000405546
313,8056.14,1.54916,2.66825,1.66191,1.4955,0.12536,0.10413,0.11451,0.56389,0.63838,0.61037,0.39972,0.47364,0.53894,0.48549,0.2697,1.18768,2.04278,5.60045,1.25609,0,0,0,0.000404172,0.000404172,0.000404172
314,8081.45,1.55116,2.68116,1.57081,1.44303,0.12322,0.10169,0.11182,0.56926,0.62547,0.5984,0.38009,0.47733,0.50963,0.46185,0.2561,1.19855,2.03735,5.61783,1.25825,0,0,0,0.000402797,0.000402797,0.000402797
315,8106.82,1.52067,2.68778,1.6372,1.4811,0.13081,0.10597,0.11757,0.5321,0.69521,0.61013,0.38983,0.43729,0.57617,0.46736,0.25668,1.18918,2.03679,5.75399,1.26109,0,0,0,0.000401423,0.000401423,0.000401423
316,8132.51,1.54259,2.64676,1.60596,1.46788,0.12654,0.10507,0.11461,0.5247,0.64472,0.61094,0.39747,0.41788,0.55276,0.46485,0.24975,1.20448,2.05278,5.90562,1.26887,0,0,0,0.000400048,0.000400048,0.000400048
317,8158.07,1.52574,2.71498,1.614,1.47184,0.12995,0.10628,0.11697,0.55291,0.62193,0.61571,0.40467,0.56581,0.49969,0.48696,0.26879,1.17753,2.04321,6.18169,1.24934,0,0,0,0.000398674,0.000398674,0.000398674
318,8183.41,1.52636,2.60302,1.57779,1.46851,0.12305,0.10058,0.11122,0.55656,0.62092,0.61017,0.39615,0.51428,0.53054,0.49322,0.27668,1.17009,2.07236,5.89254,1.23984,0,0,0,0.000397299,0.000397299,0.000397299
319,8208.95,1.54998,2.63088,1.56659,1.45518,0.12583,0.10539,0.11522,0.5285,0.61927,0.61774,0.39975,0.52515,0.51595,0.49624,0.28116,1.16458,2.0495,6.23508,1.23779,0,0,0,0.000395925,0.000395925,0.000395925
320,8235.22,1.54502,2.66871,1.59191,1.472,0.12659,0.1048,0.1142,0.4978,0.6479,0.61252,0.40271,0.56525,0.47994,0.50726,0.28586,1.17187,2.02716,6.11935,1.24226,0,0,0,0.00039455,0.00039455,0.00039455
321,8260.93,1.51542,2.70398,1.57577,1.4668,0.12684,0.10317,0.11456,0.49669,0.68035,0.61714,0.39729,0.52577,0.50999,0.50303,0.28535,1.1662,2.03023,6.32683,1.24231,0,0,0,0.000393176,0.000393176,0.000393176
322,8286.37,1.51862,2.66234,1.57758,1.43669,0.11805,0.09784,0.10788,0.54516,0.65156,0.62535,0.42102,0.53087,0.52517,0.49731,0.28255,1.17582,2.05644,5.60335,1.25001,0,0,0,0.000391802,0.000391802,0.000391802
323,8312.17,1.52466,2.66423,1.56361,1.45169,0.12778,0.10555,0.11579,0.53707,0.65976,0.63823,0.42222,0.55761,0.50926,0.51952,0.28623,1.17315,2.05128,5.60319,1.251,0,0,0,0.000390427,0.000390427,0.000390427
324,8337.64,1.52322,2.64818,1.59087,1.44658,0.12828,0.10665,0.11755,0.53093,0.67178,0.61737,0.3914,0.52087,0.5247,0.49244,0.26983,1.15565,2.01312,5.441,1.23595,0,0,0,0.000389053,0.000389053,0.000389053
325,8363.21,1.53494,2.64922,1.60074,1.44521,0.12684,0.10468,0.11509,0.52762,0.67142,0.6348,0.40954,0.52528,0.51922,0.5066,0.27847,1.15221,2.01316,5.69143,1.23359,0,0,0,0.000387678,0.000387678,0.000387678
326,8388.75,1.49611,2.63153,1.57508,1.46472,0.13196,0.10863,0.11852,0.54703,0.64331,0.62286,0.39545,0.52574,0.51338,0.49698,0.27558,1.16062,2.00749,6.20849,1.23976,0,0,0,0.000386304,0.000386304,0.000386304
327,8414.13,1.55639,2.67839,1.60511,1.46247,0.12102,0.09866,0.10924,0.54114,0.64624,0.62853,0.39595,0.44526,0.54558,0.4864,0.26244,1.17853,2.05094,5.74826,1.24697,0,0,0,0.000384929,0.000384929,0.000384929
328,8439.82,1.57405,2.68985,1.57667,1.44825,0.12753,0.10601,0.11625,0.49196,0.69228,0.61943,0.37534,0.44955,0.51435,0.4887,0.25733,1.17749,2.03062,6.04104,1.24653,0,0,0,0.000383555,0.000383555,0.000383555
329,8465.3,1.54201,2.66518,1.63747,1.49054,0.12901,0.10491,0.1157,0.59976,0.61581,0.64997,0.41191,0.57831,0.49484,0.51313,0.27506,1.14164,2.01836,6.21288,1.23685,0,0,0,0.00038218,0.00038218,0.00038218
330,8490.72,1.52463,2.68443,1.59221,1.46511,0.12697,0.10275,0.11346,0.55289,0.6636,0.65157,0.4296,0.46961,0.57903,0.50861,0.27999,1.13039,2.00628,5.55267,1.23105,0,0,0,0.000380806,0.000380806,0.000380806
331,8516.55,1.51841,2.66699,1.54741,1.45839,0.12706,0.10425,0.11458,0.57823,0.64168,0.65424,0.42379,0.51997,0.55077,0.52068,0.2886,1.11145,1.98824,5.71209,1.21542,0,0,0,0.000379431,0.000379431,0.000379431
332,8542.15,1.55975,2.67749,1.56899,1.45186,0.12972,0.10728,0.11701,0.57419,0.59579,0.64119,0.42564,0.52948,0.53555,0.53085,0.2945,1.13745,1.99987,6.40811,1.22245,0,0,0,0.000378057,0.000378057,0.000378057
333,8567.89,1.54391,2.59713,1.58947,1.45728,0.12073,0.09905,0.11006,0.59163,0.6372,0.6504,0.43818,0.55034,0.53827,0.52962,0.28966,1.13589,1.99967,5.79569,1.2188,0,0,0,0.000376683,0.000376683,0.000376683
334,8593.6,1.52752,2.66411,1.53831,1.42401,0.12441,0.10252,0.11325,0.6017,0.63801,0.65413,0.44842,0.51992,0.55113,0.51885,0.29184,1.13691,1.98196,5.59112,1.21718,0,0,0,0.000375308,0.000375308,0.000375308
335,8619.28,1.4853,2.60176,1.58118,1.46046,0.12466,0.10018,0.11064,0.56318,0.64579,0.64349,0.43812,0.50346,0.55028,0.49805,0.27301,1.13742,1.98466,5.58812,1.22265,0,0,0,0.000373934,0.000373934,0.000373934
336,8644.65,1.50452,2.58171,1.5704,1.43883,0.12423,0.10434,0.11326,0.5734,0.65217,0.65272,0.43351,0.51538,0.54113,0.52463,0.29102,1.13674,1.98106,5.79294,1.21978,0,0,0,0.000372559,0.000372559,0.000372559
337,8670.37,1.51703,2.62129,1.522,1.43805,0.12764,0.10759,0.11765,0.5535,0.65162,0.65125,0.41372,0.46829,0.55348,0.52557,0.28242,1.13108,1.97725,5.73298,1.22331,0,0,0,0.000371185,0.000371185,0.000371185
338,8695.77,1.49663,2.57745,1.52905,1.44123,0.12677,0.10552,0.11598,0.56875,0.65685,0.63711,0.41456,0.50155,0.55508,0.50922,0.27657,1.11796,1.97143,6.01055,1.21139,0,0,0,0.00036981,0.00036981,0.00036981
339,8721.3,1.51835,2.63493,1.55768,1.45317,0.12486,0.10298,0.11322,0.55487,0.67242,0.64264,0.42106,0.4801,0.57534,0.51721,0.28852,1.12634,1.98663,6.43009,1.21691,0,0,0,0.000368436,0.000368436,0.000368436
340,8746.89,1.52416,2.63024,1.56511,1.45304,0.12332,0.10255,0.11203,0.58145,0.60683,0.63945,0.42243,0.50546,0.52184,0.5118,0.28458,1.12691,1.97334,6.01554,1.22117,0,0,0,0.000367061,0.000367061,0.000367061
341,8772.32,1.51155,2.55909,1.53727,1.43106,0.12044,0.1006,0.11031,0.54995,0.62888,0.656,0.44221,0.5072,0.52533,0.53558,0.30658,1.13647,1.96971,5.72473,1.23627,0,0,0,0.000365687,0.000365687,0.000365687
342,8798.24,1.51945,2.64159,1.58605,1.45613,0.11994,0.09832,0.10804,0.52504,0.66854,0.6473,0.44047,0.4951,0.53675,0.52643,0.2988,1.13592,1.98318,6.0653,1.227,0,0,0,0.000364313,0.000364313,0.000364313
343,8824.27,1.47776,2.56888,1.55806,1.43091,0.1209,0.10168,0.11171,0.51776,0.67977,0.65016,0.44046,0.50033,0.5238,0.52235,0.29442,1.12904,1.98498,5.62861,1.21546,0,0,0,0.000362938,0.000362938,0.000362938
344,8849.53,1.49585,2.62083,1.52569,1.42951,0.12987,0.10792,0.11894,0.55415,0.63536,0.65312,0.45015,0.53128,0.5105,0.51934,0.29585,1.12812,1.95547,6.06719,1.21504,0,0,0,0.000361564,0.000361564,0.000361564
345,8875.01,1.48831,2.5569,1.54896,1.44197,0.1251,0.10332,0.11294,0.64596,0.60551,0.657,0.44996,0.59495,0.53106,0.54033,0.30299,1.12661,1.96872,5.97246,1.21896,0,0,0,0.000360189,0.000360189,0.000360189
346,8900.75,1.558,2.6349,1.61341,1.46004,0.12365,0.10273,0.11267,0.58124,0.64014,0.65914,0.4467,0.50757,0.55996,0.54912,0.30456,1.10236,1.95946,6.03709,1.21011,0,0,0,0.000358815,0.000358815,0.000358815
347,8926.1,1.50884,2.58342,1.53957,1.42491,0.11677,0.09588,0.10569,0.53823,0.69424,0.66735,0.45941,0.50925,0.55897,0.54958,0.31391,1.12326,1.94133,5.71122,1.2116,0,0,0,0.00035744,0.00035744,0.00035744
348,8951.73,1.54507,2.64558,1.55669,1.43387,0.1225,0.10207,0.11264,0.58958,0.65167,0.6643,0.44693,0.52881,0.55918,0.54263,0.30941,1.1286,1.94747,6.68345,1.21146,0,0,0,0.000356066,0.000356066,0.000356066
349,8977.49,1.50988,2.56603,1.52384,1.443,0.12628,0.105,0.11497,0.57819,0.67061,0.66706,0.45203,0.5161,0.56424,0.55792,0.3066,1.11607,1.94709,6.11086,1.20659,0,0,0,0.000354691,0.000354691,0.000354691
350,9002.7,1.44634,2.5184,1.46681,1.40557,0.12395,0.10417,0.11454,0.57253,0.71354,0.66359,0.44732,0.5089,0.60657,0.54308,0.29669,1.11034,1.95465,6.1932,1.20171,0,0,0,0.000353317,0.000353317,0.000353317
351,9028.27,1.46388,2.57396,1.50361,1.42877,0.12897,0.10696,0.11678,0.58123,0.65659,0.67371,0.4496,0.54659,0.54118,0.54583,0.31024,1.12935,1.96479,6.97982,1.21149,0,0,0,0.000351942,0.000351942,0.000351942
352,9053.77,1.47569,2.57777,1.54585,1.4512,0.12781,0.10585,0.11565,0.57248,0.66802,0.65391,0.43387,0.51028,0.57463,0.52533,0.29077,1.11733,1.95378,6.41091,1.20519,0,0,0,0.000350568,0.000350568,0.000350568
353,9079.29,1.49884,2.59164,1.52752,1.41482,0.1205,0.1012,0.1112,0.59398,0.66588,0.64994,0.43006,0.5173,0.57617,0.52198,0.28706,1.09828,1.9441,6.14464,1.20222,0,0,0,0.000349194,0.000349194,0.000349194
354,9104.82,1.50951,2.57042,1.5307,1.41726,0.1164,0.09884,0.10827,0.58828,0.66741,0.64583,0.42558,0.50484,0.59178,0.52206,0.27927,1.10386,1.94978,5.91874,1.20004,0,0,0,0.000347819,0.000347819,0.000347819
355,9130.23,1.43635,2.52581,1.47316,1.37414,0.12219,0.10506,0.1138,0.5503,0.66794,0.63575,0.41657,0.48501,0.58091,0.50575,0.27362,1.09159,1.93654,6.11879,1.19193,0,0,0,0.000346445,0.000346445,0.000346445
356,9155.82,1.48122,2.54471,1.50287,1.41008,0.12459,0.10419,0.11512,0.57013,0.67348,0.66276,0.43642,0.49391,0.58047,0.5399,0.29991,1.08454,1.92032,6.49412,1.19056,0,0,0,0.00034507,0.00034507,0.00034507
357,9181.25,1.48252,2.56034,1.51718,1.42159,0.12556,0.10379,0.11467,0.56927,0.64175,0.65214,0.43861,0.51798,0.57295,0.53673,0.30364,1.0997,1.93268,6.60455,1.19256,0,0,0,0.000343696,0.000343696,0.000343696
358,9206.55,1.43124,2.50002,1.4874,1.41828,0.1229,0.10115,0.1117,0.53903,0.67711,0.65127,0.4417,0.47682,0.59819,0.52078,0.30324,1.10013,1.91753,6.33197,1.19301,0,0,0,0.000342321,0.000342321,0.000342321
359,9232.23,1.46212,2.58541,1.50692,1.40629,0.12609,0.10621,0.11542,0.56039,0.65275,0.66398,0.45072,0.51073,0.58715,0.54242,0.31625,1.09684,1.91628,6.64629,1.19523,0,0,0,0.000340947,0.000340947,0.000340947
360,9257.86,1.51181,2.60247,1.5755,1.43415,0.12076,0.09887,0.10985,0.56255,0.69458,0.66507,0.45084,0.49239,0.56163,0.52822,0.30444,1.1055,1.91369,6.35301,1.19522,0,0,0,0.000339572,0.000339572,0.000339572
361,9283.36,1.44206,2.47455,1.47987,1.41902,0.1246,0.10509,0.11486,0.57614,0.66222,0.66861,0.44442,0.47263,0.6002,0.54506,0.31193,1.1104,1.92847,6.35563,1.19785,0,0,0,0.000338198,0.000338198,0.000338198
362,9308.99,1.49695,2.57099,1.47763,1.41197,0.12658,0.10738,0.11751,0.5489,0.65917,0.65357,0.43316,0.56146,0.51613,0.53454,0.30041,1.11794,1.92194,6.06197,1.20795,0,0,0,0.000336824,0.000336824,0.000336824
363,9334.65,1.42107,2.5108,1.4589,1.37841,0.12188,0.10319,0.11248,0.55243,0.66212,0.6531,0.42028,0.55198,0.54409,0.5423,0.29211,1.11506,1.92642,6.33915,1.20645,0,0,0,0.000335449,0.000335449,0.000335449
364,9359.98,1.44573,2.52106,1.48648,1.42201,0.12888,0.10797,0.11849,0.56988,0.65441,0.65987,0.43567,0.55088,0.56279,0.55675,0.31693,1.10088,1.89642,6.77899,1.19685,0,0,0,0.000334075,0.000334075,0.000334075
365,9385.57,1.4361,2.4443,1.50683,1.40616,0.11901,0.0982,0.10853,0.59099,0.64316,0.66082,0.45355,0.52343,0.57072,0.54664,0.31396,1.08866,1.89503,6.83949,1.19019,0,0,0,0.0003327,0.0003327,0.0003327
366,9411.07,1.47454,2.51315,1.6001,1.42149,0.11802,0.0987,0.10874,0.57392,0.67294,0.65821,0.45127,0.50908,0.57492,0.54682,0.32046,1.0788,1.89338,5.96651,1.18726,0,0,0,0.000331326,0.000331326,0.000331326
367,9436.63,1.49539,2.56932,1.53336,1.42015,0.12213,0.10126,0.11179,0.56167,0.63101,0.65415,0.45665,0.52543,0.53535,0.53851,0.30968,1.07863,1.90518,6.09228,1.18431,0,0,0,0.000329951,0.000329951,0.000329951
368,9462.27,1.46511,2.53986,1.50422,1.40506,0.12413,0.10408,0.11432,0.57661,0.64665,0.66674,0.46072,0.52807,0.57495,0.5457,0.31812,1.08249,1.912,5.7428,1.18921,0,0,0,0.000328577,0.000328577,0.000328577
369,9487.86,1.48216,2.55241,1.49167,1.4329,0.12773,0.10493,0.11498,0.56329,0.68454,0.67887,0.45734,0.51362,0.60039,0.55412,0.31404,1.09345,1.91501,5.62904,1.19455,0,0,0,0.000327202,0.000327202,0.000327202
370,9513.17,1.46741,2.52392,1.48993,1.37874,0.123,0.10436,0.11408,0.57305,0.68153,0.66868,0.44152,0.52358,0.59223,0.54182,0.30333,1.08984,1.90616,6.04134,1.18936,0,0,0,0.000325828,0.000325828,0.000325828
371,9538.78,1.47978,2.52691,1.52456,1.43375,0.11957,0.09848,0.10854,0.58779,0.66955,0.65786,0.44777,0.49204,0.61112,0.52562,0.30279,1.0846,1.90848,6.24549,1.18822,0,0,0,0.000324453,0.000324453,0.000324453
372,9564.43,1.46778,2.56566,1.50467,1.42278,0.12774,0.10727,0.11729,0.61073,0.6608,0.65979,0.45251,0.56321,0.58036,0.54279,0.31245,1.09714,1.88822,6.16697,1.18619,0,0,0,0.000323079,0.000323079,0.000323079
373,9589.94,1.47293,2.55469,1.47099,1.39998,0.12676,0.10623,0.11646,0.53626,0.71172,0.65287,0.44194,0.51139,0.60488,0.54306,0.30272,1.10317,1.88871,6.43597,1.1884,0,0,0,0.000321705,0.000321705,0.000321705
374,9615.6,1.47227,2.52283,1.49333,1.39029,0.12235,0.10291,0.11261,0.63364,0.629,0.64387,0.43046,0.56822,0.55359,0.52411,0.29146,1.09789,1.90745,6.26695,1.18807,0,0,0,0.00032033,0.00032033,0.00032033
375,9640.96,1.39754,2.46793,1.42507,1.39143,0.11858,0.10018,0.1101,0.55871,0.70476,0.64307,0.43256,0.51419,0.60468,0.52499,0.2914,1.10489,1.89349,6.30045,1.18388,0,0,0,0.000318956,0.000318956,0.000318956
376,9666.74,1.47443,2.53784,1.47276,1.38064,0.12089,0.10343,0.11279,0.59477,0.6708,0.65222,0.44416,0.53454,0.59728,0.53646,0.29919,1.08937,1.88529,6.04156,1.18141,0,0,0,0.000317581,0.000317581,0.000317581
377,9692.26,1.42469,2.49774,1.48117,1.41039,0.12131,0.10108,0.11051,0.61304,0.65918,0.66282,0.47226,0.5425,0.58748,0.53935,0.31201,1.07548,1.8792,5.61148,1.1785,0,0,0,0.000316207,0.000316207,0.000316207
378,9717.97,1.47579,2.50359,1.48595,1.4116,0.11856,0.10138,0.11052,0.5848,0.69678,0.67686,0.48448,0.52624,0.58147,0.55312,0.32323,1.08457,1.87993,5.7202,1.17783,0,0,0,0.000314832,0.000314832,0.000314832
379,9743.9,1.45608,2.58047,1.48337,1.38154,0.1264,0.10554,0.11618,0.55274,0.68603,0.68699,0.48674,0.51199,0.60877,0.5803,0.33814,1.0781,1.87642,6.21313,1.17191,0,0,0,0.000313458,0.000313458,0.000313458
380,9769.61,1.48576,2.49471,1.51262,1.38256,0.11687,0.09725,0.10714,0.53903,0.71157,0.68221,0.4743,0.53998,0.56535,0.56859,0.33389,1.08685,1.87525,5.90784,1.17617,0,0,0,0.000312083,0.000312083,0.000312083
381,9794.98,1.52318,2.55516,1.5149,1.40573,0.11604,0.09869,0.10797,0.58505,0.64288,0.67755,0.46932,0.54168,0.5853,0.57158,0.33067,1.0867,1.87987,5.82723,1.1785,0,0,0,0.000310709,0.000310709,0.000310709
382,9820.37,1.42428,2.40869,1.42894,1.40243,0.12089,0.10154,0.1111,0.60349,0.60996,0.66812,0.46548,0.56449,0.56966,0.57384,0.33379,1.08097,1.86438,5.9334,1.17395,0,0,0,0.000309335,0.000309335,0.000309335
383,9845.82,1.45705,2.53549,1.47372,1.40291,0.12132,0.10129,0.11107,0.57459,0.66433,0.66382,0.45215,0.53191,0.61821,0.56782,0.32412,1.06671,1.85676,6.37499,1.17017,0,0,0,0.00030796,0.00030796,0.00030796
384,9871.24,1.45009,2.50893,1.43387,1.36584,0.11666,0.09871,0.10865,0.569,0.69195,0.684,0.46738,0.5764,0.5765,0.57375,0.33889,1.06152,1.87095,6.58358,1.16919,0,0,0,0.000306586,0.000306586,0.000306586
385,9896.7,1.44502,2.5063,1.49685,1.38717,0.11845,0.0992,0.1092,0.61859,0.6122,0.67425,0.46063,0.5802,0.57307,0.567,0.33333,1.05601,1.86528,6.24447,1.16927,0,0,0,0.000305211,0.000305211,0.000305211
386,9922.45,1.46261,2.53896,1.45356,1.37559,0.12225,0.10554,0.11446,0.57875,0.69379,0.67538,0.46579,0.5793,0.58425,0.56572,0.32235,1.05943,1.86702,6.63484,1.17318,0,0,0,0.000303837,0.000303837,0.000303837
387,9947.82,1.43538,2.51223,1.51237,1.41059,0.1241,0.10214,0.11236,0.57193,0.67383,0.6718,0.46012,0.50471,0.60007,0.55609,0.31743,1.06529,1.8562,6.08076,1.17481,0,0,0,0.000302462,0.000302462,0.000302462
388,9973.44,1.44851,2.48041,1.40935,1.377,0.12118,0.10309,0.11258,0.56245,0.67615,0.66609,0.44692,0.57604,0.54437,0.55408,0.31608,1.05063,1.85114,6.60361,1.16604,0,0,0,0.000301088,0.000301088,0.000301088
389,9999.15,1.45506,2.55603,1.4816,1.37954,0.12263,0.10166,0.11251,0.58308,0.64271,0.65286,0.44642,0.56205,0.5813,0.54883,0.31182,1.06947,1.8654,6.07027,1.17126,0,0,0,0.000299713,0.000299713,0.000299713
390,10025,1.43158,2.52464,1.4578,1.39851,0.12081,0.10233,0.1123,0.60411,0.65206,0.64782,0.44742,0.5779,0.58282,0.54746,0.3172,1.07215,1.8733,6.25902,1.17404,0,0,0,0.000298339,0.000298339,0.000298339
391,10050.5,1.43448,2.47469,1.46306,1.39867,0.12107,0.10184,0.11174,0.59518,0.64898,0.65586,0.45658,0.55982,0.60305,0.55632,0.32017,1.05829,1.85809,6.42521,1.16994,0,0,0,0.000296964,0.000296964,0.000296964
392,10075.9,1.4521,2.50518,1.45202,1.37933,0.11853,0.10055,0.10992,0.54349,0.74339,0.6849,0.47278,0.52322,0.62394,0.582,0.33324,1.06409,1.84817,6.18701,1.17182,0,0,0,0.00029559,0.00029559,0.00029559
393,10101.4,1.41302,2.45639,1.4176,1.37889,0.11443,0.09932,0.10818,0.56875,0.68216,0.68264,0.46474,0.53746,0.63514,0.58721,0.34222,1.05828,1.84721,6.22951,1.17079,0,0,0,0.000294216,0.000294216,0.000294216
394,10127.2,1.44045,2.50067,1.44098,1.36396,0.1223,0.10227,0.1119,0.58126,0.65271,0.67378,0.4715,0.52837,0.62143,0.56851,0.33625,1.05042,1.84936,5.72831,1.16494,0,0,0,0.000292841,0.000292841,0.000292841
395,10152.8,1.40942,2.47874,1.45561,1.3887,0.12282,0.10348,0.11355,0.57152,0.67015,0.66068,0.4495,0.53792,0.61067,0.56497,0.32303,1.04536,1.84743,5.5348,1.16552,0,0,0,0.000291467,0.000291467,0.000291467
396,10178.5,1.45506,2.55927,1.47393,1.42598,0.12685,0.10624,0.11595,0.57588,0.70984,0.67315,0.46002,0.5323,0.60938,0.56728,0.32546,1.05718,1.84927,5.53953,1.16758,0,0,0,0.000290092,0.000290092,0.000290092
397,10204.1,1.44827,2.52911,1.45211,1.3912,0.12353,0.10355,0.1147,0.60339,0.63997,0.67052,0.456,0.5524,0.58878,0.5655,0.32146,1.06862,1.83581,5.83014,1.17171,0,0,0,0.000288718,0.000288718,0.000288718
398,10229.4,1.38981,2.41466,1.45814,1.40731,0.11561,0.09692,0.10585,0.55858,0.69808,0.6708,0.45636,0.51546,0.60402,0.573,0.32285,1.06736,1.83484,5.69866,1.17489,0,0,0,0.000287343,0.000287343,0.000287343
399,10254.9,1.43047,2.4524,1.43111,1.37342,0.12378,0.10461,0.11534,0.56606,0.69706,0.68323,0.47247,0.52152,0.62801,0.57982,0.34502,1.06259,1.82765,5.97452,1.16868,0,0,0,0.000285969,0.000285969,0.000285969
400,10280.4,1.42643,2.48292,1.44011,1.35475,0.11649,0.09996,0.10928,0.54268,0.67074,0.66733,0.47366,0.50607,0.62041,0.56487,0.33365,1.06574,1.81922,6.10082,1.17187,0,0,0,0.000284594,0.000284594,0.000284594
401,10305.6,1.43707,2.51374,1.44248,1.37261,0.12384,0.10569,0.11538,0.6023,0.65345,0.67043,0.4741,0.55651,0.58271,0.57297,0.33516,1.06739,1.82335,6.03995,1.16916,0,0,0,0.00028322,0.00028322,0.00028322
402,10331.2,1.44129,2.49456,1.46426,1.38175,0.12242,0.10133,0.11121,0.59399,0.6763,0.67912,0.48025,0.51083,0.6303,0.56113,0.32628,1.06471,1.81819,5.94022,1.16668,0,0,0,0.000281846,0.000281846,0.000281846
403,10356.6,1.44166,2.48651,1.41672,1.36732,0.12401,0.10598,0.1155,0.60664,0.67788,0.67822,0.47037,0.5161,0.62831,0.55783,0.3223,1.04809,1.79796,6.39927,1.16014,0,0,0,0.000280471,0.000280471,0.000280471
404,10382.1,1.38922,2.4728,1.42899,1.37142,0.12248,0.10447,0.11405,0.5884,0.67968,0.67874,0.48244,0.53708,0.61086,0.58386,0.33985,1.05352,1.81484,6.90617,1.16064,0,0,0,0.000279097,0.000279097,0.000279097
405,10407.7,1.40608,2.4796,1.40054,1.36331,0.12101,0.1034,0.11228,0.6405,0.64548,0.67807,0.48048,0.59969,0.58408,0.58695,0.33724,1.04499,1.80815,6.15141,1.16061,0,0,0,0.000277722,0.000277722,0.000277722
406,10433.2,1.42025,2.41913,1.41622,1.36396,0.12077,0.10425,0.11304,0.56589,0.71105,0.68706,0.48642,0.54592,0.61619,0.59182,0.34693,1.04356,1.79792,6.29969,1.16087,0,0,0,0.000276348,0.000276348,0.000276348
407,10458.9,1.39056,2.43392,1.3975,1.35322,0.11978,0.10316,0.11235,0.5878,0.67667,0.67281,0.4671,0.57774,0.60664,0.57357,0.33804,1.04872,1.80901,6.25638,1.16338,0,0,0,0.000274973,0.000274973,0.000274973
408,10484.5,1.43883,2.45596,1.45914,1.38093,0.12108,0.10209,0.11254,0.58789,0.67197,0.66763,0.45483,0.54085,0.60052,0.55617,0.3172,1.05812,1.80669,6.7762,1.16733,0,0,0,0.000273599,0.000273599,0.000273599
409,10509.8,1.45382,2.52598,1.46104,1.38006,0.12043,0.10235,0.11165,0.57943,0.69179,0.66846,0.4499,0.54851,0.57694,0.55324,0.32125,1.0547,1.81726,6.64621,1.16895,0,0,0,0.000272224,0.000272224,0.000272224
410,10535.2,1.40947,2.42799,1.42013,1.38086,0.12141,0.10451,0.11383,0.58984,0.68002,0.66181,0.44689,0.54598,0.60072,0.54708,0.32807,1.05897,1.83117,6.57051,1.1685,0,0,0,0.00027085,0.00027085,0.00027085
411,10560.8,1.4225,2.3956,1.47693,1.37624,0.11816,0.10032,0.10927,0.59803,0.7027,0.67,0.45548,0.53075,0.6044,0.56569,0.33404,1.04642,1.82599,6.28159,1.15908,0,0,0,0.000269475,0.000269475,0.000269475
412,10586,1.40684,2.48578,1.46964,1.3804,0.11349,0.09753,0.10663,0.58522,0.67086,0.67368,0.46772,0.56218,0.57309,0.57448,0.34575,1.04166,1.80427,6.53299,1.15456,0,0,0,0.000268101,0.000268101,0.000268101
413,10611.4,1.37705,2.38803,1.37374,1.38182,0.12345,0.10189,0.11273,0.59761,0.66614,0.6793,0.48123,0.5515,0.58231,0.58766,0.35772,1.03653,1.78934,6.30569,1.15404,0,0,0,0.000266727,0.000266727,0.000266727
414,10637.4,1.41324,2.48152,1.43854,1.37787,0.12694,0.10821,0.11963,0.59585,0.67855,0.67823,0.48402,0.53453,0.61019,0.58648,0.35156,1.0334,1.78796,6.1859,1.15143,0,0,0,0.000265352,0.000265352,0.000265352
415,10662.8,1.38659,2.38055,1.39449,1.34599,0.11914,0.10172,0.11035,0.57016,0.70474,0.67728,0.48073,0.51166,0.61568,0.57489,0.3409,1.04843,1.78886,6.12075,1.15505,0,0,0,0.000263978,0.000263978,0.000263978
416,10688,1.41364,2.39873,1.51629,1.35384,0.11278,0.09327,0.10333,0.57012,0.71174,0.68408,0.48335,0.51168,0.62591,0.57844,0.34107,1.04709,1.78655,5.78485,1.15969,0,0,0,0.000262603,0.000262603,0.000262603
417,10713.5,1.44126,2.50305,1.44459,1.362,0.12029,0.10115,0.11082,0.55794,0.69727,0.67822,0.47254,0.55792,0.58346,0.58702,0.34075,1.04541,1.786,5.97904,1.15353,0,0,0,0.000261229,0.000261229,0.000261229
418,10738.7,1.41103,2.48083,1.46426,1.35257,0.11674,0.09773,0.1079,0.54466,0.71259,0.67316,0.45579,0.57049,0.56587,0.5821,0.33596,1.04881,1.79471,6.17262,1.15254,0,0,0,0.000259854,0.000259854,0.000259854
419,10764.2,1.34433,2.43694,1.46338,1.33953,0.11672,0.10046,0.10982,0.54421,0.71994,0.6688,0.46679,0.50545,0.64033,0.56984,0.32605,1.03348,1.78531,6.54364,1.14571,0,0,0,0.00025848,0.00025848,0.00025848
420,10789.5,1.42542,2.43962,1.40645,1.35316,0.11992,0.10279,0.11186,0.52122,0.72917,0.67257,0.47843,0.50317,0.63965,0.5682,0.32714,1.03683,1.78147,6.4211,1.14717,0,0,0,0.000257105,0.000257105,0.000257105
421,10815,1.43427,2.46943,1.43677,1.36643,0.11837,0.10135,0.1114,0.61919,0.63675,0.67292,0.45875,0.50368,0.64482,0.57017,0.32232,1.03234,1.76477,5.97658,1.14883,0,0,0,0.000255731,0.000255731,0.000255731
422,10840.4,1.40253,2.45393,1.43668,1.36569,0.12582,0.1061,0.11547,0.63389,0.62617,0.6812,0.46729,0.58576,0.57066,0.57856,0.32853,1.03134,1.76663,5.89181,1.14666,0,0,0,0.000254357,0.000254357,0.000254357
423,10865.9,1.40055,2.44425,1.42333,1.34975,0.12093,0.10375,0.11355,0.62584,0.6117,0.67716,0.48102,0.57178,0.56062,0.57577,0.34189,1.02672,1.77592,6.22445,1.14524,0,0,0,0.000252982,0.000252982,0.000252982
424,10891,1.39708,2.43786,1.40815,1.38149,0.11208,0.09497,0.10427,0.61374,0.64211,0.68396,0.48472,0.57789,0.60106,0.5994,0.3532,1.02427,1.78255,6.2329,1.14616,0,0,0,0.000251608,0.000251608,0.000251608
425,10916.3,1.39352,2.43524,1.38603,1.37461,0.11582,0.09938,0.10854,0.58893,0.69026,0.68834,0.49815,0.55151,0.64743,0.60113,0.35514,1.0246,1.7801,5.49957,1.14385,0,0,0,0.000250233,0.000250233,0.000250233
426,10942,1.40945,2.43791,1.40808,1.35162,0.12447,0.10579,0.11534,0.59438,0.6943,0.68629,0.49383,0.57169,0.60298,0.58282,0.35122,1.03367,1.78135,5.77223,1.14795,0,0,0,0.000248859,0.000248859,0.000248859
427,10967.2,1.40337,2.46771,1.42132,1.35254,0.11625,0.097,0.10744,0.62263,0.69625,0.68155,0.48766,0.57955,0.61927,0.57891,0.34826,1.0347,1.78303,5.78443,1.14544,0,0,0,0.000247484,0.000247484,0.000247484
428,10992.6,1.38927,2.42253,1.40154,1.35286,0.12313,0.1048,0.11427,0.61147,0.6695,0.67992,0.48509,0.57546,0.61266,0.58447,0.34593,1.0246,1.78261,5.72492,1.13977,0,0,0,0.00024611,0.00024611,0.00024611
429,11017.8,1.40477,2.3932,1.40666,1.35114,0.11742,0.09929,0.10992,0.58652,0.7042,0.69069,0.49057,0.57457,0.60228,0.59711,0.35145,1.0218,1.77497,6.04614,1.14056,0,0,0,0.000244735,0.000244735,0.000244735
430,11043,1.37836,2.41739,1.41175,1.36007,0.1202,0.10158,0.11087,0.58763,0.72507,0.69417,0.49346,0.57936,0.59414,0.59904,0.35753,1.02734,1.77014,6.18543,1.14832,0,0,0,0.000243361,0.000243361,0.000243361
431,11068.4,1.41755,2.42115,1.42167,1.3742,0.1207,0.10255,0.11247,0.59599,0.70029,0.69545,0.49429,0.54487,0.6343,0.60143,0.35844,1.03089,1.76717,5.98266,1.14794,0,0,0,0.000241986,0.000241986,0.000241986
432,11093.8,1.39582,2.41485,1.39765,1.36293,0.11952,0.10331,0.11267,0.58634,0.71918,0.68464,0.48346,0.55803,0.62519,0.59054,0.34476,1.01499,1.76387,5.79077,1.13973,0,0,0,0.000240612,0.000240612,0.000240612
433,11119.1,1.39637,2.37997,1.4019,1.38083,0.11397,0.09687,0.10674,0.61394,0.6438,0.68071,0.4692,0.58535,0.58459,0.58487,0.33708,1.01421,1.75878,5.80704,1.13747,0,0,0,0.000239238,0.000239238,0.000239238
434,11144.6,1.3399,2.38221,1.36168,1.33248,0.11617,0.09893,0.10881,0.55624,0.71683,0.6734,0.4679,0.5556,0.60458,0.58407,0.34088,1.01051,1.74967,6.37569,1.13601,0,0,0,0.000237863,0.000237863,0.000237863
435,11170,1.39457,2.40286,1.36547,1.32254,0.11839,0.10135,0.11047,0.578,0.70132,0.68638,0.48263,0.5438,0.63572,0.59747,0.35187,1.01668,1.7545,6.5986,1.13485,0,0,0,0.000236489,0.000236489,0.000236489
436,11195.3,1.40916,2.437,1.41836,1.36858,0.11895,0.10198,0.11115,0.53456,0.75281,0.69218,0.49305,0.5172,0.62096,0.60128,0.35641,1.02113,1.76688,6.47397,1.13878,0,0,0,0.000235114,0.000235114,0.000235114
437,11220.9,1.42423,2.43008,1.43406,1.36703,0.11535,0.09904,0.10768,0.55558,0.72067,0.69027,0.49434,0.59993,0.53926,0.60039,0.36033,1.02417,1.77158,6.24367,1.14211,0,0,0,0.00023374,0.00023374,0.00023374
438,11246.6,1.39392,2.44967,1.39948,1.34173,0.11688,0.10113,0.10946,0.55979,0.70875,0.68642,0.48949,0.50698,0.63807,0.59915,0.35975,1.02052,1.76975,6.24454,1.13933,0,0,0,0.000232365,0.000232365,0.000232365
439,11271.9,1.36501,2.38861,1.36962,1.34273,0.11894,0.10207,0.11194,0.534,0.75093,0.68291,0.48777,0.58608,0.59399,0.59116,0.35827,1.01557,1.75215,6.32408,1.1373,0,0,0,0.000230991,0.000230991,0.000230991
440,11297.4,1.41401,2.39232,1.38572,1.34652,0.11702,0.1003,0.11016,0.58781,0.66481,0.67997,0.48438,0.54924,0.61977,0.58946,0.35469,1.02337,1.75278,6.93048,1.13976,0,0,0,0.000229616,0.000229616,0.000229616
441,11322.8,1.39469,2.48477,1.44691,1.36683,0.11927,0.10058,0.11132,0.52129,0.7436,0.67959,0.48265,0.55803,0.57678,0.57413,0.34663,1.02123,1.75949,6.67259,1.137,0,0,0,0.000228242,0.000228242,0.000228242
442,11348.1,1.33113,2.32571,1.37706,1.3346,0.11762,0.10157,0.11104,0.58057,0.6816,0.68923,0.49169,0.54889,0.62591,0.58477,0.35474,1.02488,1.75166,6.5972,1.13799,0,0,0,0.000226868,0.000226868,0.000226868
443,11373.6,1.3527,2.38259,1.37373,1.33636,0.12387,0.10493,0.11547,0.55746,0.69298,0.69696,0.50074,0.52239,0.63805,0.60476,0.36633,1.02505,1.7487,6.56451,1.13704,0,0,0,0.000225493,0.000225493,0.000225493
444,11399.2,1.38616,2.43561,1.38767,1.34917,0.11533,0.09758,0.10739,0.57746,0.70563,0.68266,0.48589,0.5577,0.59791,0.58456,0.35155,1.02694,1.75162,6.5441,1.13847,0,0,0,0.000224119,0.000224119,0.000224119
445,11424.3,1.37311,2.34043,1.3677,1.33002,0.11678,0.10002,0.10927,0.57629,0.72261,0.68849,0.48673,0.54006,0.62665,0.60426,0.36245,1.02255,1.74379,6.62658,1.13867,0,0,0,0.000222744,0.000222744,0.000222744
446,11449.9,1.40237,2.43791,1.39079,1.35305,0.12385,0.10554,0.11519,0.5913,0.71194,0.68577,0.4759,0.55015,0.6533,0.60687,0.35926,1.02454,1.72973,6.75711,1.13678,0,0,0,0.00022137,0.00022137,0.00022137
447,11475.2,1.35555,2.34367,1.40612,1.37086,0.11928,0.10108,0.11014,0.56024,0.72452,0.67837,0.47981,0.54134,0.63951,0.59506,0.35441,1.01652,1.74977,6.33149,1.13367,0,0,0,0.000219995,0.000219995,0.000219995
448,11500.4,1.35598,2.38911,1.33951,1.34576,0.11849,0.10218,0.11059,0.57029,0.73842,0.68122,0.48577,0.53085,0.63602,0.5889,0.34699,1.01686,1.74654,6.3754,1.13665,0,0,0,0.000218621,0.000218621,0.000218621
449,11525.7,1.38108,2.33682,1.40902,1.34177,0.11568,0.10054,0.10939,0.54347,0.74149,0.68569,0.48218,0.59987,0.56086,0.58667,0.34742,1.00348,1.74456,6.3923,1.12649,0,0,0,0.000217246,0.000217246,0.000217246
450,11551,1.35334,2.38846,1.38146,1.33668,0.11847,0.10002,0.10903,0.55343,0.72104,0.67667,0.48146,0.5751,0.57152,0.5764,0.34123,1.00434,1.74277,6.20458,1.12742,0,0,0,0.000215872,0.000215872,0.000215872
451,11576.3,1.32772,2.33447,1.31292,1.33839,0.11832,0.10177,0.11178,0.53869,0.738,0.67678,0.47502,0.59256,0.57938,0.58704,0.3458,1.00016,1.73505,6.51613,1.12759,0,0,0,0.000214497,0.000214497,0.000214497
452,11601.7,1.36856,2.41289,1.41531,1.35448,0.11819,0.10156,0.1111,0.54197,0.72721,0.6823,0.48417,0.56425,0.607,0.59166,0.35176,1.00101,1.73289,6.5361,1.1253,0,0,0,0.000213123,0.000213123,0.000213123
453,11627.2,1.3681,2.40683,1.37412,1.35641,0.11734,0.10106,0.11028,0.56737,0.71498,0.69239,0.48943,0.54848,0.65161,0.608,0.36593,1.00326,1.73511,6.31548,1.12703,0,0,0,0.000211749,0.000211749,0.000211749
454,11652.4,1.35503,2.33179,1.38014,1.35196,0.11795,0.10017,0.10993,0.57657,0.71442,0.68488,0.48355,0.55804,0.64222,0.60322,0.35991,1.00345,1.72286,6.50618,1.12839,0,0,0,0.000210374,0.000210374,0.000210374
455,11677.8,1.36624,2.35008,1.41606,1.34934,0.11269,0.09447,0.10363,0.60501,0.67963,0.6982,0.49246,0.58848,0.61297,0.61124,0.36234,1.01245,1.71515,6.16603,1.12972,0,0,0,0.000209,0.000209,0.000209
456,11703.1,1.3442,2.37463,1.38297,1.34647,0.11757,0.09998,0.10918,0.60601,0.67137,0.70136,0.50794,0.56947,0.61861,0.61123,0.36815,1.01015,1.7249,6.30573,1.12704,0,0,0,0.000207625,0.000207625,0.000207625
457,11728.8,1.35751,2.39239,1.36658,1.34531,0.12567,0.10538,0.11639,0.57226,0.71504,0.69368,0.50607,0.55926,0.63287,0.61091,0.36767,1.00381,1.72429,6.65079,1.12429,0,0,0,0.000206251,0.000206251,0.000206251
458,11754.1,1.33389,2.39071,1.37875,1.3333,0.12224,0.10425,0.11457,0.59636,0.69367,0.67843,0.48379,0.56573,0.60417,0.58554,0.34551,1.00915,1.72523,6.73751,1.12501,0,0,0,0.000204876,0.000204876,0.000204876
459,11779.5,1.33029,2.37969,1.35127,1.33241,0.12337,0.10523,0.11454,0.58906,0.71073,0.68448,0.49334,0.56046,0.6149,0.5876,0.35572,0.99872,1.7191,6.9735,1.12118,0,0,0,0.000203502,0.000203502,0.000203502
460,11804.6,1.3008,2.32743,1.35337,1.32356,0.12108,0.10312,0.11277,0.5714,0.75051,0.70097,0.51503,0.52934,0.66101,0.60711,0.37551,1.00856,1.7109,6.63917,1.12344,0,0,0,0.000202127,0.000202127,0.000202127
461,11830.5,1.35421,2.4042,1.35409,1.32933,0.12126,0.10398,0.11447,0.58904,0.70259,0.70063,0.50654,0.5339,0.63648,0.60377,0.37647,0.99637,1.71529,6.93428,1.11789,0,0,0,0.000200753,0.000200753,0.000200753
462,11856,1.37747,2.36418,1.38819,1.34174,0.11348,0.09719,0.10704,0.57941,0.70489,0.69879,0.49878,0.53325,0.62847,0.59657,0.36543,0.99721,1.71408,6.57717,1.12091,0,0,0,0.000199379,0.000199379,0.000199379
463,11881.5,1.31634,2.33604,1.30832,1.31329,0.11806,0.10238,0.1118,0.57721,0.69829,0.69394,0.49002,0.52873,0.63867,0.59962,0.36033,1.00169,1.72125,6.5834,1.11947,0,0,0,0.000198004,0.000198004,0.000198004
464,11906.9,1.38016,2.41046,1.37142,1.33558,0.12056,0.10254,0.11285,0.59458,0.666,0.69326,0.48387,0.54048,0.61243,0.59806,0.35864,1.00073,1.71946,6.71822,1.11905,0,0,0,0.00019663,0.00019663,0.00019663
465,11932.3,1.3842,2.34658,1.37927,1.34108,0.11325,0.09664,0.10585,0.55431,0.69674,0.69229,0.49235,0.53356,0.63069,0.59582,0.36199,0.99171,1.70656,6.4606,1.11284,0,0,0,0.000195255,0.000195255,0.000195255
466,11957.6,1.31132,2.28563,1.32098,1.3191,0.10954,0.0942,0.10269,0.56238,0.69927,0.69583,0.49473,0.5265,0.62482,0.59768,0.36317,0.98781,1.70474,6.05382,1.11425,0,0,0,0.000193881,0.000193881,0.000193881
467,11982.9,1.39279,2.35295,1.39707,1.33461,0.11589,0.0983,0.10737,0.57578,0.66089,0.69633,0.49543,0.54446,0.6067,0.60703,0.36826,0.99229,1.69729,6.02731,1.11788,0,0,0,0.000192506,0.000192506,0.000192506
468,12008.5,1.36481,2.34698,1.36752,1.35473,0.11691,0.10149,0.11194,0.54415,0.71964,0.69599,0.50883,0.56197,0.60509,0.60073,0.37233,0.99203,1.70602,6.1614,1.11865,0,0,0,0.000191132,0.000191132,0.000191132
469,12034,1.35418,2.38627,1.34256,1.31723,0.11823,0.10023,0.11139,0.54902,0.73292,0.69938,0.51452,0.51782,0.65261,0.60148,0.37559,0.98335,1.70623,6.41878,1.11594,0,0,0,0.000189757,0.000189757,0.000189757
470,12059.3,1.34743,2.32598,1.39321,1.34817,0.11577,0.10094,0.10927,0.57178,0.73525,0.70348,0.51288,0.53855,0.62425,0.60183,0.37489,0.98457,1.70474,6.49048,1.11711,0,0,0,0.000188383,0.000188383,0.000188383
471,12084.7,1.33892,2.38396,1.38737,1.35116,0.11838,0.10039,0.1108,0.57419,0.74575,0.70261,0.51779,0.52592,0.64494,0.60413,0.37858,0.98355,1.70867,6.05457,1.11732,0,0,0,0.000187008,0.000187008,0.000187008
472,12110.3,1.38079,2.43889,1.44233,1.34323,0.1192,0.10147,0.1109,0.56821,0.73022,0.70253,0.51397,0.53385,0.64422,0.61348,0.37548,0.97905,1.70328,6.3548,1.11526,0,0,0,0.000185634,0.000185634,0.000185634
473,12135.7,1.33174,2.3451,1.31713,1.30755,0.11862,0.10262,0.11241,0.56827,0.72661,0.70147,0.51288,0.52667,0.63715,0.60937,0.37567,0.97642,1.69856,6.52931,1.11635,0,0,0,0.00018426,0.00018426,0.00018426
474,12161.1,1.38572,2.34029,1.42157,1.30386,0.11345,0.09754,0.10723,0.57056,0.74661,0.70295,0.51577,0.51654,0.64035,0.59595,0.37126,0.97842,1.69296,6.52644,1.11377,0,0,0,0.000182885,0.000182885,0.000182885
475,12186.3,1.35688,2.32234,1.34674,1.33748,0.11466,0.09893,0.10838,0.57199,0.72812,0.70355,0.51787,0.53538,0.62045,0.60635,0.36911,0.98221,1.69359,6.56884,1.11387,0,0,0,0.000181511,0.000181511,0.000181511
476,12211.6,1.34708,2.30029,1.35452,1.31915,0.11148,0.09437,0.10345,0.57051,0.69707,0.70666,0.51276,0.54886,0.61667,0.61904,0.37389,0.97565,1.69582,6.76531,1.11093,0,0,0,0.000180136,0.000180136,0.000180136
477,12237,1.37196,2.37787,1.44269,1.36693,0.11904,0.1011,0.11121,0.59157,0.71712,0.70838,0.52336,0.5654,0.63099,0.6236,0.38328,0.98201,1.69924,6.76429,1.11156,0,0,0,0.000178762,0.000178762,0.000178762
478,12262.5,1.32066,2.33024,1.33384,1.32059,0.12164,0.10369,0.11384,0.57702,0.70275,0.70857,0.52576,0.54851,0.62534,0.62146,0.38255,0.98147,1.69475,6.84746,1.10878,0,0,0,0.000177387,0.000177387,0.000177387
479,12288.1,1.33352,2.29625,1.35068,1.33885,0.11228,0.09649,0.10543,0.56846,0.71842,0.70617,0.52242,0.53938,0.63379,0.61784,0.37739,0.98723,1.68902,6.79675,1.11017,0,0,0,0.000176013,0.000176013,0.000176013
480,12313.6,1.34394,2.38635,1.32365,1.32287,0.12166,0.10318,0.11295,0.55875,0.73414,0.70464,0.51686,0.53293,0.63188,0.61331,0.37515,0.99024,1.69583,6.78786,1.11201,0,0,0,0.000174638,0.000174638,0.000174638
481,12338.8,1.28648,2.29006,1.3474,1.30891,0.11638,0.09914,0.10775,0.55874,0.73819,0.70476,0.51323,0.58181,0.59052,0.61802,0.37585,0.97363,1.69866,6.87606,1.10705,0,0,0,0.000173264,0.000173264,0.000173264
482,12364.2,1.33167,2.36181,1.34338,1.31673,0.11912,0.10128,0.11111,0.58763,0.68365,0.70735,0.52024,0.58873,0.58959,0.62325,0.37873,0.97848,1.70435,6.85084,1.10811,0,0,0,0.00017189,0.00017189,0.00017189
483,12389.5,1.36682,2.26639,1.36093,1.32277,0.11103,0.09755,0.10614,0.56026,0.72718,0.7028,0.51019,0.57246,0.61489,0.62124,0.37612,0.98741,1.70053,6.64727,1.11066,0,0,0,0.000170515,0.000170515,0.000170515
484,12414.7,1.29983,2.25721,1.2954,1.32114,0.11678,0.09959,0.10905,0.56951,0.7015,0.7014,0.51035,0.56716,0.61792,0.61638,0.38292,0.98645,1.69788,6.77791,1.10958,0,0,0,0.000169141,0.000169141,0.000169141
485,12440.6,1.33495,2.33709,1.33721,1.31066,0.11307,0.09887,0.1078,0.58176,0.69766,0.70246,0.51156,0.57173,0.61665,0.61462,0.381,0.98895,1.69922,6.79801,1.10927,0,0,0,0.000167766,0.000167766,0.000167766
486,12466.2,1.39149,2.36072,1.35478,1.32473,0.11476,0.09947,0.10902,0.57588,0.72647,0.70158,0.51287,0.57159,0.62644,0.61299,0.38416,0.98866,1.69937,6.6498,1.10937,0,0,0,0.000166392,0.000166392,0.000166392
487,12491.4,1.3204,2.28804,1.30982,1.30071,0.11274,0.09857,0.10714,0.59203,0.72597,0.70161,0.50245,0.54683,0.6384,0.60232,0.38417,0.97793,1.68628,6.7911,1.10489,0,0,0,0.000165017,0.000165017,0.000165017
488,12516.9,1.30496,2.32414,1.35998,1.34134,0.11324,0.09734,0.10637,0.58933,0.73437,0.70038,0.50684,0.56744,0.62302,0.60352,0.3817,0.9736,1.6825,6.92324,1.10436,0,0,0,0.000163643,0.000163643,0.000163643
489,12542.1,1.34558,2.32571,1.35553,1.3321,0.11758,0.10186,0.11102,0.58801,0.71935,0.7027,0.50653,0.59155,0.60374,0.60556,0.38175,0.97317,1.69053,6.82762,1.10526,0,0,0,0.000162268,0.000162268,0.000162268
490,12567.3,1.31161,2.34886,1.3437,1.31608,0.11177,0.0959,0.10571,0.58458,0.72448,0.7075,0.51452,0.59683,0.5819,0.61387,0.37795,0.97014,1.68464,6.45527,1.10736,0,0,0,0.000160894,0.000160894,0.000160894
491,12592.8,1.3372,2.28649,1.31871,1.30386,0.11266,0.09744,0.10706,0.58074,0.74564,0.70931,0.51488,0.56302,0.61807,0.61609,0.38255,0.97172,1.68049,6.52251,1.10458,0,0,0,0.00015952,0.00015952,0.00015952
492,12618,1.31905,2.31616,1.35436,1.31861,0.11517,0.09861,0.10711,0.61018,0.7126,0.70757,0.51508,0.57311,0.62912,0.6135,0.38306,0.96929,1.6817,6.52362,1.10548,0,0,0,0.000158145,0.000158145,0.000158145
493,12643.3,1.30073,2.26759,1.29839,1.30416,0.1172,0.10254,0.1112,0.59716,0.68828,0.70365,0.5137,0.55242,0.62734,0.6157,0.38482,0.97655,1.68784,6.4192,1.11056,0,0,0,0.000156771,0.000156771,0.000156771
494,12668.7,1.32993,2.28015,1.33466,1.30575,0.11618,0.09871,0.10804,0.57849,0.70897,0.70269,0.51564,0.5543,0.62594,0.6083,0.37978,0.97469,1.68022,6.39579,1.10924,0,0,0,0.000155396,0.000155396,0.000155396
495,12694.1,1.31229,2.31232,1.32779,1.32253,0.11624,0.10039,0.10971,0.57527,0.7116,0.70532,0.51938,0.56788,0.61087,0.61789,0.38003,0.97264,1.68194,6.29693,1.107,0,0,0,0.000154022,0.000154022,0.000154022
496,12719.3,1.35984,2.39424,1.37727,1.31483,0.11702,0.09927,0.10947,0.58775,0.71783,0.70743,0.523,0.54084,0.63725,0.62314,0.38207,0.97898,1.68176,6.20913,1.11016,0,0,0,0.000152647,0.000152647,0.000152647
497,12744.7,1.34763,2.37028,1.36603,1.33069,0.1168,0.10008,0.10976,0.58627,0.71546,0.70849,0.52554,0.57641,0.62615,0.61937,0.38211,0.97223,1.69085,6.41872,1.10812,0,0,0,0.000151273,0.000151273,0.000151273
498,12770,1.35141,2.35208,1.36247,1.31191,0.1181,0.10038,0.10977,0.58048,0.73785,0.71022,0.52697,0.57012,0.61114,0.61667,0.38491,0.96636,1.68366,6.72084,1.10336,0,0,0,0.000149898,0.000149898,0.000149898
499,12795.5,1.31079,2.2742,1.28412,1.29618,0.11309,0.10082,0.10844,0.58351,0.74003,0.71365,0.5252,0.56273,0.63465,0.62948,0.38875,0.96756,1.67833,6.70983,1.10184,0,0,0,0.000148524,0.000148524,0.000148524
500,12820.9,1.31207,2.31002,1.33299,1.3161,0.11566,0.10109,0.10914,0.58605,0.74345,0.71627,0.51604,0.56284,0.61868,0.62687,0.3848,0.96843,1.67603,6.65441,1.10201,0,0,0,0.000147149,0.000147149,0.000147149
501,12846.4,1.31127,2.26386,1.33965,1.31067,0.12015,0.10306,0.11184,0.5935,0.72401,0.70772,0.51992,0.54099,0.63722,0.61788,0.38034,0.96856,1.6692,6.50125,1.10013,0,0,0,0.000145775,0.000145775,0.000145775
502,12871.6,1.31646,2.33155,1.31201,1.30447,0.10866,0.09387,0.10273,0.59035,0.73286,0.707,0.51938,0.56319,0.63183,0.62101,0.3819,0.96407,1.66422,6.41142,1.09651,0,0,0,0.000144401,0.000144401,0.000144401
503,12897.1,1.3024,2.24198,1.29728,1.28911,0.115,0.10156,0.11045,0.59534,0.71235,0.70368,0.51337,0.54,0.62755,0.61246,0.37742,0.95667,1.6669,6.30747,1.09587,0,0,0,0.000143026,0.000143026,0.000143026
504,12922.6,1.38253,2.43903,1.34609,1.30335,0.1195,0.10328,0.1123,0.61221,0.69824,0.70444,0.51602,0.57725,0.60455,0.61591,0.37853,0.96027,1.65694,6.24562,1.09587,0,0,0,0.000141652,0.000141652,0.000141652
505,12947.8,1.27452,2.26659,1.28721,1.28007,0.1141,0.09942,0.10767,0.60951,0.69162,0.70863,0.52568,0.55412,0.61718,0.61263,0.37859,0.95882,1.65719,6.23417,1.09515,0,0,0,0.000140277,0.000140277,0.000140277
506,12973.4,1.32402,2.29228,1.31994,1.31603,0.11952,0.10332,0.11146,0.60734,0.70983,0.70952,0.52216,0.56919,0.62416,0.62006,0.38012,0.95931,1.65997,6.37989,1.09589,0,0,0,0.000138903,0.000138903,0.000138903
507,12998.5,1.28507,2.25958,1.31631,1.30346,0.11355,0.09668,0.10622,0.59943,0.72884,0.71312,0.52826,0.54865,0.64363,0.61852,0.38509,0.95862,1.65488,6.49404,1.09542,0,0,0,0.000137528,0.000137528,0.000137528
508,13024.1,1.30281,2.31289,1.316,1.31571,0.12219,0.10518,0.11443,0.59545,0.73365,0.71184,0.52821,0.53562,0.64713,0.62063,0.38545,0.95439,1.6536,6.48782,1.0914,0,0,0,0.000136154,0.000136154,0.000136154
509,13049.6,1.32504,2.31535,1.3195,1.3056,0.11526,0.0991,0.10901,0.59203,0.74282,0.71025,0.52096,0.58917,0.62606,0.62647,0.38857,0.95651,1.65638,6.44492,1.09196,0,0,0,0.000134779,0.000134779,0.000134779
510,13074.8,1.32532,2.28634,1.29984,1.29306,0.11538,0.10064,0.10994,0.57952,0.74601,0.70955,0.51838,0.53233,0.65152,0.62105,0.38679,0.96117,1.65579,6.60923,1.09588,0,0,0,0.000133405,0.000133405,0.000133405
511,13100.1,1.29145,2.26628,1.30418,1.30011,0.11105,0.09603,0.10517,0.59427,0.73747,0.71128,0.51959,0.55777,0.61915,0.61634,0.38417,0.95545,1.65877,6.38246,1.09508,0,0,0,0.000132031,0.000132031,0.000132031
512,13125.5,1.34472,2.29936,1.37514,1.34172,0.11437,0.09919,0.108,0.59126,0.72705,0.71087,0.51763,0.58114,0.5972,0.61118,0.38417,0.95289,1.65929,6.36594,1.09461,0,0,0,0.000130656,0.000130656,0.000130656
513,13150.7,1.3188,2.31083,1.32899,1.31629,0.11421,0.09805,0.10735,0.58712,0.74177,0.71495,0.5186,0.52552,0.66078,0.61954,0.38158,0.94952,1.66587,6.43111,1.09081,0,0,0,0.000129282,0.000129282,0.000129282
514,13176,1.2953,2.28746,1.32271,1.2921,0.11649,0.09851,0.10835,0.58442,0.75029,0.71185,0.51924,0.52753,0.67028,0.62031,0.38224,0.94722,1.66561,6.48923,1.0911,0,0,0,0.000127907,0.000127907,0.000127907
515,13201.4,1.30185,2.24185,1.28964,1.30117,0.11348,0.09907,0.1079,0.58735,0.73353,0.71541,0.52314,0.58325,0.60464,0.61189,0.37653,0.94627,1.66186,6.46691,1.08986,0,0,0,0.000126533,0.000126533,0.000126533
516,13226.5,1.31519,2.28398,1.30359,1.31491,0.11057,0.09826,0.10582,0.58986,0.72757,0.71291,0.52186,0.57198,0.61024,0.61937,0.3819,0.94618,1.66691,6.4818,1.09048,0,0,0,0.000125158,0.000125158,0.000125158
517,13251.6,1.29985,2.25571,1.29535,1.32041,0.11536,0.1001,0.10909,0.60282,0.70761,0.71119,0.52227,0.57309,0.60473,0.61714,0.38411,0.94846,1.66289,6.35749,1.09018,0,0,0,0.000123784,0.000123784,0.000123784
518,13276.9,1.29448,2.24298,1.27853,1.30211,0.11411,0.09983,0.10777,0.61046,0.71462,0.70878,0.5175,0.57622,0.61749,0.6184,0.38616,0.94503,1.65858,6.39342,1.08996,0,0,0,0.000122409,0.000122409,0.000122409
519,13302.5,1.33978,2.27903,1.31294,1.30699,0.12004,0.10382,0.11401,0.60739,0.67864,0.71297,0.52028,0.59198,0.61249,0.62725,0.38498,0.94643,1.65604,6.41737,1.09072,0,0,0,0.000121035,0.000121035,0.000121035
520,13327.9,1.28122,2.21203,1.28102,1.30406,0.11348,0.099,0.10755,0.5791,0.73355,0.71481,0.52772,0.58188,0.6239,0.62951,0.38737,0.94526,1.65493,6.15297,1.09082,0,0,0,0.00011966,0.00011966,0.00011966
521,13353.2,1.26181,2.26401,1.27958,1.30125,0.11987,0.10405,0.11195,0.57535,0.74484,0.71801,0.53424,0.5877,0.60775,0.62703,0.39216,0.94502,1.64849,6.06678,1.09074,0,0,0,0.000118286,0.000118286,0.000118286
522,13378.6,1.299,2.23576,1.28687,1.28797,0.11403,0.09902,0.10805,0.56585,0.76251,0.71938,0.53446,0.59472,0.60736,0.63127,0.39218,0.94695,1.64483,6.19208,1.08891,0,0,0,0.000116912,0.000116912,0.000116912
523,13404.1,1.29498,2.26717,1.31742,1.29201,0.11753,0.10066,0.10987,0.58251,0.74076,0.72005,0.53446,0.59044,0.61706,0.63115,0.39585,0.94201,1.63798,6.14351,1.08538,0,0,0,0.000115537,0.000115537,0.000115537
524,13429.6,1.26974,2.24885,1.30392,1.28995,0.11614,0.10099,0.10963,0.58472,0.75169,0.71933,0.52977,0.57792,0.62091,0.63213,0.39132,0.94182,1.64616,6.19508,1.08637,0,0,0,0.000114163,0.000114163,0.000114163
525,13454.9,1.30437,2.21121,1.29829,1.30935,0.11522,0.10109,0.11006,0.5704,0.76129,0.71499,0.53234,0.51748,0.67977,0.62608,0.3916,0.94468,1.64325,6.20652,1.08622,0,0,0,0.000112788,0.000112788,0.000112788
526,13480.4,1.31623,2.29221,1.28372,1.3035,0.11273,0.0988,0.10675,0.569,0.76077,0.71628,0.5377,0.51304,0.68745,0.6294,0.39543,0.94391,1.64226,6.32431,1.08505,0,0,0,0.000111414,0.000111414,0.000111414
527,13505.6,1.28846,2.27764,1.30688,1.28666,0.11313,0.0981,0.10633,0.56768,0.75689,0.71679,0.53452,0.58321,0.61555,0.6288,0.39717,0.94412,1.63275,6.24462,1.08612,0,0,0,0.000110039,0.000110039,0.000110039
528,13530.9,1.26641,2.2222,1.34181,1.28211,0.11202,0.09681,0.10542,0.55408,0.76021,0.71418,0.53401,0.57043,0.62053,0.62595,0.39388,0.94592,1.63058,6.11049,1.0866,0,0,0,0.000108665,0.000108665,0.000108665
529,13556.3,1.32804,2.31216,1.30555,1.27847,0.12053,0.10573,0.11503,0.58743,0.71887,0.71418,0.53118,0.56297,0.64641,0.62805,0.39457,0.94837,1.62734,6.18639,1.08623,0,0,0,0.00010729,0.00010729,0.00010729
530,13581.4,1.26427,2.20494,1.27382,1.27734,0.11301,0.09706,0.10595,0.57282,0.74795,0.71791,0.53325,0.56358,0.6322,0.62835,0.39711,0.94502,1.6269,6.21741,1.08512,0,0,0,0.000105916,0.000105916,0.000105916
531,13606.7,1.2945,2.31026,1.31323,1.33421,0.11648,0.10208,0.1111,0.59306,0.7441,0.71987,0.53768,0.54959,0.66266,0.62919,0.39614,0.93943,1.62498,6.26274,1.08352,0,0,0,0.000104542,0.000104542,0.000104542
532,13632.7,1.2747,2.23423,1.26714,1.28086,0.11567,0.10084,0.10968,0.58599,0.74357,0.72225,0.53975,0.54026,0.66744,0.62917,0.39658,0.93846,1.62226,6.44304,1.0821,0,0,0,0.000103167,0.000103167,0.000103167
533,13658.1,1.28546,2.21271,1.27088,1.26728,0.11576,0.10037,0.1099,0.59338,0.74689,0.72048,0.53953,0.54535,0.68018,0.62923,0.39529,0.93699,1.61952,6.53829,1.08041,0,0,0,0.000101793,0.000101793,0.000101793
534,13683.5,1.28566,2.22454,1.27695,1.27413,0.11441,0.10019,0.10823,0.59679,0.74757,0.71488,0.535,0.56243,0.66419,0.62351,0.38988,0.93799,1.61896,6.3952,1.08041,0,0,0,0.000100418,0.000100418,0.000100418
535,13709,1.30253,2.29408,1.28989,1.29704,0.11687,0.09974,0.10918,0.60013,0.71869,0.71835,0.53365,0.56707,0.66488,0.62646,0.39103,0.94062,1.62021,6.37469,1.08134,0,0,0,9.90437e-05,9.90437e-05,9.90437e-05
536,13734.3,1.27204,2.25726,1.26907,1.29069,0.11614,0.10025,0.1097,0.59679,0.72674,0.71637,0.53096,0.5478,0.66826,0.63029,0.39048,0.93898,1.6211,6.379,1.08184,0,0,0,9.76692e-05,9.76692e-05,9.76692e-05
537,13759.7,1.32104,2.32233,1.28993,1.28601,0.11188,0.09703,0.10559,0.58848,0.74688,0.72379,0.53829,0.53351,0.68672,0.63451,0.39427,0.93699,1.6197,6.40706,1.08198,0,0,0,9.62948e-05,9.62948e-05,9.62948e-05
538,13784.9,1.26883,2.17854,1.27353,1.27327,0.11656,0.10114,0.10991,0.58946,0.74228,0.72187,0.5394,0.53676,0.67835,0.63416,0.3969,0.93668,1.61877,6.36244,1.08291,0,0,0,9.49203e-05,9.49203e-05,9.49203e-05
539,13810.1,1.32066,2.24578,1.29471,1.29304,0.11186,0.09565,0.10493,0.60645,0.72462,0.72207,0.5338,0.55852,0.64411,0.63279,0.39285,0.93619,1.61907,6.24943,1.0838,0,0,0,9.35459e-05,9.35459e-05,9.35459e-05
540,13835.5,1.31323,2.22504,1.24999,1.26113,0.11407,0.10017,0.1087,0.59448,0.71989,0.72324,0.53748,0.5529,0.65636,0.63497,0.39472,0.92964,1.61878,6.19803,1.0807,0,0,0,9.21715e-05,9.21715e-05,9.21715e-05
541,13861.1,1.29308,2.25022,1.2856,1.28199,0.12148,0.10421,0.1138,0.58241,0.7522,0.72651,0.53515,0.53865,0.67405,0.63801,0.39905,0.92807,1.61853,6.11465,1.07969,0,0,0,9.0797e-05,9.0797e-05,9.0797e-05
542,13886.2,1.2923,2.29695,1.28326,1.29752,0.11532,0.10008,0.10938,0.58454,0.74085,0.72405,0.53329,0.54239,0.67436,0.63445,0.39731,0.93229,1.6209,6.18583,1.08117,0,0,0,8.94226e-05,8.94226e-05,8.94226e-05
543,13911.4,1.28204,2.23977,1.31857,1.30177,0.11672,0.09803,0.10885,0.58426,0.7524,0.72576,0.53557,0.53738,0.67862,0.63547,0.3941,0.92832,1.61628,6.09417,1.0785,0,0,0,8.80481e-05,8.80481e-05,8.80481e-05
544,13936.9,1.31853,2.29052,1.30429,1.29766,0.11965,0.10326,0.11194,0.59641,0.74618,0.72548,0.53598,0.54188,0.6795,0.63728,0.39449,0.92945,1.61722,5.99582,1.07846,0,0,0,8.66736e-05,8.66736e-05,8.66736e-05
545,13962.2,1.29092,2.23825,1.31663,1.28682,0.11265,0.09861,0.10749,0.59967,0.73592,0.72456,0.53453,0.55258,0.67518,0.6412,0.39728,0.92977,1.61505,5.92939,1.07843,0,0,0,8.52992e-05,8.52992e-05,8.52992e-05
546,13987.5,1.29575,2.22161,1.29413,1.31008,0.10971,0.09347,0.10331,0.60355,0.72835,0.72459,0.54037,0.56625,0.66277,0.63932,0.39804,0.92472,1.61095,5.85341,1.07728,0,0,0,8.39248e-05,8.39248e-05,8.39248e-05
547,14013,1.26894,2.19378,1.25281,1.28321,0.11705,0.10187,0.11082,0.60046,0.73565,0.72478,0.53521,0.55036,0.67676,0.63772,0.39564,0.91779,1.61004,5.98101,1.07555,0,0,0,8.25503e-05,8.25503e-05,8.25503e-05
548,14038,1.32389,2.2101,1.30218,1.33098,0.11337,0.09711,0.10631,0.57871,0.74658,0.72418,0.53649,0.53571,0.67972,0.6389,0.39968,0.92476,1.61211,6.17512,1.07772,0,0,0,8.11759e-05,8.11759e-05,8.11759e-05
549,14063.4,1.26106,2.27623,1.31113,1.27166,0.11603,0.10078,0.10936,0.60923,0.72641,0.72508,0.53841,0.55984,0.65744,0.64271,0.40341,0.92284,1.61246,6.25297,1.07653,0,0,0,7.98014e-05,7.98014e-05,7.98014e-05
550,14089,1.33751,2.2529,1.37693,1.30236,0.11291,0.0968,0.10639,0.60352,0.7319,0.72696,0.53698,0.58806,0.62918,0.64123,0.40186,0.91987,1.60872,6.21104,1.07484,0,0,0,7.84269e-05,7.84269e-05,7.84269e-05
551,14114.4,1.27575,2.26323,1.30285,1.27089,0.11202,0.0971,0.10574,0.62216,0.73044,0.72802,0.53519,0.59054,0.64362,0.64418,0.40271,0.91969,1.60938,6.06846,1.07472,0,0,0,7.70525e-05,7.70525e-05,7.70525e-05
552,14139.9,1.228,2.13345,1.25726,1.29332,0.11261,0.09666,0.10604,0.61917,0.73429,0.73046,0.53974,0.59056,0.64781,0.64654,0.4059,0.91675,1.60723,5.92842,1.07363,0,0,0,7.5678e-05,7.5678e-05,7.5678e-05
553,14165.3,1.26291,2.17067,1.27,1.27148,0.1129,0.09783,0.10722,0.61411,0.73126,0.73037,0.53809,0.58735,0.65418,0.6446,0.40778,0.91027,1.60756,5.89492,1.07145,0,0,0,7.43036e-05,7.43036e-05,7.43036e-05
554,14190.9,1.25189,2.20246,1.31318,1.30717,0.11379,0.09696,0.10576,0.62052,0.73216,0.72882,0.53958,0.5838,0.65651,0.63898,0.40528,0.90819,1.60814,5.95707,1.07052,0,0,0,7.29292e-05,7.29292e-05,7.29292e-05
555,14216.3,1.28064,2.21762,1.28158,1.2855,0.11324,0.09826,0.10692,0.62403,0.72684,0.73163,0.54126,0.57935,0.65531,0.6411,0.40722,0.90479,1.60965,6.01835,1.06963,0,0,0,7.15547e-05,7.15547e-05,7.15547e-05
556,14242,1.26459,2.27994,1.28176,1.29463,0.11066,0.09554,0.10482,0.61069,0.72648,0.72886,0.53907,0.57693,0.6631,0.64239,0.40696,0.90592,1.6117,6.05505,1.06906,0,0,0,7.01802e-05,7.01802e-05,7.01802e-05
557,14267.3,1.31527,2.30161,1.30822,1.29299,0.11152,0.09797,0.10654,0.60709,0.72892,0.72835,0.53856,0.57483,0.64889,0.64317,0.40558,0.90898,1.61184,5.99581,1.06987,0,0,0,6.88058e-05,6.88058e-05,6.88058e-05
558,14292.7,1.29235,2.25219,1.30746,1.29452,0.11586,0.09984,0.10826,0.60089,0.73244,0.72689,0.53971,0.54223,0.67402,0.62986,0.40377,0.91066,1.60933,6.08702,1.07077,0,0,0,6.74313e-05,6.74313e-05,6.74313e-05
559,14317.8,1.27803,2.17508,1.25265,1.27991,0.11162,0.0966,0.10526,0.58704,0.75373,0.72733,0.53459,0.53671,0.69315,0.63682,0.4048,0.91369,1.6069,6.27334,1.072,0,0,0,6.60569e-05,6.60569e-05,6.60569e-05
560,14343,1.26477,2.20592,1.26437,1.28654,0.1136,0.09791,0.10687,0.58638,0.75563,0.72524,0.53234,0.53926,0.68962,0.63177,0.40105,0.91662,1.60783,6.33893,1.07212,0,0,0,6.46825e-05,6.46825e-05,6.46825e-05
561,14368.4,1.30357,2.20699,1.28436,1.28554,0.11128,0.09784,0.10576,0.58042,0.75775,0.72505,0.53253,0.53545,0.69259,0.63426,0.4026,0.9191,1.6083,6.33313,1.07293,0,0,0,6.3308e-05,6.3308e-05,6.3308e-05
562,14393.6,1.30132,2.25868,1.31244,1.28298,0.11416,0.09779,0.10691,0.58154,0.76437,0.72442,0.53408,0.53342,0.69476,0.63614,0.40156,0.91523,1.60857,6.26511,1.07162,0,0,0,6.19335e-05,6.19335e-05,6.19335e-05
563,14418.8,1.29246,2.22633,1.28303,1.2858,0.11869,0.10376,0.11288,0.58661,0.75442,0.72716,0.54034,0.53686,0.68778,0.63802,0.4075,0.91382,1.60922,6.27908,1.07116,0,0,0,6.05591e-05,6.05591e-05,6.05591e-05
564,14444.1,1.25197,2.18861,1.31229,1.28504,0.11125,0.09627,0.10518,0.58626,0.75595,0.7262,0.53816,0.53623,0.69738,0.63903,0.40528,0.91258,1.60757,6.36549,1.07046,0,0,0,5.91846e-05,5.91846e-05,5.91846e-05
565,14469.1,1.26988,2.24924,1.30627,1.30846,0.11865,0.10108,0.11088,0.58248,0.75074,0.7257,0.53798,0.53717,0.67983,0.63684,0.40507,0.91343,1.60421,6.42168,1.0694,0,0,0,5.78102e-05,5.78102e-05,5.78102e-05
566,14494.5,1.27703,2.24842,1.27893,1.29228,0.11632,0.10063,0.10897,0.58253,0.75967,0.72668,0.54052,0.53727,0.70266,0.64187,0.40877,0.91625,1.60467,6.51726,1.06972,0,0,0,5.64358e-05,5.64358e-05,5.64358e-05
567,14520,1.25757,2.23367,1.24911,1.27713,0.11107,0.09664,0.10537,0.58044,0.7557,0.72559,0.54221,0.53597,0.69748,0.64241,0.41136,0.91309,1.60625,6.56544,1.06956,0,0,0,5.50613e-05,5.50613e-05,5.50613e-05
568,14545.4,1.28405,2.28062,1.28094,1.28819,0.10983,0.09582,0.10433,0.58682,0.74643,0.72429,0.53874,0.54251,0.68228,0.63853,0.41051,0.91827,1.60882,6.47912,1.07085,0,0,0,5.36869e-05,5.36869e-05,5.36869e-05
569,14570.7,1.24838,2.20265,1.30686,1.27372,0.1095,0.09283,0.10172,0.57924,0.75964,0.72819,0.54143,0.53832,0.69444,0.64415,0.41045,0.91897,1.61032,6.42219,1.07159,0,0,0,5.23124e-05,5.23124e-05,5.23124e-05
570,14596.1,1.23367,2.16099,1.26032,1.29096,0.1133,0.098,0.10603,0.59254,0.7429,0.72694,0.54025,0.55066,0.67385,0.64105,0.40731,0.91681,1.60926,6.38452,1.07129,0,0,0,5.09379e-05,5.09379e-05,5.09379e-05
571,14621.4,1.28427,2.25418,1.28485,1.28723,0.11779,0.10108,0.11138,0.59855,0.73704,0.72734,0.54032,0.55415,0.6729,0.63776,0.40895,0.91567,1.60823,6.35029,1.07063,0,0,0,4.95635e-05,4.95635e-05,4.95635e-05
572,14646.8,1.23823,2.16832,1.25915,1.26205,0.11309,0.09828,0.10657,0.5834,0.75535,0.7278,0.53986,0.53461,0.68424,0.63961,0.40818,0.91897,1.60735,6.39135,1.07116,0,0,0,4.81891e-05,4.81891e-05,4.81891e-05
573,14672,1.27478,2.23676,1.27289,1.27873,0.11541,0.10096,0.11024,0.6036,0.71755,0.72445,0.54052,0.56084,0.65466,0.64296,0.40998,0.9174,1.60286,6.47497,1.07031,0,0,0,4.68146e-05,4.68146e-05,4.68146e-05
574,14697.4,1.3067,2.23551,1.27535,1.30356,0.11472,0.09838,0.10708,0.60992,0.70387,0.72172,0.53608,0.56479,0.65226,0.64029,0.40736,0.91422,1.59998,6.52812,1.06987,0,0,0,4.54402e-05,4.54402e-05,4.54402e-05
575,14722.7,1.26683,2.2208,1.26252,1.27136,0.11191,0.09831,0.10693,0.60155,0.70701,0.72318,0.53921,0.56552,0.65431,0.64361,0.41114,0.90975,1.59809,6.63723,1.06898,0,0,0,4.40657e-05,4.40657e-05,4.40657e-05
576,14747.9,1.24701,2.1884,1.27217,1.27441,0.11434,0.09876,0.10828,0.6053,0.71797,0.72242,0.53973,0.55854,0.64237,0.63859,0.4078,0.91204,1.59953,6.74504,1.06845,0,0,0,4.26912e-05,4.26912e-05,4.26912e-05
577,14773.4,1.27675,2.18034,1.26957,1.27835,0.11376,0.09836,0.1075,0.59234,0.74681,0.72293,0.5397,0.53823,0.67662,0.63218,0.40557,0.91511,1.59803,6.75717,1.06868,0,0,0,4.13168e-05,4.13168e-05,4.13168e-05
578,14798.9,1.28833,2.2328,1.26617,1.27267,0.11094,0.09818,0.10574,0.58886,0.74329,0.7227,0.53791,0.53873,0.67721,0.63714,0.40576,0.9161,1.59836,6.74825,1.06915,0,0,0,3.99423e-05,3.99423e-05,3.99423e-05
579,14824.6,1.25813,2.1738,1.23418,1.27225,0.11785,0.10283,0.11206,0.59671,0.73857,0.72374,0.53978,0.54982,0.68149,0.64123,0.41027,0.91352,1.59496,6.74757,1.06869,0,0,0,3.85679e-05,3.85679e-05,3.85679e-05
580,14849.7,1.21479,2.16566,1.23715,1.26384,0.10796,0.09393,0.10274,0.60013,0.73069,0.72449,0.53999,0.54998,0.66399,0.63926,0.41137,0.91348,1.59254,6.69441,1.06898,0,0,0,3.71935e-05,3.71935e-05,3.71935e-05
581,14875.1,1.24598,2.23412,1.2775,1.30444,0.11653,0.09948,0.10824,0.5968,0.72633,0.72742,0.5428,0.55138,0.65542,0.63894,0.41253,0.91472,1.5942,6.62892,1.0695,0,0,0,3.5819e-05,3.5819e-05,3.5819e-05
582,14900.7,1.26792,2.19998,1.27978,1.28079,0.11368,0.0991,0.1077,0.59766,0.72738,0.72191,0.53939,0.54937,0.66045,0.63347,0.40824,0.91421,1.59432,6.60061,1.07018,0,0,0,3.44445e-05,3.44445e-05,3.44445e-05
583,14926,1.31572,2.25928,1.33107,1.28695,0.11674,0.09978,0.10922,0.58485,0.74382,0.72333,0.54085,0.557,0.65334,0.63408,0.40814,0.91264,1.59578,6.56663,1.07056,0,0,0,3.30701e-05,3.30701e-05,3.30701e-05
584,14951.5,1.26463,2.21613,1.2481,1.27786,0.11283,0.09898,0.10646,0.58562,0.74531,0.72356,0.54016,0.56432,0.64124,0.63353,0.41028,0.91291,1.59704,6.52292,1.07088,0,0,0,3.16956e-05,3.16956e-05,3.16956e-05
585,14976.6,1.26504,2.22024,1.25626,1.27927,0.11959,0.10348,0.11176,0.59644,0.70882,0.72479,0.54221,0.58211,0.63151,0.6357,0.40902,0.91474,1.59596,6.55891,1.07045,0,0,0,3.03212e-05,3.03212e-05,3.03212e-05
586,15002.1,1.28187,2.24942,1.26598,1.27602,0.11266,0.09828,0.10668,0.58411,0.73242,0.7245,0.53948,0.58214,0.63379,0.63835,0.40859,0.91636,1.59509,6.61603,1.07011,0,0,0,2.89468e-05,2.89468e-05,2.89468e-05
587,15027.6,1.25732,2.14283,1.25837,1.28702,0.11769,0.10136,0.10931,0.59644,0.72025,0.72434,0.54145,0.56582,0.64263,0.63947,0.40866,0.91532,1.59471,6.63021,1.06913,0,0,0,2.75723e-05,2.75723e-05,2.75723e-05
588,15052.7,1.2223,2.22036,1.24385,1.26659,0.11418,0.10096,0.10893,0.62299,0.69061,0.72222,0.54,0.56923,0.62943,0.6296,0.40782,0.91117,1.59357,6.63913,1.06759,0,0,0,2.61978e-05,2.61978e-05,2.61978e-05
589,15078.1,1.26693,2.18628,1.25991,1.26648,0.11399,0.09892,0.10818,0.59213,0.71822,0.72339,0.54105,0.56284,0.63722,0.62963,0.40777,0.90854,1.59486,6.6227,1.0666,0,0,0,2.48234e-05,2.48234e-05,2.48234e-05
590,15103.6,1.2546,2.2193,1.25519,1.28072,0.11537,0.09747,0.10706,0.59055,0.71957,0.72325,0.54174,0.54955,0.65529,0.63812,0.40976,0.90753,1.59402,6.64245,1.0663,0,0,0,2.34489e-05,2.34489e-05,2.34489e-05
591,15132.2,1.32975,2.20638,1.32873,1.33959,0.08416,0.06466,0.07355,0.58735,0.72281,0.72206,0.53412,0.55019,0.64741,0.63739,0.40717,0.9266,1.60838,6.85668,1.07255,0,0,0,2.20745e-05,2.20745e-05,2.20745e-05
592,15157.7,1.26089,2.13447,1.27142,1.28562,0.08283,0.06368,0.0723,0.57388,0.73032,0.71886,0.52967,0.54308,0.66123,0.63735,0.39972,0.94916,1.63186,6.92802,1.08241,0,0,0,2.07001e-05,2.07001e-05,2.07001e-05
593,15183,1.24868,2.10283,1.21715,1.26916,0.08148,0.06312,0.07094,0.58217,0.70258,0.70155,0.51252,0.54938,0.65267,0.62363,0.38444,0.96473,1.65326,6.80871,1.092,0,0,0,1.93256e-05,1.93256e-05,1.93256e-05
594,15208,1.24317,2.19507,1.26473,1.3112,0.07776,0.06194,0.06949,0.57763,0.70402,0.69985,0.50674,0.54844,0.64964,0.61775,0.37579,0.97501,1.67276,6.65349,1.09783,0,0,0,1.79512e-05,1.79512e-05,1.79512e-05
595,15233.3,1.23147,2.13081,1.2148,1.26805,0.07974,0.06257,0.07007,0.5581,0.72781,0.69733,0.50159,0.55681,0.619,0.61456,0.37161,0.98332,1.68485,6.50155,1.10235,0,0,0,1.65767e-05,1.65767e-05,1.65767e-05
596,15258.6,1.22152,2.06101,1.19064,1.25821,0.07858,0.06282,0.0701,0.56483,0.72288,0.6986,0.50308,0.57934,0.60274,0.60849,0.37089,0.98388,1.68371,6.39337,1.10324,0,0,0,1.52022e-05,1.52022e-05,1.52022e-05
597,15283.7,1.23309,2.0584,1.15443,1.25864,0.07681,0.06165,0.06849,0.57275,0.72371,0.70044,0.50411,0.59549,0.6143,0.61625,0.37418,0.98388,1.67807,6.31211,1.10148,0,0,0,1.38278e-05,1.38278e-05,1.38278e-05
598,15309.1,1.21819,2.10163,1.2006,1.27817,0.07892,0.06208,0.0694,0.5889,0.71361,0.70158,0.50508,0.57765,0.62905,0.617,0.37424,0.98129,1.6727,6.29011,1.10034,0,0,0,1.24534e-05,1.24534e-05,1.24534e-05
599,15334.3,1.20482,2.0198,1.18036,1.26819,0.07597,0.0599,0.06757,0.5836,0.71692,0.70171,0.51037,0.56696,0.63305,0.61799,0.3773,0.97989,1.66922,6.28321,1.09934,0,0,0,1.10789e-05,1.10789e-05,1.10789e-05
600,15359.3,1.23954,2.09915,1.16005,1.25219,0.07608,0.06128,0.06871,0.58618,0.71527,0.70232,0.51002,0.58182,0.63124,0.62469,0.37672,0.98007,1.66747,6.29815,1.09836,0,0,0,9.70445e-06,9.70445e-06,9.70445e-06
