epoch,time,train/box_loss,train/seg_loss,train/cls_loss,train/dfl_loss,train/sem_loss,train/heat_loss,train/seed_loss,metrics/precision(B),metrics/recall(B),metrics/mAP50(B),metrics/mAP50-95(B),metrics/precision(M),metrics/recall(M),metrics/mAP50(M),metrics/mAP50-95(M),val/box_loss,val/seg_loss,val/cls_loss,val/dfl_loss,val/sem_loss,val/heat_loss,val/seed_loss,lr/pg0,lr/pg1,lr/pg2
1,174.515,3.86083,6.7949,5.84576,4.20207,0.40679,0.83703,0.85707,0.00013,0.01254,1e-05,0,0.00014,0.0117,1e-05,0,3.81177,5.00949,5.03475,4.14281,nan,0,0,0.000274475,0.000274475,0.000274475
2,340.821,3.73614,5.15425,5.42684,4.11845,0.37109,0.81135,0.82897,0.00013,0.00838,1e-05,0,0.0001,0.00678,1e-05,0,3.82562,6.02174,4.95888,4.07759,nan,0,0,0.000551231,0.000551231,0.000551231
3,506.815,3.69753,4.66178,5.35334,3.95117,0.32018,0.77163,0.78866,0.00015,0.01336,3e-05,1e-05,0.00021,0.01291,2e-05,0,nan,nan,nan,nan,nan,0,0,0.00082707,0.00082707,0.00082707
4,672.183,3.45048,4.58795,5.1169,3.68461,0.26926,0.72648,0.74219,0.00024,0.0193,4e-05,1e-05,0.00025,0.01615,2e-05,0,nan,nan,nan,nan,nan,0,0,0.000828877,0.000828877,0.000828877
5,838.852,3.24339,4.50561,4.84546,3.45166,0.24795,0.68301,0.69822,0.0004,0.02602,7e-05,1e-05,0.00022,0.01811,4e-05,1e-05,3.16063,4.48813,4.70472,3.30656,nan,0,0,0.000827502,0.000827502,0.000827502
6,1003.88,3.06551,4.39887,4.76237,3.30116,0.23369,0.64283,0.6568,0.00063,0.08161,0.00023,4e-05,0.87616,0.00237,0.00014,2e-05,3.09929,4.4308,4.30307,3.25212,nan,0,0,0.000826128,0.000826128,0.000826128
7,1169.41,2.96342,4.40938,4.61668,3.20447,0.22068,0.60822,0.6201,0.25174,0.00894,0.0004,8e-05,0.62581,0.00601,0.0003,5e-05,2.9897,4.39835,4.27012,3.13266,nan,0,0,0.000824753,0.000824753,0.000824753
8,1334.88,2.95936,4.32633,4.57945,3.12526,0.2023,0.58147,0.59126,0.75299,0.00411,0.00036,7e-05,0.75307,0.00348,0.00024,4e-05,nan,nan,nan,nan,nan,0,0,0.000823379,0.000823379,0.000823379
9,1499.87,2.89323,4.27203,4.47533,3.02239,0.19574,0.56151,0.56971,0.76423,0.0038,0.00137,0.0003,0.76578,0.00404,0.0012,0.00023,nan,nan,nan,nan,nan,0,0,0.000822004,0.000822004,0.000822004
10,1665.36,2.83743,4.28715,4.45783,3.00526,0.19249,0.54759,0.55445,0.62916,0.00538,0.00084,0.00019,0.62959,0.00538,0.00065,0.00012,nan,nan,nan,nan,nan,0,0,0.00082063,0.00082063,0.00082063
11,1830.38,2.82918,4.24431,4.39806,2.96436,0.19049,0.53961,0.54561,0.62877,0.00609,0.00144,0.00034,0.63052,0.00435,0.00097,0.0002,nan,nan,nan,nan,nan,0,0,0.000819255,0.000819255,0.000819255
12,1995.82,2.78724,4.25433,4.40822,2.95031,0.19215,0.53376,0.53903,0.88602,0.00514,0.00193,0.00042,0.88841,0.00459,0.00192,0.00041,nan,nan,nan,nan,nan,0,0,0.000817881,0.000817881,0.000817881
13,2161.08,2.76209,4.17998,4.30503,2.89523,0.19022,0.52871,0.53338,0.00854,0.12918,0.00529,0.00195,0.00836,0.11218,0.00507,0.00103,nan,nan,nan,nan,nan,0,0,0.000816507,0.000816507,0.000816507
14,2326.58,2.72032,4.11265,4.24713,2.84543,0.18677,0.52481,0.52887,0.63141,0.0053,0.00141,0.00034,0.63141,0.0053,0.00123,0.00028,nan,nan,nan,nan,nan,0,0,0.000815132,0.000815132,0.000815132
15,2491.58,2.73494,4.1033,4.18333,2.84843,0.18948,0.52247,0.52647,0.00354,0.15968,0.00183,0.00043,0.63192,0.00411,0.0013,0.0003,nan,nan,nan,nan,nan,0,0,0.000813758,0.000813758,0.000813758
16,2656.51,2.68752,4.06999,4.23204,2.7938,0.18359,0.5198,0.52355,0.63647,0.00712,0.0034,0.00102,0.63751,0.00722,0.0033,0.00083,nan,nan,nan,nan,nan,0,0,0.000812383,0.000812383,0.000812383
17,2821.52,2.64892,4.07387,4.08057,2.75636,0.18505,0.5177,0.52098,0.63768,0.00893,0.00345,0.00097,0.66359,0.0085,0.0036,0.00092,nan,nan,nan,nan,nan,0,0,0.000811009,0.000811009,0.000811009
18,2986.39,2.59435,4.09831,4.14931,2.74513,0.18164,0.51589,0.51918,0.40752,0.0098,0.00376,0.00089,0.39694,0.00973,0.00308,0.00069,nan,nan,nan,nan,nan,0,0,0.000809634,0.000809634,0.000809634
19,3151.09,2.62782,4.05995,4.10248,2.73092,0.17411,0.51394,0.51721,0.8907,0.01036,0.00629,0.00177,0.89071,0.00957,0.00568,0.00154,nan,nan,nan,nan,nan,0,0,0.00080826,0.00080826,0.00080826
20,3316.42,2.56098,3.99271,4.05,2.70688,0.16363,0.51262,0.51588,0.78104,0.01368,0.00816,0.00212,0.82068,0.0125,0.00672,0.00187,nan,nan,nan,nan,nan,0,0,0.000806885,0.000806885,0.000806885
21,3481.62,2.56829,3.97903,4.01201,2.66037,0.16002,0.51104,0.51424,0.76974,0.01329,0.00631,0.00195,0.77258,0.0148,0.00673,0.0018,nan,nan,nan,nan,nan,0,0,0.000805511,0.000805511,0.000805511
22,3646.35,2.53808,3.97505,4.00704,2.64325,0.15865,0.5101,0.51295,0.01399,0.18356,0.03708,0.00791,0.65361,0.01396,0.00664,0.00171,nan,nan,nan,nan,nan,0,0,0.000804137,0.000804137,0.000804137
23,3811.61,2.52757,3.9426,3.95011,2.64722,0.15937,0.50886,0.51167,0.55429,0.02168,0.00793,0.00223,0.52302,0.01923,0.00619,0.00167,nan,nan,nan,nan,nan,0,0,0.000802762,0.000802762,0.000802762
24,3976.43,2.53926,3.95835,3.88541,2.61306,0.15534,0.50738,0.50995,0.65039,0.02191,0.01199,0.00368,0.77746,0.01471,0.00923,0.00262,nan,nan,nan,nan,nan,0,0,0.000801388,0.000801388,0.000801388
25,4140.9,2.47393,3.91916,3.90383,2.60929,0.1535,0.50567,0.50794,0.52518,0.017,0.01079,0.00335,0.53255,0.01756,0.01074,0.00309,nan,nan,nan,nan,nan,0,0,0.000800013,0.000800013,0.000800013
26,4305.43,2.50231,3.90912,3.88982,2.58144,0.15727,0.50476,0.50695,0.65464,0.02291,0.00892,0.0027,0.65485,0.02228,0.00856,0.00249,nan,nan,nan,nan,nan,0,0,0.000798639,0.000798639,0.000798639
27,4470.17,2.5155,3.90508,3.7932,2.56322,0.15429,0.50366,0.50586,0.41194,0.02355,0.01261,0.00355,0.41972,0.02387,0.01269,0.0037,nan,nan,nan,nan,nan,0,0,0.000797264,0.000797264,0.000797264
28,4634.59,2.45804,3.84655,3.81464,2.56797,0.15374,0.50273,0.50499,0.69149,0.02121,0.01115,0.00338,0.68243,0.01908,0.01489,0.00417,nan,nan,nan,nan,nan,0,0,0.00079589,0.00079589,0.00079589
29,4799.25,2.4498,3.87254,3.84785,2.56678,0.15524,0.50168,0.50409,0.6479,0.02451,0.011,0.00346,0.65219,0.02266,0.01061,0.00283,nan,nan,nan,nan,nan,0,0,0.000794515,0.000794515,0.000794515
30,4963.66,2.4525,3.87883,3.78671,2.56085,0.15468,0.50015,0.50263,0.58419,0.03247,0.01953,0.00598,0.66131,0.02346,0.01238,0.00383,nan,nan,nan,nan,nan,0,0,0.000793141,0.000793141,0.000793141
31,5128.58,2.42221,3.85517,3.76339,2.54829,0.15512,0.49915,0.50188,0.4714,0.02777,0.01147,0.0031,0.47413,0.02612,0.01383,0.00302,nan,nan,nan,nan,nan,0,0,0.000791767,0.000791767,0.000791767
32,5292.97,2.40607,3.83809,3.72998,2.52083,0.15374,0.49767,0.49981,0.55215,0.02484,0.01447,0.00435,0.55705,0.0231,0.01501,0.00402,nan,nan,nan,nan,nan,0,0,0.000790392,0.000790392,0.000790392
33,5457.44,2.3602,3.80741,3.72729,2.50407,0.15444,0.49645,0.49907,0.62701,0.03913,0.02276,0.00773,0.62173,0.03584,0.02148,0.007,nan,nan,nan,nan,nan,0,0,0.000789018,0.000789018,0.000789018
34,5622.57,2.38295,3.78357,3.65484,2.48025,0.1535,0.49306,0.4952,0.53359,0.03343,0.01584,0.00487,0.53467,0.0295,0.0148,0.00439,nan,nan,nan,nan,nan,0,0,0.000787643,0.000787643,0.000787643
35,5787.4,2.39179,3.81222,3.60371,2.46988,0.15559,0.49054,0.49304,0.69288,0.03777,0.02351,0.0072,0.688,0.03579,0.01962,0.00555,nan,nan,nan,nan,nan,0,0,0.000786269,0.000786269,0.000786269
36,5951.84,2.31388,3.77653,3.64457,2.46969,0.15363,0.48603,0.48783,0.62568,0.04601,0.02339,0.00713,0.59445,0.03928,0.01827,0.00563,nan,nan,nan,nan,nan,0,0,0.000784894,0.000784894,0.000784894
37,6116.46,2.35287,3.71114,3.59661,2.44863,0.15183,0.47832,0.47881,0.47211,0.04618,0.02779,0.00885,0.49888,0.04181,0.02641,0.00779,2.33545,3.64707,3.34396,2.46296,nan,0,0,0.00078352,0.00078352,0.00078352
38,6281.5,2.35787,3.71682,3.54872,2.45056,0.15437,0.4625,0.46047,0.44492,0.04465,0.02527,0.00767,0.45393,0.04408,0.02486,0.00708,2.31646,3.65215,3.31658,2.4648,nan,0,0,0.000782145,0.000782145,0.000782145
39,6446.47,2.36096,3.67638,3.53527,2.43611,0.1545,0.42891,0.42754,0.59773,0.054,0.03541,0.01068,0.53355,0.04692,0.02495,0.0084,nan,nan,nan,nan,nan,0,0,0.000780771,0.000780771,0.000780771
40,6611.44,2.30891,3.71519,3.53092,2.42741,0.15236,0.36395,0.37989,0.59148,0.05442,0.03815,0.01131,0.57652,0.04676,0.0322,0.0096,2.30488,3.6001,3.28204,2.44283,nan,0,0,0.000779396,0.000779396,0.000779396
41,6776.41,2.26535,3.70466,3.48622,2.40048,0.15279,0.2829,0.32625,0.58647,0.05246,0.03984,0.01326,0.59287,0.05355,0.03777,0.01144,2.27908,3.64311,3.25132,2.42305,nan,0,0,0.000778022,0.000778022,0.000778022
42,6941.61,2.28426,3.70365,3.49335,2.392,0.15191,0.22954,0.27712,0.57384,0.05965,0.03548,0.01347,0.5674,0.05406,0.03328,0.0116,2.30009,3.62884,3.28207,2.43118,nan,0,0,0.000776648,0.000776648,0.000776648
43,7106.41,2.29477,3.67858,3.47524,2.40806,0.15322,0.20528,0.24494,0.59673,0.04893,0.05415,0.01903,0.58265,0.04476,0.05114,0.01609,2.28342,3.57373,3.21942,2.40641,nan,0,0,0.000775273,0.000775273,0.000775273
44,7271.51,2.28048,3.63608,3.46249,2.39534,0.15253,0.19149,0.2283,0.57237,0.08154,0.06493,0.02765,0.56031,0.07015,0.05387,0.01942,2.24359,3.53167,3.12752,2.38341,nan,0,0,0.000773899,0.000773899,0.000773899
45,7436.41,2.23543,3.65036,3.48617,2.39258,0.15015,0.17986,0.21679,0.56574,0.06354,0.04618,0.01968,0.55839,0.05901,0.04293,0.01638,2.22469,3.5337,3.13231,2.38053,nan,0,0,0.000772524,0.000772524,0.000772524
46,7600.83,2.245,3.64434,3.41822,2.38965,0.1511,0.17456,0.21098,0.57082,0.06929,0.05328,0.02294,0.55764,0.0629,0.04722,0.01823,2.25247,3.47839,3.1173,2.38397,nan,0,0,0.00077115,0.00077115,0.00077115
47,7765.31,2.26398,3.59993,3.3895,2.34364,0.15293,0.16977,0.20585,0.48351,0.10047,0.05784,0.02344,0.49243,0.08893,0.04676,0.01791,2.23051,3.51319,3.09827,2.37002,nan,0,0,0.000769775,0.000769775,0.000769775
48,7929.74,2.25311,3.63684,3.37729,2.37486,0.14862,0.16132,0.19504,0.58032,0.07642,0.06899,0.02871,0.57032,0.06884,0.05942,0.02253,2.20982,3.45906,3.04638,2.3599,nan,0,0,0.000768401,0.000768401,0.000768401
49,8094.63,2.21534,3.58453,3.34608,2.36429,0.15505,0.16843,0.19711,0.5853,0.08386,0.06816,0.02673,0.57387,0.08041,0.0567,0.02137,2.19653,3.47371,3.10169,2.35432,nan,0,0,0.000767026,0.000767026,0.000767026
50,8259.16,2.21429,3.55267,3.32602,2.32979,0.1537,0.16171,0.18882,0.51177,0.09111,0.06441,0.02741,0.50006,0.08396,0.05988,0.02181,2.17328,3.44734,3.02723,2.31724,nan,0,0,0.000765652,0.000765652,0.000765652
51,8423.73,2.25047,3.55235,3.31192,2.31818,0.15197,0.16153,0.18254,0.57511,0.09551,0.06783,0.02663,0.56702,0.08685,0.05852,0.02014,2.18788,3.44195,3.03937,2.3324,nan,0,0,0.000764278,0.000764278,0.000764278
52,8588.24,2.20708,3.57009,3.20822,2.30195,0.1515,0.16026,0.17551,0.51704,0.10011,0.07013,0.02868,0.5226,0.08912,0.06199,0.02239,2.18108,3.43849,3.00701,2.3214,nan,0,0,0.000762903,0.000762903,0.000762903
53,8752.96,2.23096,3.56619,3.24259,2.29987,0.15221,0.16243,0.1747,0.4965,0.10025,0.08997,0.0329,0.4791,0.09396,0.07593,0.02689,2.14891,3.41548,3.04292,2.32537,nan,0,0,0.000761529,0.000761529,0.000761529
54,8918.11,2.17817,3.54932,3.27106,2.31471,0.1516,0.15897,0.17005,0.37112,0.10374,0.08069,0.03415,0.3627,0.09368,0.06414,0.02448,2.14249,3.38508,2.928,2.30588,nan,0,0,0.000760154,0.000760154,0.000760154
55,9082.96,2.21825,3.52371,3.16579,2.29436,0.15025,0.15818,0.16829,0.38583,0.13824,0.06919,0.02921,0.38336,0.12628,0.05943,0.02235,2.14516,3.38574,2.96685,2.29966,nan,0,0,0.00075878,0.00075878,0.00075878
56,9247.39,2.18945,3.54509,3.18572,2.30603,0.15028,0.15445,0.16337,0.40035,0.1417,0.11487,0.03735,0.40302,0.12305,0.06835,0.02556,2.1086,3.32732,2.91452,2.28556,nan,0,0,0.000757405,0.000757405,0.000757405
57,9412.37,2.16834,3.45631,3.20058,2.29058,0.14939,0.15452,0.16363,0.51134,0.14198,0.10035,0.04488,0.50233,0.12792,0.09017,0.03068,2.10434,3.33687,2.84807,2.27191,nan,0,0,0.000756031,0.000756031,0.000756031
58,9577.34,2.18687,3.41937,3.14012,2.27448,0.14859,0.15703,0.16547,0.55015,0.11481,0.08157,0.03714,0.53821,0.10369,0.07524,0.02943,2.10751,3.29855,2.86272,2.26721,nan,0,0,0.000754656,0.000754656,0.000754656
59,9741.9,2.17217,3.44961,3.13608,2.28065,0.15146,0.15892,0.16833,0.41067,0.11086,0.08847,0.0399,0.41545,0.09894,0.07584,0.03184,2.07652,3.29041,2.82396,2.24455,nan,0,0,0.000753282,0.000753282,0.000753282
60,9906.53,2.16136,3.45094,3.14074,2.26663,0.15125,0.15381,0.16334,0.38311,0.12937,0.12207,0.04061,0.37931,0.11936,0.07853,0.03272,2.08783,3.29248,2.84012,2.24396,nan,0,0,0.000751907,0.000751907,0.000751907
61,10070.9,2.15234,3.45848,3.13049,2.28701,0.14945,0.15623,0.16521,0.28873,0.1572,0.13417,0.05077,0.4525,0.115,0.12238,0.04717,2.11955,3.30972,2.81424,2.27189,nan,0,0,0.000750533,0.000750533,0.000750533
62,10235.8,2.13733,3.43913,3.08668,2.26204,0.14821,0.15096,0.16013,0.54933,0.12214,0.09334,0.0395,0.51807,0.11921,0.07662,0.0306,2.07965,3.27965,2.82972,2.23777,nan,0,0,0.000749159,0.000749159,0.000749159
63,10400.3,2.12897,3.41657,3.0345,2.24505,0.14968,0.1577,0.16706,0.4068,0.14882,0.07831,0.03265,0.39938,0.13683,0.07104,0.02475,2.1046,3.27899,2.86134,2.27137,nan,0,0,0.000747784,0.000747784,0.000747784
64,10565,2.13891,3.44379,3.08749,2.23496,0.14912,0.15744,0.16676,0.41102,0.13445,0.091,0.03686,0.40132,0.12519,0.08275,0.0297,2.0743,3.26194,2.85616,2.23479,nan,0,0,0.00074641,0.00074641,0.00074641
65,10729.3,2.13643,3.38592,3.0309,2.24313,0.15048,0.15667,0.16671,0.4338,0.16349,0.15434,0.06274,0.42248,0.14843,0.14077,0.04827,2.03502,3.20378,2.6588,2.20527,nan,0,0,0.000745035,0.000745035,0.000745035
66,10894.4,2.13229,3.41323,3.04118,2.23643,0.14759,0.15454,0.16274,0.33737,0.1652,0.15146,0.06959,0.31643,0.15578,0.13719,0.05339,2.05932,3.22305,2.66903,2.21671,nan,0,0,0.000743661,0.000743661,0.000743661
67,11059.2,2.10056,3.36438,3.02871,2.23998,0.15155,0.15932,0.16881,0.39734,0.15514,0.13503,0.05439,0.41054,0.12323,0.12064,0.0423,2.07286,3.21415,2.69071,2.23208,nan,0,0,0.000742286,0.000742286,0.000742286
68,11223.9,2.0732,3.3696,2.9764,2.21119,0.14906,0.15558,0.16418,0.34067,0.18942,0.12113,0.05145,0.33239,0.17853,0.10922,0.04128,2.01053,3.15584,2.66369,2.18528,nan,0,0,0.000740912,0.000740912,0.000740912
69,11388.4,2.10682,3.37393,2.91272,2.21079,0.14808,0.15426,0.16381,0.4513,0.15092,0.12502,0.05378,0.44597,0.13832,0.106,0.044,2.03921,3.19381,2.69877,2.19667,nan,0,0,0.000739537,0.000739537,0.000739537
70,11553.3,2.09734,3.32711,2.95798,2.19657,0.15107,0.15642,0.16597,0.33816,0.16667,0.16002,0.06224,0.34371,0.14773,0.12312,0.04855,2.03591,3.18162,2.60317,2.2037,nan,0,0,0.000738163,0.000738163,0.000738163
71,11718,2.05403,3.34813,2.93029,2.19717,0.14803,0.15351,0.16188,0.36761,0.1973,0.17867,0.07458,0.35419,0.19208,0.16639,0.05829,1.99685,3.15888,2.6326,2.17032,nan,0,0,0.000736788,0.000736788,0.000736788
72,11883.1,2.08477,3.37948,2.89239,2.19877,0.14927,0.15557,0.16521,0.37881,0.1964,0.15912,0.0677,0.35005,0.17242,0.12827,0.04867,1.99962,3.12747,2.58304,2.16564,nan,0,0,0.000735414,0.000735414,0.000735414
73,12047.8,2.08832,3.27806,2.88042,2.18167,0.14775,0.15162,0.16063,0.46773,0.18395,0.16949,0.06947,0.4026,0.16647,0.14461,0.0554,1.99286,3.13466,2.59609,2.15621,nan,0,0,0.00073404,0.00073404,0.00073404
74,12212.2,2.07776,3.33422,2.8808,2.19005,0.14819,0.1521,0.16115,0.40673,0.19581,0.19272,0.07677,0.38801,0.17938,0.16361,0.06092,2.00204,3.10457,2.55506,2.16254,nan,0,0,0.000732665,0.000732665,0.000732665
75,12377.1,2.08925,3.33815,2.89032,2.19424,0.15108,0.15904,0.16903,0.37025,0.21297,0.15487,0.06719,0.34499,0.1919,0.1362,0.05451,1.99663,3.1279,2.58137,2.17428,nan,0,0,0.000731291,0.000731291,0.000731291
76,12541.6,2.04146,3.32797,2.87432,2.19226,0.14836,0.15407,0.16376,0.38518,0.21917,0.16864,0.07639,0.35546,0.18254,0.13762,0.05504,1.97916,3.12467,2.57377,2.14237,nan,0,0,0.000729916,0.000729916,0.000729916
77,12706,2.07852,3.35325,2.89673,2.20511,0.14811,0.15256,0.16241,0.3722,0.2114,0.20141,0.09065,0.34886,0.19617,0.1696,0.06099,1.95809,3.09504,2.52873,2.13418,nan,0,0,0.000728542,0.000728542,0.000728542
78,12870.9,2.07013,3.24898,2.83043,2.16686,0.14834,0.1526,0.16159,0.34674,0.20812,0.21625,0.07939,0.31678,0.18326,0.18661,0.06351,1.96819,3.08912,2.51406,2.13668,nan,0,0,0.000727167,0.000727167,0.000727167
79,13035.2,2.01698,3.28762,2.82122,2.17029,0.14643,0.15259,0.16109,0.33082,0.22506,0.19182,0.07557,0.32872,0.22007,0.17158,0.05716,1.94269,3.05178,2.44381,2.11305,nan,0,0,0.000725793,0.000725793,0.000725793
80,13199.8,2.0429,3.30863,2.81869,2.16169,0.14779,0.1495,0.15856,0.34405,0.25753,0.20947,0.08349,0.32403,0.2279,0.18029,0.06541,1.94817,3.04877,2.45851,2.12195,nan,0,0,0.000724418,0.000724418,0.000724418
81,13364.3,2.04057,3.25485,2.76717,2.15113,0.15101,0.15955,0.16965,0.39081,0.19605,0.22085,0.09554,0.37907,0.18456,0.19434,0.07242,1.92313,3.0322,2.42234,2.10285,nan,0,0,0.000723044,0.000723044,0.000723044
82,13529.2,1.99728,3.26486,2.77267,2.1443,0.14924,0.15255,0.16203,0.33522,0.23476,0.17373,0.08078,0.30744,0.21809,0.15588,0.05907,1.96349,3.06688,2.48665,2.15068,nan,0,0,0.00072167,0.00072167,0.00072167
83,13693.8,2.06021,3.24154,2.77215,2.15634,0.14584,0.14994,0.15954,0.39071,0.19453,0.18682,0.08146,0.38674,0.16919,0.15835,0.06404,1.94233,3.02433,2.42403,2.10286,nan,0,0,0.000720295,0.000720295,0.000720295
84,13858.2,2.03724,3.24194,2.79557,2.14619,0.14599,0.14767,0.15701,0.23629,0.30549,0.20464,0.07973,0.20633,0.29095,0.18815,0.06461,1.9381,3.02377,2.49437,2.10547,nan,0,0,0.000718921,0.000718921,0.000718921
85,14022.8,2.0538,3.2673,2.76158,2.15763,0.15002,0.15771,0.16811,0.34458,0.26971,0.2401,0.09732,0.33453,0.25562,0.19302,0.07294,1.9185,3.00523,2.52123,2.10086,nan,0,0,0.000717546,0.000717546,0.000717546
86,14187.6,2.02121,3.20151,2.71257,2.14828,0.14863,0.15562,0.16552,0.43123,0.19363,0.20246,0.0854,0.4043,0.1813,0.17744,0.06726,1.90031,2.97104,2.3899,2.08352,nan,0,0,0.000716172,0.000716172,0.000716172
87,14352,2.04231,3.24468,2.75717,2.14925,0.14756,0.15106,0.16054,0.37735,0.26674,0.26827,0.1162,0.37036,0.2471,0.22026,0.08742,1.90632,2.9939,2.36703,2.0834,nan,0,0,0.000714797,0.000714797,0.000714797
88,14516.9,2.01331,3.17622,2.71778,2.1223,0.14827,0.153,0.16363,0.40451,0.21176,0.22388,0.09455,0.39623,0.19845,0.20656,0.07785,1.91137,2.96576,2.37365,2.08489,nan,0,0,0.000713423,0.000713423,0.000713423
89,14681.4,2.03244,3.25549,2.73746,2.13647,0.14873,0.15626,0.16656,0.36832,0.27214,0.25515,0.12015,0.35421,0.25177,0.22996,0.09336,1.91053,2.97513,2.38558,2.08343,nan,0,0,0.000712048,0.000712048,0.000712048
90,14846.5,2.04305,3.16599,2.69069,2.11383,0.14629,0.151,0.16002,0.38839,0.24305,0.22666,0.10386,0.31297,0.26952,0.20136,0.08079,1.91158,2.9551,2.39644,2.10293,nan,0,0,0.000710674,0.000710674,0.000710674
91,15010.8,2.01024,3.22095,2.75941,2.15495,0.14725,0.1542,0.16359,0.23424,0.32874,0.24122,0.11234,0.20952,0.28755,0.21337,0.08862,1.87409,2.92463,2.3238,2.05871,nan,0,0,0.000709299,0.000709299,0.000709299
92,15175,1.98148,3.15358,2.62244,2.10424,0.14526,0.14929,0.15883,0.27606,0.35701,0.26904,0.12772,0.21896,0.31031,0.21786,0.09176,1.85961,2.89592,2.30883,2.05471,nan,0,0,0.000707925,0.000707925,0.000707925
93,15340.1,1.97998,3.14245,2.62391,2.07925,0.14554,0.14926,0.15818,0.28701,0.32181,0.26145,0.12545,0.29523,0.2818,0.22163,0.0892,1.87644,2.90792,2.33699,2.05912,nan,0,0,0.000706551,0.000706551,0.000706551
94,15504.3,1.95604,3.15341,2.64672,2.10144,0.14817,0.15337,0.16336,0.30046,0.35791,0.26882,0.1243,0.26439,0.35208,0.22269,0.09232,1.84035,2.90029,2.24545,2.03488,nan,0,0,0.000705176,0.000705176,0.000705176
95,15669,1.97584,3.15377,2.60967,2.07212,0.14642,0.15284,0.16287,0.32178,0.33337,0.25741,0.12471,0.30144,0.30998,0.23044,0.09061,1.8276,2.90411,2.26129,2.02106,nan,0,0,0.000703802,0.000703802,0.000703802
96,15833.4,1.95299,3.15605,2.57662,2.1032,0.14675,0.15256,0.16135,0.32605,0.37518,0.28562,0.13283,0.31423,0.36713,0.25748,0.10298,1.83603,2.89745,2.26338,2.04321,nan,0,0,0.000702427,0.000702427,0.000702427
97,15998.3,1.95218,3.1675,2.595,2.09869,0.14501,0.15038,0.15953,0.30694,0.36009,0.28039,0.11789,0.32865,0.3263,0.244,0.08859,1.8154,2.89382,2.21192,2.02235,nan,0,0,0.000701053,0.000701053,0.000701053
98,16162.8,1.97118,3.1349,2.61945,2.07514,0.14371,0.14826,0.15764,0.37194,0.32013,0.28937,0.13845,0.34913,0.33124,0.27049,0.11376,1.79655,2.83369,2.21263,2.01103,nan,0,0,0.000699678,0.000699678,0.000699678
99,16327.6,1.95925,3.13461,2.59289,2.06022,0.1482,0.15026,0.16119,0.39664,0.35096,0.30213,0.12545,0.38424,0.33829,0.27711,0.10664,1.82096,2.84377,2.22189,2.0125,nan,0,0,0.000698304,0.000698304,0.000698304
100,16492.1,1.96225,3.14726,2.57506,2.06634,0.14835,0.15166,0.1627,0.30766,0.35449,0.2535,0.12372,0.28054,0.32412,0.22426,0.09332,1.79928,2.82821,2.22782,1.9875,nan,0,0,0.000696929,0.000696929,0.000696929
101,16656.4,1.97782,3.1225,2.57797,2.07845,0.14569,0.15157,0.16112,0.30742,0.37054,0.2443,0.113,0.27888,0.34268,0.20887,0.08437,1.79716,2.83751,2.22697,1.99674,nan,0,0,0.000695555,0.000695555,0.000695555
102,16820.6,1.95505,3.13499,2.59179,2.08899,0.14811,0.15069,0.16048,0.31068,0.32004,0.26371,0.12519,0.30614,0.30724,0.24185,0.09417,1.8216,2.84946,2.24569,1.99908,nan,0,0,0.000694181,0.000694181,0.000694181
103,16985,1.94727,3.11583,2.51249,2.03904,0.14578,0.15054,0.16105,0.31737,0.35444,0.30277,0.13876,0.28896,0.33428,0.28223,0.11513,1.80131,2.82082,2.23123,1.98435,nan,0,0,0.000692806,0.000692806,0.000692806
104,17149.8,1.94672,3.1681,2.52785,2.06258,0.14767,0.14935,0.16038,0.262,0.41518,0.27885,0.13374,0.25044,0.4063,0.25471,0.10347,1.78364,2.79054,2.20719,1.97312,nan,0,0,0.000691432,0.000691432,0.000691432
105,17314.1,1.934,3.09261,2.52554,2.05624,0.14507,0.14928,0.1602,0.34407,0.37109,0.29796,0.13547,0.32856,0.34149,0.26349,0.10127,1.81671,2.79911,2.18243,2.00455,nan,0,0,0.000690057,0.000690057,0.000690057
106,17478.4,1.96257,3.08413,2.56428,2.07136,0.14642,0.14927,0.16021,0.42235,0.28344,0.28678,0.12817,0.3705,0.25248,0.26023,0.10878,1.82201,2.83435,2.18729,2.00619,nan,0,0,0.000688683,0.000688683,0.000688683
107,17642.7,1.93191,3.0939,2.52919,2.06863,0.14677,0.14707,0.15765,0.4189,0.2961,0.28966,0.13356,0.41146,0.24033,0.23742,0.10008,1.81391,2.80221,2.23687,1.99911,nan,0,0,0.000687308,0.000687308,0.000687308
108,17807.2,1.93266,3.10377,2.50585,2.05587,0.14798,0.15536,0.16495,0.41846,0.32588,0.27565,0.13197,0.38883,0.30293,0.2471,0.10177,1.75402,2.76437,2.19879,1.9512,nan,0,0,0.000685934,0.000685934,0.000685934
109,17971.6,1.92561,3.11564,2.51388,2.04693,0.14491,0.14704,0.15814,0.33889,0.34787,0.29491,0.13154,0.32137,0.33075,0.26055,0.10493,1.78688,2.79022,2.15453,1.97631,nan,0,0,0.000684559,0.000684559,0.000684559
110,18135.9,1.92765,3.07321,2.47205,2.05327,0.14547,0.149,0.15942,0.31961,0.36185,0.32225,0.14465,0.30891,0.33211,0.29397,0.12443,1.7629,2.78134,2.16009,1.96247,nan,0,0,0.000683185,0.000683185,0.000683185
111,18300.8,1.9139,3.01374,2.43484,2.04115,0.14723,0.15462,0.16534,0.42799,0.2547,0.32045,0.14882,0.25631,0.38779,0.27965,0.11955,1.74832,2.73497,2.09035,1.93701,nan,0,0,0.00068181,0.00068181,0.00068181
112,18465,1.92691,3.06418,2.45324,2.0399,0.14383,0.1458,0.15677,0.37264,0.37623,0.33273,0.15035,0.3559,0.36299,0.31026,0.12422,1.76505,2.75727,2.14838,1.95767,nan,0,0,0.000680436,0.000680436,0.000680436
113,18629.8,1.88934,2.99947,2.44011,2.02228,0.14752,0.15074,0.16168,0.37862,0.37198,0.3161,0.14209,0.35561,0.35461,0.29428,0.11184,1.74736,2.71711,2.14378,1.94011,nan,0,0,0.000679062,0.000679062,0.000679062
114,18794.1,1.90575,3.01142,2.37165,2.00757,0.14563,0.15039,0.16087,0.34319,0.43153,0.33105,0.1537,0.30423,0.39549,0.3002,0.13258,1.75487,2.71436,2.13167,1.95338,nan,0,0,0.000677687,0.000677687,0.000677687
115,18958.8,1.92632,2.99736,2.41795,2.02641,0.14582,0.14866,0.15993,0.31075,0.44259,0.35803,0.17449,0.31481,0.37153,0.32669,0.13555,1.73793,2.71385,2.05344,1.93763,nan,0,0,0.000676313,0.000676313,0.000676313
116,19123.5,1.92385,3.05187,2.42642,2.02909,0.14407,0.14985,0.16053,0.3491,0.36629,0.34111,0.15735,0.44065,0.26953,0.31138,0.13011,1.7428,2.73347,2.16616,1.94345,nan,0,0,0.000674938,0.000674938,0.000674938
117,19287.9,1.90544,3.0528,2.39117,2.01882,0.14665,0.15326,0.16301,0.40891,0.33728,0.36911,0.17582,0.37419,0.31359,0.33028,0.14717,1.71021,2.68273,2.08387,1.9293,nan,0,0,0.000673564,0.000673564,0.000673564
118,19452.6,1.86986,2.99189,2.36563,1.99454,0.14445,0.14764,0.1583,0.46199,0.35846,0.35768,0.16293,0.42887,0.33356,0.32237,0.1376,1.72397,2.68437,2.09747,1.91795,nan,0,0,0.000672189,0.000672189,0.000672189
119,19616.9,1.8973,2.99005,2.40522,1.98742,0.14315,0.14729,0.15874,0.34301,0.40889,0.34524,0.16171,0.31477,0.39226,0.3156,0.13202,1.70658,2.66646,2.00397,1.9129,nan,0,0,0.000670815,0.000670815,0.000670815
120,19781.2,1.90501,3.04378,2.4354,2.04794,0.14329,0.14695,0.15861,0.49213,0.31429,0.34279,0.16373,0.47268,0.30054,0.31992,0.13239,1.72914,2.68343,2.0301,1.92399,nan,0,0,0.00066944,0.00066944,0.00066944
121,19945.6,1.89221,2.98061,2.35935,2.00515,0.14314,0.14466,0.15508,0.40533,0.38817,0.3524,0.17497,0.39816,0.37495,0.33268,0.13744,1.70448,2.66153,2.01315,1.90343,nan,0,0,0.000668066,0.000668066,0.000668066
122,20110,1.87909,2.99278,2.34865,1.99099,0.14245,0.14421,0.15561,0.41095,0.40096,0.38017,0.18479,0.38708,0.37953,0.35404,0.14558,1.68332,2.6721,2.00594,1.89051,nan,0,0,0.000666692,0.000666692,0.000666692
123,20274.9,1.88996,2.98492,2.35655,2.01395,0.14464,0.14843,0.15906,0.39342,0.37862,0.38061,0.16598,0.39651,0.34398,0.34614,0.13807,1.68156,2.66121,2.02696,1.88711,nan,0,0,0.000665317,0.000665317,0.000665317
124,20439.1,1.85535,2.93503,2.28388,1.99662,0.14698,0.14933,0.15993,0.32133,0.43637,0.35477,0.17858,0.27181,0.43497,0.33285,0.14399,1.68099,2.63925,1.9819,1.88522,nan,0,0,0.000663943,0.000663943,0.000663943
125,20603.3,1.8537,2.97171,2.32293,1.98121,0.14298,0.14636,0.15666,0.36125,0.39459,0.35336,0.16647,0.32522,0.3898,0.31841,0.12917,1.67574,2.64496,1.99943,1.89122,nan,0,0,0.000662568,0.000662568,0.000662568
126,20767.6,1.88811,2.93326,2.34171,1.97761,0.14113,0.14004,0.15067,0.41485,0.40461,0.3601,0.17227,0.37229,0.36901,0.33327,0.13609,1.73353,2.6824,2.01547,1.93564,nan,0,0,0.000661194,0.000661194,0.000661194
127,20932,1.85009,2.93835,2.32579,1.98774,0.146,0.15112,0.16309,0.34488,0.4363,0.38654,0.20145,0.30935,0.42458,0.35584,0.16326,1.66197,2.61515,1.95341,1.88059,nan,0,0,0.000659819,0.000659819,0.000659819
128,21096.8,1.83917,2.90805,2.32833,1.99259,0.14147,0.14122,0.15248,0.31383,0.42201,0.37673,0.18914,0.28827,0.40046,0.33436,0.14793,1.67541,2.63835,2.02133,1.89012,nan,0,0,0.000658445,0.000658445,0.000658445
129,21261.1,1.85313,2.94241,2.29622,1.97225,0.14427,0.1506,0.16196,0.38438,0.40672,0.39566,0.18776,0.37473,0.38586,0.3737,0.15705,1.65194,2.58729,1.9448,1.86272,nan,0,0,0.00065707,0.00065707,0.00065707
130,21425.5,1.84866,2.91435,2.27626,1.94463,0.14304,0.14525,0.15611,0.35447,0.4345,0.39988,0.18832,0.3349,0.41164,0.36662,0.15229,1.63981,2.58009,1.89084,1.85293,nan,0,0,0.000655696,0.000655696,0.000655696
131,21589.9,1.8323,2.90786,2.26427,1.96233,0.14648,0.14744,0.15892,0.39547,0.40249,0.40613,0.19458,0.35255,0.40283,0.36617,0.15833,1.66035,2.58035,1.98988,1.85658,nan,0,0,0.000654321,0.000654321,0.000654321
132,21754.4,1.8588,2.89685,2.22672,1.95149,0.1467,0.15367,0.16421,0.433,0.41839,0.3964,0.19339,0.40299,0.39795,0.36449,0.16231,1.64645,2.58097,1.93316,1.8577,nan,0,0,0.000652947,0.000652947,0.000652947
133,21918.6,1.81961,2.94271,2.27976,1.96602,0.14583,0.15053,0.16187,0.38041,0.48135,0.41459,0.20001,0.36679,0.45598,0.38017,0.16414,1.6442,2.5832,1.84875,1.85545,nan,0,0,0.000651573,0.000651573,0.000651573
134,22083.2,1.83002,2.89143,2.25272,1.95965,0.1444,0.14817,0.15912,0.39835,0.44148,0.42575,0.20441,0.37349,0.41553,0.38914,0.1692,1.623,2.57309,1.92554,1.83669,nan,0,0,0.000650198,0.000650198,0.000650198
135,22248,1.85133,2.89772,2.27897,1.96554,0.14454,0.14543,0.15731,0.40604,0.45486,0.42178,0.20605,0.38569,0.42104,0.38968,0.16967,1.6289,2.55917,1.9161,1.84348,nan,0,0,0.000648824,0.000648824,0.000648824
136,22412.8,1.82219,2.86632,2.24496,1.95451,0.14492,0.14932,0.16091,0.39002,0.42181,0.3997,0.19499,0.38284,0.41085,0.37786,0.16167,1.62586,2.55365,1.97001,1.829,nan,0,0,0.000647449,0.000647449,0.000647449
137,22576.8,1.80406,2.88619,2.23146,1.9453,0.14301,0.14607,0.15592,0.36869,0.45302,0.39404,0.19653,0.35554,0.40633,0.36436,0.15189,1.63671,2.57074,1.84746,1.84131,nan,0,0,0.000646075,0.000646075,0.000646075
138,22741,1.8218,2.83642,2.23797,1.94425,0.14301,0.14398,0.15527,0.35139,0.49046,0.42098,0.21243,0.33699,0.47779,0.39232,0.17461,1.59349,2.53514,1.94843,1.81077,nan,0,0,0.0006447,0.0006447,0.0006447
139,22905.9,1.83355,2.89202,2.24807,1.92765,0.14175,0.1441,0.15708,0.37291,0.43128,0.41385,0.20422,0.35039,0.41173,0.38406,0.16982,1.63227,2.54655,1.90524,1.83794,nan,0,0,0.000643326,0.000643326,0.000643326
140,23070.2,1.8461,2.86911,2.20867,1.94797,0.14162,0.14392,0.15492,0.41773,0.44609,0.42193,0.21248,0.40566,0.43683,0.39851,0.1817,1.5989,2.53344,1.8514,1.83068,nan,0,0,0.000641951,0.000641951,0.000641951
141,23235.2,1.83531,2.89843,2.24071,1.95502,0.14448,0.14712,0.15769,0.46205,0.3856,0.4095,0.21315,0.44456,0.38501,0.38245,0.17418,1.62009,2.533,1.94298,1.83066,nan,0,0,0.000640577,0.000640577,0.000640577
142,23399.6,1.82149,2.83673,2.18544,1.90743,0.14532,0.148,0.1596,0.40351,0.45013,0.40917,0.20999,0.40411,0.43612,0.3966,0.18001,1.63867,2.56241,1.91411,1.84441,nan,0,0,0.000639203,0.000639203,0.000639203
143,23563.9,1.80688,2.88608,2.20341,1.92804,0.1441,0.1493,0.16135,0.38483,0.49485,0.43727,0.22138,0.37983,0.45001,0.39784,0.18453,1.61391,2.52732,1.87247,1.83377,nan,0,0,0.000637828,0.000637828,0.000637828
144,23728.6,1.82623,2.85478,2.20959,1.95857,0.14219,0.14698,0.15881,0.40097,0.49418,0.44464,0.21722,0.39015,0.46059,0.39232,0.17502,1.63021,2.55538,1.85107,1.8472,nan,0,0,0.000636454,0.000636454,0.000636454
145,23892.8,1.79611,2.85813,2.19137,1.94027,0.14662,0.15246,0.16398,0.37316,0.46974,0.44598,0.22377,0.34137,0.46165,0.4078,0.18518,1.6203,2.50693,1.8654,1.81751,nan,0,0,0.000635079,0.000635079,0.000635079
146,24057.4,1.79021,2.87184,2.24459,1.95117,0.14434,0.14656,0.15727,0.37338,0.5003,0.42621,0.22016,0.35983,0.48711,0.40154,0.18579,1.60195,2.49674,1.83645,1.82585,nan,0,0,0.000633705,0.000633705,0.000633705
147,24221.9,1.78299,2.83949,2.19784,1.92321,0.14276,0.14373,0.15548,0.42007,0.48,0.43522,0.228,0.39901,0.46202,0.41653,0.18296,1.60172,2.51477,1.79765,1.82093,nan,0,0,0.00063233,0.00063233,0.00063233
148,24386.7,1.81408,2.8676,2.23554,1.93478,0.142,0.14531,0.15657,0.37847,0.53476,0.45252,0.22898,0.35892,0.50979,0.41835,0.19734,1.59529,2.50605,1.88052,1.82196,nan,0,0,0.000630956,0.000630956,0.000630956
149,24551.4,1.79254,2.81274,2.16056,1.92999,0.14363,0.14926,0.1609,0.41853,0.45095,0.42142,0.22129,0.39374,0.4348,0.38861,0.17263,1.61054,2.51537,1.83094,1.82762,nan,0,0,0.000629581,0.000629581,0.000629581
150,24715.7,1.79969,2.87493,2.1508,1.91083,0.14332,0.14728,0.15834,0.36149,0.53321,0.4475,0.23159,0.34797,0.51756,0.37868,0.17054,1.6028,2.51226,1.83414,1.82216,nan,0,0,0.000628207,0.000628207,0.000628207
151,24880,1.80594,2.83748,2.14376,1.91962,0.14098,0.14481,0.15543,0.3996,0.49948,0.45792,0.24971,0.38007,0.49695,0.43516,0.20378,1.56698,2.46074,1.79583,1.79079,nan,0,0,0.000626832,0.000626832,0.000626832
152,25044.8,1.78335,2.79921,2.1813,1.93021,0.14313,0.1478,0.16044,0.40657,0.53976,0.48556,0.25942,0.38691,0.51528,0.45441,0.21187,1.56205,2.47083,1.82174,1.78239,nan,0,0,0.000625458,0.000625458,0.000625458
153,25209.6,1.77562,2.79143,2.11374,1.88815,0.14086,0.1402,0.15162,0.41391,0.50597,0.47395,0.25518,0.42834,0.44115,0.44539,0.19639,1.567,2.46535,1.78692,1.78033,nan,0,0,0.000624084,0.000624084,0.000624084
154,25373.7,1.78586,2.8306,2.1421,1.9296,0.1414,0.14699,0.1583,0.42671,0.46467,0.43792,0.23174,0.41375,0.45323,0.41537,0.19621,1.58371,2.46798,1.8098,1.79601,nan,0,0,0.000622709,0.000622709,0.000622709
155,25538,1.79412,2.80632,2.1655,1.93613,0.14158,0.1472,0.15696,0.39025,0.49796,0.42423,0.23438,0.37532,0.47732,0.39366,0.18899,1.57961,2.48426,1.79592,1.79472,nan,0,0,0.000621335,0.000621335,0.000621335
156,25702.2,1.81859,2.81834,2.20192,1.91939,0.1403,0.14451,0.1548,0.4331,0.48417,0.45177,0.23167,0.4092,0.47519,0.42376,0.19103,1.57767,2.45276,1.92241,1.79784,nan,0,0,0.00061996,0.00061996,0.00061996
157,25866.5,1.76512,2.83254,2.10441,1.8923,0.14022,0.14621,0.15759,0.48134,0.42715,0.44336,0.22552,0.43967,0.41495,0.40787,0.18944,1.58044,2.48211,1.77071,1.79343,nan,0,0,0.000618586,0.000618586,0.000618586
158,26030.6,1.74043,2.76363,2.10947,1.88729,0.14039,0.14271,0.15409,0.43174,0.49168,0.46219,0.25476,0.41445,0.47116,0.42641,0.20513,1.59014,2.46866,1.82435,1.79502,nan,0,0,0.000617211,0.000617211,0.000617211
159,26194.9,1.79488,2.79826,2.13389,1.91215,0.13986,0.14314,0.15608,0.47836,0.46737,0.48955,0.27418,0.45789,0.45369,0.4604,0.21683,1.53149,2.40868,1.73168,1.77234,nan,0,0,0.000615837,0.000615837,0.000615837
160,26359.6,1.75796,2.74135,2.08782,1.89492,0.14097,0.14503,0.15721,0.44113,0.52984,0.48932,0.2827,0.45304,0.49362,0.45773,0.22536,1.5198,2.40179,1.70123,1.75266,nan,0,0,0.000614462,0.000614462,0.000614462
161,26524.4,1.77895,2.80539,2.09796,1.8894,0.14114,0.14342,0.15589,0.49837,0.4798,0.47932,0.26965,0.47586,0.46841,0.445,0.20604,1.54934,2.4361,1.759,1.78049,nan,0,0,0.000613088,0.000613088,0.000613088
162,26688.6,1.75854,2.75072,2.08484,1.89644,0.14156,0.14689,0.15743,0.43291,0.49522,0.47312,0.26399,0.42178,0.48059,0.4561,0.21529,1.54846,2.42099,1.73833,1.76575,nan,0,0,0.000611714,0.000611714,0.000611714
163,26852.8,1.7437,2.77514,2.10784,1.89601,0.1411,0.14699,0.15756,0.43856,0.50849,0.49092,0.27718,0.42489,0.49349,0.46857,0.21957,1.51323,2.41143,1.73003,1.74464,nan,0,0,0.000610339,0.000610339,0.000610339
164,27017,1.74667,2.73109,2.06072,1.86804,0.14235,0.14643,0.15927,0.41571,0.53528,0.48849,0.27164,0.40658,0.5225,0.47216,0.22468,1.52145,2.37084,1.72788,1.7423,nan,0,0,0.000608965,0.000608965,0.000608965
165,27181.1,1.7206,2.77202,2.04038,1.87935,0.14014,0.14503,0.15641,0.48804,0.47626,0.48119,0.273,0.45082,0.49621,0.46518,0.22323,1.52198,2.37608,1.71583,1.74744,nan,0,0,0.00060759,0.00060759,0.00060759
166,27345.2,1.75526,2.75182,2.06809,1.86264,0.13946,0.14155,0.15356,0.41123,0.5176,0.47878,0.26449,0.39607,0.49924,0.44395,0.21314,1.51146,2.39183,1.72285,1.74752,nan,0,0,0.000606216,0.000606216,0.000606216
167,27509.3,1.70402,2.72059,2.01445,1.8696,0.14003,0.14183,0.1542,0.43132,0.5226,0.50749,0.275,0.44102,0.46827,0.48083,0.23194,1.50334,2.37425,1.72283,1.7355,nan,0,0,0.000604841,0.000604841,0.000604841
168,27673.3,1.72608,2.69221,2.05886,1.871,0.14082,0.1408,0.15162,0.45151,0.53351,0.49073,0.27355,0.43682,0.51808,0.45926,0.2203,1.48771,2.37578,1.68023,1.72286,nan,0,0,0.000603467,0.000603467,0.000603467
169,27837.3,1.72292,2.72453,2.02673,1.86746,0.1394,0.1418,0.15343,0.44294,0.56216,0.50575,0.29288,0.42074,0.5403,0.47564,0.23638,1.51287,2.39104,1.70842,1.73929,nan,0,0,0.000602092,0.000602092,0.000602092
170,28002,1.72897,2.76384,2.04995,1.86161,0.14016,0.14525,0.15699,0.46478,0.50495,0.49967,0.2724,0.44163,0.49499,0.47253,0.22479,1.48742,2.35776,1.65375,1.72578,nan,0,0,0.000600718,0.000600718,0.000600718
171,28165.9,1.69844,2.72392,2.05179,1.87143,0.14065,0.14247,0.15511,0.4364,0.52895,0.46893,0.27022,0.4289,0.47852,0.44298,0.2233,1.50405,2.35755,1.67802,1.73666,nan,0,0,0.000599343,0.000599343,0.000599343
172,28329.8,1.73623,2.70439,2.03795,1.86705,0.13794,0.13693,0.14786,0.50404,0.54966,0.52592,0.30832,0.49303,0.52763,0.50295,0.25395,1.49446,2.34865,1.62231,1.73439,nan,0,0,0.000597969,0.000597969,0.000597969
173,28494.3,1.72861,2.72687,2.05117,1.87625,0.1387,0.14048,0.15265,0.52891,0.51042,0.51114,0.29144,0.50648,0.488,0.47903,0.24041,1.50158,2.3563,1.64693,1.74157,nan,0,0,0.000596595,0.000596595,0.000596595
174,28658.3,1.72491,2.74341,2.06313,1.87236,0.13952,0.14152,0.15259,0.49122,0.52369,0.51021,0.2984,0.46819,0.49231,0.47828,0.24481,1.52528,2.36935,1.64585,1.75675,nan,0,0,0.00059522,0.00059522,0.00059522
175,28822.4,1.72311,2.72087,2.02623,1.863,0.1413,0.14267,0.15671,0.50257,0.51729,0.5295,0.30188,0.49755,0.49551,0.50852,0.25179,1.51534,2.35949,1.67839,1.74413,nan,0,0,0.000593846,0.000593846,0.000593846
176,28986.6,1.73963,2.74165,2.02875,1.85948,0.13997,0.14283,0.15333,0.45766,0.52864,0.50735,0.29766,0.43929,0.50694,0.48242,0.24571,1.48521,2.35495,1.74115,1.71763,nan,0,0,0.000592471,0.000592471,0.000592471
177,29150.6,1.69996,2.71107,2.02414,1.84495,0.13862,0.14249,0.15429,0.45613,0.53235,0.5225,0.30945,0.43761,0.50546,0.49369,0.25054,1.47857,2.34099,1.61838,1.72724,nan,0,0,0.000591097,0.000591097,0.000591097
178,29314.8,1.7106,2.7179,2.03709,1.85665,0.1385,0.14126,0.15359,0.43841,0.56262,0.52251,0.30749,0.52327,0.47129,0.49997,0.25745,1.47273,2.35559,1.66701,1.71703,nan,0,0,0.000589722,0.000589722,0.000589722
179,29479.2,1.71383,2.6654,2.01088,1.84451,0.13921,0.14168,0.15342,0.49925,0.49649,0.51179,0.29692,0.48475,0.46839,0.48493,0.24514,1.47993,2.32635,1.6778,1.72355,nan,0,0,0.000588348,0.000588348,0.000588348
180,29643.6,1.72549,2.70657,2.02838,1.85077,0.1362,0.1377,0.1491,0.46119,0.54255,0.52734,0.3075,0.44061,0.52126,0.49888,0.25458,1.4996,2.33783,1.73929,1.73277,nan,0,0,0.000586973,0.000586973,0.000586973
181,29807.9,1.69842,2.703,1.98219,1.83291,0.13858,0.14496,0.1558,0.48556,0.5233,0.53778,0.31221,0.51764,0.46684,0.5163,0.25137,1.46567,2.33841,1.67232,1.71444,nan,0,0,0.000585599,0.000585599,0.000585599
182,29972,1.69449,2.73394,2.00358,1.83804,0.13865,0.14349,0.15454,0.47842,0.57979,0.55139,0.33162,0.46596,0.5655,0.51856,0.26281,1.45807,2.3146,1.61114,1.69504,nan,0,0,0.000584225,0.000584225,0.000584225
183,30136.8,1.68168,2.69334,1.9532,1.83774,0.14105,0.14194,0.15278,0.4578,0.53773,0.52696,0.30763,0.46131,0.50834,0.49237,0.25155,1.49305,2.32609,1.65809,1.72309,nan,0,0,0.00058285,0.00058285,0.00058285
184,30301.1,1.72242,2.68644,1.98797,1.84342,0.13956,0.14763,0.15896,0.54715,0.49077,0.54012,0.30963,0.52342,0.46965,0.50829,0.25777,1.46406,2.30903,1.67739,1.70296,nan,0,0,0.000581476,0.000581476,0.000581476
185,30465.3,1.6602,2.63587,1.94833,1.81465,0.13864,0.14375,0.15494,0.56614,0.57594,0.57449,0.33356,0.55141,0.54263,0.52785,0.27277,1.43729,2.27516,1.57129,1.6949,nan,0,0,0.000580101,0.000580101,0.000580101
186,30629.9,1.70315,2.66734,1.9835,1.84184,0.13968,0.14406,0.15453,0.49048,0.56187,0.57059,0.33671,0.47234,0.5405,0.53734,0.27311,1.44451,2.28247,1.54839,1.69156,nan,0,0,0.000578727,0.000578727,0.000578727
187,30794.6,1.70854,2.71719,1.96041,1.83241,0.13858,0.14107,0.15239,0.46559,0.58212,0.54101,0.31085,0.44913,0.56297,0.50833,0.26506,1.47893,2.28849,1.64372,1.70839,nan,0,0,0.000577352,0.000577352,0.000577352
188,30958.7,1.6785,2.66742,1.95926,1.81451,0.13954,0.14661,0.15793,0.57459,0.55478,0.56669,0.33975,0.55421,0.53945,0.53425,0.27915,1.45967,2.27262,1.64684,1.69459,nan,0,0,0.000575978,0.000575978,0.000575978
189,31123.3,1.69397,2.67805,1.98225,1.82455,0.1394,0.14473,0.15516,0.57813,0.56907,0.58612,0.34693,0.53164,0.54375,0.54936,0.28222,1.42616,2.28034,1.58537,1.68468,nan,0,0,0.000574603,0.000574603,0.000574603
190,31287.8,1.66941,2.63778,1.92759,1.82189,0.13915,0.14643,0.15692,0.45904,0.58083,0.55708,0.33856,0.43015,0.58861,0.51737,0.27547,1.43263,2.27144,1.56264,1.69123,nan,0,0,0.000573229,0.000573229,0.000573229
191,31451.8,1.66003,2.63944,1.90734,1.79656,0.13909,0.14394,0.15492,0.52332,0.53975,0.5695,0.34701,0.5056,0.51456,0.52953,0.28689,1.4281,2.25624,1.55363,1.68425,nan,0,0,0.000571854,0.000571854,0.000571854
192,31616.3,1.71306,2.6945,1.96526,1.81884,0.13735,0.13924,0.15045,0.50333,0.58452,0.57004,0.33008,0.48304,0.56281,0.52797,0.27151,1.45074,2.27538,1.59874,1.69729,nan,0,0,0.00057048,0.00057048,0.00057048
193,31780.5,1.71041,2.67183,1.95709,1.81158,0.13841,0.14241,0.15347,0.52392,0.55419,0.55405,0.33801,0.50606,0.53831,0.52455,0.27734,1.43101,2.26068,1.56657,1.67942,nan,0,0,0.000569106,0.000569106,0.000569106
194,31944.4,1.67585,2.63624,1.92667,1.81997,0.13738,0.14219,0.15335,0.47801,0.56736,0.55692,0.34023,0.45787,0.54504,0.52533,0.27706,1.43277,2.27894,1.60532,1.69018,nan,0,0,0.000567731,0.000567731,0.000567731
195,32108.5,1.6847,2.64868,1.95837,1.81253,0.13821,0.14186,0.15457,0.56502,0.57673,0.5605,0.33629,0.5659,0.51903,0.52693,0.27642,1.44115,2.2444,1.57786,1.69557,nan,0,0,0.000566357,0.000566357,0.000566357
196,32272.6,1.68505,2.66901,1.91881,1.80338,0.14074,0.14658,0.15818,0.49892,0.54173,0.55655,0.32981,0.47982,0.52286,0.52218,0.27296,1.42389,2.24565,1.59638,1.67222,nan,0,0,0.000564982,0.000564982,0.000564982
197,32436.7,1.67829,2.60129,1.92399,1.8084,0.13693,0.14117,0.15263,0.49661,0.57954,0.57961,0.34647,0.48429,0.56874,0.5486,0.28148,1.44987,2.24901,1.61956,1.67877,nan,0,0,0.000563608,0.000563608,0.000563608
198,32600.9,1.66467,2.63092,1.91559,1.79119,0.13833,0.14087,0.15268,0.52268,0.55049,0.56176,0.34936,0.50909,0.53136,0.53015,0.28697,1.42977,2.22871,1.58071,1.67534,nan,0,0,0.000562233,0.000562233,0.000562233
199,32765.5,1.69581,2.63531,1.96522,1.83464,0.13723,0.13901,0.14858,0.53085,0.55075,0.57731,0.35773,0.50788,0.53626,0.5426,0.29173,1.42033,2.23149,1.56179,1.6619,nan,0,0,0.000560859,0.000560859,0.000560859
200,32930.1,1.68054,2.63454,1.9216,1.79104,0.13722,0.13996,0.15095,0.52704,0.58305,0.56705,0.34591,0.50463,0.55791,0.53037,0.27768,1.42675,2.23387,1.57722,1.6598,nan,0,0,0.000559484,0.000559484,0.000559484
201,33094.2,1.67167,2.62529,1.92786,1.80702,0.14084,0.14272,0.15516,0.54231,0.56561,0.57557,0.34422,0.51419,0.55659,0.54265,0.27958,1.40722,2.24258,1.55567,1.65978,nan,0,0,0.00055811,0.00055811,0.00055811
202,33258.2,1.66196,2.61665,1.90395,1.81121,0.13807,0.14381,0.15385,0.50174,0.56712,0.55663,0.31753,0.5107,0.54094,0.52992,0.26597,1.44296,2.22166,1.58506,1.67618,nan,0,0,0.000556736,0.000556736,0.000556736
203,33422.4,1.68851,2.63257,1.92919,1.7946,0.13556,0.13613,0.1479,0.53766,0.55889,0.58899,0.35307,0.51246,0.53761,0.55397,0.28777,1.41103,2.25352,1.63715,1.6627,nan,0,0,0.000555361,0.000555361,0.000555361
204,33586.4,1.65155,2.62261,1.89209,1.79082,0.13927,0.14522,0.15792,0.58181,0.55803,0.60588,0.37047,0.55263,0.54584,0.57152,0.30358,1.38636,2.20552,1.53014,1.64561,nan,0,0,0.000553987,0.000553987,0.000553987
205,33751.1,1.64358,2.62598,1.90327,1.79236,0.13926,0.13991,0.15183,0.51416,0.5629,0.56216,0.33677,0.49762,0.5407,0.54009,0.28096,1.4288,2.23242,1.5827,1.66548,nan,0,0,0.000552612,0.000552612,0.000552612
206,33915.1,1.65744,2.62094,1.90328,1.82437,0.13853,0.14242,0.15423,0.53862,0.55308,0.59992,0.35444,0.52735,0.53443,0.57696,0.30525,1.38597,2.19196,1.54246,1.644,nan,0,0,0.000551238,0.000551238,0.000551238
207,34079.1,1.65461,2.59,1.88172,1.80496,0.13676,0.13959,0.15092,0.53743,0.5477,0.58078,0.35684,0.52805,0.53917,0.55794,0.30072,1.40707,2.1949,1.54167,1.66003,nan,0,0,0.000549863,0.000549863,0.000549863
208,34243.1,1.64917,2.61141,1.86976,1.78961,0.13821,0.14387,0.15575,0.58385,0.57644,0.58614,0.35315,0.55705,0.55432,0.55162,0.29498,1.38888,2.17822,1.53557,1.64443,nan,0,0,0.000548489,0.000548489,0.000548489
209,34407.1,1.64543,2.59439,1.87024,1.78999,0.13807,0.14091,0.15278,0.50459,0.58872,0.58999,0.35776,0.49407,0.57356,0.56557,0.29923,1.39893,2.16938,1.52437,1.65576,nan,0,0,0.000547114,0.000547114,0.000547114
210,34571.2,1.64254,2.59156,1.89141,1.78666,0.13695,0.13927,0.15092,0.5494,0.55887,0.58395,0.35738,0.53447,0.56292,0.56124,0.28999,1.39946,2.19226,1.54534,1.65465,nan,0,0,0.00054574,0.00054574,0.00054574
211,34735.1,1.63177,2.59793,1.87673,1.7984,0.13971,0.14463,0.15633,0.55538,0.57947,0.61235,0.3709,0.53304,0.56673,0.58181,0.30605,1.39014,2.17074,1.51093,1.64988,nan,0,0,0.000544365,0.000544365,0.000544365
212,34899.6,1.64925,2.60601,1.87937,1.79527,0.13891,0.14634,0.15765,0.49752,0.61651,0.59463,0.37648,0.48345,0.59822,0.56528,0.30736,1.38577,2.19611,1.5721,1.64227,nan,0,0,0.000542991,0.000542991,0.000542991
213,35064.2,1.64311,2.58017,1.86752,1.77946,0.13575,0.14054,0.15234,0.53955,0.57227,0.59677,0.36916,0.52468,0.55785,0.56434,0.30074,1.39706,2.17909,1.52908,1.64797,nan,0,0,0.000541617,0.000541617,0.000541617
214,35228,1.62121,2.5412,1.86052,1.79138,0.13633,0.13939,0.15072,0.50388,0.60616,0.59717,0.36186,0.49803,0.57154,0.57439,0.29727,1.37732,2.16922,1.52341,1.63788,nan,0,0,0.000540242,0.000540242,0.000540242
215,35392.2,1.61709,2.59168,1.84278,1.79471,0.13848,0.14372,0.15498,0.52433,0.62844,0.61793,0.38658,0.50395,0.62927,0.59028,0.31775,1.34177,2.12228,1.55894,1.61212,nan,0,0,0.000538868,0.000538868,0.000538868
216,35556.5,1.63689,2.59012,1.88592,1.78084,0.13669,0.13836,0.15067,0.57958,0.56058,0.6115,0.37466,0.55242,0.55285,0.58235,0.30796,1.38469,2.14516,1.48218,1.63666,nan,0,0,0.000537493,0.000537493,0.000537493
217,35720.7,1.62626,2.56481,1.84946,1.76191,0.13962,0.14602,0.15726,0.5522,0.57562,0.61062,0.38488,0.52395,0.55914,0.57963,0.31567,1.37063,2.14962,1.49792,1.62529,nan,0,0,0.000536119,0.000536119,0.000536119
218,35884.7,1.61962,2.56095,1.8311,1.78689,0.13636,0.14199,0.15309,0.57181,0.54902,0.6303,0.38302,0.56922,0.52309,0.59905,0.32529,1.38024,2.16529,1.54059,1.64548,nan,0,0,0.000534744,0.000534744,0.000534744
219,36049.2,1.61278,2.54756,1.85991,1.76764,0.13736,0.14064,0.15111,0.53007,0.58872,0.59965,0.36609,0.50536,0.58396,0.56957,0.30982,1.38818,2.16378,1.52583,1.63887,nan,0,0,0.00053337,0.00053337,0.00053337
220,36213.4,1.63961,2.55083,1.87532,1.77783,0.13856,0.14276,0.15541,0.56649,0.59369,0.6181,0.37047,0.54621,0.56309,0.58871,0.31591,1.37624,2.13801,1.52461,1.62205,nan,0,0,0.000531995,0.000531995,0.000531995
221,36377.6,1.64642,2.57918,1.85187,1.78367,0.13621,0.1391,0.14895,0.49665,0.59829,0.61995,0.3598,0.48137,0.58221,0.59065,0.30858,1.39032,2.17448,1.54027,1.63828,nan,0,0,0.000530621,0.000530621,0.000530621
222,36541.7,1.6141,2.56792,1.84489,1.77384,0.13517,0.13964,0.15174,0.53893,0.58499,0.61649,0.38047,0.5287,0.55122,0.58382,0.31585,1.34483,2.13305,1.46163,1.6106,nan,0,0,0.000529247,0.000529247,0.000529247
223,36705.4,1.62976,2.57266,1.85192,1.77725,0.13751,0.13969,0.15262,0.57597,0.56015,0.60563,0.37624,0.55436,0.54076,0.56768,0.30956,1.36767,2.1393,1.45444,1.61316,nan,0,0,0.000527872,0.000527872,0.000527872
224,36869.3,1.61037,2.54432,1.82457,1.7638,0.13694,0.14111,0.15329,0.54419,0.62198,0.61379,0.37987,0.51321,0.60171,0.58033,0.31795,1.35674,2.14,1.44793,1.60544,nan,0,0,0.000526498,0.000526498,0.000526498
225,37033.1,1.62032,2.5159,1.80303,1.77122,0.13454,0.13691,0.14877,0.54247,0.60304,0.61119,0.37542,0.55549,0.55202,0.58719,0.3066,1.3627,2.14047,1.46325,1.61841,nan,0,0,0.000525123,0.000525123,0.000525123
226,37196.9,1.61168,2.53683,1.81249,1.76517,0.1348,0.13558,0.14679,0.55936,0.6142,0.62535,0.38233,0.54289,0.59669,0.60488,0.3243,1.36499,2.1287,1.46261,1.61996,nan,0,0,0.000523749,0.000523749,0.000523749
227,37360.7,1.65667,2.54985,1.8496,1.787,0.13695,0.1404,0.15253,0.61075,0.57713,0.62032,0.39379,0.61068,0.56909,0.60413,0.33262,1.3493,2.11472,1.45851,1.60775,nan,0,0,0.000522374,0.000522374,0.000522374
228,37525.1,1.60946,2.5655,1.78655,1.7582,0.13497,0.1381,0.149,0.60391,0.59977,0.62988,0.39981,0.58973,0.58516,0.61619,0.33338,1.34363,2.10662,1.48442,1.60135,nan,0,0,0.000521,0.000521,0.000521
229,37689.5,1.60417,2.52661,1.80285,1.75956,0.13603,0.13947,0.15061,0.59184,0.59797,0.62959,0.39947,0.57353,0.58072,0.60762,0.32882,1.33588,2.11441,1.44206,1.5962,nan,0,0,0.000519625,0.000519625,0.000519625
230,37853.4,1.57178,2.51945,1.78032,1.75002,0.13806,0.14589,0.15688,0.619,0.56496,0.63486,0.39065,0.60075,0.55272,0.6085,0.332,1.36517,2.12692,1.48985,1.60881,nan,0,0,0.000518251,0.000518251,0.000518251
231,38017.2,1.59006,2.481,1.78156,1.76227,0.13942,0.14357,0.15595,0.57569,0.60598,0.62434,0.38742,0.57409,0.58213,0.59789,0.32187,1.33734,2.11715,1.43532,1.59184,nan,0,0,0.000516877,0.000516877,0.000516877
232,38181,1.59761,2.49754,1.77465,1.76497,0.13629,0.1394,0.15047,0.6165,0.56151,0.61942,0.39289,0.59547,0.54354,0.59351,0.32481,1.32309,2.10576,1.43411,1.59339,nan,0,0,0.000515502,0.000515502,0.000515502
233,38344.8,1.58392,2.53754,1.78909,1.73976,0.13371,0.13637,0.1471,0.55683,0.6124,0.6265,0.3807,0.53851,0.59237,0.60231,0.32797,1.31684,2.10153,1.45136,1.57979,nan,0,0,0.000514128,0.000514128,0.000514128
234,38508.5,1.57399,2.5344,1.8218,1.75283,0.13588,0.13939,0.15031,0.59541,0.59312,0.62445,0.39037,0.56755,0.56901,0.5937,0.32604,1.35351,2.11534,1.43777,1.60134,nan,0,0,0.000512753,0.000512753,0.000512753
235,38672.7,1.6061,2.53408,1.79721,1.74762,0.13618,0.14043,0.15221,0.54021,0.61151,0.62488,0.38048,0.52835,0.59918,0.59863,0.32314,1.34501,2.11269,1.44849,1.59985,nan,0,0,0.000511379,0.000511379,0.000511379
236,38836.8,1.59761,2.52411,1.78543,1.72557,0.135,0.13825,0.14882,0.52869,0.60375,0.62636,0.40287,0.51022,0.58476,0.59377,0.32519,1.33151,2.11714,1.42949,1.59216,nan,0,0,0.000510004,0.000510004,0.000510004
237,39000.8,1.6092,2.50678,1.80376,1.74589,0.13743,0.1408,0.1536,0.55824,0.60177,0.62732,0.40148,0.57977,0.56486,0.60377,0.3245,1.31266,2.09939,1.41097,1.58079,nan,0,0,0.00050863,0.00050863,0.00050863
238,39164.6,1.58639,2.4837,1.77501,1.75909,0.13553,0.13711,0.14775,0.59307,0.61425,0.63083,0.40133,0.55355,0.60811,0.60632,0.32583,1.32857,2.10879,1.43302,1.58731,nan,0,0,0.000507255,0.000507255,0.000507255
239,39328.4,1.57714,2.49117,1.77909,1.75613,0.13445,0.1356,0.14674,0.57296,0.61586,0.63514,0.39748,0.55773,0.60484,0.61363,0.32601,1.33229,2.08888,1.43676,1.59902,nan,0,0,0.000505881,0.000505881,0.000505881
240,39492.6,1.57201,2.47515,1.76176,1.74976,0.13708,0.1369,0.1493,0.55152,0.60282,0.62941,0.39235,0.5223,0.59903,0.60498,0.32896,1.32536,2.0977,1.42202,1.59538,nan,0,0,0.000504506,0.000504506,0.000504506
241,39656.4,1.58576,2.5085,1.78928,1.74294,0.13374,0.1358,0.14625,0.52197,0.6403,0.62899,0.39365,0.51354,0.63168,0.60798,0.3246,1.35283,2.09753,1.43324,1.61057,nan,0,0,0.000503132,0.000503132,0.000503132
242,39820.5,1.60447,2.53285,1.78816,1.7463,0.13609,0.13841,0.14867,0.5479,0.61462,0.61877,0.4012,0.52914,0.61145,0.59809,0.3286,1.34542,2.09909,1.45467,1.60029,nan,0,0,0.000501758,0.000501758,0.000501758
243,39984.5,1.58246,2.48926,1.76457,1.71582,0.1371,0.14457,0.15635,0.57809,0.60488,0.63506,0.40481,0.57071,0.59968,0.61647,0.34734,1.30501,2.04919,1.38286,1.57262,nan,0,0,0.000500383,0.000500383,0.000500383
244,40148.9,1.54519,2.4783,1.73566,1.72387,0.13519,0.13967,0.15033,0.59231,0.57234,0.63525,0.40279,0.5613,0.58481,0.61063,0.34893,1.3049,2.05644,1.43188,1.56905,nan,0,0,0.000499009,0.000499009,0.000499009
245,40312.8,1.57115,2.46693,1.74054,1.71256,0.134,0.14002,0.15054,0.53998,0.62999,0.6433,0.41256,0.52183,0.61357,0.61381,0.34152,1.32065,2.05658,1.42127,1.58005,nan,0,0,0.000497634,0.000497634,0.000497634
246,40477.3,1.58873,2.54149,1.76081,1.73076,0.13829,0.14316,0.15464,0.59242,0.64032,0.65171,0.41465,0.5772,0.62742,0.62279,0.34341,1.31227,2.0581,1.39137,1.57828,nan,0,0,0.00049626,0.00049626,0.00049626
247,40641.7,1.59609,2.49597,1.76251,1.73997,0.13665,0.14082,0.15239,0.56703,0.63833,0.6484,0.4176,0.54714,0.62678,0.62686,0.34727,1.29848,2.04351,1.42511,1.56404,nan,0,0,0.000494885,0.000494885,0.000494885
248,40806.1,1.58337,2.46955,1.76797,1.73636,0.13391,0.13656,0.14839,0.55058,0.60498,0.63933,0.41481,0.53997,0.59752,0.61531,0.33815,1.32317,2.06773,1.41928,1.58056,nan,0,0,0.000493511,0.000493511,0.000493511
249,40969.9,1.59564,2.49511,1.74943,1.72447,0.13684,0.14047,0.15189,0.54954,0.65123,0.65213,0.42812,0.54047,0.63103,0.62587,0.35501,1.29451,2.04229,1.41163,1.55888,nan,0,0,0.000492136,0.000492136,0.000492136
250,41134.2,1.56342,2.47569,1.7299,1.72074,0.13489,0.13767,0.14833,0.61698,0.60337,0.65064,0.4292,0.60366,0.57438,0.62269,0.34683,1.30005,2.05386,1.40843,1.55565,nan,0,0,0.000490762,0.000490762,0.000490762
251,41298.1,1.57956,2.43695,1.7131,1.72095,0.1362,0.13839,0.14955,0.59013,0.66931,0.66447,0.42952,0.57044,0.64976,0.63158,0.35639,1.29099,2.03849,1.39859,1.55227,nan,0,0,0.000489387,0.000489387,0.000489387
252,41462.5,1.5834,2.46878,1.7253,1.71407,0.13508,0.13858,0.14933,0.6251,0.64608,0.66939,0.44476,0.61135,0.63331,0.64562,0.36357,1.28719,2.03431,1.4082,1.55315,nan,0,0,0.000488013,0.000488013,0.000488013
253,41626.9,1.55778,2.42146,1.72298,1.70256,0.13349,0.13421,0.1454,0.58478,0.6049,0.65489,0.41276,0.56757,0.58949,0.62861,0.34957,1.29338,2.03162,1.38405,1.55519,nan,0,0,0.000486639,0.000486639,0.000486639
254,41790.6,1.56013,2.46542,1.70062,1.70528,0.13668,0.14147,0.15211,0.61695,0.59418,0.66473,0.4385,0.57827,0.59859,0.64032,0.35225,1.28802,2.02998,1.39111,1.54754,nan,0,0,0.000485264,0.000485264,0.000485264
255,41954.7,1.55851,2.49392,1.72487,1.70979,0.13717,0.13819,0.15004,0.5594,0.61752,0.65338,0.43006,0.53248,0.5953,0.61741,0.34499,1.28537,2.04359,1.38727,1.55024,nan,0,0,0.00048389,0.00048389,0.00048389
256,42118.3,1.5572,2.45821,1.74571,1.72242,0.13665,0.1359,0.14754,0.60529,0.62933,0.65041,0.42478,0.59597,0.62111,0.63576,0.35423,1.31227,2.04343,1.37581,1.56307,nan,0,0,0.000482515,0.000482515,0.000482515
257,42282.3,1.58363,2.43401,1.73921,1.71929,0.13597,0.13925,0.15045,0.58702,0.62654,0.65761,0.41296,0.57123,0.61145,0.63731,0.34823,1.33495,2.05178,1.43575,1.58221,nan,0,0,0.000481141,0.000481141,0.000481141
258,42446.1,1.5499,2.456,1.73398,1.70383,0.13569,0.13574,0.14733,0.55043,0.63203,0.65911,0.43156,0.53307,0.6194,0.63629,0.34481,1.28526,2.02364,1.37471,1.55102,nan,0,0,0.000479766,0.000479766,0.000479766
259,42610.1,1.55843,2.46945,1.74608,1.71474,0.13629,0.14068,0.15252,0.63677,0.58411,0.67056,0.42939,0.62369,0.56715,0.64492,0.35586,1.28433,2.0157,1.34098,1.54897,nan,0,0,0.000478392,0.000478392,0.000478392
260,42774,1.55599,2.44348,1.68663,1.68321,0.13613,0.14155,0.15106,0.56737,0.60548,0.65924,0.42743,0.59973,0.58064,0.63796,0.34932,1.28167,2.01282,1.35439,1.54558,nan,0,0,0.000477017,0.000477017,0.000477017
261,42937.7,1.56335,2.4442,1.7267,1.7302,0.13321,0.13492,0.14565,0.61592,0.62611,0.67053,0.43017,0.60294,0.61074,0.64653,0.35499,1.27521,2.00635,1.34457,1.54266,nan,0,0,0.000475643,0.000475643,0.000475643
262,43101.4,1.52671,2.39643,1.70173,1.69861,0.13454,0.13745,0.14829,0.58856,0.66208,0.67204,0.44168,0.57314,0.64558,0.64864,0.36515,1.26346,1.99513,1.36223,1.53757,nan,0,0,0.000474269,0.000474269,0.000474269
263,43265.4,1.54174,2.43474,1.70552,1.69016,0.1397,0.14529,0.15689,0.61466,0.59624,0.66208,0.42968,0.593,0.58132,0.63445,0.35834,1.26201,1.99429,1.37703,1.52711,nan,0,0,0.000472894,0.000472894,0.000472894
264,43429.3,1.56644,2.46662,1.72709,1.71018,0.13523,0.13812,0.14883,0.5783,0.62722,0.6481,0.42206,0.56459,0.61088,0.62276,0.34821,1.26674,1.99198,1.39049,1.53533,nan,0,0,0.00047152,0.00047152,0.00047152
265,43593.2,1.55538,2.40753,1.70587,1.70394,0.13551,0.1365,0.14732,0.5971,0.62221,0.65715,0.41904,0.58792,0.60407,0.63481,0.35553,1.25994,2.00237,1.34846,1.53061,nan,0,0,0.000470145,0.000470145,0.000470145
266,43757,1.5383,2.4515,1.70469,1.69962,0.13566,0.13877,0.14997,0.64697,0.58779,0.66965,0.43671,0.58395,0.62465,0.64227,0.35962,1.25781,1.99443,1.34788,1.52965,nan,0,0,0.000468771,0.000468771,0.000468771
267,43920.8,1.55035,2.4028,1.68181,1.6914,0.13532,0.14047,0.15137,0.6419,0.62583,0.68027,0.45045,0.62922,0.61508,0.66278,0.36216,1.26434,1.99235,1.35276,1.53388,nan,0,0,0.000467396,0.000467396,0.000467396
268,44085,1.55061,2.40368,1.67964,1.69048,0.13424,0.13899,0.15004,0.60398,0.66255,0.67828,0.45552,0.6003,0.64724,0.65939,0.37426,1.25935,1.98287,1.34371,1.53123,nan,0,0,0.000466022,0.000466022,0.000466022
269,44249.3,1.53552,2.41212,1.69144,1.69059,0.13478,0.1348,0.14545,0.58961,0.65742,0.6779,0.45883,0.58057,0.6215,0.64809,0.36875,1.2562,1.97826,1.31685,1.52567,nan,0,0,0.000464647,0.000464647,0.000464647
270,44413.3,1.5363,2.44452,1.68037,1.70568,0.13453,0.1379,0.14895,0.60933,0.6425,0.67978,0.44975,0.57762,0.62604,0.64346,0.36117,1.2464,1.98356,1.34103,1.51848,nan,0,0,0.000463273,0.000463273,0.000463273
271,44577.2,1.5391,2.40688,1.67958,1.69788,0.13505,0.13622,0.14719,0.56287,0.66506,0.68672,0.45195,0.54481,0.64424,0.65528,0.36171,1.24137,1.9861,1.31861,1.52337,nan,0,0,0.000461898,0.000461898,0.000461898
272,44740.9,1.53685,2.39622,1.71092,1.68755,0.13345,0.13342,0.14452,0.57396,0.69107,0.67388,0.43637,0.56405,0.67627,0.65491,0.37349,1.28175,1.98568,1.35089,1.53191,nan,0,0,0.000460524,0.000460524,0.000460524
273,44904.7,1.54182,2.40222,1.69435,1.69325,0.13839,0.14169,0.15359,0.60598,0.64894,0.68708,0.45246,0.59356,0.63513,0.66425,0.37718,1.24916,1.97489,1.36209,1.5192,nan,0,0,0.00045915,0.00045915,0.00045915
274,45068.6,1.54537,2.42112,1.69892,1.6894,0.13367,0.13865,0.14899,0.58502,0.67063,0.68305,0.45661,0.57646,0.65452,0.66058,0.37295,1.2263,1.97132,1.31829,1.51084,nan,0,0,0.000457775,0.000457775,0.000457775
275,45232.5,1.54415,2.41112,1.65707,1.67523,0.13833,0.13938,0.14976,0.61145,0.62928,0.69007,0.45616,0.56004,0.65255,0.66272,0.37669,1.24234,1.97553,1.29818,1.5132,nan,0,0,0.000456401,0.000456401,0.000456401
276,45396.9,1.52323,2.36531,1.63232,1.66507,0.13368,0.13419,0.14437,0.61754,0.67102,0.69204,0.46806,0.59932,0.65568,0.66533,0.37877,1.23591,1.95435,1.29924,1.51315,nan,0,0,0.000455026,0.000455026,0.000455026
277,45561.2,1.51322,2.36527,1.62424,1.66515,0.13425,0.13659,0.14604,0.63977,0.63807,0.69777,0.46105,0.63334,0.63128,0.68141,0.38406,1.24901,1.95872,1.32945,1.51548,nan,0,0,0.000453652,0.000453652,0.000453652
278,45725.1,1.53347,2.42082,1.65551,1.68223,0.13178,0.1334,0.14299,0.63593,0.6415,0.69434,0.45946,0.6272,0.62973,0.67577,0.37778,1.24163,1.97202,1.3137,1.5106,nan,0,0,0.000452277,0.000452277,0.000452277
279,45888.9,1.5114,2.37877,1.6407,1.65519,0.13161,0.12975,0.13967,0.59583,0.68016,0.6992,0.4643,0.5734,0.68311,0.67882,0.38074,1.22541,1.9521,1.31689,1.4972,nan,0,0,0.000450903,0.000450903,0.000450903
280,46052.8,1.56535,2.40956,1.68022,1.68297,0.13557,0.14009,0.15092,0.59729,0.68088,0.68899,0.45624,0.58078,0.67224,0.66176,0.3684,1.25468,1.97031,1.35403,1.51178,nan,0,0,0.000449528,0.000449528,0.000449528
281,46216.8,1.55169,2.40356,1.67846,1.67183,0.13217,0.13381,0.14362,0.61176,0.61576,0.68994,0.45889,0.59635,0.59901,0.65512,0.37683,1.23772,1.9738,1.32373,1.50474,nan,0,0,0.000448154,0.000448154,0.000448154
282,46380.5,1.50936,2.39238,1.66796,1.69296,0.13356,0.13599,0.14575,0.58518,0.67368,0.68052,0.45126,0.57957,0.64699,0.65875,0.36298,1.26156,1.96778,1.33028,1.51828,nan,0,0,0.00044678,0.00044678,0.00044678
283,46544.6,1.53367,2.38983,1.65687,1.67719,0.13213,0.12845,0.13842,0.60615,0.66236,0.69083,0.46363,0.59482,0.64704,0.66956,0.37707,1.24367,1.97341,1.31242,1.51257,nan,0,0,0.000445405,0.000445405,0.000445405
284,46708.4,1.53008,2.39922,1.65376,1.68869,0.1334,0.13779,0.14752,0.59298,0.65152,0.675,0.44308,0.58311,0.64278,0.65044,0.36346,1.25864,1.96062,1.33678,1.52611,nan,0,0,0.000444031,0.000444031,0.000444031
285,46872.3,1.5218,2.42103,1.65563,1.66615,0.13392,0.13604,0.1454,0.61897,0.67876,0.67552,0.45424,0.60389,0.66337,0.65274,0.37278,1.23616,1.94298,1.3219,1.51174,nan,0,0,0.000442656,0.000442656,0.000442656
286,47036.3,1.52974,2.38405,1.62932,1.64646,0.13269,0.13333,0.14253,0.55439,0.70023,0.68382,0.46122,0.54394,0.68583,0.6617,0.36923,1.23294,1.94192,1.28011,1.50286,nan,0,0,0.000441282,0.000441282,0.000441282
287,47200.2,1.5059,2.34702,1.61173,1.69583,0.13472,0.13217,0.14232,0.56026,0.69958,0.69067,0.46573,0.5417,0.6965,0.67102,0.37554,1.23443,1.95928,1.30383,1.50692,nan,0,0,0.000439907,0.000439907,0.000439907
288,47364.3,1.54212,2.37646,1.64194,1.65552,0.13374,0.13318,0.14323,0.60492,0.68104,0.69689,0.47135,0.61571,0.64336,0.67577,0.38617,1.23582,1.94045,1.30639,1.50265,nan,0,0,0.000438533,0.000438533,0.000438533
289,47528.6,1.48556,2.39841,1.60996,1.67338,0.13398,0.13542,0.14523,0.64842,0.67071,0.702,0.47221,0.64702,0.66155,0.68743,0.39022,1.21047,1.93137,1.30577,1.48895,nan,0,0,0.000437158,0.000437158,0.000437158
290,47692.9,1.51849,2.35206,1.64815,1.67576,0.13405,0.13359,0.14389,0.63457,0.63674,0.69242,0.45545,0.62642,0.62467,0.67253,0.37611,1.25245,1.94174,1.317,1.51237,nan,0,0,0.000435784,0.000435784,0.000435784
291,47856.7,1.47955,2.37505,1.62242,1.65545,0.13262,0.13326,0.14306,0.63375,0.66191,0.70034,0.47117,0.62037,0.65491,0.68339,0.38201,1.21105,1.93245,1.27223,1.49126,nan,0,0,0.000434409,0.000434409,0.000434409
292,48020.5,1.53066,2.39568,1.6397,1.66471,0.1328,0.13358,0.14437,0.63905,0.66886,0.69686,0.45897,0.62007,0.65866,0.67258,0.38408,1.22941,1.92876,1.32022,1.49397,nan,0,0,0.000433035,0.000433035,0.000433035
293,48184.4,1.4963,2.32945,1.61866,1.65622,0.12938,0.13324,0.14344,0.65068,0.65093,0.70229,0.47539,0.63349,0.64247,0.67866,0.38927,1.22046,1.93217,1.28646,1.49184,nan,0,0,0.000431661,0.000431661,0.000431661
294,48348.6,1.50727,2.34533,1.62864,1.65555,0.1252,0.12986,0.14035,0.63663,0.68617,0.69857,0.46806,0.62069,0.67601,0.67834,0.3856,1.20768,1.91882,1.27319,1.48415,nan,0,0,0.000430286,0.000430286,0.000430286
295,48512.6,1.51084,2.31527,1.6322,1.65614,0.12548,0.133,0.14481,0.59668,0.69235,0.691,0.46175,0.58404,0.67932,0.66458,0.3818,1.22617,1.93345,1.31365,1.48886,nan,0,0,0.000428912,0.000428912,0.000428912
296,48676.4,1.50827,2.38573,1.66081,1.668,0.12483,0.13377,0.14325,0.60579,0.67761,0.69333,0.46883,0.59716,0.67293,0.67319,0.3738,1.21474,1.92148,1.30093,1.48822,nan,0,0,0.000427537,0.000427537,0.000427537
297,48840.6,1.49938,2.35052,1.6276,1.66191,0.12293,0.13226,0.14211,0.64724,0.64503,0.69916,0.47056,0.6376,0.63422,0.68218,0.39107,1.20855,1.91527,1.28583,1.48173,nan,0,0,0.000426163,0.000426163,0.000426163
298,49004.4,1.47088,2.3156,1.60739,1.64062,0.12409,0.1311,0.14129,0.65315,0.68017,0.70208,0.47427,0.64535,0.67121,0.68728,0.39383,1.2332,1.91954,1.28563,1.49284,nan,0,0,0.000424788,0.000424788,0.000424788
299,49168.7,1.49016,2.30627,1.60597,1.65646,0.12144,0.12972,0.13896,0.67711,0.67733,0.71427,0.48535,0.6649,0.66411,0.69583,0.39971,1.20861,1.90199,1.26124,1.4858,nan,0,0,0.000423414,0.000423414,0.000423414
300,49333.3,1.48024,2.32467,1.57126,1.65398,0.12198,0.13054,0.14054,0.62219,0.69023,0.71013,0.4746,0.61117,0.67792,0.69352,0.39747,1.21457,1.90831,1.2953,1.48783,nan,0,0,0.000422039,0.000422039,0.000422039
301,49497.4,1.50739,2.3465,1.59455,1.66293,0.12153,0.12889,0.13977,0.65722,0.66706,0.71305,0.48035,0.65163,0.65425,0.69636,0.40015,1.20318,1.9112,1.29128,1.48767,nan,0,0,0.000420665,0.000420665,0.000420665
302,49661.1,1.48701,2.35758,1.60804,1.64938,0.11935,0.12473,0.13494,0.61473,0.71677,0.71644,0.48635,0.61162,0.70813,0.6985,0.4003,1.19692,1.89536,1.28405,1.48145,nan,0,0,0.000419291,0.000419291,0.000419291
303,49825.4,1.49635,2.35497,1.59504,1.64046,0.11975,0.13199,0.1421,0.58373,0.72088,0.71473,0.48824,0.57791,0.71143,0.69635,0.39247,1.19059,1.89561,1.27151,1.47619,nan,0,0,0.000417916,0.000417916,0.000417916
304,49989.1,1.50627,2.3284,1.61645,1.64942,0.11776,0.13169,0.1416,0.60865,0.68168,0.70833,0.48088,0.60811,0.66562,0.68516,0.39288,1.19759,1.90073,1.2689,1.47622,nan,0,0,0.000416542,0.000416542,0.000416542
305,50153,1.46232,2.33966,1.55884,1.63126,0.11621,0.12888,0.13826,0.64204,0.64004,0.71191,0.478,0.64361,0.63268,0.69512,0.39846,1.18993,1.89014,1.27213,1.46641,nan,0,0,0.000415167,0.000415167,0.000415167
306,50316.9,1.47961,2.33288,1.59665,1.64316,0.11927,0.132,0.14349,0.65676,0.67915,0.72645,0.49427,0.64476,0.6723,0.70656,0.41117,1.1742,1.88235,1.23734,1.45791,nan,0,0,0.000413793,0.000413793,0.000413793
307,50481.3,1.44068,2.29122,1.54759,1.62551,0.11488,0.13092,0.14158,0.65156,0.68459,0.72132,0.48727,0.63779,0.67279,0.69702,0.39862,1.19069,1.89616,1.25961,1.46713,nan,0,0,0.000412418,0.000412418,0.000412418
308,50645.3,1.50458,2.33309,1.61684,1.65442,0.11196,0.12869,0.13852,0.63359,0.72006,0.72643,0.49182,0.62304,0.70384,0.70599,0.40706,1.18645,1.87924,1.24479,1.46454,nan,0,0,0.000411044,0.000411044,0.000411044
309,50809.1,1.48215,2.32841,1.61704,1.65783,0.10869,0.1269,0.13727,0.64558,0.6703,0.71805,0.47944,0.61507,0.6589,0.69269,0.39236,1.19686,1.87841,1.26039,1.47084,nan,0,0,0.000409669,0.000409669,0.000409669
310,50973.1,1.48899,2.347,1.60464,1.64903,0.11267,0.13265,0.14302,0.63847,0.66288,0.71441,0.48068,0.63105,0.65893,0.69767,0.3996,1.19069,1.88722,1.26866,1.46809,nan,0,0,0.000408295,0.000408295,0.000408295
311,51136.8,1.48638,2.31163,1.58276,1.61682,0.11103,0.13041,0.14086,0.64835,0.65449,0.71124,0.49199,0.63481,0.64899,0.69507,0.40404,1.16968,1.87666,1.25193,1.45067,nan,0,0,0.00040692,0.00040692,0.00040692
312,51300.6,1.49209,2.33173,1.58694,1.65002,0.1121,0.13122,0.14077,0.62979,0.69165,0.70038,0.4798,0.61749,0.67773,0.68211,0.3929,1.19156,1.88276,1.26147,1.46327,nan,0,0,0.000405546,0.000405546,0.000405546
313,51464.5,1.46941,2.29894,1.59722,1.63744,0.10993,0.12558,0.13565,0.59775,0.7167,0.69371,0.47321,0.59357,0.70649,0.67726,0.39092,1.18298,1.86981,1.26857,1.45716,nan,0,0,0.000404172,0.000404172,0.000404172
314,51628.3,1.49778,2.35046,1.62107,1.6501,0.10912,0.12705,0.13734,0.63174,0.68288,0.7056,0.48283,0.62408,0.67569,0.68961,0.40185,1.17192,1.8709,1.24165,1.45634,nan,0,0,0.000402797,0.000402797,0.000402797
315,51792.2,1.48002,2.32834,1.61036,1.64063,0.10976,0.12547,0.13564,0.66086,0.66665,0.71599,0.49169,0.65653,0.65424,0.69934,0.40556,1.17211,1.87384,1.2341,1.45242,nan,0,0,0.000401423,0.000401423,0.000401423
316,51956,1.49431,2.2748,1.55514,1.63309,0.10816,0.12446,0.1351,0.66061,0.71308,0.72639,0.50522,0.65327,0.70465,0.71056,0.41144,1.17498,1.87071,1.23744,1.46079,nan,0,0,0.000400048,0.000400048,0.000400048
317,52120.4,1.4591,2.2807,1.57136,1.63001,0.10863,0.12535,0.13592,0.71827,0.65422,0.73024,0.5034,0.70589,0.63996,0.7079,0.40643,1.17352,1.86012,1.2353,1.45674,nan,0,0,0.000398674,0.000398674,0.000398674
318,52284.2,1.47107,2.31873,1.58084,1.61751,0.11121,0.1283,0.13836,0.62444,0.70448,0.73401,0.50933,0.61288,0.68999,0.71329,0.4153,1.17788,1.86895,1.23011,1.46098,nan,0,0,0.000397299,0.000397299,0.000397299
319,52448.6,1.4614,2.31124,1.56878,1.62431,0.10999,0.12767,0.13938,0.66041,0.6755,0.71995,0.49344,0.64689,0.66134,0.6986,0.40819,1.17441,1.86131,1.22437,1.44998,nan,0,0,0.000395925,0.000395925,0.000395925
320,52612.5,1.4582,2.28532,1.56023,1.6312,0.10927,0.13006,0.14035,0.64828,0.67821,0.71312,0.48368,0.63502,0.66661,0.69354,0.40335,1.17901,1.86497,1.23818,1.45571,nan,0,0,0.00039455,0.00039455,0.00039455
321,52776.4,1.47481,2.32259,1.57625,1.62087,0.10669,0.12525,0.1349,0.64921,0.68061,0.71784,0.48963,0.63988,0.66731,0.69949,0.40213,1.16602,1.8557,1.22801,1.4434,nan,0,0,0.000393176,0.000393176,0.000393176
322,52940.4,1.45858,2.29567,1.54425,1.612,0.10908,0.12858,0.13755,0.62573,0.71419,0.72207,0.49444,0.63651,0.67874,0.7035,0.40341,1.17116,1.85618,1.21547,1.44763,nan,0,0,0.000391802,0.000391802,0.000391802
323,53104.2,1.47858,2.32354,1.57438,1.63629,0.10728,0.12363,0.13303,0.65031,0.68732,0.71758,0.48926,0.63593,0.67133,0.69663,0.40076,1.16284,1.85768,1.22361,1.44334,nan,0,0,0.000390427,0.000390427,0.000390427
324,53268.1,1.46526,2.22752,1.56756,1.61333,0.11027,0.12728,0.13808,0.66264,0.69322,0.73306,0.4995,0.65208,0.68353,0.71383,0.419,1.1537,1.84525,1.22739,1.43593,nan,0,0,0.000389053,0.000389053,0.000389053
325,53432.3,1.45806,2.28752,1.57276,1.6273,0.1097,0.1281,0.13836,0.62088,0.69772,0.72431,0.49025,0.60885,0.68616,0.70312,0.40738,1.16894,1.84747,1.23688,1.44611,nan,0,0,0.000387678,0.000387678,0.000387678
326,53596.3,1.47855,2.27316,1.55284,1.6203,0.11013,0.12591,0.13589,0.56938,0.71666,0.7208,0.48733,0.55826,0.70393,0.69672,0.40313,1.18104,1.85348,1.21438,1.45627,nan,0,0,0.000386304,0.000386304,0.000386304
327,53760.2,1.4518,2.2796,1.54159,1.6114,0.11263,0.13222,0.14287,0.70531,0.65242,0.72827,0.4989,0.69113,0.64155,0.71047,0.41616,1.17451,1.84475,1.21834,1.45326,nan,0,0,0.000384929,0.000384929,0.000384929
328,53924.1,1.45373,2.2814,1.54213,1.59714,0.10783,0.12634,0.13562,0.70326,0.69195,0.73255,0.49785,0.68792,0.68044,0.71182,0.41204,1.15033,1.83679,1.21676,1.43633,nan,0,0,0.000383555,0.000383555,0.000383555
329,54087.9,1.46326,2.29605,1.58378,1.6181,0.1102,0.12683,0.13816,0.65985,0.70253,0.73376,0.50015,0.65153,0.68403,0.71194,0.42063,1.15017,1.8311,1.21374,1.43597,nan,0,0,0.00038218,0.00038218,0.00038218
330,54251.8,1.45064,2.25637,1.52864,1.61333,0.10884,0.12516,0.1349,0.65907,0.67111,0.73431,0.50587,0.6491,0.66314,0.7148,0.42509,1.15497,1.82882,1.21593,1.44137,nan,0,0,0.000380806,0.000380806,0.000380806
331,54416,1.46567,2.27822,1.55181,1.62072,0.10869,0.12628,0.13582,0.65484,0.67743,0.72476,0.4971,0.63988,0.66586,0.70471,0.41516,1.16702,1.83413,1.20472,1.45229,nan,0,0,0.000379431,0.000379431,0.000379431
332,54579.9,1.47278,2.24488,1.584,1.62933,0.1091,0.12642,0.13605,0.6503,0.70716,0.72974,0.50522,0.64727,0.69492,0.70866,0.40948,1.16407,1.82801,1.21132,1.44789,nan,0,0,0.000378057,0.000378057,0.000378057
333,54743.7,1.43839,2.24709,1.53512,1.61558,0.10857,0.12726,0.13717,0.66457,0.70677,0.73178,0.50235,0.65221,0.69408,0.71147,0.42017,1.1624,1.83081,1.20619,1.44934,nan,0,0,0.000376683,0.000376683,0.000376683
334,54907.3,1.4849,2.31106,1.57052,1.62829,0.11101,0.12911,0.13916,0.64315,0.71746,0.72847,0.50502,0.64735,0.69307,0.71031,0.42009,1.15151,1.82586,1.21686,1.4417,nan,0,0,0.000375308,0.000375308,0.000375308
335,55071.1,1.41189,2.24215,1.54119,1.61077,0.10981,0.12469,0.13523,0.67112,0.66764,0.72667,0.50972,0.65756,0.65854,0.70905,0.42126,1.1276,1.81591,1.18996,1.42785,nan,0,0,0.000373934,0.000373934,0.000373934
336,55235.3,1.447,2.29699,1.54404,1.62339,0.1099,0.12974,0.13974,0.64104,0.70824,0.72827,0.50485,0.6455,0.66981,0.71038,0.41659,1.1393,1.81865,1.19338,1.43051,nan,0,0,0.000372559,0.000372559,0.000372559
337,55399.1,1.4438,2.25618,1.54028,1.61331,0.10907,0.12646,0.13676,0.66112,0.69336,0.72427,0.49986,0.63817,0.68945,0.70517,0.41071,1.15662,1.82489,1.20189,1.43715,nan,0,0,0.000371185,0.000371185,0.000371185
338,55562.9,1.45938,2.28298,1.56936,1.61027,0.10964,0.12992,0.14001,0.66816,0.71125,0.72675,0.50869,0.6544,0.69781,0.70885,0.41914,1.14262,1.81055,1.19901,1.42761,nan,0,0,0.00036981,0.00036981,0.00036981
339,55726.7,1.43795,2.26359,1.51335,1.5966,0.1097,0.12816,0.13892,0.69432,0.68447,0.73846,0.5091,0.69837,0.6623,0.72098,0.42061,1.14526,1.81225,1.19795,1.42605,nan,0,0,0.000368436,0.000368436,0.000368436
340,55890.5,1.40595,2.19727,1.5057,1.59755,0.10738,0.1234,0.1332,0.69265,0.70039,0.74426,0.52008,0.70035,0.67888,0.73164,0.43337,1.1288,1.80629,1.19707,1.41594,nan,0,0,0.000367061,0.000367061,0.000367061
341,56055,1.43965,2.23985,1.54786,1.61379,0.10912,0.12533,0.13589,0.6913,0.69338,0.72679,0.51174,0.67973,0.68026,0.70845,0.42241,1.15098,1.81664,1.22129,1.43183,nan,0,0,0.000365687,0.000365687,0.000365687
342,56218.9,1.47023,2.26856,1.56005,1.62734,0.10834,0.12564,0.13616,0.69062,0.70112,0.73779,0.51284,0.6785,0.68942,0.72214,0.42081,1.1481,1.81733,1.20763,1.43237,nan,0,0,0.000364313,0.000364313,0.000364313
343,56382.7,1.45835,2.3016,1.55404,1.61523,0.10876,0.12498,0.13681,0.69933,0.694,0.73842,0.5124,0.69549,0.66395,0.71773,0.41884,1.13891,1.81094,1.20543,1.42362,nan,0,0,0.000362938,0.000362938,0.000362938
344,56546.5,1.44764,2.20998,1.50631,1.59729,0.11036,0.12717,0.13773,0.6072,0.71719,0.73815,0.50308,0.59756,0.70731,0.72218,0.42363,1.16221,1.8197,1.20617,1.43739,nan,0,0,0.000361564,0.000361564,0.000361564
345,56710.6,1.44797,2.25768,1.5203,1.59525,0.1102,0.12648,0.13794,0.65315,0.70092,0.7433,0.50595,0.66525,0.66907,0.71971,0.43065,1.12929,1.80637,1.18999,1.41764,nan,0,0,0.000360189,0.000360189,0.000360189
346,56874.6,1.42429,2.24689,1.51722,1.60306,0.10832,0.12291,0.133,0.69911,0.69149,0.73992,0.50681,0.68487,0.67657,0.71727,0.42197,1.13992,1.7991,1.20305,1.42369,nan,0,0,0.000358815,0.000358815,0.000358815
347,57038.4,1.44192,2.235,1.52293,1.625,0.10642,0.1228,0.1332,0.68755,0.6833,0.73295,0.49582,0.68145,0.65932,0.71027,0.42223,1.15055,1.80599,1.20311,1.43606,nan,0,0,0.00035744,0.00035744,0.00035744
348,57202.2,1.47504,2.29445,1.54921,1.6297,0.10811,0.1268,0.13619,0.72823,0.68036,0.74809,0.51882,0.72358,0.66417,0.72641,0.43461,1.14837,1.80548,1.19714,1.43734,nan,0,0,0.000356066,0.000356066,0.000356066
349,57366.1,1.37912,2.19404,1.46693,1.57035,0.10791,0.12467,0.13526,0.69808,0.71569,0.74604,0.51047,0.69305,0.69925,0.72903,0.43889,1.1377,1.80451,1.1829,1.42569,nan,0,0,0.000354691,0.000354691,0.000354691
350,57530.1,1.40857,2.22038,1.51106,1.58663,0.11002,0.12601,0.13597,0.70364,0.69402,0.73866,0.50432,0.69154,0.67956,0.71599,0.43077,1.12547,1.79587,1.18654,1.41886,nan,0,0,0.000353317,0.000353317,0.000353317
351,57694,1.4324,2.25305,1.49703,1.59955,0.10635,0.12167,0.13108,0.7042,0.69496,0.74912,0.51536,0.69056,0.68542,0.72984,0.44084,1.12511,1.79485,1.1757,1.41784,nan,0,0,0.000351942,0.000351942,0.000351942
352,57858.5,1.45469,2.2732,1.5566,1.61783,0.10803,0.12558,0.13487,0.70655,0.71283,0.74842,0.5135,0.70332,0.70295,0.73468,0.43463,1.11504,1.80199,1.15292,1.41254,nan,0,0,0.000350568,0.000350568,0.000350568
353,58022.1,1.42872,2.22046,1.51814,1.6277,0.10632,0.124,0.13394,0.70551,0.6864,0.74397,0.50506,0.69379,0.67626,0.72581,0.43249,1.1253,1.8017,1.17964,1.41929,nan,0,0,0.000349194,0.000349194,0.000349194
354,58185.9,1.45645,2.25313,1.54048,1.60185,0.10958,0.12547,0.13539,0.67105,0.71331,0.73371,0.51136,0.66022,0.7029,0.7166,0.42723,1.12575,1.80157,1.18257,1.41747,nan,0,0,0.000347819,0.000347819,0.000347819
355,58349.8,1.43419,2.23689,1.49878,1.58711,0.10854,0.12511,0.13378,0.66403,0.69311,0.73798,0.51964,0.65512,0.68385,0.71838,0.42527,1.11741,1.79731,1.19008,1.41177,nan,0,0,0.000346445,0.000346445,0.000346445
356,58513.6,1.42717,2.24347,1.49866,1.58476,0.1077,0.12445,0.13276,0.6971,0.66488,0.7441,0.51059,0.6891,0.65644,0.72697,0.43196,1.12771,1.79361,1.19318,1.41709,nan,0,0,0.00034507,0.00034507,0.00034507
357,58677.3,1.42121,2.23659,1.51261,1.59031,0.11102,0.12856,0.13913,0.66152,0.69844,0.73794,0.51065,0.64894,0.68113,0.72108,0.43017,1.11951,1.78455,1.16978,1.41215,nan,0,0,0.000343696,0.000343696,0.000343696
358,58841,1.40119,2.22815,1.48108,1.59332,0.10643,0.12091,0.13114,0.64776,0.72801,0.74729,0.52093,0.63783,0.71446,0.73264,0.43964,1.12396,1.77929,1.19003,1.41353,nan,0,0,0.000342321,0.000342321,0.000342321
359,59005.3,1.41896,2.2324,1.49571,1.57843,0.10918,0.12344,0.13381,0.63344,0.72842,0.75242,0.52139,0.62306,0.71732,0.7341,0.43854,1.12414,1.7813,1.17182,1.41413,nan,0,0,0.000340947,0.000340947,0.000340947
360,59169.1,1.41854,2.21179,1.51816,1.58532,0.10743,0.12692,0.13628,0.64676,0.72637,0.73586,0.5108,0.63608,0.71583,0.71907,0.42503,1.12844,1.78667,1.18149,1.41334,nan,0,0,0.000339572,0.000339572,0.000339572
361,59332.8,1.41748,2.21491,1.49765,1.58731,0.10784,0.12388,0.13304,0.67144,0.72024,0.73617,0.51252,0.65753,0.7017,0.71526,0.41811,1.12591,1.78347,1.18713,1.41354,nan,0,0,0.000338198,0.000338198,0.000338198
362,59496.8,1.44633,2.27526,1.51323,1.59199,0.10761,0.12447,0.1347,0.67783,0.72883,0.74659,0.5122,0.67353,0.7146,0.73315,0.42962,1.11632,1.77289,1.17767,1.40835,nan,0,0,0.000336824,0.000336824,0.000336824
363,59660.6,1.40396,2.1941,1.47898,1.57643,0.1089,0.12405,0.13266,0.66906,0.71774,0.74982,0.52566,0.6613,0.70537,0.73503,0.43078,1.12942,1.77851,1.17983,1.41077,nan,0,0,0.000335449,0.000335449,0.000335449
364,59824.4,1.39436,2.23665,1.48784,1.57194,0.10676,0.12364,0.13372,0.7191,0.69307,0.74935,0.52788,0.71088,0.68243,0.735,0.43309,1.11189,1.76532,1.17247,1.40383,nan,0,0,0.000334075,0.000334075,0.000334075
365,59988.9,1.41427,2.19411,1.47461,1.58956,0.1053,0.11958,0.12865,0.71366,0.72112,0.75165,0.52936,0.70723,0.68979,0.73813,0.43507,1.12239,1.77181,1.16174,1.41037,nan,0,0,0.0003327,0.0003327,0.0003327
366,60153.2,1.40711,2.22244,1.51651,1.5877,0.10868,0.12508,0.13568,0.69909,0.7322,0.75531,0.52863,0.68819,0.71947,0.74085,0.43856,1.12456,1.77382,1.14713,1.41085,nan,0,0,0.000331326,0.000331326,0.000331326
367,60317.5,1.40487,2.21757,1.46291,1.58696,0.10776,0.12096,0.13082,0.68621,0.73319,0.75088,0.52633,0.67523,0.72152,0.73445,0.4301,1.12561,1.77179,1.16563,1.40739,nan,0,0,0.000329951,0.000329951,0.000329951
368,60481.5,1.42135,2.20291,1.46737,1.57711,0.1072,0.12419,0.13342,0.67561,0.70815,0.75129,0.52779,0.6674,0.69991,0.7344,0.43494,1.11671,1.77582,1.15873,1.40408,nan,0,0,0.000328577,0.000328577,0.000328577
369,60645.2,1.41249,2.20497,1.50284,1.58286,0.10744,0.12386,0.13379,0.69528,0.72023,0.75201,0.51971,0.69891,0.69778,0.73438,0.43536,1.12562,1.76847,1.14522,1.41144,nan,0,0,0.000327202,0.000327202,0.000327202
370,60809,1.40855,2.20552,1.49674,1.58329,0.11009,0.12709,0.13714,0.719,0.67417,0.74524,0.50996,0.71859,0.66172,0.72867,0.42811,1.12173,1.76272,1.1779,1.40741,nan,0,0,0.000325828,0.000325828,0.000325828
371,60973,1.42959,2.24912,1.48179,1.56705,0.10703,0.12476,0.13446,0.66282,0.73189,0.74512,0.50793,0.67312,0.69649,0.72374,0.42915,1.12489,1.76786,1.17383,1.41112,nan,0,0,0.000324453,0.000324453,0.000324453
372,61136.7,1.38893,2.19543,1.50291,1.5888,0.10754,0.12328,0.13253,0.61898,0.74221,0.74561,0.5233,0.6635,0.67286,0.72734,0.43825,1.11198,1.76191,1.16908,1.40006,nan,0,0,0.000323079,0.000323079,0.000323079
373,61300.7,1.42095,2.21887,1.48855,1.56866,0.10612,0.1205,0.12977,0.66425,0.7554,0.7457,0.51679,0.65888,0.74418,0.7285,0.43692,1.10804,1.76305,1.1635,1.39882,nan,0,0,0.000321705,0.000321705,0.000321705
374,61464.4,1.40251,2.23949,1.48784,1.58338,0.1077,0.12315,0.13283,0.70474,0.70538,0.7518,0.52959,0.69563,0.69678,0.73259,0.43796,1.11358,1.75735,1.15835,1.40189,nan,0,0,0.00032033,0.00032033,0.00032033
375,61628.8,1.38786,2.16675,1.47368,1.57477,0.11022,0.12377,0.13356,0.68844,0.73328,0.75054,0.52607,0.6761,0.73565,0.73321,0.43692,1.1129,1.75359,1.15908,1.39923,nan,0,0,0.000318956,0.000318956,0.000318956
376,61792.8,1.42375,2.20002,1.4761,1.5972,0.10595,0.11832,0.12755,0.64369,0.77833,0.75076,0.52103,0.64379,0.75916,0.7351,0.43498,1.10659,1.75763,1.14535,1.39304,nan,0,0,0.000317581,0.000317581,0.000317581
377,61956.8,1.38793,2.16648,1.49314,1.56704,0.10598,0.11985,0.1293,0.64239,0.7567,0.74588,0.52133,0.63526,0.7495,0.72714,0.43654,1.10767,1.75276,1.13894,1.39452,nan,0,0,0.000316207,0.000316207,0.000316207
378,62120.8,1.40945,2.1835,1.4629,1.57551,0.10568,0.12278,0.1315,0.68552,0.71288,0.75152,0.51997,0.66949,0.6973,0.73331,0.43989,1.1034,1.74391,1.1402,1.39351,nan,0,0,0.000314832,0.000314832,0.000314832
379,62284.8,1.42018,2.20874,1.49803,1.59125,0.10745,0.12454,0.13358,0.66887,0.71873,0.75239,0.52865,0.65908,0.70883,0.73765,0.44259,1.10203,1.74088,1.14991,1.39618,nan,0,0,0.000313458,0.000313458,0.000313458
380,62449.3,1.40853,2.17746,1.46063,1.56252,0.1046,0.12015,0.12832,0.70008,0.67956,0.74975,0.526,0.68709,0.66766,0.72687,0.44282,1.10364,1.73726,1.1454,1.39762,nan,0,0,0.000312083,0.000312083,0.000312083
381,62613.3,1.37798,2.16986,1.47882,1.57328,0.10897,0.12339,0.13438,0.66562,0.71909,0.75004,0.52737,0.66158,0.70774,0.73152,0.44341,1.0981,1.73433,1.14753,1.38933,nan,0,0,0.000310709,0.000310709,0.000310709
382,62777.3,1.38089,2.1397,1.47395,1.56067,0.10715,0.122,0.13216,0.66174,0.74191,0.75044,0.52981,0.65042,0.73118,0.73223,0.44018,1.09755,1.73314,1.13539,1.38675,nan,0,0,0.000309335,0.000309335,0.000309335
383,62941.3,1.40371,2.20964,1.47833,1.58434,0.10601,0.1206,0.1298,0.68858,0.72725,0.7563,0.53281,0.67002,0.71874,0.74026,0.44281,1.10214,1.72827,1.133,1.39103,nan,0,0,0.00030796,0.00030796,0.00030796
384,63105.7,1.40493,2.20692,1.48362,1.57659,0.10651,0.11904,0.12858,0.69744,0.69498,0.75239,0.52544,0.68522,0.68451,0.73487,0.44942,1.10083,1.72804,1.13305,1.38874,nan,0,0,0.000306586,0.000306586,0.000306586
385,63269.7,1.38189,2.16718,1.46557,1.58486,0.10774,0.12399,0.13365,0.67174,0.70827,0.74684,0.52812,0.66108,0.69635,0.7295,0.43999,1.10046,1.73433,1.14654,1.38897,nan,0,0,0.000305211,0.000305211,0.000305211
386,63433.9,1.393,2.15996,1.45634,1.54918,0.10643,0.12281,0.13222,0.66098,0.71087,0.74862,0.52907,0.6647,0.69687,0.74022,0.44155,1.10346,1.7291,1.13355,1.38947,nan,0,0,0.000303837,0.000303837,0.000303837
387,63597.7,1.39716,2.20565,1.484,1.58086,0.10739,0.12219,0.13208,0.67212,0.76834,0.75669,0.53642,0.66749,0.75518,0.74356,0.45129,1.08326,1.72009,1.12518,1.38141,nan,0,0,0.000302462,0.000302462,0.000302462
388,63762.2,1.37205,2.18105,1.45774,1.57038,0.10637,0.12258,0.13235,0.71419,0.71622,0.75221,0.53076,0.70939,0.70042,0.73831,0.44631,1.08296,1.72239,1.14155,1.38215,nan,0,0,0.000301088,0.000301088,0.000301088
389,63926.1,1.37898,2.15087,1.44984,1.56137,0.10726,0.12077,0.13079,0.6771,0.75411,0.75047,0.53476,0.6784,0.71759,0.73419,0.44298,1.08265,1.72249,1.10903,1.38337,nan,0,0,0.000299713,0.000299713,0.000299713
390,64089.9,1.34843,2.16841,1.4394,1.54462,0.10679,0.12136,0.13069,0.68033,0.74453,0.74742,0.53416,0.67347,0.73153,0.73106,0.44299,1.08097,1.71641,1.13007,1.37548,nan,0,0,0.000298339,0.000298339,0.000298339
391,64253.8,1.36413,2.13323,1.40081,1.53326,0.10699,0.12219,0.13131,0.73442,0.68379,0.7537,0.53238,0.73203,0.67403,0.73917,0.44963,1.08218,1.72453,1.12682,1.37685,nan,0,0,0.000296964,0.000296964,0.000296964
392,64417.8,1.40795,2.15932,1.47241,1.57287,0.10502,0.11914,0.12752,0.66553,0.74548,0.75568,0.53699,0.67131,0.70651,0.74113,0.45308,1.08381,1.72141,1.12037,1.37414,nan,0,0,0.00029559,0.00029559,0.00029559
393,64582.2,1.38457,2.16546,1.44557,1.57009,0.10704,0.12049,0.1301,0.66415,0.77281,0.75609,0.53494,0.65267,0.75995,0.74157,0.45218,1.08528,1.72053,1.12415,1.37412,nan,0,0,0.000294216,0.000294216,0.000294216
394,64746.1,1.37712,2.17936,1.47795,1.57307,0.10701,0.12066,0.13085,0.68062,0.77286,0.76201,0.545,0.66748,0.76225,0.7449,0.4553,1.07615,1.71941,1.12829,1.37248,nan,0,0,0.000292841,0.000292841,0.000292841
395,64910.4,1.38838,2.19493,1.43478,1.57196,0.10912,0.12524,0.13549,0.7239,0.71835,0.76462,0.55458,0.70998,0.70411,0.74812,0.4566,1.06976,1.71035,1.12036,1.37286,nan,0,0,0.000291467,0.000291467,0.000291467
396,65074.9,1.36958,2.17692,1.46158,1.55797,0.10646,0.11858,0.12839,0.7268,0.67669,0.76434,0.54986,0.71614,0.66149,0.74884,0.45979,1.07745,1.71667,1.11645,1.37879,nan,0,0,0.000290092,0.000290092,0.000290092
397,65238.8,1.35651,2.1474,1.42841,1.5509,0.10639,0.1224,0.13226,0.66796,0.74002,0.76517,0.54665,0.65841,0.73902,0.75064,0.46148,1.07754,1.71028,1.11352,1.37863,nan,0,0,0.000288718,0.000288718,0.000288718
398,65402.5,1.36443,2.125,1.4509,1.55095,0.10665,0.11995,0.12918,0.65693,0.75333,0.7594,0.54006,0.6498,0.73683,0.73718,0.45188,1.07718,1.70481,1.11886,1.37442,nan,0,0,0.000287343,0.000287343,0.000287343
399,65566.5,1.40066,2.17352,1.44716,1.54706,0.10754,0.1228,0.13251,0.65308,0.77174,0.75027,0.53903,0.64301,0.75965,0.73778,0.44963,1.08426,1.70126,1.11004,1.37732,nan,0,0,0.000285969,0.000285969,0.000285969
400,65730.6,1.41431,2.17964,1.46895,1.56826,0.1061,0.12093,0.13195,0.67449,0.7138,0.7489,0.5373,0.66701,0.70677,0.73978,0.45346,1.08232,1.69738,1.12163,1.3756,nan,0,0,0.000284594,0.000284594,0.000284594
401,65894.6,1.38548,2.14609,1.42029,1.54237,0.10736,0.12383,0.13238,0.73116,0.68635,0.7527,0.53872,0.72083,0.67328,0.73913,0.44885,1.07516,1.69816,1.1088,1.36986,nan,0,0,0.00028322,0.00028322,0.00028322
402,66058.7,1.35448,2.1419,1.42049,1.53097,0.10666,0.1213,0.13045,0.69367,0.71808,0.75759,0.54559,0.67983,0.70339,0.74188,0.45237,1.07977,1.69702,1.10515,1.37218,nan,0,0,0.000281846,0.000281846,0.000281846
403,66222.5,1.35309,2.18691,1.46089,1.55505,0.10564,0.11864,0.12764,0.72115,0.69884,0.76497,0.55422,0.70876,0.69872,0.75129,0.46201,1.08019,1.69462,1.11215,1.37579,nan,0,0,0.000280471,0.000280471,0.000280471
404,66387.2,1.38296,2.14951,1.405,1.55597,0.11021,0.12593,0.13474,0.72111,0.71303,0.75979,0.5485,0.71166,0.70417,0.74638,0.45529,1.08618,1.69687,1.12055,1.3769,nan,0,0,0.000279097,0.000279097,0.000279097
405,66551.1,1.37575,2.16387,1.4502,1.56481,0.10633,0.12188,0.13022,0.69553,0.73499,0.76068,0.54936,0.69047,0.72305,0.74506,0.4622,1.07792,1.69364,1.1153,1.36883,nan,0,0,0.000277722,0.000277722,0.000277722
406,66715.2,1.35336,2.11325,1.41561,1.543,0.10812,0.12151,0.13147,0.68647,0.7422,0.75924,0.54923,0.68001,0.73588,0.74428,0.45969,1.07564,1.69678,1.12629,1.36819,nan,0,0,0.000276348,0.000276348,0.000276348
407,66879.2,1.37366,2.12896,1.4387,1.55046,0.10604,0.12003,0.12983,0.68303,0.76621,0.77111,0.55779,0.68381,0.74774,0.75675,0.46364,1.06239,1.69029,1.10709,1.35942,nan,0,0,0.000274973,0.000274973,0.000274973
408,67043.8,1.38059,2.17466,1.42774,1.53982,0.10419,0.11657,0.12595,0.67261,0.78589,0.77124,0.55497,0.66484,0.77809,0.75755,0.46182,1.06301,1.69231,1.10351,1.3603,nan,0,0,0.000273599,0.000273599,0.000273599
409,67207.9,1.39353,2.15109,1.42936,1.53496,0.10641,0.12086,0.12966,0.68843,0.74762,0.76444,0.54639,0.67832,0.74243,0.74967,0.45604,1.07871,1.6962,1.11662,1.36674,nan,0,0,0.000272224,0.000272224,0.000272224
410,67371.9,1.37918,2.1392,1.44927,1.55031,0.10525,0.11949,0.12807,0.68354,0.76159,0.76257,0.54412,0.67672,0.75226,0.74803,0.4557,1.07689,1.69459,1.10966,1.36873,nan,0,0,0.00027085,0.00027085,0.00027085
411,67535.7,1.3596,2.14669,1.43835,1.54979,0.10492,0.11728,0.12718,0.6783,0.75308,0.76725,0.5489,0.66798,0.74318,0.75399,0.45079,1.07215,1.69474,1.09558,1.36876,nan,0,0,0.000269475,0.000269475,0.000269475
412,67699.7,1.3744,2.15532,1.42942,1.54307,0.10536,0.11903,0.12876,0.71353,0.73357,0.7655,0.54287,0.69873,0.72245,0.7432,0.4548,1.05769,1.69136,1.09463,1.358,nan,0,0,0.000268101,0.000268101,0.000268101
413,67863.7,1.35143,2.09041,1.4193,1.53219,0.10614,0.11847,0.12815,0.70614,0.75562,0.77088,0.54866,0.69797,0.74727,0.75684,0.46225,1.06183,1.68816,1.09164,1.35778,nan,0,0,0.000266727,0.000266727,0.000266727
414,68027.5,1.35218,2.10085,1.3992,1.5335,0.10584,0.12162,0.12991,0.67823,0.76429,0.76308,0.5393,0.67603,0.75536,0.75017,0.4609,1.05526,1.68868,1.10329,1.35375,nan,0,0,0.000265352,0.000265352,0.000265352
415,68191.5,1.36559,2.11551,1.43365,1.54901,0.10562,0.12154,0.13138,0.67253,0.75298,0.76447,0.54161,0.65125,0.75896,0.75437,0.46411,1.06623,1.68417,1.11487,1.35912,nan,0,0,0.000263978,0.000263978,0.000263978
416,68355.5,1.3643,2.12488,1.42803,1.56107,0.10691,0.12314,0.1324,0.68449,0.77071,0.77074,0.55058,0.67558,0.75431,0.75362,0.46665,1.06257,1.68671,1.11833,1.35757,nan,0,0,0.000262603,0.000262603,0.000262603
417,68519.5,1.35452,2.12773,1.40256,1.54097,0.10697,0.12233,0.13124,0.70274,0.7512,0.77325,0.54962,0.69024,0.73819,0.75251,0.47065,1.0633,1.6837,1.10671,1.35919,nan,0,0,0.000261229,0.000261229,0.000261229
418,68683.5,1.34806,2.06285,1.3916,1.52954,0.10697,0.12202,0.13082,0.68997,0.77303,0.77073,0.55519,0.68726,0.74164,0.75248,0.46718,1.05365,1.67791,1.10072,1.35224,nan,0,0,0.000259854,0.000259854,0.000259854
419,68848,1.36255,2.12519,1.42537,1.54818,0.10706,0.11996,0.12932,0.68895,0.76501,0.77409,0.5526,0.68097,0.75586,0.76252,0.4682,1.05418,1.67801,1.09279,1.35187,nan,0,0,0.00025848,0.00025848,0.00025848
420,69011.7,1.36852,2.12327,1.44687,1.54874,0.10224,0.11544,0.12483,0.70999,0.72556,0.7671,0.54996,0.66992,0.74847,0.75585,0.46721,1.05189,1.67867,1.10386,1.34974,nan,0,0,0.000257105,0.000257105,0.000257105
421,69175.7,1.37326,2.12562,1.42315,1.5327,0.10336,0.11817,0.12715,0.67885,0.78031,0.77047,0.55262,0.67123,0.77213,0.76201,0.46947,1.05291,1.67333,1.08939,1.34934,nan,0,0,0.000255731,0.000255731,0.000255731
422,69339.7,1.37296,2.12673,1.42477,1.54977,0.10739,0.12378,0.13405,0.69423,0.76198,0.77213,0.55685,0.6851,0.76652,0.76306,0.47196,1.05755,1.66681,1.09727,1.35008,nan,0,0,0.000254357,0.000254357,0.000254357
423,69504.1,1.37686,2.11809,1.42703,1.54254,0.10512,0.11621,0.1248,0.703,0.74224,0.77084,0.55861,0.69113,0.73501,0.7572,0.47429,1.05926,1.66958,1.09801,1.35036,nan,0,0,0.000252982,0.000252982,0.000252982
424,69668.5,1.34689,2.08437,1.39068,1.5141,0.10397,0.1171,0.12629,0.69532,0.77145,0.7733,0.55424,0.68739,0.76005,0.75786,0.46957,1.06156,1.67177,1.10266,1.35125,nan,0,0,0.000251608,0.000251608,0.000251608
425,69832.5,1.37587,2.11929,1.42958,1.54695,0.10534,0.1195,0.12866,0.71329,0.73206,0.76626,0.54703,0.70591,0.72344,0.75113,0.46081,1.06002,1.67457,1.09608,1.3527,nan,0,0,0.000250233,0.000250233,0.000250233
426,69996.7,1.36226,2.10828,1.39973,1.52783,0.10541,0.11798,0.12686,0.72392,0.71483,0.76434,0.54238,0.7182,0.70345,0.75124,0.45734,1.06826,1.67777,1.09449,1.35651,nan,0,0,0.000248859,0.000248859,0.000248859
427,70160.7,1.3709,2.08795,1.41008,1.53308,0.10358,0.11556,0.12326,0.71228,0.76018,0.77213,0.55507,0.70604,0.75341,0.7594,0.47725,1.05281,1.66548,1.09099,1.34341,nan,0,0,0.000247484,0.000247484,0.000247484
428,70324.7,1.33009,2.08257,1.38245,1.51457,0.10543,0.12067,0.12926,0.70549,0.75383,0.77306,0.55528,0.69795,0.74668,0.75833,0.4743,1.05826,1.66537,1.08897,1.34709,nan,0,0,0.00024611,0.00024611,0.00024611
429,70488.6,1.35683,2.10481,1.38403,1.5426,0.10322,0.11835,0.12754,0.71601,0.71097,0.76922,0.55957,0.7111,0.70665,0.75926,0.47281,1.06784,1.66789,1.08216,1.35533,nan,0,0,0.000244735,0.000244735,0.000244735
430,70652.4,1.33044,2.10834,1.39693,1.52633,0.1038,0.11692,0.12534,0.71388,0.70843,0.7655,0.55079,0.70914,0.70424,0.75686,0.46415,1.06203,1.66061,1.09502,1.35394,nan,0,0,0.000243361,0.000243361,0.000243361
431,70816.2,1.38065,2.10962,1.43273,1.54144,0.10797,0.12244,0.13191,0.71346,0.73055,0.76816,0.55589,0.70726,0.72381,0.75729,0.46727,1.06258,1.66495,1.08314,1.35401,nan,0,0,0.000241986,0.000241986,0.000241986
432,70980.2,1.37055,2.11618,1.40029,1.52867,0.1065,0.12089,0.12964,0.6867,0.77068,0.77069,0.56026,0.67874,0.76226,0.76157,0.46791,1.05568,1.66905,1.09343,1.35021,nan,0,0,0.000240612,0.000240612,0.000240612
433,71144.3,1.36443,2.09777,1.41024,1.52404,0.10242,0.11629,0.12492,0.72354,0.74071,0.77015,0.55517,0.7361,0.71054,0.76093,0.46173,1.05618,1.66799,1.09017,1.34965,nan,0,0,0.000239238,0.000239238,0.000239238
434,71308.2,1.35755,2.11845,1.42713,1.5493,0.10457,0.11889,0.12718,0.68667,0.76676,0.76905,0.55452,0.70724,0.72137,0.75784,0.46347,1.05219,1.66332,1.08196,1.346,nan,0,0,0.000237863,0.000237863,0.000237863
435,71472.4,1.38638,2.15614,1.41057,1.53216,0.10471,0.11702,0.12625,0.71512,0.73686,0.77267,0.5606,0.70434,0.72863,0.75759,0.46844,1.04876,1.65927,1.08793,1.34532,nan,0,0,0.000236489,0.000236489,0.000236489
436,71636.4,1.36251,2.11569,1.4101,1.52598,0.10492,0.12044,0.12912,0.71405,0.74824,0.77175,0.55475,0.70221,0.74054,0.75651,0.46351,1.0462,1.65981,1.08287,1.34026,nan,0,0,0.000235114,0.000235114,0.000235114
437,71800.4,1.33875,2.10243,1.38836,1.53572,0.10649,0.11708,0.12605,0.72379,0.73324,0.77687,0.56096,0.71194,0.72178,0.76174,0.47081,1.03767,1.65239,1.07378,1.33402,nan,0,0,0.00023374,0.00023374,0.00023374
438,71964.3,1.36093,2.1343,1.40525,1.53724,0.10736,0.12049,0.13046,0.74067,0.71913,0.77471,0.56342,0.73454,0.70978,0.76601,0.47799,1.04153,1.65116,1.08622,1.33955,nan,0,0,0.000232365,0.000232365,0.000232365
439,72128.8,1.36032,2.0919,1.41099,1.53526,0.10561,0.11911,0.12774,0.70013,0.75592,0.77616,0.56649,0.69204,0.74794,0.76232,0.47807,1.045,1.65308,1.07289,1.33882,nan,0,0,0.000230991,0.000230991,0.000230991
440,72293.3,1.3417,2.13373,1.40537,1.52842,0.10445,0.12142,0.12917,0.71288,0.74876,0.77885,0.56398,0.70306,0.73929,0.7638,0.47265,1.04235,1.65133,1.07313,1.33804,nan,0,0,0.000229616,0.000229616,0.000229616
441,72457.2,1.34501,2.08018,1.37729,1.51415,0.10898,0.12643,0.13611,0.67721,0.77706,0.77593,0.56303,0.71507,0.71389,0.76442,0.46497,1.05261,1.65312,1.08363,1.34457,nan,0,0,0.000228242,0.000228242,0.000228242
442,72621.1,1.3321,2.10116,1.40653,1.51007,0.10493,0.11877,0.12838,0.73355,0.72465,0.77226,0.56387,0.73046,0.71266,0.76068,0.46619,1.04795,1.65057,1.07295,1.34121,nan,0,0,0.000226868,0.000226868,0.000226868
443,72785,1.34626,2.1134,1.38172,1.52021,0.10473,0.11869,0.12788,0.75424,0.71086,0.77468,0.55639,0.71258,0.72736,0.76039,0.46871,1.05271,1.65179,1.08469,1.34219,nan,0,0,0.000225493,0.000225493,0.000225493
444,72949,1.33796,2.08425,1.36335,1.52007,0.10513,0.11863,0.12689,0.70254,0.75859,0.78172,0.57117,0.71676,0.73908,0.77151,0.47352,1.04719,1.64707,1.08588,1.34089,nan,0,0,0.000224119,0.000224119,0.000224119
445,73113.6,1.35243,2.07933,1.40335,1.51122,0.1049,0.11842,0.12688,0.7015,0.76149,0.77805,0.56469,0.69224,0.75025,0.76451,0.47677,1.04492,1.645,1.07512,1.33898,nan,0,0,0.000222744,0.000222744,0.000222744
446,73277.8,1.36528,2.137,1.40676,1.53515,0.10537,0.11816,0.12739,0.7156,0.74749,0.77357,0.572,0.712,0.72793,0.75957,0.48023,1.03045,1.64114,1.07536,1.32975,nan,0,0,0.00022137,0.00022137,0.00022137
447,73442.1,1.33797,2.06858,1.39911,1.53056,0.10551,0.11737,0.12615,0.70894,0.74672,0.77016,0.56369,0.7008,0.7386,0.75625,0.47703,1.04158,1.63783,1.07492,1.33799,nan,0,0,0.000219995,0.000219995,0.000219995
448,73606.3,1.33839,2.08709,1.35171,1.50725,0.10484,0.11745,0.12577,0.70875,0.75454,0.77307,0.56455,0.69758,0.74322,0.75938,0.4773,1.03294,1.63751,1.07325,1.33247,nan,0,0,0.000218621,0.000218621,0.000218621
449,73770.3,1.33451,2.08114,1.34741,1.51434,0.10463,0.121,0.13007,0.70824,0.75143,0.77048,0.56674,0.70098,0.73881,0.75704,0.47548,1.02989,1.63582,1.07898,1.33124,nan,0,0,0.000217246,0.000217246,0.000217246
450,73934.3,1.32064,2.09334,1.36242,1.50328,0.10459,0.11832,0.1275,0.6933,0.76803,0.77637,0.56367,0.68277,0.7563,0.76121,0.47638,1.03007,1.63402,1.06593,1.32896,nan,0,0,0.000215872,0.000215872,0.000215872
451,74098.2,1.32525,2.09302,1.39591,1.52197,0.10665,0.11953,0.1285,0.67045,0.78711,0.7765,0.57116,0.66102,0.77658,0.76264,0.48058,1.0229,1.62652,1.06046,1.32753,nan,0,0,0.000214497,0.000214497,0.000214497
452,74262.4,1.35112,2.1234,1.39785,1.5319,0.10501,0.11956,0.12824,0.68079,0.77684,0.77755,0.57126,0.6919,0.74409,0.76401,0.47839,1.0224,1.6289,1.06503,1.32799,nan,0,0,0.000213123,0.000213123,0.000213123
453,74426.7,1.3421,2.05056,1.34728,1.5001,0.10341,0.11827,0.12714,0.67565,0.76253,0.77155,0.56798,0.6726,0.75126,0.76304,0.47739,1.02399,1.63259,1.06288,1.32927,nan,0,0,0.000211749,0.000211749,0.000211749
454,74590.6,1.32062,2.05314,1.36442,1.52405,0.10471,0.11982,0.12791,0.71387,0.74037,0.77491,0.56232,0.70818,0.72066,0.76003,0.4747,1.01909,1.62988,1.06552,1.32822,nan,0,0,0.000210374,0.000210374,0.000210374
455,74754.8,1.34472,2.09681,1.35309,1.50468,0.10564,0.11968,0.12895,0.70718,0.74228,0.78123,0.56628,0.70274,0.72352,0.77087,0.4811,1.01877,1.62553,1.05637,1.32723,nan,0,0,0.000209,0.000209,0.000209
456,74918.7,1.31873,2.05855,1.36696,1.50692,0.10514,0.12086,0.13045,0.70914,0.74871,0.7754,0.5609,0.71033,0.72892,0.76297,0.47226,1.02334,1.62172,1.06229,1.32927,nan,0,0,0.000207625,0.000207625,0.000207625
457,75082.6,1.33249,2.07615,1.37504,1.51282,0.10408,0.11651,0.12519,0.70602,0.74777,0.7786,0.56469,0.70305,0.73447,0.76748,0.47255,1.02943,1.62173,1.07659,1.33082,nan,0,0,0.000206251,0.000206251,0.000206251
458,75246.6,1.31052,2.09732,1.36498,1.49638,0.10308,0.11641,0.12552,0.7012,0.75921,0.78006,0.56633,0.73267,0.7146,0.77363,0.4787,1.03046,1.62701,1.07312,1.33332,nan,0,0,0.000204876,0.000204876,0.000204876
459,75410.6,1.33693,2.07955,1.38115,1.53023,0.10672,0.12196,0.13117,0.7362,0.7227,0.77775,0.56339,0.72918,0.71466,0.76667,0.47412,1.02843,1.63496,1.06196,1.33291,nan,0,0,0.000203502,0.000203502,0.000203502
460,75574.5,1.30045,2.05418,1.37171,1.50004,0.10255,0.11559,0.12408,0.70079,0.75272,0.77962,0.56639,0.69533,0.74526,0.7692,0.47424,1.02665,1.62651,1.05586,1.33108,nan,0,0,0.000202127,0.000202127,0.000202127
461,75738.5,1.35872,2.10476,1.4003,1.53906,0.10445,0.11753,0.12626,0.72181,0.7469,0.77871,0.56669,0.72047,0.73468,0.7696,0.47885,1.01951,1.62583,1.05915,1.32377,nan,0,0,0.000200753,0.000200753,0.000200753
462,75902.4,1.3157,2.06442,1.36282,1.4969,0.10439,0.11869,0.12742,0.7256,0.75286,0.77643,0.56634,0.71935,0.74186,0.76601,0.47683,1.02081,1.62473,1.05199,1.32204,nan,0,0,0.000199379,0.000199379,0.000199379
463,76066.3,1.32446,2.10444,1.37545,1.51685,0.10471,0.11706,0.12533,0.72385,0.74784,0.77756,0.56052,0.73262,0.73222,0.76671,0.4809,1.01784,1.62463,1.05025,1.32088,nan,0,0,0.000198004,0.000198004,0.000198004
464,76230.3,1.30266,2.05677,1.35987,1.49396,0.10402,0.11709,0.12555,0.70624,0.75776,0.7775,0.56751,0.69731,0.74869,0.76535,0.48179,1.01703,1.61988,1.0508,1.31923,nan,0,0,0.00019663,0.00019663,0.00019663
465,76394.3,1.3356,2.0513,1.38171,1.51196,0.10448,0.11671,0.12541,0.71407,0.74136,0.77941,0.56896,0.70741,0.72592,0.76673,0.48216,1.0158,1.61889,1.0551,1.31899,nan,0,0,0.000195255,0.000195255,0.000195255
466,76558.2,1.30839,2.00616,1.35893,1.50316,0.10309,0.11584,0.12487,0.70828,0.75991,0.78089,0.57327,0.70025,0.74921,0.76752,0.48426,1.01264,1.61769,1.05288,1.31968,nan,0,0,0.000193881,0.000193881,0.000193881
467,76722.6,1.33126,2.10022,1.35947,1.51205,0.10339,0.1173,0.1253,0.69593,0.77173,0.77901,0.57002,0.68657,0.75876,0.76503,0.4881,1.01101,1.61695,1.04702,1.31952,nan,0,0,0.000192506,0.000192506,0.000192506
468,76887.2,1.30463,2.0375,1.33222,1.49201,0.10435,0.11763,0.12669,0.7011,0.76835,0.78183,0.56896,0.71061,0.74011,0.76874,0.4832,1.01526,1.62049,1.05869,1.32053,nan,0,0,0.000191132,0.000191132,0.000191132
469,77051.4,1.32595,2.07775,1.37922,1.50713,0.10369,0.11792,0.12661,0.69434,0.76644,0.78154,0.57703,0.71124,0.73564,0.76813,0.48472,1.01593,1.62603,1.04398,1.32025,nan,0,0,0.000189757,0.000189757,0.000189757
470,77215.8,1.32642,2.10078,1.3957,1.51741,0.10284,0.11447,0.12351,0.71711,0.73293,0.78062,0.57779,0.71097,0.7244,0.76714,0.48522,1.01056,1.62381,1.04238,1.31803,nan,0,0,0.000188383,0.000188383,0.000188383
471,77380.3,1.33869,2.06648,1.37789,1.49895,0.10381,0.1166,0.1252,0.6862,0.78332,0.77865,0.57372,0.69002,0.7423,0.76504,0.48412,1.00841,1.62277,1.0525,1.31617,nan,0,0,0.000187008,0.000187008,0.000187008
472,77544.3,1.32609,2.0409,1.34648,1.49543,0.10265,0.11512,0.12373,0.69323,0.78059,0.78387,0.57244,0.68716,0.74531,0.76944,0.48126,1.00882,1.61926,1.05256,1.31393,nan,0,0,0.000185634,0.000185634,0.000185634
473,77708.2,1.31539,2.05279,1.36532,1.50506,0.10433,0.11888,0.12718,0.70674,0.77817,0.78391,0.57774,0.70172,0.75852,0.76982,0.4827,1.00116,1.61197,1.05131,1.30894,nan,0,0,0.00018426,0.00018426,0.00018426
474,77872.3,1.33673,2.06103,1.37651,1.52657,0.10474,0.11815,0.12634,0.72975,0.74033,0.78338,0.57493,0.72582,0.73634,0.77471,0.48088,1.00452,1.60799,1.04869,1.30967,nan,0,0,0.000182885,0.000182885,0.000182885
475,78036.1,1.28137,2.05719,1.3463,1.48669,0.10384,0.11734,0.12628,0.72309,0.74986,0.78019,0.57344,0.72902,0.73792,0.77206,0.48402,1.00455,1.60629,1.04795,1.31108,nan,0,0,0.000181511,0.000181511,0.000181511
476,78200,1.30815,2.04381,1.35565,1.4802,0.10171,0.11245,0.12222,0.73699,0.71796,0.78082,0.57306,0.73602,0.71414,0.77203,0.48804,1.01588,1.60882,1.05474,1.31761,nan,0,0,0.000180136,0.000180136,0.000180136
477,78364,1.31725,2.02374,1.34714,1.49393,0.10271,0.11602,0.12382,0.74341,0.71236,0.78051,0.57323,0.74646,0.7093,0.77214,0.485,1.01207,1.60599,1.04646,1.31547,nan,0,0,0.000178762,0.000178762,0.000178762
478,78528.1,1.28565,2.02764,1.34445,1.47823,0.10377,0.11712,0.1255,0.71747,0.74794,0.78081,0.57961,0.71473,0.74544,0.7721,0.49049,1.00134,1.59962,1.04261,1.30974,nan,0,0,0.000177387,0.000177387,0.000177387
479,78692.4,1.30374,1.99337,1.3153,1.47797,0.10316,0.1165,0.12437,0.71674,0.7511,0.78135,0.57624,0.71556,0.74376,0.77277,0.48248,1.00727,1.60054,1.04711,1.31106,nan,0,0,0.000176013,0.000176013,0.000176013
480,78856.4,1.28967,2.02266,1.31204,1.48649,0.10406,0.11844,0.12644,0.73631,0.7385,0.78495,0.58315,0.73656,0.7304,0.7757,0.48367,1.00841,1.60112,1.04327,1.31018,nan,0,0,0.000174638,0.000174638,0.000174638
481,79020.3,1.26658,2.02876,1.33317,1.48913,0.10403,0.11626,0.12475,0.71967,0.75925,0.78644,0.57872,0.71629,0.75601,0.77664,0.48129,1.0081,1.5993,1.04178,1.31044,nan,0,0,0.000173264,0.000173264,0.000173264
482,79184.3,1.3029,2.02047,1.34456,1.49957,0.10337,0.1185,0.12671,0.72027,0.74895,0.78853,0.58088,0.71615,0.74112,0.77626,0.48331,0.99969,1.59541,1.03145,1.30538,nan,0,0,0.00017189,0.00017189,0.00017189
483,79348.3,1.29421,2.0009,1.34124,1.4792,0.10295,0.11597,0.12431,0.70571,0.77717,0.79039,0.58195,0.71286,0.7566,0.77716,0.48478,0.99653,1.59423,1.0315,1.30305,nan,0,0,0.000170515,0.000170515,0.000170515
484,79512.4,1.30777,2.04081,1.33958,1.49943,0.10531,0.11959,0.12818,0.68881,0.79602,0.79069,0.5835,0.68145,0.78797,0.77917,0.48414,1.00571,1.60019,1.03022,1.30922,nan,0,0,0.000169141,0.000169141,0.000169141
485,79676.4,1.30251,2.0272,1.3373,1.49343,0.10183,0.11348,0.12178,0.69454,0.78753,0.78274,0.58048,0.69508,0.77115,0.77082,0.48112,1.0063,1.59907,1.02798,1.31028,nan,0,0,0.000167766,0.000167766,0.000167766
486,79840.2,1.28323,2.0121,1.34285,1.50253,0.10184,0.11583,0.12388,0.70382,0.77464,0.78241,0.58275,0.69602,0.76642,0.76879,0.48317,1.00316,1.5933,1.0311,1.30825,nan,0,0,0.000166392,0.000166392,0.000166392
487,80004.2,1.33124,2.05014,1.36526,1.49647,0.10325,0.11536,0.12404,0.69545,0.77508,0.78373,0.58711,0.68745,0.76655,0.77025,0.48774,0.99738,1.58994,1.0367,1.30518,nan,0,0,0.000165017,0.000165017,0.000165017
488,80168.5,1.29554,2.03467,1.34353,1.4796,0.10424,0.11609,0.12434,0.67992,0.7918,0.78457,0.58831,0.67093,0.78016,0.7699,0.48654,0.99834,1.5883,1.02892,1.30617,nan,0,0,0.000163643,0.000163643,0.000163643
489,80332.9,1.30181,2.02773,1.34593,1.4981,0.10449,0.11769,0.12724,0.69633,0.75408,0.77906,0.583,0.70905,0.73513,0.76973,0.47901,1.00541,1.5885,1.03504,1.30969,nan,0,0,0.000162268,0.000162268,0.000162268
490,80496.9,1.28815,2.05726,1.31925,1.49192,0.10387,0.11564,0.12372,0.70405,0.75976,0.78617,0.58214,0.70601,0.73401,0.77259,0.48327,1.00051,1.58733,1.03297,1.30762,nan,0,0,0.000160894,0.000160894,0.000160894
491,80660.8,1.31557,2.04273,1.31707,1.49878,0.10191,0.11306,0.1211,0.72116,0.74486,0.78867,0.58709,0.72132,0.73556,0.77751,0.48492,0.99544,1.58347,1.03058,1.30449,nan,0,0,0.00015952,0.00015952,0.00015952
492,80824.6,1.3155,2.02945,1.35092,1.4928,0.10499,0.12122,0.13087,0.7087,0.76129,0.78791,0.58331,0.70121,0.75289,0.77616,0.48168,1.00798,1.59149,1.02988,1.31227,nan,0,0,0.000158145,0.000158145,0.000158145
493,80988.6,1.28192,1.97564,1.31311,1.4666,0.10056,0.11413,0.12226,0.72636,0.7503,0.78818,0.58863,0.72018,0.7417,0.77664,0.4876,1.00389,1.58672,1.03931,1.30961,nan,0,0,0.000156771,0.000156771,0.000156771
494,81153.1,1.30139,2.02761,1.33374,1.47526,0.10275,0.11646,0.12473,0.73011,0.75136,0.7884,0.58948,0.72757,0.73559,0.77726,0.48849,1.00266,1.58443,1.03695,1.3076,nan,0,0,0.000155396,0.000155396,0.000155396
495,81317.7,1.2737,2.03111,1.33235,1.49504,0.10205,0.11622,0.12391,0.70011,0.77538,0.78532,0.58654,0.69523,0.77049,0.77717,0.486,0.99438,1.58267,1.03309,1.30574,nan,0,0,0.000154022,0.000154022,0.000154022
496,81481.7,1.29451,2.0643,1.3316,1.49012,0.10333,0.11537,0.12249,0.73109,0.74998,0.78905,0.58839,0.72551,0.74849,0.78115,0.49385,0.9943,1.58007,1.02639,1.3044,nan,0,0,0.000152647,0.000152647,0.000152647
497,81646.2,1.31269,2.0511,1.33041,1.48825,0.10069,0.11515,0.12278,0.70613,0.75683,0.79161,0.59392,0.70734,0.74163,0.78281,0.49645,0.98951,1.57874,1.02684,1.30254,nan,0,0,0.000151273,0.000151273,0.000151273
498,81810.7,1.28454,2.02552,1.31924,1.48988,0.1039,0.11717,0.12565,0.69657,0.77385,0.79159,0.59439,0.68802,0.76684,0.78384,0.50414,0.98758,1.57963,1.02698,1.30292,nan,0,0,0.000149898,0.000149898,0.000149898
499,81975.1,1.28427,1.99957,1.33138,1.48692,0.10072,0.11545,0.12279,0.70157,0.77882,0.78898,0.5901,0.69926,0.76773,0.78061,0.49529,0.99086,1.578,1.02787,1.30282,nan,0,0,0.000148524,0.000148524,0.000148524
500,82138.9,1.27686,1.99441,1.3103,1.47309,0.10144,0.11347,0.12214,0.69399,0.77843,0.78937,0.58664,0.68481,0.76793,0.7802,0.49022,0.99946,1.57824,1.02903,1.30552,nan,0,0,0.000147149,0.000147149,0.000147149
501,82302.8,1.3194,2.02212,1.33355,1.4891,0.10551,0.12124,0.12871,0.70154,0.7817,0.79019,0.5785,0.68938,0.771,0.77675,0.48239,1.00211,1.57821,1.03295,1.30665,nan,0,0,0.000145775,0.000145775,0.000145775
502,82466.6,1.27347,1.98379,1.31146,1.47506,0.10205,0.11211,0.12047,0.70366,0.76969,0.78466,0.57856,0.69124,0.75636,0.77079,0.47729,1.00227,1.57956,1.03283,1.30616,nan,0,0,0.000144401,0.000144401,0.000144401
503,82630.5,1.27908,2.0244,1.31529,1.4861,0.10234,0.11349,0.12184,0.70554,0.77897,0.78809,0.58604,0.694,0.76655,0.77483,0.48024,0.99406,1.57786,1.03377,1.30141,nan,0,0,0.000143026,0.000143026,0.000143026
504,82794.3,1.2862,2.03381,1.32363,1.48265,0.10369,0.11622,0.12414,0.71326,0.78256,0.78657,0.5875,0.70386,0.76256,0.77223,0.48334,0.98958,1.57752,1.02551,1.29763,nan,0,0,0.000141652,0.000141652,0.000141652
505,82958.1,1.26273,1.97916,1.29541,1.46781,0.10158,0.11439,0.12251,0.71163,0.77795,0.78664,0.59219,0.69967,0.76388,0.77326,0.48837,0.98085,1.57279,1.02361,1.29436,nan,0,0,0.000140277,0.000140277,0.000140277
506,83121.8,1.27928,1.97412,1.3097,1.48096,0.10415,0.12004,0.12911,0.6921,0.79607,0.78674,0.59166,0.69966,0.76255,0.77225,0.48726,0.98602,1.57122,1.02351,1.29736,nan,0,0,0.000138903,0.000138903,0.000138903
507,83285.7,1.30628,2.04787,1.32239,1.49691,0.10334,0.11943,0.1276,0.72178,0.75375,0.7879,0.58902,0.71547,0.73604,0.77332,0.48575,0.98662,1.57206,1.02806,1.29796,nan,0,0,0.000137528,0.000137528,0.000137528
508,83449.6,1.25787,1.98584,1.30257,1.46702,0.10421,0.11654,0.12508,0.69526,0.78941,0.78865,0.5891,0.68268,0.77691,0.77419,0.47935,0.9899,1.57037,1.02778,1.29968,nan,0,0,0.000136154,0.000136154,0.000136154
509,83613.6,1.29841,2.01549,1.36212,1.49582,0.1034,0.11372,0.12262,0.69197,0.80159,0.78463,0.5867,0.68501,0.77514,0.77076,0.48618,0.98845,1.56847,1.02926,1.29964,nan,0,0,0.000134779,0.000134779,0.000134779
510,83777.5,1.27537,2.02755,1.32113,1.48563,0.10401,0.11962,0.12734,0.70477,0.76889,0.77991,0.58226,0.6937,0.75179,0.76534,0.48884,0.98746,1.56803,1.02457,1.30017,nan,0,0,0.000133405,0.000133405,0.000133405
511,83941.3,1.2778,2.00996,1.30234,1.47488,0.10438,0.11937,0.12741,0.66687,0.80982,0.78175,0.58295,0.65264,0.79989,0.76695,0.48462,0.98161,1.56513,1.02243,1.29612,nan,0,0,0.000132031,0.000132031,0.000132031
512,84105.3,1.2956,2.0161,1.3268,1.47814,0.10339,0.11562,0.12375,0.67511,0.81776,0.78597,0.57971,0.66352,0.80342,0.7718,0.47719,0.98915,1.56628,1.01863,1.30089,nan,0,0,0.000130656,0.000130656,0.000130656
513,84269.1,1.28334,2.00793,1.30383,1.47121,0.10088,0.11438,0.12214,0.67313,0.81826,0.78745,0.58555,0.69447,0.76898,0.77912,0.48541,0.98155,1.5661,1.01992,1.29644,nan,0,0,0.000129282,0.000129282,0.000129282
514,84433,1.27979,2.00874,1.33079,1.49345,0.10285,0.1167,0.12611,0.71257,0.76714,0.78556,0.58765,0.71451,0.75206,0.77643,0.49194,0.98281,1.56862,1.02498,1.2962,nan,0,0,0.000127907,0.000127907,0.000127907
515,84596.9,1.27224,1.96672,1.32025,1.49074,0.1047,0.11652,0.1256,0.70656,0.77165,0.78631,0.58796,0.71784,0.74443,0.77727,0.49711,0.98109,1.56534,1.0202,1.29495,nan,0,0,0.000126533,0.000126533,0.000126533
516,84760.7,1.29454,2.00735,1.3154,1.50274,0.09978,0.10995,0.1177,0.72971,0.74929,0.78501,0.58908,0.7195,0.73461,0.77157,0.49411,0.9858,1.56588,1.01593,1.29891,nan,0,0,0.000125158,0.000125158,0.000125158
517,84924.7,1.27414,2.01494,1.29598,1.47061,0.10509,0.11735,0.12723,0.73596,0.74764,0.78649,0.59094,0.73348,0.73185,0.77723,0.49715,0.98478,1.56414,1.00964,1.29819,nan,0,0,0.000123784,0.000123784,0.000123784
518,85088.9,1.296,2.06419,1.35276,1.48774,0.10465,0.11701,0.12554,0.72983,0.75247,0.78669,0.58862,0.72408,0.73862,0.77343,0.49295,0.97919,1.56108,1.00466,1.29542,nan,0,0,0.000122409,0.000122409,0.000122409
519,85252.8,1.27013,1.97643,1.33437,1.47772,0.10229,0.11713,0.12584,0.7183,0.76354,0.78767,0.58803,0.71339,0.74646,0.77954,0.49873,0.97778,1.55914,1.0063,1.29348,nan,0,0,0.000121035,0.000121035,0.000121035
520,85416.8,1.26696,1.98513,1.29533,1.45805,0.10531,0.11669,0.12567,0.70641,0.76959,0.79053,0.59047,0.70377,0.75698,0.78204,0.50088,0.97315,1.55656,1.00766,1.29005,nan,0,0,0.00011966,0.00011966,0.00011966
521,85580.6,1.26845,1.98055,1.32303,1.48716,0.10302,0.11791,0.12486,0.71889,0.75712,0.79112,0.59095,0.7096,0.7455,0.77861,0.49883,0.97364,1.55622,1.00997,1.29112,nan,0,0,0.000118286,0.000118286,0.000118286
522,85744.6,1.25477,1.95016,1.28087,1.457,0.10111,0.11446,0.12282,0.70712,0.77635,0.79282,0.58816,0.70284,0.76157,0.78129,0.49422,0.97109,1.55433,1.00921,1.28944,nan,0,0,0.000116912,0.000116912,0.000116912
523,85908.4,1.27895,2.00109,1.33335,1.46794,0.10397,0.11787,0.12684,0.7,0.7883,0.794,0.59138,0.6913,0.77661,0.78527,0.49644,0.97591,1.55452,1.0118,1.29024,nan,0,0,0.000115537,0.000115537,0.000115537
524,86072.2,1.24187,2.00919,1.28902,1.4562,0.10324,0.11413,0.12179,0.69127,0.79188,0.79324,0.59053,0.67949,0.77825,0.78269,0.49566,0.97656,1.55596,1.0101,1.28884,nan,0,0,0.000114163,0.000114163,0.000114163
525,86236,1.27518,1.99928,1.31938,1.47812,0.10217,0.11588,0.12373,0.72036,0.75317,0.79369,0.5924,0.71218,0.74112,0.78104,0.49148,0.97884,1.55613,1.01139,1.28949,nan,0,0,0.000112788,0.000112788,0.000112788
526,86399.8,1.27221,1.96652,1.30526,1.46449,0.1013,0.11213,0.12078,0.70453,0.77481,0.79326,0.59571,0.70132,0.74817,0.77981,0.4917,0.97255,1.55428,1.01274,1.28583,nan,0,0,0.000111414,0.000111414,0.000111414
527,86563.7,1.26906,2.00973,1.32458,1.47236,0.10142,0.11241,0.12046,0.69309,0.78497,0.79265,0.59453,0.68217,0.77161,0.78107,0.49419,0.96762,1.55135,1.01295,1.2824,nan,0,0,0.000110039,0.000110039,0.000110039
528,86727.5,1.27181,1.979,1.29409,1.46423,0.10156,0.11395,0.1217,0.70314,0.76987,0.79195,0.59748,0.69726,0.75391,0.77863,0.49589,0.9639,1.54763,1.00944,1.28053,nan,0,0,0.000108665,0.000108665,0.000108665
529,86891.5,1.24566,1.95244,1.28969,1.46107,0.1054,0.12108,0.12889,0.6947,0.77818,0.79407,0.60479,0.66871,0.79685,0.78245,0.49721,0.96114,1.54571,0.99941,1.28004,nan,0,0,0.00010729,0.00010729,0.00010729
530,87055.9,1.26629,1.98067,1.3126,1.45756,0.10112,0.11344,0.12199,0.68485,0.80353,0.79186,0.59817,0.66886,0.80289,0.78065,0.49701,0.96474,1.54521,0.99913,1.28099,nan,0,0,0.000105916,0.000105916,0.000105916
531,87219.8,1.26016,1.98764,1.31858,1.4722,0.10101,0.11576,0.12429,0.69882,0.78938,0.79678,0.60342,0.68119,0.78847,0.78539,0.50203,0.96213,1.54374,0.99961,1.27842,nan,0,0,0.000104542,0.000104542,0.000104542
532,87384.1,1.26721,2.00464,1.32293,1.48173,0.1052,0.11827,0.12738,0.71586,0.77589,0.7977,0.60147,0.70513,0.76643,0.78661,0.49632,0.96387,1.54411,1.0038,1.2795,nan,0,0,0.000103167,0.000103167,0.000103167
533,87548,1.28598,2.0149,1.31551,1.46755,0.10278,0.11508,0.1217,0.71761,0.76134,0.79637,0.59537,0.71244,0.75054,0.78502,0.49647,0.96246,1.54243,0.99842,1.27881,nan,0,0,0.000101793,0.000101793,0.000101793
534,87711.8,1.25645,1.96933,1.30305,1.46083,0.1009,0.11306,0.12118,0.70988,0.76862,0.79497,0.5934,0.7025,0.76085,0.78307,0.49937,0.96561,1.54452,1.00052,1.28113,nan,0,0,0.000100418,0.000100418,0.000100418
535,87875.6,1.27763,1.97845,1.29235,1.4675,0.10294,0.11545,0.12351,0.74099,0.73523,0.79436,0.59336,0.734,0.72663,0.78292,0.49849,0.96381,1.54499,0.99761,1.28166,nan,0,0,9.90437e-05,9.90437e-05,9.90437e-05
536,88039.6,1.25752,1.9702,1.31493,1.45458,0.10279,0.11293,0.12111,0.7012,0.78755,0.7957,0.59567,0.6934,0.76658,0.78641,0.50158,0.96295,1.5442,0.99668,1.28122,nan,0,0,9.76692e-05,9.76692e-05,9.76692e-05
537,88203.5,1.24574,1.95433,1.30869,1.47383,0.10278,0.11159,0.11983,0.7122,0.76631,0.7979,0.59795,0.70717,0.75949,0.78797,0.50574,0.96257,1.54267,0.99366,1.28116,nan,0,0,9.62948e-05,9.62948e-05,9.62948e-05
538,88367.5,1.24589,1.99365,1.2839,1.46263,0.10061,0.11419,0.12171,0.74296,0.73622,0.79633,0.59981,0.73848,0.72463,0.7856,0.50374,0.96207,1.54167,0.99605,1.2806,nan,0,0,9.49203e-05,9.49203e-05,9.49203e-05
539,88531.6,1.26038,1.98532,1.28806,1.48034,0.10263,0.11614,0.12413,0.68121,0.79938,0.79578,0.59917,0.7172,0.73021,0.78656,0.50547,0.96167,1.53814,0.99754,1.2813,nan,0,0,9.35459e-05,9.35459e-05,9.35459e-05
540,88695.6,1.28574,1.98825,1.31649,1.47619,0.10292,0.11529,0.12303,0.73262,0.74866,0.79487,0.6028,0.72647,0.74264,0.78603,0.50454,0.96472,1.53916,1.00026,1.28263,nan,0,0,9.21715e-05,9.21715e-05,9.21715e-05
541,88860.1,1.28286,2.00025,1.32659,1.48847,0.1012,0.11085,0.11964,0.70083,0.78076,0.79466,0.59885,0.69758,0.7569,0.78563,0.50614,0.96189,1.53728,0.99859,1.28172,nan,0,0,9.0797e-05,9.0797e-05,9.0797e-05
542,89023.9,1.22445,1.95416,1.28606,1.45571,0.1051,0.11844,0.12708,0.72464,0.75143,0.79242,0.59728,0.71827,0.74357,0.78388,0.50553,0.95696,1.53338,0.99703,1.27968,nan,0,0,8.94226e-05,8.94226e-05,8.94226e-05
543,89187.8,1.26644,2.01982,1.31087,1.47096,0.104,0.11606,0.12459,0.7159,0.75838,0.79542,0.59967,0.71379,0.74942,0.78651,0.50859,0.9592,1.53153,0.99717,1.28088,nan,0,0,8.80481e-05,8.80481e-05,8.80481e-05
544,89352.3,1.28448,2.00367,1.30526,1.46434,0.1017,0.11431,0.12189,0.72812,0.75261,0.7962,0.59622,0.74784,0.72628,0.7861,0.50894,0.96152,1.53312,0.99746,1.28164,nan,0,0,8.66736e-05,8.66736e-05,8.66736e-05
545,89516.2,1.27144,1.96301,1.27436,1.4551,0.10201,0.11211,0.11963,0.72255,0.765,0.79761,0.5999,0.72838,0.7463,0.78784,0.51161,0.96044,1.53254,0.99536,1.28112,nan,0,0,8.52992e-05,8.52992e-05,8.52992e-05
546,89680.7,1.24633,1.95008,1.32377,1.4698,0.10231,0.11375,0.12236,0.71266,0.7714,0.79276,0.5979,0.70858,0.75528,0.78107,0.50661,0.95649,1.5318,0.99295,1.27736,nan,0,0,8.39248e-05,8.39248e-05,8.39248e-05
547,89844.6,1.25882,1.989,1.29765,1.45941,0.10302,0.11714,0.12529,0.70976,0.77337,0.79497,0.5992,0.70754,0.76314,0.78524,0.50529,0.95633,1.53452,0.99103,1.27722,nan,0,0,8.25503e-05,8.25503e-05,8.25503e-05
548,90008.4,1.26447,1.95415,1.28125,1.45349,0.10433,0.11616,0.12527,0.69441,0.79114,0.79421,0.59788,0.70747,0.75735,0.78531,0.49992,0.95597,1.53457,0.9877,1.27653,nan,0,0,8.11759e-05,8.11759e-05,8.11759e-05
549,90172.5,1.27877,1.99739,1.28419,1.45488,0.10305,0.11785,0.12581,0.7082,0.76426,0.79331,0.59603,0.71158,0.74681,0.78594,0.50138,0.95927,1.53563,0.99058,1.27863,nan,0,0,7.98014e-05,7.98014e-05,7.98014e-05
550,90336.4,1.26424,1.99857,1.3158,1.47094,0.10134,0.11383,0.12152,0.70739,0.77534,0.7953,0.59623,0.70153,0.76793,0.78712,0.50324,0.95743,1.53391,0.98882,1.27777,nan,0,0,7.84269e-05,7.84269e-05,7.84269e-05
551,90500.3,1.2497,1.99661,1.29326,1.46445,0.10434,0.11533,0.1238,0.71087,0.76769,0.79652,0.59704,0.71191,0.73887,0.78581,0.50503,0.96023,1.53474,0.99395,1.27854,nan,0,0,7.70525e-05,7.70525e-05,7.70525e-05
552,90664.3,1.2383,1.9398,1.2927,1.45451,0.1021,0.11493,0.12244,0.69201,0.79543,0.7968,0.59949,0.69073,0.77335,0.78588,0.50686,0.95538,1.53172,0.99187,1.27562,nan,0,0,7.5678e-05,7.5678e-05,7.5678e-05
553,90828.4,1.24356,1.96039,1.27327,1.45996,0.10027,0.11253,0.11932,0.703,0.78213,0.79452,0.5949,0.71712,0.74662,0.78387,0.50398,0.95572,1.52952,0.99151,1.27494,nan,0,0,7.43036e-05,7.43036e-05,7.43036e-05
554,90992.4,1.25984,1.99213,1.27909,1.45602,0.10174,0.1129,0.12102,0.70474,0.79052,0.79358,0.59694,0.69746,0.78145,0.78386,0.5027,0.95644,1.52897,0.98909,1.27549,nan,0,0,7.29292e-05,7.29292e-05,7.29292e-05
555,91156.5,1.25533,1.97997,1.28955,1.45784,0.10332,0.11749,0.12544,0.70685,0.77924,0.79524,0.59831,0.70573,0.76458,0.7858,0.50246,0.95484,1.52737,0.98861,1.27459,nan,0,0,7.15547e-05,7.15547e-05,7.15547e-05
556,91320.4,1.2786,2.00533,1.33189,1.45585,0.10279,0.11509,0.12312,0.70676,0.7692,0.7956,0.59984,0.7106,0.75221,0.78686,0.50652,0.95188,1.52345,0.98762,1.2738,nan,0,0,7.01802e-05,7.01802e-05,7.01802e-05
557,91484.6,1.26009,1.99223,1.26011,1.44618,0.09956,0.11219,0.11908,0.72602,0.75481,0.79704,0.60303,0.72941,0.73648,0.78786,0.50576,0.95375,1.52394,0.98176,1.27457,nan,0,0,6.88058e-05,6.88058e-05,6.88058e-05
558,91648.5,1.23651,1.94889,1.278,1.44992,0.10298,0.11701,0.12557,0.72991,0.7531,0.79659,0.60078,0.72767,0.73148,0.78796,0.50514,0.95044,1.52464,0.98089,1.27292,nan,0,0,6.74313e-05,6.74313e-05,6.74313e-05
559,91812.6,1.24445,1.94874,1.2568,1.43642,0.10349,0.11519,0.12402,0.73601,0.74882,0.79856,0.60233,0.72762,0.74026,0.78934,0.50947,0.95108,1.52597,0.98057,1.2736,nan,0,0,6.60569e-05,6.60569e-05,6.60569e-05
560,91977,1.21486,1.9559,1.26393,1.45195,0.10043,0.11186,0.11968,0.73634,0.74524,0.79729,0.59735,0.72764,0.73507,0.78438,0.51049,0.95072,1.52733,0.97971,1.2733,nan,0,0,6.46825e-05,6.46825e-05,6.46825e-05
561,92140.9,1.2396,1.95223,1.26548,1.45327,0.10457,0.11478,0.12303,0.72934,0.75311,0.79603,0.5987,0.72008,0.74294,0.78406,0.507,0.95254,1.52611,0.98212,1.27349,nan,0,0,6.3308e-05,6.3308e-05,6.3308e-05
562,92304.7,1.24195,1.92777,1.26416,1.42361,0.10064,0.11342,0.1213,0.72477,0.75752,0.79801,0.59399,0.73068,0.73318,0.78569,0.5054,0.95281,1.52446,0.98187,1.27329,nan,0,0,6.19335e-05,6.19335e-05,6.19335e-05
563,92468.6,1.23762,1.93477,1.27516,1.45971,0.10067,0.11323,0.1207,0.72707,0.76597,0.79903,0.60235,0.71834,0.7572,0.79051,0.51041,0.95083,1.52506,0.98138,1.27264,nan,0,0,6.05591e-05,6.05591e-05,6.05591e-05
564,92633,1.25589,1.95831,1.27629,1.43976,0.10023,0.11189,0.12041,0.73176,0.74979,0.7971,0.60149,0.72324,0.73913,0.78601,0.5067,0.94947,1.52669,0.98551,1.27192,nan,0,0,5.91846e-05,5.91846e-05,5.91846e-05
565,92796.8,1.23261,1.96415,1.27898,1.44016,0.10153,0.11319,0.12131,0.71883,0.77212,0.79784,0.60399,0.70963,0.76273,0.78634,0.50959,0.94849,1.52586,0.9849,1.27115,nan,0,0,5.78102e-05,5.78102e-05,5.78102e-05
566,92961.2,1.23447,1.93995,1.2749,1.45114,0.10438,0.11704,0.12592,0.71966,0.76447,0.7999,0.60709,0.71449,0.75092,0.79023,0.51111,0.95052,1.52602,0.98324,1.27175,nan,0,0,5.64358e-05,5.64358e-05,5.64358e-05
567,93125.5,1.2351,1.92779,1.28854,1.45523,0.10131,0.11426,0.12245,0.71545,0.77316,0.80104,0.60855,0.71502,0.75529,0.79053,0.50675,0.94734,1.52486,0.98307,1.27009,nan,0,0,5.50613e-05,5.50613e-05,5.50613e-05
568,93289.5,1.22374,1.94089,1.27739,1.44401,0.1015,0.11311,0.12161,0.70703,0.77468,0.79841,0.60423,0.70607,0.76251,0.78753,0.50804,0.94848,1.52559,0.98274,1.27149,nan,0,0,5.36869e-05,5.36869e-05,5.36869e-05
569,93453.3,1.22985,1.93783,1.25989,1.43342,0.10077,0.11191,0.12086,0.70783,0.77434,0.79616,0.60454,0.70328,0.76217,0.78583,0.50669,0.94785,1.52444,0.98152,1.27118,nan,0,0,5.23124e-05,5.23124e-05,5.23124e-05
570,93617.2,1.25235,1.94007,1.26546,1.44722,0.10095,0.11343,0.12107,0.69246,0.79067,0.7955,0.6021,0.69002,0.77689,0.78669,0.50592,0.94762,1.52222,0.98089,1.27036,nan,0,0,5.09379e-05,5.09379e-05,5.09379e-05
571,93781,1.2287,1.96581,1.28859,1.45886,0.10196,0.11497,0.12362,0.67296,0.82603,0.79443,0.59869,0.69007,0.76853,0.78376,0.50618,0.94727,1.52245,0.98194,1.27026,nan,0,0,4.95635e-05,4.95635e-05,4.95635e-05
572,93944.7,1.23223,1.93323,1.2672,1.46009,0.10127,0.11487,0.12163,0.68686,0.80231,0.79802,0.60325,0.67861,0.79258,0.78761,0.50906,0.94566,1.52087,0.9796,1.27017,nan,0,0,4.81891e-05,4.81891e-05,4.81891e-05
573,94108.8,1.24318,1.96472,1.2873,1.45541,0.10089,0.11296,0.12063,0.69139,0.81385,0.79485,0.59898,0.68671,0.79383,0.7851,0.50667,0.94363,1.51915,0.9804,1.26956,nan,0,0,4.68146e-05,4.68146e-05,4.68146e-05
574,94272.5,1.26179,1.97329,1.29004,1.44936,0.102,0.1145,0.12241,0.68705,0.82045,0.79498,0.59763,0.68234,0.80936,0.78438,0.50682,0.94393,1.51998,0.98217,1.27034,nan,0,0,4.54402e-05,4.54402e-05,4.54402e-05
575,94436.4,1.23947,1.94863,1.27201,1.45261,0.10143,0.11278,0.12108,0.69834,0.81856,0.79607,0.59722,0.69506,0.80512,0.7863,0.50648,0.9454,1.5204,0.98257,1.27153,nan,0,0,4.40657e-05,4.40657e-05,4.40657e-05
576,94600.1,1.2474,1.96187,1.27741,1.44905,0.10213,0.11469,0.12167,0.68388,0.82224,0.79365,0.59627,0.67567,0.81302,0.78377,0.50573,0.94682,1.51937,0.98302,1.27198,nan,0,0,4.26912e-05,4.26912e-05,4.26912e-05
577,94763.8,1.24512,1.9656,1.28277,1.45727,0.10301,0.1171,0.12588,0.68912,0.81984,0.795,0.59847,0.68224,0.80966,0.78488,0.51,0.94618,1.51855,0.97918,1.27181,nan,0,0,4.13168e-05,4.13168e-05,4.13168e-05
578,94928.1,1.24475,1.94913,1.27159,1.43997,0.1033,0.1173,0.12498,0.68801,0.81827,0.79683,0.60362,0.68222,0.80693,0.78619,0.51161,0.94467,1.51787,0.97809,1.27018,nan,0,0,3.99423e-05,3.99423e-05,3.99423e-05
579,95092,1.22683,1.95554,1.26523,1.44063,0.10472,0.11762,0.1258,0.68547,0.8241,0.79661,0.60467,0.69455,0.79219,0.78712,0.51027,0.94365,1.51695,0.97808,1.26889,nan,0,0,3.85679e-05,3.85679e-05,3.85679e-05
580,95255.9,1.25305,1.9332,1.2729,1.44149,0.10172,0.11274,0.12084,0.68608,0.81689,0.79485,0.60424,0.67857,0.8089,0.78651,0.51083,0.94154,1.51554,0.97675,1.26743,nan,0,0,3.71935e-05,3.71935e-05,3.71935e-05
581,95419.6,1.20796,1.94153,1.23898,1.4258,0.10138,0.11437,0.12247,0.68411,0.81718,0.79696,0.60319,0.68065,0.80729,0.78789,0.51166,0.93989,1.51338,0.97592,1.26575,nan,0,0,3.5819e-05,3.5819e-05,3.5819e-05
582,95583.3,1.24963,1.9352,1.28118,1.45426,0.10116,0.11349,0.12139,0.68719,0.81522,0.79842,0.60396,0.68106,0.8086,0.79017,0.51198,0.93857,1.5146,0.97543,1.2641,nan,0,0,3.44445e-05,3.44445e-05,3.44445e-05
583,95747.3,1.28628,1.99027,1.29891,1.45645,0.10167,0.11521,0.12197,0.68295,0.82404,0.79626,0.60131,0.67817,0.802,0.78612,0.51004,0.93993,1.51596,0.97358,1.26455,nan,0,0,3.30701e-05,3.30701e-05,3.30701e-05
584,95911.3,1.23981,1.94241,1.25609,1.43388,0.10351,0.11622,0.12425,0.67245,0.83872,0.79852,0.60372,0.66571,0.8311,0.78826,0.5091,0.94282,1.51614,0.97749,1.26599,nan,0,0,3.16956e-05,3.16956e-05,3.16956e-05
585,96075.1,1.24589,1.92857,1.28591,1.45614,0.10064,0.11011,0.11811,0.673,0.82798,0.79719,0.60301,0.6645,0.81828,0.78652,0.50546,0.94213,1.5164,0.97731,1.2658,nan,0,0,3.03212e-05,3.03212e-05,3.03212e-05
586,96239,1.24651,1.95534,1.27022,1.44505,0.10217,0.11553,0.12293,0.6803,0.81308,0.79622,0.6042,0.67249,0.80429,0.78547,0.50569,0.93919,1.51571,0.9753,1.26483,nan,0,0,2.89468e-05,2.89468e-05,2.89468e-05
587,96403,1.24579,1.96229,1.28694,1.44543,0.10105,0.11359,0.12192,0.70459,0.77787,0.79879,0.60493,0.70756,0.75798,0.78804,0.50935,0.93962,1.51455,0.97556,1.26549,nan,0,0,2.75723e-05,2.75723e-05,2.75723e-05
588,96566.7,1.21725,1.94042,1.24808,1.44512,0.10001,0.11226,0.11956,0.71969,0.7611,0.79869,0.60513,0.71119,0.75224,0.78785,0.50794,0.93941,1.51432,0.97441,1.26517,nan,0,0,2.61978e-05,2.61978e-05,2.61978e-05
589,96730.5,1.23677,1.91646,1.25775,1.44399,0.10201,0.1165,0.12357,0.71941,0.77637,0.79967,0.60547,0.71195,0.76621,0.78838,0.50911,0.93843,1.51384,0.97289,1.26461,nan,0,0,2.48234e-05,2.48234e-05,2.48234e-05
590,96894.2,1.23503,1.9363,1.26883,1.45591,0.10382,0.11717,0.12531,0.72539,0.75691,0.79768,0.60672,0.71943,0.74734,0.78633,0.50936,0.93826,1.51253,0.97361,1.26429,nan,0,0,2.34489e-05,2.34489e-05,2.34489e-05
591,97061.9,1.26723,1.92158,1.22963,1.47528,0.09198,0.08146,0.09129,0.68332,0.80154,0.79141,0.59555,0.68142,0.78872,0.78205,0.50661,0.95235,1.52132,0.98876,1.27083,nan,0,0,2.20745e-05,2.20745e-05,2.20745e-05
592,97225.7,1.22563,1.82778,1.19944,1.45399,0.09212,0.08016,0.08951,0.70272,0.77889,0.78999,0.58923,0.69676,0.77155,0.78039,0.5071,0.96694,1.54046,0.99576,1.27857,nan,0,0,2.07001e-05,2.07001e-05,2.07001e-05
593,97389.6,1.22185,1.88865,1.17729,1.44504,0.09196,0.07923,0.08692,0.71609,0.77683,0.79036,0.58266,0.70755,0.76933,0.78208,0.49956,0.97834,1.55895,0.99345,1.28736,nan,0,0,1.93256e-05,1.93256e-05,1.93256e-05
594,97553.5,1.22509,1.86298,1.19217,1.46769,0.09103,0.07859,0.08717,0.71745,0.76908,0.78812,0.57577,0.70911,0.76079,0.77853,0.49685,0.9893,1.57312,0.99585,1.29458,nan,0,0,1.79512e-05,1.79512e-05,1.79512e-05
595,97717.4,1.21398,1.8161,1.15813,1.43945,0.09204,0.07823,0.08584,0.72826,0.75591,0.78455,0.57231,0.71744,0.74995,0.77509,0.49361,0.99638,1.5805,0.99469,1.3,nan,0,0,1.65767e-05,1.65767e-05,1.65767e-05
596,97881.3,1.18296,1.84472,1.1459,1.42443,0.09121,0.07738,0.08467,0.72357,0.76007,0.78383,0.57164,0.7137,0.75361,0.77461,0.49146,0.99598,1.58088,0.99226,1.3003,nan,0,0,1.52022e-05,1.52022e-05,1.52022e-05
597,98045.4,1.1995,1.8594,1.12069,1.43461,0.09037,0.07648,0.08374,0.71604,0.75572,0.78749,0.57792,0.70714,0.74699,0.77754,0.4944,0.99412,1.57964,0.99162,1.2998,nan,0,0,1.38278e-05,1.38278e-05,1.38278e-05
598,98209.4,1.18147,1.83005,1.122,1.4176,0.09045,0.07694,0.08332,0.72416,0.75758,0.78685,0.57813,0.71403,0.74759,0.77697,0.49454,0.99276,1.57826,0.98972,1.29909,nan,0,0,1.24534e-05,1.24534e-05,1.24534e-05
599,98373.3,1.17239,1.78639,1.11966,1.43152,0.09012,0.07536,0.08275,0.71818,0.75918,0.7874,0.57789,0.70799,0.74918,0.77674,0.49488,0.99264,1.57684,0.9897,1.29845,nan,0,0,1.10789e-05,1.10789e-05,1.10789e-05
600,98537.2,1.19477,1.79318,1.12063,1.42118,0.08938,0.07591,0.08304,0.70939,0.75943,0.78926,0.57956,0.69911,0.7526,0.77886,0.49394,0.99181,1.57592,0.99,1.29787,nan,0,0,9.70445e-06,9.70445e-06,9.70445e-06
