epoch,time,train/box_loss,train/seg_loss,train/cls_loss,train/dfl_loss,train/sem_loss,train/heat_loss,train/seed_loss,metrics/precision(B),metrics/recall(B),metrics/mAP50(B),metrics/mAP50-95(B),metrics/precision(M),metrics/recall(M),metrics/mAP50(M),metrics/mAP50-95(M),val/box_loss,val/seg_loss,val/cls_loss,val/dfl_loss,val/sem_loss,val/heat_loss,val/seed_loss,lr/pg0,lr/pg1,lr/pg2
1,184.491,3.85612,7.07449,5.86342,4.20313,0.57855,0.85608,0.83918,0.00012,0.01126,1e-05,0,0.00015,0.0122,1e-05,0,3.81193,5.00388,5.04575,4.14751,nan,0,0,0.000274475,0.000274475,0.000274475
2,360.436,3.74378,5.42054,5.4529,4.13919,0.54868,0.83144,0.81723,0.00024,0.02251,3e-05,1e-05,0.0002,0.01875,2e-05,0,3.80744,6.67128,5.08783,4.11467,nan,0,0,0.000551231,0.000551231,0.000551231
3,536.545,3.78648,4.83761,5.40051,4.01069,0.50264,0.79239,0.77964,0.00021,0.01478,2e-05,0,0.00023,0.04497,2e-05,0,nan,nan,nan,nan,nan,0,0,0.00082707,0.00082707,0.00082707
4,712.079,3.6076,4.66135,5.19786,3.79522,0.45318,0.75214,0.73896,0.00013,0.01068,1e-05,0,0.00012,0.00835,1e-05,0,3.63422,5.24794,5.34281,3.95451,nan,0,0,0.000828877,0.000828877,0.000828877
5,886.774,3.38347,4.6126,4.95745,3.58275,0.41655,0.70879,0.69725,0.00038,0.06573,9e-05,2e-05,0.00024,0.02116,6e-05,1e-05,3.34847,4.80778,4.21594,3.46801,nan,0,0,0.000827502,0.000827502,0.000827502
6,1061.72,3.20076,4.45504,4.86927,3.41509,0.39266,0.6652,0.65503,0.00031,0.05096,4e-05,1e-05,0.00024,0.04673,3e-05,0,3.28913,5.04962,4.42591,3.42196,nan,0,0,0.000826128,0.000826128,0.000826128
7,1236.17,3.05907,4.40242,4.71743,3.29175,0.37358,0.62393,0.6151,0.00093,0.13201,0.00061,0.0002,0.00051,0.05714,0.00048,0.0001,3.06916,4.3649,4.13354,3.25067,nan,0,0,0.000824753,0.000824753,0.000824753
8,1411.98,3.03876,4.32263,4.64273,3.18179,0.35839,0.59164,0.58437,0.62576,0.02736,0.00062,0.00012,0.87751,0.0064,0.00072,0.00013,3.00825,4.51817,4.24581,3.10749,nan,0,0,0.000823379,0.000823379,0.000823379
9,1586.51,2.99049,4.27438,4.54472,3.10093,0.33919,0.56915,0.56412,0.64865,0.00515,0.00112,0.00025,0.63283,0.00419,0.00123,0.00026,2.96357,4.36834,4.14583,3.06053,nan,0,0,0.000822004,0.000822004,0.000822004
10,1761.47,2.92256,4.28608,4.50125,3.05806,0.32928,0.55425,0.55104,0.62776,0.00696,0.00072,0.00015,0.62788,0.00601,0.00082,0.00014,2.90635,4.27311,4.07261,3.00223,nan,0,0,0.00082063,0.00082063,0.00082063
11,1936,2.89093,4.23983,4.4572,3.01621,0.32443,0.54346,0.54129,0.62931,0.00435,0.00065,0.00014,0.63193,0.00364,0.00082,0.00017,2.88129,4.32289,4.19962,2.99519,nan,0,0,0.000819255,0.000819255,0.000819255
12,2110.56,2.85828,4.23933,4.46146,3.00629,0.32198,0.53567,0.53468,0.88868,0.00411,0.00156,0.00037,0.8913,0.00466,0.00224,0.00049,2.85572,4.17862,4.07714,2.96112,nan,0,0,0.000817881,0.000817881,0.000817881
13,2285.41,2.83819,4.16602,4.36168,2.95119,0.31783,0.52984,0.52942,0.25606,0.00585,0.00141,0.00035,0.25962,0.00482,0.00125,0.00031,nan,nan,nan,nan,nan,0,0,0.000816507,0.000816507,0.000816507
14,2459.75,2.78792,4.08232,4.30168,2.90558,0.31422,0.52553,0.52543,0.13003,0.04638,0.00122,0.00027,0.38708,0.00404,0.00129,0.00026,2.76407,4.11754,4.05141,2.94837,nan,0,0,0.000815132,0.000815132,0.000815132
15,2634.22,2.78984,4.07157,4.26871,2.91225,0.31833,0.52269,0.52319,0.01253,0.12217,0.01789,0.00215,0.6399,0.00569,0.00299,0.00071,2.74873,4.06136,3.92827,2.87162,nan,0,0,0.000813758,0.000813758,0.000813758
16,2809.29,2.74983,4.02607,4.31315,2.85312,0.31173,0.52026,0.52092,0.00137,0.07654,0.00068,0.00017,0.00578,0.06911,0.00064,0.00015,nan,nan,nan,nan,nan,0,0,0.000812383,0.000812383,0.000812383
17,2984.01,2.72582,4.04749,4.17902,2.84105,0.31382,0.5185,0.51918,0.00702,0.00775,0.00144,0.00037,0.00557,0.00783,0.00141,0.00036,nan,nan,nan,nan,nan,0,0,0.000811009,0.000811009,0.000811009
18,3158.56,2.66549,4.09736,4.2423,2.81478,0.31178,0.51654,0.51748,0.26549,0.01004,0.00208,0.00049,0.26038,0.00664,0.00193,0.00046,nan,nan,nan,nan,nan,0,0,0.000809634,0.000809634,0.000809634
19,3333.18,2.6822,4.03394,4.2007,2.8007,0.31019,0.51523,0.51638,0.51585,0.00719,0.00383,0.00102,0.51866,0.00712,0.00377,0.00094,nan,nan,nan,nan,nan,0,0,0.00080826,0.00080826,0.00080826
20,3507.63,2.63459,3.9464,4.12402,2.77955,0.30702,0.51394,0.51527,0.63467,0.0087,0.00277,0.00075,0.63844,0.00712,0.00235,0.00057,nan,nan,nan,nan,nan,0,0,0.000806885,0.000806885,0.000806885
21,3682.03,2.63447,3.94731,4.08671,2.73412,0.30305,0.51225,0.51374,0.51101,0.00846,0.00376,0.00104,0.51126,0.00909,0.00483,0.0014,nan,nan,nan,nan,nan,0,0,0.000805511,0.000805511,0.000805511
22,3856.62,2.60618,3.96164,4.09041,2.70592,0.29425,0.51141,0.51279,0.64039,0.01146,0.00453,0.00116,0.63932,0.01052,0.00411,0.00101,nan,nan,nan,nan,nan,0,0,0.000804137,0.000804137,0.000804137
23,4031.22,2.59618,3.91939,4.03605,2.72934,0.28981,0.51084,0.51221,0.13485,0.00878,0.00351,0.00098,0.13432,0.0083,0.00368,0.00094,nan,nan,nan,nan,nan,0,0,0.000802762,0.000802762,0.000802762
24,4205.96,2.6046,3.92526,3.98876,2.68095,0.28253,0.51008,0.51119,0.0197,0.01361,0.00555,0.00147,0.02013,0.01408,0.00537,0.00146,nan,nan,nan,nan,nan,0,0,0.000801388,0.000801388,0.000801388
25,4380.91,2.53798,3.88913,4.00216,2.66931,0.27845,0.50883,0.50972,0.05974,0.01489,0.00827,0.00265,0.01589,0.01352,0.00777,0.00235,nan,nan,nan,nan,nan,0,0,0.000800013,0.000800013,0.000800013
26,4556.14,2.56076,3.89057,3.97758,2.6506,0.28227,0.50882,0.50987,0.39133,0.01819,0.00787,0.00226,0.39683,0.01979,0.00803,0.00246,2.51874,3.81904,3.69394,2.65161,nan,0,0,0.000798639,0.000798639,0.000798639
27,4731.11,2.5611,3.88683,3.90043,2.63129,0.27789,0.50789,0.50907,0.646,0.01979,0.0084,0.0024,0.64616,0.01868,0.00826,0.00233,2.50477,3.78601,3.6659,2.62999,nan,0,0,0.000797264,0.000797264,0.000797264
28,4905.6,2.49618,3.80561,3.91412,2.6202,0.27717,0.50759,0.50893,0.65698,0.01844,0.00927,0.00287,0.65193,0.01737,0.0096,0.00255,nan,nan,nan,nan,nan,0,0,0.00079589,0.00079589,0.00079589
29,5080.5,2.47673,3.8418,3.90398,2.61793,0.27874,0.50696,0.5083,0.01659,0.21579,0.0185,0.00558,0.43997,0.0213,0.01857,0.00477,nan,nan,nan,nan,nan,0,0,0.000794515,0.000794515,0.000794515
30,5255.43,2.49116,3.86642,3.87696,2.62197,0.27815,0.50643,0.50777,0.53181,0.02289,0.01147,0.00343,0.52104,0.01978,0.01238,0.00348,nan,nan,nan,nan,nan,0,0,0.000793141,0.000793141,0.000793141
31,5429.87,2.45583,3.82668,3.86046,2.59161,0.27886,0.50608,0.50779,0.52082,0.02484,0.01125,0.00336,0.52045,0.02151,0.01091,0.00317,nan,nan,nan,nan,nan,0,0,0.000791767,0.000791767,0.000791767
32,5604.4,2.43369,3.79505,3.79451,2.55395,0.27669,0.50538,0.50634,0.44808,0.02187,0.01112,0.00318,0.43859,0.02108,0.0109,0.00284,nan,nan,nan,nan,nan,0,0,0.000790392,0.000790392,0.000790392
33,5778.78,2.39816,3.78372,3.77936,2.56148,0.27769,0.50506,0.50659,0.78941,0.02215,0.0141,0.00432,0.79041,0.02112,0.01284,0.00414,nan,nan,nan,nan,nan,0,0,0.000789018,0.000789018,0.000789018
34,5953.32,2.41447,3.74627,3.74179,2.53282,0.27676,0.504,0.50514,0.6534,0.02175,0.08113,0.01874,0.65279,0.02017,0.04768,0.01406,nan,nan,nan,nan,nan,0,0,0.000787643,0.000787643,0.000787643
35,6128.43,2.41945,3.76113,3.67552,2.5076,0.27908,0.50364,0.50544,0.68124,0.03131,0.0669,0.02789,0.67435,0.02929,0.03304,0.00954,nan,nan,nan,nan,nan,0,0,0.000786269,0.000786269,0.000786269
36,6303.31,2.36411,3.73375,3.71981,2.5213,0.2766,0.50289,0.50437,0.53712,0.03164,0.01628,0.00506,0.54678,0.0307,0.01508,0.00487,nan,nan,nan,nan,nan,0,0,0.000784894,0.000784894,0.000784894
37,6477.85,2.38344,3.69644,3.65912,2.49581,0.27454,0.50279,0.50425,0.65986,0.03701,0.1003,0.03597,0.65906,0.03617,0.0462,0.01432,nan,nan,nan,nan,nan,0,0,0.00078352,0.00078352,0.00078352
38,6653,2.39241,3.68285,3.60636,2.511,0.27722,0.50172,0.50284,0.66996,0.03613,0.01989,0.00669,0.66682,0.03417,0.02246,0.00634,nan,nan,nan,nan,nan,0,0,0.000782145,0.000782145,0.000782145
39,6827.66,2.39572,3.65703,3.63788,2.48571,0.27736,0.50154,0.50269,0.53663,0.02985,0.02011,0.00634,0.54277,0.02804,0.01853,0.00568,nan,nan,nan,nan,nan,0,0,0.000780771,0.000780771,0.000780771
40,7002.19,2.34739,3.69668,3.62479,2.47497,0.27491,0.50121,0.50277,0.55481,0.04282,0.04111,0.01689,0.54779,0.03899,0.03842,0.00842,nan,nan,nan,nan,nan,0,0,0.000779396,0.000779396,0.000779396
41,7176.91,2.3149,3.7046,3.58243,2.4569,0.27488,0.50006,0.5009,0.545,0.04725,0.0695,0.02651,0.54739,0.03622,0.03132,0.01077,nan,nan,nan,nan,nan,0,0,0.000778022,0.000778022,0.000778022
42,7351.25,2.32276,3.67754,3.59319,2.44745,0.27367,0.49917,0.50105,0.54207,0.03969,0.10507,0.04771,0.54373,0.04067,0.10343,0.02005,nan,nan,nan,nan,nan,0,0,0.000776648,0.000776648,0.000776648
43,7526.2,2.33219,3.6403,3.56868,2.46697,0.27499,0.49834,0.50032,0.58121,0.04518,0.05269,0.01969,0.57508,0.04191,0.03839,0.01359,nan,nan,nan,nan,nan,0,0,0.000775273,0.000775273,0.000775273
44,7700.74,2.31977,3.61978,3.5806,2.45005,0.27304,0.49612,0.49875,0.56154,0.05552,0.05879,0.0237,0.5508,0.03952,0.03681,0.01234,nan,nan,nan,nan,nan,0,0,0.000773899,0.000773899,0.000773899
45,7875.04,2.28066,3.65495,3.63105,2.45199,0.26898,0.4953,0.49757,0.67388,0.04176,0.02544,0.00955,0.66368,0.03682,0.02385,0.0082,nan,nan,nan,nan,nan,0,0,0.000772524,0.000772524,0.000772524
46,8049.82,2.28683,3.62473,3.51915,2.45208,0.26742,0.49295,0.49632,0.5603,0.0543,0.03122,0.01086,0.55452,0.05043,0.02504,0.00814,nan,nan,nan,nan,nan,0,0,0.00077115,0.00077115,0.00077115
47,8224.56,2.29228,3.6014,3.45864,2.38529,0.26682,0.4893,0.49446,0.68892,0.04852,0.06498,0.02822,0.68773,0.04619,0.06128,0.01698,nan,nan,nan,nan,nan,0,0,0.000769775,0.000769775,0.000769775
48,8399.04,2.27807,3.64697,3.47145,2.40925,0.25906,0.48049,0.49049,0.57602,0.06106,0.06771,0.03142,0.57473,0.0591,0.05772,0.01671,nan,nan,nan,nan,nan,0,0,0.000768401,0.000768401,0.000768401
49,8573.6,2.24367,3.58919,3.41372,2.41058,0.26553,0.46355,0.48574,0.58241,0.0621,0.0492,0.01906,0.57585,0.05839,0.04432,0.01362,nan,nan,nan,nan,nan,0,0,0.000767026,0.000767026,0.000767026
50,8748.51,2.24533,3.56895,3.45796,2.3935,0.26126,0.41937,0.47117,0.58132,0.05421,0.05055,0.01809,0.55424,0.0561,0.04412,0.01499,nan,nan,nan,nan,nan,0,0,0.000765652,0.000765652,0.000765652
51,8923.37,2.28152,3.56221,3.41531,2.37285,0.25554,0.35067,0.43112,0.6111,0.06669,0.05661,0.02036,0.60419,0.06039,0.04543,0.01469,nan,nan,nan,nan,nan,0,0,0.000764278,0.000764278,0.000764278
52,9098.21,2.25426,3.57537,3.32775,2.36919,0.2542,0.29392,0.34654,0.61452,0.07405,0.07909,0.03338,0.60209,0.06771,0.06779,0.02775,nan,nan,nan,nan,nan,0,0,0.000762903,0.000762903,0.000762903
53,9272.97,2.27319,3.55713,3.35502,2.35481,0.25477,0.26272,0.26867,0.43785,0.07856,0.07146,0.02946,0.43288,0.07187,0.05973,0.02446,nan,nan,nan,nan,nan,0,0,0.000761529,0.000761529,0.000761529
54,9447.37,2.22209,3.56756,3.41657,2.376,0.25376,0.23715,0.23463,0.44018,0.07835,0.06223,0.02644,0.42989,0.06953,0.05223,0.02145,nan,nan,nan,nan,nan,0,0,0.000760154,0.000760154,0.000760154
55,9622.11,2.23847,3.52382,3.28272,2.33472,0.25126,0.22199,0.22231,0.56442,0.09423,0.05196,0.02053,0.56601,0.09428,0.0476,0.01749,nan,nan,nan,nan,nan,0,0,0.00075878,0.00075878,0.00075878
56,9796.7,2.21165,3.55827,3.27296,2.35031,0.2522,0.21462,0.21833,0.49221,0.0887,0.08368,0.03553,0.53988,0.08576,0.07551,0.03128,nan,nan,nan,nan,nan,0,0,0.000757405,0.000757405,0.000757405
57,9971.33,2.2145,3.48756,3.31917,2.35237,0.25116,0.21064,0.21813,0.43124,0.1039,0.07962,0.0324,0.42335,0.09499,0.07512,0.026,nan,nan,nan,nan,nan,0,0,0.000756031,0.000756031,0.000756031
58,10145.9,2.22749,3.43418,3.26718,2.32885,0.24998,0.20476,0.21575,0.6107,0.08002,0.08103,0.03212,0.56863,0.10317,0.10568,0.03084,nan,nan,nan,nan,nan,0,0,0.000754656,0.000754656,0.000754656
59,10320.6,2.21574,3.47194,3.28192,2.34055,0.25316,0.19974,0.21819,0.38569,0.1136,0.08494,0.03414,0.37923,0.10451,0.07102,0.02742,nan,nan,nan,nan,nan,0,0,0.000753282,0.000753282,0.000753282
60,10495,2.19061,3.46894,3.25348,2.30822,0.25302,0.19337,0.21826,0.36696,0.11594,0.0851,0.03652,0.36683,0.1067,0.08069,0.03014,nan,nan,nan,nan,nan,0,0,0.000751907,0.000751907,0.000751907
61,10669.6,2.18755,3.47123,3.25341,2.32172,0.25081,0.1882,0.21525,0.43824,0.13512,0.10975,0.04322,0.40218,0.12755,0.10152,0.03673,nan,nan,nan,nan,nan,0,0,0.000750533,0.000750533,0.000750533
62,10844.5,2.16029,3.4462,3.2054,2.30156,0.24893,0.18473,0.21395,0.28884,0.11344,0.08838,0.03629,0.2804,0.1023,0.07448,0.02811,nan,nan,nan,nan,nan,0,0,0.000749159,0.000749159,0.000749159
63,11019.2,2.17369,3.43345,3.15197,2.29845,0.25156,0.18711,0.21687,0.40026,0.16671,0.12359,0.05136,0.38921,0.15316,0.11294,0.03886,nan,nan,nan,nan,nan,0,0,0.000747784,0.000747784,0.000747784
64,11194.5,2.16137,3.46782,3.182,2.2812,0.25017,0.18801,0.21337,0.48443,0.14459,0.1203,0.04774,0.47778,0.12958,0.10015,0.04213,nan,nan,nan,nan,nan,0,0,0.00074641,0.00074641,0.00074641
65,11369.2,2.1667,3.41636,3.14873,2.28342,0.25242,0.18654,0.21486,0.43572,0.13737,0.14013,0.06378,0.42652,0.12886,0.10656,0.04381,nan,nan,nan,nan,nan,0,0,0.000745035,0.000745035,0.000745035
66,11544.2,2.16383,3.42804,3.14586,2.28516,0.24892,0.18477,0.21101,0.4604,0.17319,0.13395,0.05817,0.45081,0.16116,0.12246,0.04852,nan,nan,nan,nan,nan,0,0,0.000743661,0.000743661,0.000743661
67,11718.9,2.13333,3.40592,3.14829,2.28014,0.2538,0.188,0.21731,0.3034,0.15566,0.13313,0.05698,0.29364,0.15632,0.12425,0.04835,nan,nan,nan,nan,nan,0,0,0.000742286,0.000742286,0.000742286
68,11893.3,2.1237,3.40714,3.13253,2.25782,0.25051,0.18634,0.2119,0.41055,0.14951,0.11293,0.0501,0.44643,0.12881,0.0966,0.03864,nan,nan,nan,nan,nan,0,0,0.000740912,0.000740912,0.000740912
69,12067.7,2.12678,3.39146,3.02549,2.24645,0.24944,0.18326,0.2121,0.33059,0.18419,0.12736,0.0556,0.31216,0.16426,0.10604,0.04411,nan,nan,nan,nan,nan,0,0,0.000739537,0.000739537,0.000739537
70,12242.3,2.12106,3.34616,3.08542,2.25023,0.25268,0.1876,0.21445,0.45297,0.16385,0.14004,0.06276,0.43777,0.14432,0.12734,0.05128,nan,nan,nan,nan,nan,0,0,0.000738163,0.000738163,0.000738163
71,12417.4,2.08957,3.37654,3.04788,2.2394,0.24841,0.18587,0.21113,0.35022,0.15676,0.10765,0.04676,0.33958,0.14236,0.09752,0.03764,nan,nan,nan,nan,nan,0,0,0.000736788,0.000736788,0.000736788
72,12592.2,2.11968,3.39797,3.01675,2.22909,0.25021,0.18633,0.21179,0.51343,0.1342,0.13746,0.05978,0.48735,0.11837,0.11956,0.04809,nan,nan,nan,nan,nan,0,0,0.000735414,0.000735414,0.000735414
73,12767,2.11545,3.31948,3.00279,2.22465,0.24818,0.18341,0.2092,0.46629,0.15874,0.14456,0.05556,0.4616,0.14867,0.11692,0.04453,nan,nan,nan,nan,nan,0,0,0.00073404,0.00073404,0.00073404
74,12941.6,2.11711,3.38722,3.03829,2.24571,0.24945,0.18401,0.21276,0.47215,0.12637,0.11836,0.0538,0.48853,0.12142,0.11497,0.04302,nan,nan,nan,nan,nan,0,0,0.000732665,0.000732665,0.000732665
75,13116.2,2.10565,3.36498,3.04376,2.22359,0.25406,0.18848,0.21354,0.39179,0.1755,0.14801,0.0723,0.3941,0.1568,0.12844,0.04811,nan,nan,nan,nan,nan,0,0,0.000731291,0.000731291,0.000731291
76,13291.4,2.08515,3.36533,3.02873,2.25705,0.24994,0.18507,0.211,0.4247,0.19078,0.13425,0.06017,0.40625,0.16513,0.11006,0.04526,nan,nan,nan,nan,nan,0,0,0.000729916,0.000729916,0.000729916
77,13465.9,2.12903,3.36754,3.01326,2.25513,0.24915,0.183,0.21024,0.42091,0.17835,0.15779,0.07094,0.4094,0.15993,0.1401,0.05238,nan,nan,nan,nan,nan,0,0,0.000728542,0.000728542,0.000728542
78,13641.2,2.09476,3.29045,2.97118,2.21521,0.24907,0.18492,0.20977,0.44593,0.15599,0.14709,0.06002,0.31801,0.18897,0.15078,0.05066,nan,nan,nan,nan,nan,0,0,0.000727167,0.000727167,0.000727167
79,13815.7,2.05026,3.32923,2.9669,2.22044,0.24745,0.18197,0.2089,0.41217,0.19942,0.14466,0.06245,0.40333,0.18248,0.12952,0.05015,nan,nan,nan,nan,nan,0,0,0.000725793,0.000725793,0.000725793
80,13990.5,2.08485,3.34518,2.94949,2.22316,0.2488,0.18274,0.20903,0.54871,0.16098,0.2003,0.09893,0.53832,0.13361,0.18063,0.07007,nan,nan,nan,nan,nan,0,0,0.000724418,0.000724418,0.000724418
81,14165.7,2.08561,3.28174,2.94257,2.20708,0.2541,0.18881,0.21404,0.34455,0.23146,0.19768,0.09737,0.3272,0.22056,0.17879,0.07012,nan,nan,nan,nan,nan,0,0,0.000723044,0.000723044,0.000723044
82,14340.4,2.02326,3.28029,2.90269,2.17717,0.25184,0.18257,0.21182,0.34179,0.23766,0.18743,0.07661,0.32545,0.21223,0.14484,0.05811,nan,nan,nan,nan,nan,0,0,0.00072167,0.00072167,0.00072167
83,14514.9,2.08088,3.24882,2.89035,2.19684,0.24639,0.18147,0.20876,0.35503,0.20806,0.19032,0.08106,0.33945,0.19485,0.14917,0.05989,nan,nan,nan,nan,nan,0,0,0.000720295,0.000720295,0.000720295
84,14689.8,2.05862,3.25763,2.937,2.18527,0.24589,0.17928,0.20641,0.33552,0.24346,0.20785,0.08169,0.27984,0.2151,0.12997,0.05237,nan,nan,nan,nan,nan,0,0,0.000718921,0.000718921,0.000718921
85,14864.4,2.07121,3.2975,2.88718,2.19344,0.25256,0.18659,0.21233,0.3681,0.21224,0.17164,0.07393,0.33121,0.1969,0.15952,0.06052,nan,nan,nan,nan,nan,0,0,0.000717546,0.000717546,0.000717546
86,15039,2.04644,3.24352,2.86741,2.18155,0.24962,0.18251,0.20752,0.30387,0.2559,0.19215,0.08045,0.32412,0.19222,0.15292,0.0608,nan,nan,nan,nan,nan,0,0,0.000716172,0.000716172,0.000716172
87,15213.8,2.06184,3.28129,2.87704,2.17163,0.24857,0.18229,0.20931,0.25167,0.27758,0.17866,0.08576,0.23681,0.26245,0.1597,0.06583,nan,nan,nan,nan,nan,0,0,0.000714797,0.000714797,0.000714797
88,15388.4,2.03259,3.20337,2.85784,2.16413,0.24947,0.18367,0.20865,0.37743,0.20825,0.16233,0.07306,0.34113,0.19637,0.14207,0.05673,nan,nan,nan,nan,nan,0,0,0.000713423,0.000713423,0.000713423
89,15563.2,2.04189,3.26035,2.82932,2.1726,0.25067,0.18478,0.20675,0.3611,0.27792,0.22531,0.11646,0.32179,0.23711,0.18764,0.07968,nan,nan,nan,nan,nan,0,0,0.000712048,0.000712048,0.000712048
90,15738.6,2.05499,3.1822,2.80932,2.14047,0.24722,0.18079,0.20834,0.33923,0.25532,0.18424,0.08393,0.32848,0.24047,0.16348,0.06432,nan,nan,nan,nan,nan,0,0,0.000710674,0.000710674,0.000710674
91,15913.3,2.01799,3.24069,2.86735,2.18033,0.24794,0.18248,0.20705,0.28015,0.29961,0.19677,0.08421,0.24635,0.25505,0.17578,0.06959,nan,nan,nan,nan,nan,0,0,0.000709299,0.000709299,0.000709299
92,16087.7,2.02235,3.1836,2.77719,2.15483,0.24587,0.17968,0.20602,0.23409,0.28471,0.19927,0.09201,0.21801,0.26845,0.18325,0.07245,nan,nan,nan,nan,nan,0,0,0.000707925,0.000707925,0.000707925
93,16262.5,2.02304,3.19862,2.7594,2.1317,0.24619,0.17918,0.20494,0.18813,0.30917,0.18128,0.0738,0.32705,0.2343,0.15614,0.05871,nan,nan,nan,nan,nan,0,0,0.000706551,0.000706551,0.000706551
94,16436.9,1.99644,3.19405,2.79539,2.15141,0.25002,0.18299,0.20828,0.37765,0.23733,0.22468,0.0972,0.26134,0.2717,0.20646,0.0782,nan,nan,nan,nan,nan,0,0,0.000705176,0.000705176,0.000705176
95,16611.7,2.01574,3.18907,2.71906,2.11905,0.24767,0.18052,0.20623,0.2678,0.28948,0.22889,0.10781,0.2494,0.26907,0.20384,0.07993,nan,nan,nan,nan,nan,0,0,0.000703802,0.000703802,0.000703802
96,16786.4,1.98686,3.19742,2.6932,2.14146,0.24832,0.18314,0.2066,0.34681,0.25766,0.24113,0.10968,0.33194,0.23778,0.21799,0.07984,nan,nan,nan,nan,nan,0,0,0.000702427,0.000702427,0.000702427
97,16960.9,1.98175,3.20764,2.72354,2.14591,0.24531,0.17715,0.20387,0.28232,0.26417,0.21862,0.09718,0.26785,0.24928,0.20349,0.08282,1.89724,2.93618,2.29901,2.08557,nan,0,0,0.000701053,0.000701053,0.000701053
98,17135.7,2.00418,3.15192,2.72043,2.10594,0.24419,0.17635,0.20319,0.32419,0.31066,0.23002,0.09603,0.32156,0.27318,0.21193,0.08158,1.87921,2.9084,2.38499,2.05121,nan,0,0,0.000699678,0.000699678,0.000699678
99,17310.3,2.00199,3.15698,2.70381,2.11192,0.25004,0.18087,0.20611,0.26822,0.32737,0.21944,0.09791,0.29137,0.25718,0.2008,0.08192,1.87576,2.91429,2.35846,2.06389,nan,0,0,0.000698304,0.000698304,0.000698304
100,17485,1.9716,3.14914,2.67718,2.10038,0.25127,0.18055,0.20859,0.45176,0.22081,0.20267,0.0936,0.4567,0.20581,0.18173,0.07087,1.86061,2.91114,2.44848,2.05037,nan,0,0,0.000696929,0.000696929,0.000696929
101,17659.6,1.9888,3.13335,2.65736,2.11904,0.24572,0.1799,0.20401,0.34407,0.29282,0.25953,0.11978,0.34997,0.27798,0.24267,0.09332,1.84507,2.87778,2.3256,2.04552,nan,0,0,0.000695555,0.000695555,0.000695555
102,17834.5,1.96415,3.16229,2.70028,2.11668,0.24958,0.18001,0.20669,0.26864,0.33222,0.25411,0.12594,0.25518,0.29308,0.24052,0.10209,1.84111,2.88115,2.34992,2.04472,nan,0,0,0.000694181,0.000694181,0.000694181
103,18009.8,1.96578,3.12284,2.6195,2.08408,0.24692,0.17989,0.20424,0.30434,0.31904,0.25379,0.10905,0.3109,0.30207,0.22184,0.08482,nan,nan,nan,nan,nan,0,0,0.000692806,0.000692806,0.000692806
104,18184.3,1.97096,3.18326,2.63615,2.09865,0.25002,0.18237,0.20761,0.28793,0.34198,0.24199,0.11607,0.2664,0.29734,0.22338,0.09461,1.83847,2.85577,2.3145,2.02342,nan,0,0,0.000691432,0.000691432,0.000691432
105,18358.9,1.94471,3.12786,2.61923,2.09187,0.2455,0.17712,0.2019,0.28328,0.41099,0.26296,0.12429,0.2664,0.33444,0.25539,0.0978,1.82023,2.83993,2.26581,2.02058,nan,0,0,0.000690057,0.000690057,0.000690057
106,18533.5,1.9535,3.07827,2.62154,2.07982,0.24791,0.17706,0.20441,0.26665,0.35927,0.25954,0.12355,0.23282,0.28344,0.23917,0.09135,1.86822,2.86725,2.30246,2.04705,nan,0,0,0.000688683,0.000688683,0.000688683
107,18708,1.94134,3.09063,2.61511,2.10184,0.24753,0.17868,0.20566,0.2744,0.34998,0.25588,0.11448,0.28265,0.36052,0.28217,0.10115,1.81618,2.84602,2.30898,2.02196,nan,0,0,0.000687308,0.000687308,0.000687308
108,18882.8,1.95117,3.11589,2.58844,2.08877,0.24978,0.18228,0.20724,0.2804,0.31613,0.2369,0.11825,0.28691,0.26212,0.20495,0.08457,1.82058,2.87567,2.4565,2.01788,nan,0,0,0.000685934,0.000685934,0.000685934
109,19057.4,1.95133,3.11711,2.61197,2.07836,0.24623,0.1757,0.20374,0.39235,0.23535,0.27693,0.13818,0.30514,0.32001,0.26538,0.10731,1.8052,2.81233,2.1967,2.01156,nan,0,0,0.000684559,0.000684559,0.000684559
110,19232.5,1.92897,3.0871,2.53537,2.06413,0.24563,0.1771,0.20254,0.31176,0.34191,0.27338,0.13727,0.28524,0.30808,0.24761,0.10314,1.77247,2.80957,2.22617,1.98112,nan,0,0,0.000683185,0.000683185,0.000683185
111,19407.2,1.92634,3.03367,2.52868,2.06341,0.24825,0.18044,0.203,0.39828,0.3342,0.25866,0.11959,0.36719,0.32624,0.23458,0.09243,1.79351,2.79415,2.18957,1.98786,nan,0,0,0.00068181,0.00068181,0.00068181
112,19581.8,1.93967,3.09524,2.55218,2.0812,0.24385,0.17583,0.20025,0.39243,0.32637,0.27103,0.12889,0.35664,0.34504,0.25215,0.10407,1.78218,2.80527,2.21483,1.9847,nan,0,0,0.000680436,0.000680436,0.000680436
113,19756.5,1.89787,3.00896,2.48325,2.05498,0.24805,0.17864,0.20328,0.34211,0.38127,0.29141,0.12672,0.31379,0.3717,0.25395,0.09732,1.75613,2.77526,2.2062,1.96721,nan,0,0,0.000679062,0.000679062,0.000679062
114,19931.2,1.93356,3.04066,2.48895,2.04319,0.24695,0.17965,0.20514,0.38408,0.30686,0.28884,0.12826,0.30195,0.30764,0.24507,0.09475,1.797,2.76987,2.21302,1.98361,nan,0,0,0.000677687,0.000677687,0.000677687
115,20106,1.92742,3.00696,2.52172,2.05168,0.24568,0.17567,0.20277,0.37484,0.33199,0.28333,0.13402,0.3519,0.30516,0.24918,0.09786,1.76053,2.75061,2.11208,1.96902,nan,0,0,0.000676313,0.000676313,0.000676313
116,20280.5,1.92168,3.07782,2.52165,2.05317,0.24498,0.17635,0.20105,0.32976,0.34486,0.27777,0.13131,0.31293,0.32127,0.25811,0.10341,1.75826,2.74926,2.1329,1.97056,nan,0,0,0.000674938,0.000674938,0.000674938
117,20455.2,1.91429,3.0563,2.46731,2.04971,0.24797,0.18196,0.20434,0.3251,0.38091,0.31373,0.1504,0.28491,0.37134,0.27796,0.1151,1.75627,2.75157,2.14678,1.9673,nan,0,0,0.000673564,0.000673564,0.000673564
118,20630.3,1.88772,3.00477,2.43329,2.02218,0.24462,0.17535,0.20138,0.35479,0.35266,0.31415,0.15613,0.33246,0.33354,0.28457,0.11739,1.74859,2.71972,2.13182,1.94967,nan,0,0,0.000672189,0.000672189,0.000672189
119,20805.7,1.9141,2.99126,2.48401,2.01544,0.24338,0.17769,0.20013,0.37004,0.35051,0.3376,0.1758,0.36332,0.34517,0.32185,0.12544,1.76108,2.72314,2.13433,1.96346,nan,0,0,0.000670815,0.000670815,0.000670815
120,20980.7,1.91951,3.04852,2.52013,2.07258,0.24368,0.17517,0.20206,0.41434,0.36715,0.33186,0.16244,0.31642,0.37487,0.28647,0.11483,1.73766,2.71517,2.0824,1.95366,nan,0,0,0.00066944,0.00066944,0.00066944
121,21155.3,1.9,2.99427,2.41184,2.03122,0.24432,0.17544,0.19867,0.38631,0.3671,0.34263,0.15581,0.34757,0.34254,0.27921,0.11476,1.71612,2.71227,2.17907,1.92487,nan,0,0,0.000668066,0.000668066,0.000668066
122,21330,1.90335,3.00428,2.44026,2.019,0.24301,0.17417,0.19964,0.39875,0.36389,0.31884,0.14955,0.31437,0.353,0.282,0.11463,1.73507,2.69389,2.17733,1.93765,nan,0,0,0.000666692,0.000666692,0.000666692
123,21504.6,1.90937,3.00493,2.43175,2.04805,0.24574,0.17641,0.20118,0.38644,0.35999,0.3458,0.17594,0.32229,0.35298,0.31651,0.13073,1.7093,2.69384,2.03709,1.93651,nan,0,0,0.000665317,0.000665317,0.000665317
124,21679.7,1.8756,2.96857,2.37472,2.0302,0.24873,0.17735,0.20134,0.30688,0.39324,0.33623,0.16413,0.29628,0.38595,0.29,0.11994,1.71684,2.66286,2.03279,1.93345,nan,0,0,0.000663943,0.000663943,0.000663943
125,21854.3,1.86844,2.97985,2.40294,2.00994,0.24449,0.17574,0.19899,0.38477,0.35423,0.33625,0.16451,0.35359,0.35706,0.29802,0.12443,1.69953,2.67825,2.05371,1.93165,nan,0,0,0.000662568,0.000662568,0.000662568
126,22028.9,1.89138,2.94513,2.40338,2.0006,0.241,0.17052,0.19834,0.43092,0.32023,0.33714,0.17211,0.40102,0.29954,0.30385,0.12415,1.72189,2.6943,2.03952,1.94229,nan,0,0,0.000661194,0.000661194,0.000661194
127,22203.6,1.85988,2.95235,2.42117,2.01555,0.24725,0.17876,0.20251,0.35952,0.41761,0.32226,0.16064,0.3367,0.39751,0.29701,0.11997,1.72085,2.66927,2.04685,1.94008,nan,0,0,0.000659819,0.000659819,0.000659819
128,22378,1.87281,2.92571,2.41215,2.02354,0.24098,0.1709,0.19658,0.45738,0.33475,0.35812,0.18214,0.4394,0.32627,0.33582,0.13937,1.70156,2.67002,1.97863,1.92309,nan,0,0,0.000658445,0.000658445,0.000658445
129,22553.3,1.8832,2.98311,2.39637,2.02106,0.24635,0.17855,0.19944,0.35918,0.41529,0.3338,0.1591,0.35928,0.40655,0.29842,0.12215,1.70014,2.65798,2.1271,1.92439,nan,0,0,0.00065707,0.00065707,0.00065707
130,22728,1.8828,2.97651,2.40241,1.99429,0.24435,0.17574,0.19687,0.41226,0.36379,0.35172,0.17708,0.37928,0.3389,0.30993,0.13385,1.69633,2.64927,1.9912,1.92212,nan,0,0,0.000655696,0.000655696,0.000655696
131,22902.7,1.84573,2.9232,2.35284,1.99073,0.24798,0.17647,0.1927,0.45114,0.3754,0.37734,0.17751,0.35375,0.42409,0.33417,0.13843,1.68401,2.64509,2.04701,1.90283,nan,0,0,0.000654321,0.000654321,0.000654321
132,23077.4,1.87434,2.91966,2.31043,1.98551,0.24868,0.18142,0.18926,0.38645,0.41695,0.38329,0.18641,0.35302,0.40772,0.36086,0.15325,1.6953,2.63164,1.98705,1.90927,nan,0,0,0.000652947,0.000652947,0.000652947
133,23252.5,1.85657,2.98592,2.37955,2.01528,0.24816,0.17768,0.18382,0.41143,0.36876,0.38947,0.18722,0.39584,0.35168,0.34742,0.15211,1.70167,2.6427,1.98967,1.92729,nan,0,0,0.000651573,0.000651573,0.000651573
134,23427,1.84784,2.92723,2.34533,1.99351,0.24532,0.17615,0.18131,0.47783,0.33167,0.39528,0.20089,0.46842,0.3238,0.37349,0.16488,1.66107,2.61591,2.03126,1.89278,nan,0,0,0.000650198,0.000650198,0.000650198
135,23602.3,1.87966,2.91541,2.36226,1.99282,0.24505,0.17527,0.17986,0.429,0.40453,0.39077,0.18407,0.45545,0.36187,0.3671,0.14767,1.69807,2.61806,1.97339,1.91233,nan,0,0,0.000648824,0.000648824,0.000648824
136,23776.8,1.83446,2.86442,2.31267,1.98942,0.24589,0.17934,0.18361,0.45492,0.37756,0.36879,0.18267,0.42355,0.35666,0.34273,0.14654,1.66404,2.58797,1.93965,1.89332,nan,0,0,0.000647449,0.000647449,0.000647449
137,23951.3,1.83526,2.89821,2.30592,1.97773,0.24387,0.17322,0.17707,0.37349,0.42027,0.35741,0.1742,0.35876,0.40135,0.33694,0.13631,1.68672,2.59675,1.90772,1.89988,nan,0,0,0.000646075,0.000646075,0.000646075
138,24125.9,1.83911,2.85319,2.30178,1.97418,0.24455,0.17475,0.17927,0.33069,0.48486,0.39266,0.19686,0.30379,0.48768,0.38256,0.15781,1.64884,2.57795,1.96551,1.86878,nan,0,0,0.0006447,0.0006447,0.0006447
139,24300.6,1.83934,2.8809,2.29721,1.9574,0.24168,0.17168,0.17564,0.36966,0.45859,0.40032,0.19773,0.34524,0.42963,0.36692,0.15501,1.63355,2.56561,1.93756,1.86927,nan,0,0,0.000643326,0.000643326,0.000643326
140,24475.2,1.84826,2.88887,2.28412,1.9561,0.24267,0.17424,0.17753,0.39931,0.38261,0.37857,0.19824,0.3865,0.35883,0.3499,0.15408,1.64415,2.58759,1.97628,1.87117,nan,0,0,0.000641951,0.000641951,0.000641951
141,24649.8,1.8387,2.9133,2.29782,1.98366,0.24561,0.17514,0.17925,0.34478,0.4809,0.35722,0.17334,0.3743,0.38571,0.32865,0.13481,1.62859,2.5836,1.92265,1.86337,nan,0,0,0.000640577,0.000640577,0.000640577
142,24824.4,1.82987,2.86265,2.23789,1.93334,0.24671,0.17614,0.18,0.3616,0.46358,0.38919,0.19328,0.34425,0.44806,0.34545,0.14864,1.64352,2.55231,1.92097,1.86807,nan,0,0,0.000639203,0.000639203,0.000639203
143,24998.9,1.80992,2.85754,2.25122,1.94305,0.24462,0.17592,0.18007,0.4133,0.42352,0.36546,0.18742,0.39558,0.40829,0.3361,0.14615,1.60614,2.53274,1.9434,1.84704,nan,0,0,0.000637828,0.000637828,0.000637828
144,25173.4,1.84693,2.86628,2.25851,1.98074,0.24215,0.17391,0.17763,0.40667,0.36997,0.34658,0.18072,0.40435,0.35409,0.31979,0.13876,1.61273,2.54222,1.92025,1.84915,nan,0,0,0.000636454,0.000636454,0.000636454
145,25347.7,1.79001,2.85091,2.22899,1.95569,0.2479,0.17883,0.18338,0.38566,0.41777,0.35935,0.1849,0.35512,0.39199,0.3285,0.14925,1.6258,2.52636,1.93757,1.84759,nan,0,0,0.000635079,0.000635079,0.000635079
146,25521.9,1.79143,2.87823,2.27909,1.96182,0.24652,0.17468,0.17887,0.47836,0.3581,0.38656,0.19535,0.45233,0.3378,0.3646,0.16223,1.62736,2.5311,1.84797,1.85379,nan,0,0,0.000633705,0.000633705,0.000633705
147,25696.5,1.78003,2.85126,2.25507,1.94486,0.24304,0.1748,0.17878,0.38353,0.4429,0.38002,0.19024,0.36891,0.42634,0.34638,0.15101,1.59621,2.54121,1.95553,1.83605,nan,0,0,0.00063233,0.00063233,0.00063233
148,25870.8,1.81339,2.86698,2.28964,1.95537,0.24316,0.17143,0.17533,0.39177,0.48166,0.40278,0.20787,0.37262,0.45717,0.36039,0.16212,1.60029,2.51469,1.82036,1.84076,nan,0,0,0.000630956,0.000630956,0.000630956
149,26045.8,1.78915,2.80643,2.20762,1.94352,0.24567,0.17569,0.18015,0.39374,0.48059,0.4139,0.20682,0.37211,0.45905,0.3527,0.15852,1.5999,2.50666,1.87581,1.82774,nan,0,0,0.000629581,0.000629581,0.000629581
150,26220.2,1.80987,2.84458,2.20454,1.9332,0.24594,0.17457,0.17845,0.40898,0.42449,0.38981,0.20118,0.38559,0.40617,0.36855,0.15807,1.61661,2.52282,1.95894,1.83917,nan,0,0,0.000628207,0.000628207,0.000628207
151,26394.6,1.82189,2.83869,2.23222,1.95271,0.2426,0.17314,0.1767,0.44432,0.42434,0.41696,0.20852,0.4357,0.42405,0.37503,0.16841,1.59298,2.4855,1.85255,1.83415,nan,0,0,0.000626832,0.000626832,0.000626832
152,26569.3,1.78615,2.82827,2.25964,1.96814,0.24553,0.17387,0.17831,0.46952,0.39251,0.40549,0.21705,0.47468,0.36873,0.37958,0.16527,1.58327,2.5054,1.85474,1.81927,nan,0,0,0.000625458,0.000625458,0.000625458
153,26744.1,1.78989,2.82889,2.16941,1.92192,0.24302,0.17157,0.17558,0.44843,0.42297,0.41743,0.21852,0.43196,0.40414,0.38382,0.16868,1.58026,2.4826,1.77919,1.81618,nan,0,0,0.000624084,0.000624084,0.000624084
154,26919,1.79051,2.83225,2.18975,1.94386,0.24269,0.17219,0.1759,0.42054,0.44073,0.4364,0.23079,0.41148,0.42458,0.39032,0.17379,1.59068,2.48478,1.7928,1.82145,nan,0,0,0.000622709,0.000622709,0.000622709
155,27093.9,1.80923,2.81471,2.23209,1.96358,0.24349,0.17478,0.17876,0.49347,0.42434,0.43937,0.22821,0.46094,0.40133,0.39841,0.17482,1.58964,2.4779,1.82233,1.82197,nan,0,0,0.000621335,0.000621335,0.000621335
156,27268.3,1.80353,2.80893,2.25135,1.93333,0.24098,0.17242,0.17555,0.42548,0.44244,0.41793,0.20348,0.3892,0.41613,0.36135,0.15574,1.57126,2.45157,1.89834,1.81806,nan,0,0,0.00061996,0.00061996,0.00061996
157,27442.8,1.77177,2.82743,2.14542,1.91792,0.2413,0.17261,0.17707,0.46296,0.40711,0.43567,0.22505,0.49107,0.37567,0.41502,0.18655,1.55761,2.4529,1.78288,1.79349,nan,0,0,0.000618586,0.000618586,0.000618586
158,27617.5,1.74806,2.77761,2.16073,1.90797,0.24164,0.16877,0.1731,0.44354,0.51151,0.45243,0.25285,0.44215,0.50206,0.42763,0.19275,1.54622,2.45513,1.78723,1.79686,nan,0,0,0.000617211,0.000617211,0.000617211
159,27792.3,1.80569,2.80376,2.16237,1.93812,0.2405,0.17039,0.17552,0.5133,0.42961,0.45166,0.23884,0.51127,0.41605,0.43098,0.18578,1.53402,2.43579,1.79455,1.7873,nan,0,0,0.000615837,0.000615837,0.000615837
160,27966.5,1.76461,2.74047,2.13972,1.91888,0.24273,0.17121,0.17646,0.60389,0.36329,0.46287,0.2414,0.38657,0.46908,0.41234,0.18224,1.5414,2.43485,1.75306,1.77835,nan,0,0,0.000614462,0.000614462,0.000614462
161,28141.3,1.78748,2.79013,2.16077,1.92085,0.2426,0.17027,0.17487,0.39806,0.49605,0.435,0.24368,0.38183,0.46164,0.40577,0.18953,1.53213,2.4389,1.81253,1.7796,nan,0,0,0.000613088,0.000613088,0.000613088
162,28315.6,1.75988,2.7915,2.14682,1.92181,0.2438,0.17259,0.17754,0.46535,0.40468,0.43877,0.24547,0.44689,0.38149,0.41177,0.19297,1.55618,2.45097,1.75181,1.79744,nan,0,0,0.000611714,0.000611714,0.000611714
163,28489.8,1.74305,2.77262,2.14476,1.92506,0.24303,0.16916,0.17561,0.43822,0.48125,0.46657,0.25494,0.41152,0.45883,0.42774,0.19792,1.52244,2.41591,1.79475,1.76947,nan,0,0,0.000610339,0.000610339,0.000610339
164,28664.7,1.75156,2.73232,2.10155,1.88123,0.24424,0.16708,0.1792,0.4392,0.45854,0.42236,0.2294,0.40944,0.44534,0.39941,0.18156,1.51052,2.39946,1.74442,1.75905,nan,0,0,0.000608965,0.000608965,0.000608965
165,28839,1.72978,2.78797,2.08817,1.89301,0.24119,0.16132,0.17435,0.43087,0.46133,0.45156,0.25395,0.41601,0.46094,0.42134,0.19067,1.5118,2.41013,1.74187,1.76018,nan,0,0,0.00060759,0.00060759,0.00060759
166,29013.5,1.77581,2.7648,2.1175,1.89932,0.23986,0.15706,0.17372,0.47815,0.43768,0.46689,0.25556,0.41801,0.44867,0.43982,0.19947,1.51355,2.40379,1.74382,1.75991,nan,0,0,0.000606216,0.000606216,0.000606216
167,29188.3,1.72384,2.73746,2.08228,1.90043,0.24056,0.15766,0.17493,0.4112,0.52824,0.48744,0.27013,0.39966,0.51179,0.45774,0.20666,1.51786,2.39792,1.77477,1.75562,nan,0,0,0.000604841,0.000604841,0.000604841
168,29363,1.7528,2.71198,2.11038,1.9111,0.24251,0.15403,0.17414,0.46526,0.45035,0.45825,0.25646,0.45208,0.44007,0.43542,0.20514,1.51226,2.39731,1.74105,1.76348,nan,0,0,0.000603467,0.000603467,0.000603467
169,29537.4,1.74851,2.74385,2.07829,1.91273,0.24054,0.15534,0.1735,0.49956,0.43661,0.47439,0.26296,0.48338,0.41907,0.45111,0.20724,1.48861,2.39047,1.72399,1.75342,nan,0,0,0.000602092,0.000602092,0.000602092
170,29711.7,1.74371,2.76097,2.09937,1.89038,0.24147,0.15892,0.17667,0.42335,0.46563,0.45514,0.25581,0.3618,0.48215,0.42531,0.20665,1.49366,2.38391,1.71568,1.75143,nan,0,0,0.000600718,0.000600718,0.000600718
171,29886.2,1.71292,2.70724,2.10766,1.90046,0.2419,0.15713,0.17563,0.4169,0.50004,0.45875,0.26264,0.40432,0.48616,0.43974,0.2094,1.4836,2.36489,1.73726,1.74791,nan,0,0,0.000599343,0.000599343,0.000599343
172,30061,1.73732,2.69952,2.07452,1.88215,0.23848,0.15021,0.17183,0.45166,0.55752,0.48597,0.27666,0.44098,0.54612,0.46034,0.2247,1.51983,2.3609,1.66656,1.76089,nan,0,0,0.000597969,0.000597969,0.000597969
173,30236.4,1.74545,2.71973,2.08354,1.90201,0.23925,0.15391,0.17121,0.45854,0.53277,0.48375,0.27257,0.44559,0.50063,0.46079,0.21761,1.49909,2.36107,1.73244,1.74675,nan,0,0,0.000596595,0.000596595,0.000596595
174,30410.8,1.72072,2.7296,2.09909,1.88921,0.24029,0.15468,0.17261,0.45917,0.48701,0.48199,0.2661,0.45191,0.48618,0.46222,0.2177,1.49423,2.37499,1.69218,1.74863,nan,0,0,0.00059522,0.00059522,0.00059522
175,30585.3,1.71544,2.71488,2.05192,1.877,0.24197,0.1571,0.17423,0.45662,0.549,0.51072,0.27588,0.41948,0.53846,0.47148,0.2167,1.49446,2.35324,1.66989,1.75034,nan,0,0,0.000593846,0.000593846,0.000593846
176,30759.8,1.7307,2.7181,2.04508,1.88239,0.24073,0.15555,0.17365,0.49253,0.48089,0.48325,0.27212,0.46725,0.45728,0.44406,0.2123,1.49014,2.35734,1.6924,1.74018,nan,0,0,0.000592471,0.000592471,0.000592471
177,30934.4,1.71812,2.70756,2.07024,1.87095,0.23997,0.1561,0.17427,0.43106,0.5481,0.49841,0.276,0.42065,0.53799,0.47249,0.21948,1.4966,2.34831,1.67012,1.74616,nan,0,0,0.000591097,0.000591097,0.000591097
178,31108.8,1.72108,2.71188,2.06611,1.87392,0.23903,0.15532,0.17488,0.46863,0.51755,0.50978,0.26504,0.42392,0.50875,0.46972,0.21611,1.48093,2.33726,1.69635,1.73642,nan,0,0,0.000589722,0.000589722,0.000589722
179,31283.3,1.72788,2.66918,2.03729,1.87064,0.24065,0.15612,0.1745,0.44483,0.50695,0.49573,0.27276,0.4303,0.50305,0.46846,0.22203,1.47738,2.32882,1.72643,1.73827,nan,0,0,0.000588348,0.000588348,0.000588348
180,31457.7,1.72341,2.67916,2.05535,1.88196,0.2365,0.15052,0.16833,0.63038,0.43363,0.52707,0.29137,0.6047,0.41497,0.49555,0.23836,1.48289,2.32326,1.68833,1.73917,nan,0,0,0.000586973,0.000586973,0.000586973
181,31632.7,1.69567,2.66595,2.00638,1.85119,0.2394,0.15732,0.17316,0.45796,0.58373,0.51382,0.29088,0.42827,0.56067,0.48375,0.23137,1.4514,2.30119,1.62028,1.70884,nan,0,0,0.000585599,0.000585599,0.000585599
182,31807,1.69962,2.72069,2.02499,1.87169,0.23917,0.15675,0.17518,0.47532,0.53222,0.5051,0.28422,0.45061,0.5069,0.47007,0.23011,1.45885,2.32139,1.65465,1.71544,nan,0,0,0.000584225,0.000584225,0.000584225
183,31981.7,1.69257,2.66951,1.99699,1.85361,0.24343,0.15611,0.17263,0.44446,0.53523,0.50708,0.28307,0.41051,0.53975,0.47846,0.22596,1.46248,2.30881,1.67594,1.72041,nan,0,0,0.00058285,0.00058285,0.00058285
184,32156.4,1.73906,2.68659,2.02069,1.86188,0.24034,0.16122,0.17484,0.47713,0.47559,0.47638,0.25374,0.44673,0.45871,0.44234,0.19623,1.47912,2.3375,1.71115,1.72717,nan,0,0,0.000581476,0.000581476,0.000581476
185,32331,1.68303,2.65941,1.99499,1.84466,0.23905,0.1566,0.17223,0.48887,0.52039,0.53753,0.29684,0.4634,0.52102,0.50501,0.24785,1.47295,2.30373,1.64373,1.71664,nan,0,0,0.000580101,0.000580101,0.000580101
186,32506.2,1.70857,2.66339,2.03795,1.8565,0.23999,0.15669,0.17465,0.50576,0.52956,0.53833,0.30726,0.46498,0.51778,0.50266,0.24869,1.45829,2.28942,1.62754,1.71494,nan,0,0,0.000578727,0.000578727,0.000578727
187,32681.2,1.71393,2.68421,2.02431,1.85024,0.23963,0.15423,0.17202,0.46024,0.59298,0.54551,0.29856,0.44881,0.57748,0.51505,0.25886,1.4558,2.29452,1.63686,1.71921,nan,0,0,0.000577352,0.000577352,0.000577352
188,32856.2,1.69197,2.6553,1.99462,1.8362,0.23946,0.15958,0.17484,0.47468,0.53994,0.50887,0.28981,0.44974,0.5275,0.47536,0.23357,1.46381,2.28625,1.64063,1.72232,nan,0,0,0.000575978,0.000575978,0.000575978
189,33030.9,1.69609,2.66407,1.98362,1.85224,0.23969,0.15677,0.17429,0.50032,0.54086,0.52315,0.29861,0.56971,0.43695,0.47858,0.24465,1.43395,2.2646,1.62453,1.70965,nan,0,0,0.000574603,0.000574603,0.000574603
190,33205.4,1.67414,2.61244,1.96921,1.83125,0.24005,0.15846,0.17377,0.4856,0.56293,0.51653,0.29373,0.46686,0.54494,0.48547,0.23612,1.44593,2.28412,1.62163,1.71065,nan,0,0,0.000573229,0.000573229,0.000573229
191,33380.2,1.66581,2.61455,1.93768,1.82558,0.23832,0.15565,0.17432,0.51254,0.53235,0.51585,0.29318,0.51848,0.51909,0.49622,0.2513,1.42027,2.2748,1.65823,1.69142,nan,0,0,0.000571854,0.000571854,0.000571854
192,33554.9,1.71914,2.65971,2.0031,1.83686,0.23709,0.15277,0.17176,0.54989,0.49377,0.5475,0.29827,0.53804,0.49525,0.52647,0.24414,1.44623,2.26092,1.63718,1.70765,nan,0,0,0.00057048,0.00057048,0.00057048
193,33729.8,1.70059,2.65438,1.98721,1.82702,0.23853,0.15493,0.17288,0.50287,0.54387,0.56303,0.31163,0.48004,0.53201,0.52514,0.25699,1.43801,2.26457,1.61097,1.69716,nan,0,0,0.000569106,0.000569106,0.000569106
194,33905.1,1.66453,2.61048,1.97056,1.82965,0.23811,0.15502,0.17004,0.52422,0.50354,0.55433,0.32248,0.50516,0.48573,0.52345,0.26438,1.43234,2.25735,1.63121,1.69312,nan,0,0,0.000567731,0.000567731,0.000567731
195,34080,1.68981,2.60894,1.97812,1.83399,0.23831,0.15562,0.17365,0.52127,0.58924,0.5492,0.31513,0.49278,0.57699,0.50889,0.25116,1.41008,2.24712,1.57145,1.67486,nan,0,0,0.000566357,0.000566357,0.000566357
196,34254.6,1.672,2.66207,1.95045,1.81841,0.24228,0.16062,0.17513,0.53332,0.52746,0.52829,0.30733,0.51373,0.50863,0.49535,0.2467,1.4181,2.24257,1.57077,1.67387,nan,0,0,0.000564982,0.000564982,0.000564982
197,34429.2,1.67011,2.59732,1.94487,1.81278,0.23668,0.15269,0.17106,0.49958,0.57176,0.55296,0.32508,0.44769,0.56612,0.51876,0.25883,1.42718,2.2441,1.64173,1.67735,nan,0,0,0.000563608,0.000563608,0.000563608
198,34603.9,1.67302,2.61136,1.95183,1.81291,0.2386,0.15315,0.16951,0.5048,0.56401,0.56711,0.33813,0.49312,0.5554,0.54355,0.2825,1.42211,2.24053,1.56455,1.68021,nan,0,0,0.000562233,0.000562233,0.000562233
199,34779,1.69274,2.63305,1.99691,1.85464,0.23793,0.15067,0.16952,0.51441,0.55209,0.57065,0.33198,0.49823,0.53727,0.5363,0.27274,1.42413,2.23889,1.58038,1.68164,nan,0,0,0.000560859,0.000560859,0.000560859
200,34953.7,1.66512,2.59573,1.90783,1.79168,0.23654,0.15276,0.17008,0.52446,0.57994,0.56834,0.33698,0.52775,0.57239,0.54879,0.27754,1.3939,2.21899,1.54853,1.65941,nan,0,0,0.000559484,0.000559484,0.000559484
201,35128.2,1.65167,2.58805,1.92956,1.80916,0.24046,0.15644,0.17766,0.52238,0.57121,0.57651,0.33996,0.50344,0.5522,0.54488,0.26933,1.40298,2.2192,1.56184,1.66838,nan,0,0,0.00055811,0.00055811,0.00055811
202,35302.7,1.66225,2.60584,1.91658,1.84078,0.23808,0.15609,0.17131,0.46601,0.59805,0.55307,0.32191,0.44912,0.57126,0.52768,0.25249,1.43274,2.23029,1.54746,1.68296,nan,0,0,0.000556736,0.000556736,0.000556736
203,35477.3,1.68128,2.60367,1.93438,1.8103,0.23427,0.14938,0.1677,0.59585,0.52898,0.58994,0.35018,0.57476,0.51177,0.55582,0.28512,1.38693,2.20543,1.51308,1.66154,nan,0,0,0.000555361,0.000555361,0.000555361
204,35652.3,1.66678,2.58086,1.90843,1.81598,0.24,0.15876,0.17371,0.533,0.58646,0.58987,0.35283,0.5102,0.56236,0.55629,0.28414,1.40317,2.19865,1.5702,1.66648,nan,0,0,0.000553987,0.000553987,0.000553987
205,35827.2,1.6468,2.60492,1.93296,1.80778,0.24064,0.15456,0.17346,0.46031,0.58937,0.56294,0.33314,0.4368,0.5689,0.51067,0.25043,1.41885,2.21834,1.55812,1.66691,nan,0,0,0.000552612,0.000552612,0.000552612
206,36001.7,1.65252,2.59859,1.92349,1.84277,0.23945,0.15608,0.17543,0.50785,0.56983,0.58333,0.33934,0.4927,0.54673,0.5553,0.27655,1.41817,2.20712,1.56147,1.66735,nan,0,0,0.000551238,0.000551238,0.000551238
207,36176.3,1.64946,2.57206,1.91239,1.81413,0.23713,0.15268,0.17168,0.53904,0.54376,0.58621,0.34331,0.51839,0.52027,0.53261,0.26854,1.40138,2.19021,1.52841,1.66182,nan,0,0,0.000549863,0.000549863,0.000549863
208,36350.7,1.65239,2.59333,1.91618,1.80638,0.23856,0.1573,0.17265,0.54986,0.52462,0.57033,0.32911,0.45413,0.57142,0.53388,0.25928,1.39515,2.19971,1.56301,1.66078,nan,0,0,0.000548489,0.000548489,0.000548489
209,36525.2,1.65797,2.57841,1.89103,1.80974,0.23844,0.15489,0.17375,0.47094,0.61437,0.57576,0.33444,0.45346,0.5905,0.5368,0.27101,1.40495,2.18675,1.51972,1.6661,nan,0,0,0.000547114,0.000547114,0.000547114
210,36699.6,1.63772,2.58247,1.90506,1.80655,0.237,0.15206,0.17013,0.53803,0.5542,0.57371,0.3422,0.5138,0.55917,0.53853,0.27135,1.37724,2.1752,1.55164,1.65115,nan,0,0,0.00054574,0.00054574,0.00054574
211,36874.1,1.63302,2.596,1.91153,1.80516,0.24028,0.15707,0.17534,0.5225,0.55788,0.58552,0.34896,0.54321,0.52298,0.53149,0.2636,1.3774,2.16934,1.53027,1.64958,nan,0,0,0.000544365,0.000544365,0.000544365
212,37048.7,1.64137,2.56585,1.9013,1.80292,0.2396,0.15869,0.17433,0.55319,0.53652,0.599,0.35324,0.5288,0.51469,0.56067,0.27788,1.38731,2.17711,1.53291,1.65357,nan,0,0,0.000542991,0.000542991,0.000542991
213,37223.3,1.6531,2.58378,1.90288,1.8007,0.23516,0.15404,0.17004,0.52672,0.56844,0.6028,0.36076,0.50165,0.5465,0.56354,0.27919,1.37198,2.18594,1.58148,1.63781,nan,0,0,0.000541617,0.000541617,0.000541617
214,37398.1,1.62526,2.54987,1.89487,1.81054,0.23662,0.15199,0.17043,0.58891,0.5202,0.55882,0.33124,0.5683,0.49906,0.52687,0.26428,1.40158,2.18429,1.52276,1.66728,nan,0,0,0.000540242,0.000540242,0.000540242
215,37573,1.63323,2.61719,1.90375,1.82007,0.23885,0.15524,0.17133,0.5457,0.56497,0.57149,0.3465,0.52032,0.54261,0.50826,0.26031,1.35958,2.16181,1.56465,1.64159,nan,0,0,0.000538868,0.000538868,0.000538868
216,37747.4,1.63945,2.57883,1.90876,1.8038,0.23563,0.15141,0.17164,0.56737,0.57388,0.59121,0.34652,0.53709,0.55408,0.55791,0.27938,1.36318,2.14386,1.50693,1.64048,nan,0,0,0.000537493,0.000537493,0.000537493
217,37922.2,1.65103,2.56614,1.88155,1.79872,0.2407,0.15827,0.17526,0.58284,0.54645,0.55246,0.32009,0.5537,0.53822,0.52384,0.25281,1.35538,2.14605,1.5143,1.63193,nan,0,0,0.000536119,0.000536119,0.000536119
218,38096.8,1.6098,2.53902,1.8629,1.78937,0.23575,0.1534,0.16973,0.51063,0.57285,0.56764,0.33555,0.47929,0.55599,0.53394,0.27518,1.35808,2.16348,1.56685,1.63062,nan,0,0,0.000534744,0.000534744,0.000534744
219,38271.3,1.63535,2.55152,1.89395,1.79675,0.23691,0.15375,0.17263,0.53695,0.59793,0.57786,0.34527,0.51526,0.57846,0.54222,0.26929,1.37252,2.14999,1.50968,1.63425,nan,0,0,0.00053337,0.00053337,0.00053337
220,38445.7,1.64263,2.57136,1.90915,1.79089,0.23942,0.15666,0.17414,0.54352,0.58918,0.61315,0.35418,0.52671,0.57331,0.55193,0.28552,1.36478,2.14415,1.47019,1.6333,nan,0,0,0.000531995,0.000531995,0.000531995
221,38620.2,1.66442,2.57412,1.9108,1.8136,0.23533,0.15055,0.16832,0.54377,0.60206,0.61152,0.36198,0.51669,0.58067,0.58313,0.29776,1.37208,2.14362,1.53807,1.64125,nan,0,0,0.000530621,0.000530621,0.000530621
222,38795.2,1.62587,2.54536,1.88806,1.79239,0.23488,0.15397,0.17113,0.53634,0.61828,0.61956,0.37046,0.52427,0.58852,0.57626,0.2986,1.35708,2.11593,1.51304,1.62363,nan,0,0,0.000529247,0.000529247,0.000529247
223,38970.3,1.61781,2.56714,1.87159,1.76873,0.23689,0.15404,0.17062,0.55949,0.59237,0.60643,0.36182,0.53447,0.5678,0.57111,0.28799,1.35852,2.13593,1.48513,1.61294,nan,0,0,0.000527872,0.000527872,0.000527872
224,39144.8,1.62088,2.51849,1.83969,1.77921,0.23737,0.15436,0.17196,0.56473,0.62127,0.60334,0.37321,0.54021,0.59001,0.56938,0.28995,1.35324,2.15112,1.49207,1.61497,nan,0,0,0.000526498,0.000526498,0.000526498
225,39319.3,1.61543,2.51271,1.84019,1.77981,0.23421,0.14856,0.1671,0.57138,0.57702,0.59047,0.3497,0.54535,0.55757,0.55752,0.28634,1.33918,2.138,1.5325,1.60418,nan,0,0,0.000525123,0.000525123,0.000525123
226,39493.6,1.62242,2.52145,1.8343,1.78792,0.23437,0.14814,0.16659,0.57977,0.54675,0.58684,0.35381,0.57437,0.51187,0.5514,0.28193,1.34175,2.11644,1.47749,1.61081,nan,0,0,0.000523749,0.000523749,0.000523749
227,39668,1.63956,2.5163,1.87676,1.79192,0.23642,0.15113,0.16861,0.56078,0.59062,0.60789,0.37398,0.54027,0.56417,0.5726,0.3099,1.33714,2.11984,1.4623,1.61245,nan,0,0,0.000522374,0.000522374,0.000522374
228,39843.1,1.61837,2.55587,1.82954,1.78444,0.23365,0.14995,0.16379,0.56303,0.60697,0.61595,0.38128,0.53359,0.59185,0.58762,0.32247,1.32687,2.108,1.46088,1.60929,nan,0,0,0.000521,0.000521,0.000521
229,40018.3,1.62088,2.52093,1.81194,1.78233,0.23447,0.15069,0.16365,0.57139,0.62042,0.60362,0.36515,0.55157,0.60228,0.57014,0.29109,1.33029,2.09487,1.43968,1.60846,nan,0,0,0.000519625,0.000519625,0.000519625
230,40192.6,1.57058,2.51085,1.79515,1.75884,0.23866,0.15622,0.16618,0.55884,0.60043,0.61856,0.38774,0.56833,0.57125,0.5888,0.30227,1.33464,2.10737,1.47032,1.60757,nan,0,0,0.000518251,0.000518251,0.000518251
231,40367.1,1.59842,2.50249,1.82254,1.78215,0.24003,0.1562,0.16559,0.56493,0.5865,0.62861,0.40102,0.56259,0.55376,0.60428,0.32409,1.31614,2.09502,1.44625,1.59371,nan,0,0,0.000516877,0.000516877,0.000516877
232,40542,1.57799,2.49772,1.80694,1.76781,0.23701,0.15064,0.15855,0.59177,0.59056,0.6339,0.39124,0.56729,0.56558,0.60097,0.30526,1.32118,2.10747,1.47591,1.5984,nan,0,0,0.000515502,0.000515502,0.000515502
233,40716.7,1.60803,2.52734,1.83268,1.77098,0.23195,0.14556,0.1532,0.51352,0.64548,0.61404,0.3807,0.50311,0.62829,0.58793,0.3106,1.33781,2.1139,1.46005,1.60675,nan,0,0,0.000514128,0.000514128,0.000514128
234,40891.2,1.5741,2.52034,1.8477,1.7661,0.23243,0.15025,0.15767,0.5404,0.60575,0.6006,0.36603,0.52734,0.58986,0.57486,0.29727,1.33104,2.08136,1.47891,1.60405,nan,0,0,0.000512753,0.000512753,0.000512753
235,41065.9,1.61079,2.50774,1.83522,1.75631,0.23382,0.15107,0.1587,0.55865,0.57588,0.60958,0.38137,0.54972,0.55941,0.57934,0.31033,1.32239,2.09833,1.43083,1.60668,nan,0,0,0.000511379,0.000511379,0.000511379
236,41240.6,1.58838,2.48397,1.8122,1.73357,0.23184,0.14685,0.15392,0.54849,0.60013,0.62023,0.38778,0.53935,0.59593,0.59621,0.31522,1.32466,2.08861,1.4964,1.60139,nan,0,0,0.000510004,0.000510004,0.000510004
237,41415.1,1.58106,2.47478,1.79774,1.75602,0.23369,0.15296,0.16031,0.58059,0.56785,0.60175,0.37404,0.54838,0.57718,0.58694,0.31264,1.32258,2.08649,1.43151,1.60162,nan,0,0,0.00050863,0.00050863,0.00050863
238,41589.5,1.59058,2.47598,1.80948,1.76831,0.23109,0.14677,0.15305,0.50896,0.66273,0.63184,0.38175,0.48935,0.64786,0.59074,0.31637,1.33364,2.08751,1.43294,1.60994,nan,0,0,0.000507255,0.000507255,0.000507255
239,41763.9,1.57547,2.50702,1.81008,1.76004,0.22913,0.14527,0.15232,0.54131,0.67118,0.62421,0.39623,0.52138,0.6486,0.58956,0.31829,1.30846,2.06995,1.45081,1.58885,nan,0,0,0.000505881,0.000505881,0.000505881
240,41938.4,1.57947,2.46352,1.77501,1.76183,0.23305,0.1461,0.15358,0.56888,0.62169,0.64129,0.40498,0.54781,0.59925,0.60887,0.32969,1.32018,2.05924,1.43811,1.59641,nan,0,0,0.000504506,0.000504506,0.000504506
241,42113.2,1.59243,2.5014,1.82534,1.75851,0.22872,0.14449,0.14978,0.61928,0.59174,0.62257,0.38974,0.59884,0.56981,0.59469,0.32053,1.32971,2.07041,1.41117,1.60017,nan,0,0,0.000503132,0.000503132,0.000503132
242,42287.8,1.59879,2.5135,1.80265,1.75219,0.23145,0.14773,0.15398,0.59413,0.59384,0.61998,0.39276,0.57611,0.5714,0.58463,0.31314,1.31837,2.06125,1.45679,1.59145,nan,0,0,0.000501758,0.000501758,0.000501758
243,42462.4,1.59679,2.48118,1.78683,1.73193,0.23404,0.15235,0.15846,0.56238,0.61522,0.62304,0.39602,0.56176,0.59098,0.59858,0.3203,1.28507,2.03758,1.41878,1.56655,nan,0,0,0.000500383,0.000500383,0.000500383
244,42636.8,1.54812,2.47446,1.76675,1.73563,0.22976,0.1494,0.15499,0.594,0.58314,0.61427,0.37999,0.57279,0.56807,0.58822,0.30694,1.30967,2.05215,1.43549,1.58058,nan,0,0,0.000499009,0.000499009,0.000499009
245,42811.3,1.57083,2.46518,1.77479,1.73409,0.23,0.14805,0.15358,0.59314,0.5799,0.62639,0.4082,0.5747,0.56623,0.60694,0.33473,1.3178,2.05775,1.44249,1.58957,nan,0,0,0.000497634,0.000497634,0.000497634
246,42986.3,1.5882,2.50963,1.80089,1.74605,0.23461,0.15244,0.15928,0.58357,0.58946,0.62733,0.39315,0.56926,0.57792,0.5865,0.31715,1.31919,2.0802,1.46684,1.59976,nan,0,0,0.00049626,0.00049626,0.00049626
247,43160.9,1.60236,2.49391,1.79137,1.75553,0.23211,0.15087,0.15692,0.56771,0.59272,0.62881,0.40229,0.54959,0.57718,0.5993,0.32545,1.30519,2.0455,1.44157,1.58404,nan,0,0,0.000494885,0.000494885,0.000494885
248,43335.2,1.58457,2.43017,1.77482,1.75445,0.22852,0.14594,0.15176,0.51166,0.65187,0.64752,0.42147,0.53373,0.59442,0.6117,0.33684,1.29325,2.0396,1.41281,1.57189,nan,0,0,0.000493511,0.000493511,0.000493511
249,43510.3,1.58948,2.48136,1.76765,1.73509,0.23245,0.14895,0.15615,0.56775,0.62729,0.65579,0.43749,0.55713,0.61218,0.63585,0.35667,1.27526,2.02613,1.43101,1.56488,nan,0,0,0.000492136,0.000492136,0.000492136
250,43685.2,1.57379,2.45888,1.74728,1.74374,0.23049,0.14627,0.15279,0.60412,0.60114,0.64622,0.4168,0.58975,0.58848,0.6232,0.33649,1.2904,2.04549,1.42476,1.56739,nan,0,0,0.000490762,0.000490762,0.000490762
251,43859.8,1.58217,2.45079,1.74333,1.73494,0.23139,0.14643,0.15269,0.54971,0.6165,0.64176,0.41434,0.51533,0.61526,0.61011,0.34183,1.28326,2.03067,1.44198,1.56677,nan,0,0,0.000489387,0.000489387,0.000489387
252,44034.5,1.58562,2.44513,1.77558,1.73269,0.22862,0.14792,0.15371,0.56406,0.61972,0.64505,0.4093,0.53834,0.59868,0.60427,0.33138,1.30106,2.02519,1.44393,1.57323,nan,0,0,0.000488013,0.000488013,0.000488013
253,44209.2,1.57247,2.44356,1.77157,1.72901,0.2273,0.14361,0.14955,0.58715,0.59576,0.63628,0.38522,0.56876,0.58565,0.58169,0.30852,1.30921,2.02902,1.40587,1.57487,nan,0,0,0.000486639,0.000486639,0.000486639
254,44383.6,1.57383,2.46234,1.74333,1.72879,0.23249,0.14953,0.15466,0.60212,0.58978,0.64112,0.40572,0.57798,0.57192,0.60939,0.33069,1.27524,2.00746,1.40009,1.55742,nan,0,0,0.000485264,0.000485264,0.000485264
255,44558,1.55812,2.46142,1.76054,1.72262,0.23164,0.14819,0.15521,0.53374,0.63176,0.64732,0.41358,0.50764,0.62744,0.62089,0.33192,1.28159,2.01669,1.40481,1.55982,nan,0,0,0.00048389,0.00048389,0.00048389
256,44732.2,1.53248,2.42796,1.74775,1.71104,0.23183,0.14727,0.15357,0.58952,0.59578,0.64303,0.40205,0.57435,0.57284,0.61455,0.32824,1.29922,2.01936,1.37947,1.56694,nan,0,0,0.000482515,0.000482515,0.000482515
257,44906.7,1.56602,2.41731,1.74678,1.71587,0.23178,0.14771,0.15395,0.6098,0.59766,0.65945,0.42144,0.58836,0.57936,0.63053,0.34533,1.2572,2.01142,1.39865,1.54328,nan,0,0,0.000481141,0.000481141,0.000481141
258,45081,1.55312,2.44348,1.73979,1.71531,0.23033,0.14535,0.15197,0.60534,0.61413,0.65484,0.41613,0.58016,0.60296,0.63061,0.33158,1.27343,2.01513,1.37517,1.55604,nan,0,0,0.000479766,0.000479766,0.000479766
259,45255.4,1.5811,2.45166,1.76375,1.73679,0.23139,0.14896,0.15626,0.57673,0.60768,0.6523,0.4138,0.56153,0.59372,0.62392,0.3378,1.25635,2.00249,1.40334,1.53747,nan,0,0,0.000478392,0.000478392,0.000478392
260,45429.9,1.56301,2.40949,1.72055,1.69799,0.2309,0.14901,0.15411,0.59371,0.61317,0.64682,0.41066,0.57629,0.59867,0.61153,0.34038,1.2717,1.99606,1.38192,1.54882,nan,0,0,0.000477017,0.000477017,0.000477017
261,45604.3,1.54639,2.42135,1.73156,1.7234,0.22615,0.14225,0.14792,0.5815,0.64166,0.65609,0.41447,0.56491,0.62504,0.62494,0.34935,1.26314,1.99083,1.358,1.54132,nan,0,0,0.000475643,0.000475643,0.000475643
262,45778.5,1.54818,2.39269,1.71606,1.72688,0.22963,0.14593,0.15197,0.56189,0.65115,0.6586,0.41822,0.54724,0.62993,0.63615,0.34649,1.25991,2.0043,1.37561,1.5488,nan,0,0,0.000474269,0.000474269,0.000474269
263,45953,1.53691,2.41618,1.72477,1.7038,0.23733,0.15316,0.15993,0.60175,0.60648,0.65251,0.41113,0.5898,0.58513,0.62787,0.34301,1.26431,1.99626,1.39054,1.54673,nan,0,0,0.000472894,0.000472894,0.000472894
264,46127.5,1.5791,2.46366,1.75409,1.73142,0.22997,0.14677,0.15261,0.59585,0.58234,0.64324,0.41228,0.58045,0.56848,0.61834,0.33392,1.25464,1.98498,1.35929,1.5358,nan,0,0,0.00047152,0.00047152,0.00047152
265,46301.8,1.55648,2.39278,1.71871,1.71393,0.23048,0.14525,0.15155,0.58728,0.64733,0.66869,0.43178,0.57263,0.63038,0.64145,0.35774,1.26148,1.99028,1.34568,1.54271,nan,0,0,0.000470145,0.000470145,0.000470145
266,46476.5,1.53445,2.40833,1.70892,1.70714,0.23012,0.14798,0.15357,0.60827,0.57786,0.6569,0.42433,0.59697,0.55852,0.6338,0.35406,1.25472,1.97607,1.34193,1.53657,nan,0,0,0.000468771,0.000468771,0.000468771
267,46650.8,1.56202,2.40019,1.70293,1.71911,0.22948,0.1472,0.15272,0.54829,0.63674,0.67121,0.44349,0.54135,0.62441,0.6529,0.35808,1.2353,1.97279,1.35694,1.52412,nan,0,0,0.000467396,0.000467396,0.000467396
268,46826,1.53798,2.38242,1.68539,1.70391,0.22853,0.1464,0.15162,0.60103,0.60854,0.66777,0.438,0.57874,0.59996,0.64085,0.35893,1.24915,1.96838,1.36769,1.52991,nan,0,0,0.000466022,0.000466022,0.000466022
269,47000.5,1.54954,2.40969,1.71527,1.70388,0.22953,0.14352,0.15001,0.53317,0.66132,0.66841,0.43757,0.5135,0.64165,0.63366,0.35191,1.26566,1.97211,1.32641,1.53575,nan,0,0,0.000464647,0.000464647,0.000464647
270,47174.9,1.53767,2.44895,1.70699,1.71664,0.22922,0.14669,0.15256,0.58939,0.59061,0.65874,0.42762,0.56862,0.57229,0.62834,0.34821,1.24345,1.97436,1.33854,1.52656,nan,0,0,0.000463273,0.000463273,0.000463273
271,47349.2,1.54146,2.38445,1.68865,1.70968,0.22853,0.14392,0.15026,0.59173,0.61706,0.66068,0.42994,0.57505,0.59958,0.63443,0.34834,1.25936,1.97292,1.33506,1.53967,nan,0,0,0.000461898,0.000461898,0.000461898
272,47523.6,1.55307,2.38948,1.72788,1.70733,0.2283,0.14209,0.14801,0.66025,0.55467,0.66571,0.43255,0.63814,0.53766,0.63524,0.35183,1.25476,1.96754,1.32102,1.5272,nan,0,0,0.000460524,0.000460524,0.000460524
273,47698.1,1.55323,2.38877,1.72649,1.71611,0.23449,0.1524,0.15796,0.61786,0.62604,0.66472,0.4306,0.60073,0.60905,0.63761,0.3487,1.24557,1.97479,1.3544,1.52353,nan,0,0,0.00045915,0.00045915,0.00045915
274,47872.5,1.54732,2.40634,1.71793,1.70158,0.22779,0.14553,0.15154,0.63863,0.63649,0.67405,0.44859,0.61464,0.62162,0.64673,0.36376,1.23552,1.96033,1.33183,1.51711,nan,0,0,0.000457775,0.000457775,0.000457775
275,48047.5,1.54946,2.4025,1.68638,1.68721,0.23478,0.14794,0.15464,0.60489,0.63929,0.67333,0.44741,0.59796,0.62085,0.65476,0.36002,1.24962,1.96517,1.30938,1.5275,nan,0,0,0.000456401,0.000456401,0.000456401
276,48221.9,1.52561,2.39261,1.67526,1.67966,0.22766,0.1443,0.15022,0.59496,0.65893,0.67048,0.44322,0.58345,0.64106,0.64716,0.36545,1.24455,1.97283,1.32382,1.52863,nan,0,0,0.000455026,0.000455026,0.000455026
277,48396.4,1.51929,2.34913,1.66006,1.67688,0.22929,0.14477,0.14997,0.59395,0.6638,0.67429,0.45015,0.57662,0.64734,0.64555,0.36598,1.2338,1.94427,1.31382,1.51196,nan,0,0,0.000453652,0.000453652,0.000453652
278,48571.2,1.52088,2.39691,1.66658,1.68756,0.22584,0.14186,0.14792,0.63036,0.62622,0.67807,0.44698,0.57394,0.63491,0.64935,0.36024,1.24377,1.95847,1.33897,1.5222,nan,0,0,0.000452277,0.000452277,0.000452277
279,48746,1.5065,2.3883,1.65498,1.66979,0.22497,0.13913,0.14562,0.57752,0.68364,0.68368,0.45435,0.55133,0.67875,0.66186,0.36987,1.25141,1.94837,1.31194,1.52648,nan,0,0,0.000450903,0.000450903,0.000450903
280,48921.2,1.54813,2.38867,1.68723,1.67451,0.23105,0.14941,0.15638,0.56668,0.6839,0.6773,0.43595,0.57042,0.65441,0.65133,0.35502,1.23699,1.94327,1.34581,1.51598,nan,0,0,0.000449528,0.000449528,0.000449528
281,49095.9,1.55398,2.37992,1.70766,1.67746,0.22547,0.14212,0.1488,0.64971,0.60588,0.67307,0.42801,0.61417,0.58725,0.64013,0.34855,1.25059,1.96069,1.36791,1.52269,nan,0,0,0.000448154,0.000448154,0.000448154
282,49270.3,1.49591,2.36823,1.70035,1.69123,0.2277,0.14452,0.15061,0.60994,0.60114,0.67074,0.43579,0.58857,0.58068,0.63869,0.35462,1.24923,1.95939,1.35118,1.52349,nan,0,0,0.00044678,0.00044678,0.00044678
283,49444.7,1.54541,2.40021,1.69875,1.70716,0.22495,0.13693,0.14363,0.57496,0.65389,0.66945,0.43413,0.56062,0.64062,0.64269,0.36349,1.22799,1.93893,1.3434,1.50558,nan,0,0,0.000445405,0.000445405,0.000445405
284,49619.1,1.53012,2.37425,1.66652,1.69639,0.22708,0.14623,0.15182,0.56508,0.63912,0.6685,0.42947,0.54652,0.62089,0.6377,0.35662,1.23926,1.92819,1.36145,1.51463,nan,0,0,0.000444031,0.000444031,0.000444031
285,49793.5,1.52612,2.37823,1.66874,1.68042,0.22878,0.14444,0.15029,0.57302,0.64576,0.66986,0.4359,0.55283,0.62654,0.64179,0.35881,1.22362,1.93257,1.33385,1.50809,nan,0,0,0.000442656,0.000442656,0.000442656
286,49968,1.53715,2.36769,1.66454,1.66668,0.22708,0.14247,0.14831,0.5918,0.62811,0.67384,0.43867,0.56777,0.62239,0.64446,0.35589,1.21928,1.93345,1.31533,1.50033,nan,0,0,0.000441282,0.000441282,0.000441282
287,50142.4,1.49842,2.32788,1.63101,1.69711,0.22885,0.14123,0.14769,0.61284,0.62613,0.67835,0.45113,0.58817,0.62141,0.65036,0.36626,1.21463,1.92607,1.3107,1.49793,nan,0,0,0.000439907,0.000439907,0.000439907
288,50317.1,1.53496,2.37581,1.65629,1.67653,0.2282,0.14251,0.14865,0.61173,0.63954,0.67643,0.45148,0.63765,0.58591,0.64794,0.37619,1.21068,1.92395,1.29739,1.49916,nan,0,0,0.000438533,0.000438533,0.000438533
289,50492,1.49714,2.38203,1.62762,1.69591,0.22896,0.14617,0.15206,0.58433,0.64165,0.6706,0.4525,0.53462,0.65942,0.63769,0.37607,1.21523,1.92273,1.31742,1.50791,nan,0,0,0.000437158,0.000437158,0.000437158
290,50666.9,1.5224,2.33172,1.65399,1.68443,0.22828,0.14448,0.15169,0.58028,0.65391,0.67315,0.44385,0.56093,0.63746,0.64627,0.37538,1.21832,1.92653,1.30958,1.5056,nan,0,0,0.000435784,0.000435784,0.000435784
291,50841.2,1.49352,2.35813,1.64486,1.67988,0.22705,0.14361,0.14998,0.61358,0.62191,0.68469,0.45827,0.59188,0.60533,0.65459,0.37494,1.20178,1.92734,1.30717,1.49378,nan,0,0,0.000434409,0.000434409,0.000434409
292,51016.3,1.53041,2.37346,1.66092,1.67355,0.22817,0.14516,0.15236,0.61219,0.61561,0.68359,0.46007,0.57412,0.61991,0.66196,0.38003,1.2108,1.91855,1.31818,1.49589,nan,0,0,0.000433035,0.000433035,0.000433035
293,51191.3,1.49219,2.32584,1.64749,1.66755,0.22594,0.14325,0.1501,0.59394,0.66057,0.68498,0.46407,0.57434,0.6426,0.65166,0.37592,1.20044,1.91652,1.28066,1.49189,nan,0,0,0.000431661,0.000431661,0.000431661
294,51365.4,1.51435,2.33561,1.65663,1.67459,0.22265,0.13937,0.14622,0.56386,0.69387,0.67561,0.45504,0.53798,0.66591,0.63016,0.37396,1.20895,1.91819,1.2911,1.49979,nan,0,0,0.000430286,0.000430286,0.000430286
295,51540,1.49683,2.28223,1.63493,1.66274,0.22556,0.14374,0.1515,0.6219,0.63991,0.68998,0.46046,0.59341,0.62246,0.65672,0.38557,1.20343,1.91702,1.28593,1.49702,nan,0,0,0.000428912,0.000428912,0.000428912
296,51714.8,1.48832,2.37471,1.65648,1.66594,0.22428,0.14322,0.14937,0.57874,0.67872,0.68601,0.45449,0.55607,0.66402,0.65061,0.37014,1.20251,1.91918,1.29369,1.49848,nan,0,0,0.000427537,0.000427537,0.000427537
297,51889.2,1.49796,2.32826,1.64226,1.67662,0.2232,0.14472,0.15019,0.62745,0.63113,0.69871,0.46653,0.59214,0.63374,0.67299,0.38276,1.19467,1.89971,1.28215,1.48746,nan,0,0,0.000426163,0.000426163,0.000426163
298,52063.9,1.46512,2.31277,1.60023,1.65663,0.22291,0.14217,0.14899,0.5931,0.67638,0.68488,0.46577,0.56486,0.64879,0.65042,0.37466,1.20531,1.90712,1.29179,1.48991,nan,0,0,0.000424788,0.000424788,0.000424788
299,52238.3,1.49177,2.31102,1.6516,1.67473,0.22088,0.14039,0.14653,0.63012,0.67903,0.69895,0.47419,0.62278,0.62812,0.66196,0.38674,1.20854,1.91514,1.28746,1.49585,nan,0,0,0.000423414,0.000423414,0.000423414
300,52413.1,1.46032,2.29806,1.57816,1.6457,0.22156,0.14283,0.14911,0.63146,0.67293,0.69881,0.47402,0.61689,0.65883,0.67332,0.38751,1.20333,1.89157,1.29017,1.49123,nan,0,0,0.000422039,0.000422039,0.000422039
301,52588.2,1.49545,2.3266,1.60769,1.66028,0.22172,0.14,0.14749,0.62949,0.63788,0.69804,0.47963,0.60895,0.62069,0.66663,0.38634,1.18895,1.90125,1.27852,1.48125,nan,0,0,0.000420665,0.000420665,0.000420665
302,52762.9,1.4825,2.31799,1.63652,1.66574,0.22045,0.13448,0.14117,0.59749,0.67725,0.71241,0.48979,0.58024,0.65762,0.67762,0.40226,1.17599,1.89193,1.27939,1.47327,nan,0,0,0.000419291,0.000419291,0.000419291
303,52937.9,1.49636,2.35613,1.60384,1.65367,0.22408,0.14222,0.14898,0.6103,0.64373,0.70009,0.47487,0.59879,0.63331,0.6811,0.39315,1.18773,1.89147,1.28093,1.48045,nan,0,0,0.000417916,0.000417916,0.000417916
304,53112.5,1.50954,2.33345,1.61916,1.66136,0.22214,0.14165,0.14829,0.63721,0.62972,0.6963,0.4732,0.61774,0.61325,0.66624,0.38452,1.18761,1.88136,1.27643,1.4745,nan,0,0,0.000416542,0.000416542,0.000416542
305,53286.9,1.4622,2.33176,1.58705,1.64862,0.22022,0.139,0.14578,0.69191,0.58317,0.69397,0.47114,0.6861,0.56111,0.66567,0.38584,1.18747,1.8886,1.29728,1.48192,nan,0,0,0.000415167,0.000415167,0.000415167
306,53461.4,1.48149,2.31547,1.61218,1.66267,0.22555,0.14269,0.14957,0.65606,0.65513,0.71324,0.48226,0.64459,0.63769,0.69025,0.39761,1.18217,1.88093,1.27374,1.47961,nan,0,0,0.000413793,0.000413793,0.000413793
307,53635.7,1.45032,2.27593,1.56988,1.647,0.22221,0.14264,0.15042,0.62185,0.67509,0.70402,0.47515,0.60414,0.66811,0.68224,0.39405,1.18751,1.8762,1.28151,1.47802,nan,0,0,0.000412418,0.000412418,0.000412418
308,53810,1.50532,2.32843,1.62479,1.66374,0.22026,0.14068,0.14727,0.59617,0.6731,0.71044,0.48783,0.57645,0.6641,0.6827,0.40069,1.18769,1.87824,1.25898,1.47989,nan,0,0,0.000411044,0.000411044,0.000411044
309,53984.5,1.47565,2.33343,1.63621,1.66673,0.2164,0.1372,0.14445,0.65259,0.62497,0.7077,0.47616,0.64503,0.61516,0.68748,0.39537,1.20564,1.8813,1.26486,1.48914,nan,0,0,0.000409669,0.000409669,0.000409669
310,54158.7,1.495,2.34879,1.62386,1.66191,0.22209,0.14546,0.15252,0.61533,0.64973,0.71287,0.48188,0.60015,0.63308,0.68625,0.40785,1.19635,1.87432,1.25812,1.47864,nan,0,0,0.000408295,0.000408295,0.000408295
311,54333,1.47793,2.28621,1.59712,1.62416,0.22046,0.14257,0.15019,0.59118,0.68306,0.70619,0.47395,0.57902,0.66828,0.68079,0.40123,1.17362,1.87211,1.25556,1.46514,nan,0,0,0.00040692,0.00040692,0.00040692
312,54507.4,1.47658,2.3162,1.60466,1.64891,0.22157,0.14412,0.1507,0.61767,0.65685,0.69657,0.48417,0.60037,0.64068,0.67541,0.40445,1.16978,1.86724,1.2605,1.46752,nan,0,0,0.000405546,0.000405546,0.000405546
313,54681.7,1.4869,2.30372,1.60587,1.66686,0.21721,0.13565,0.14342,0.67275,0.61094,0.69517,0.47457,0.65618,0.58977,0.677,0.40786,1.17691,1.86256,1.28425,1.46576,nan,0,0,0.000404172,0.000404172,0.000404172
314,54856,1.49412,2.33529,1.62928,1.65408,0.21497,0.13896,0.14571,0.63539,0.66672,0.70585,0.47909,0.62503,0.65039,0.68481,0.40264,1.17846,1.8691,1.25593,1.46755,nan,0,0,0.000402797,0.000402797,0.000402797
315,55030.4,1.48368,2.285,1.62775,1.65322,0.21683,0.13837,0.146,0.64686,0.67456,0.7168,0.49133,0.637,0.65774,0.69289,0.40235,1.1823,1.85926,1.25101,1.46978,nan,0,0,0.000401423,0.000401423,0.000401423
316,55205.2,1.4714,2.25299,1.56622,1.63397,0.21309,0.13618,0.14258,0.63731,0.67949,0.70823,0.48289,0.62614,0.66065,0.68955,0.40939,1.16781,1.84662,1.25649,1.45927,nan,0,0,0.000400048,0.000400048,0.000400048
317,55379.5,1.45557,2.27329,1.57802,1.63454,0.21516,0.13751,0.14392,0.63305,0.64096,0.70874,0.49063,0.6361,0.62074,0.69401,0.40697,1.17103,1.8488,1.25417,1.45776,nan,0,0,0.000398674,0.000398674,0.000398674
318,55554.3,1.46716,2.3057,1.58065,1.61646,0.21886,0.13982,0.14714,0.56318,0.71405,0.71355,0.48216,0.55159,0.69945,0.69114,0.40329,1.18897,1.86104,1.24354,1.47291,nan,0,0,0.000397299,0.000397299,0.000397299
319,55728.6,1.45443,2.30678,1.5815,1.63144,0.21693,0.13954,0.14699,0.61056,0.67121,0.72104,0.49093,0.60673,0.6511,0.70003,0.41058,1.16483,1.84901,1.23434,1.45687,nan,0,0,0.000395925,0.000395925,0.000395925
320,55903.5,1.45728,2.25848,1.57994,1.63475,0.2154,0.14164,0.14875,0.60011,0.66659,0.71939,0.48315,0.57608,0.65652,0.68835,0.4105,1.18472,1.85322,1.25954,1.46768,nan,0,0,0.00039455,0.00039455,0.00039455
321,56077.9,1.47283,2.30329,1.57842,1.62966,0.21222,0.13551,0.141,0.59299,0.71055,0.71632,0.49269,0.57701,0.69859,0.68905,0.40017,1.15338,1.83901,1.24645,1.44771,nan,0,0,0.000393176,0.000393176,0.000393176
322,56252.3,1.45351,2.26083,1.54872,1.61754,0.21426,0.13947,0.1447,0.62296,0.64745,0.7098,0.4961,0.62492,0.63005,0.68775,0.40739,1.15562,1.82761,1.23515,1.44483,nan,0,0,0.000391802,0.000391802,0.000391802
323,56427.1,1.45919,2.29539,1.58794,1.63588,0.21228,0.13599,0.14311,0.61726,0.6882,0.69908,0.48629,0.61303,0.67019,0.67423,0.40065,1.15205,1.82348,1.22627,1.44227,nan,0,0,0.000390427,0.000390427,0.000390427
324,56601.6,1.46418,2.23288,1.57728,1.62341,0.21635,0.14011,0.14768,0.6371,0.66264,0.71491,0.4873,0.63545,0.63578,0.68571,0.40639,1.1612,1.84027,1.23788,1.45307,nan,0,0,0.000389053,0.000389053,0.000389053
325,56775.8,1.45173,2.26468,1.59075,1.63786,0.21558,0.1392,0.14607,0.58807,0.69372,0.70831,0.48782,0.62849,0.63346,0.68775,0.40417,1.16586,1.83752,1.22925,1.45265,nan,0,0,0.000387678,0.000387678,0.000387678
326,56950.1,1.45804,2.2571,1.56791,1.61951,0.21676,0.13759,0.1446,0.61871,0.68135,0.71658,0.49417,0.60825,0.66636,0.68419,0.3988,1.15916,1.83815,1.2141,1.45194,nan,0,0,0.000386304,0.000386304,0.000386304
327,57124.6,1.43781,2.25496,1.542,1.62148,0.22006,0.14269,0.15001,0.60184,0.72626,0.7143,0.50163,0.58074,0.71282,0.68629,0.39964,1.16267,1.8302,1.23385,1.45506,nan,0,0,0.000384929,0.000384929,0.000384929
328,57299.1,1.46719,2.27096,1.56222,1.62271,0.21417,0.13942,0.14627,0.61002,0.69939,0.7137,0.49257,0.57595,0.693,0.68021,0.40094,1.1543,1.82726,1.23099,1.44744,nan,0,0,0.000383555,0.000383555,0.000383555
329,57473.5,1.45391,2.27577,1.59104,1.63431,0.21676,0.13999,0.14767,0.6126,0.67997,0.72232,0.51665,0.58851,0.6814,0.69073,0.41571,1.15246,1.8196,1.23164,1.44667,nan,0,0,0.00038218,0.00038218,0.00038218
330,57648.3,1.46077,2.24485,1.57487,1.63469,0.21497,0.1378,0.14449,0.60341,0.67703,0.72549,0.51435,0.58724,0.66155,0.69595,0.42168,1.13495,1.82338,1.22559,1.43932,nan,0,0,0.000380806,0.000380806,0.000380806
331,57823.2,1.45541,2.23528,1.56156,1.63291,0.21454,0.13902,0.14576,0.61288,0.66439,0.71222,0.48693,0.59742,0.64686,0.68649,0.39961,1.14889,1.81656,1.22632,1.44401,nan,0,0,0.000379431,0.000379431,0.000379431
332,57997.6,1.46208,2.22585,1.60404,1.64134,0.21454,0.13888,0.14522,0.66666,0.68062,0.72989,0.51008,0.64246,0.66602,0.70613,0.40559,1.13692,1.82452,1.21771,1.4389,nan,0,0,0.000378057,0.000378057,0.000378057
333,58171.9,1.44907,2.24664,1.55937,1.63638,0.21355,0.13865,0.14574,0.64826,0.64292,0.7271,0.50423,0.63202,0.63066,0.70031,0.40901,1.15745,1.82637,1.21502,1.44928,nan,0,0,0.000376683,0.000376683,0.000376683
334,58346.1,1.48551,2.30461,1.58322,1.63761,0.21679,0.14052,0.1461,0.63934,0.70224,0.71454,0.48665,0.62616,0.68558,0.69191,0.4049,1.14057,1.80923,1.23636,1.43696,nan,0,0,0.000375308,0.000375308,0.000375308
335,58520.4,1.4337,2.23126,1.56573,1.64298,0.21598,0.13755,0.14563,0.71053,0.63015,0.71416,0.48469,0.69375,0.61746,0.68804,0.40572,1.13961,1.81141,1.20643,1.43975,nan,0,0,0.000373934,0.000373934,0.000373934
336,58694.8,1.44546,2.27004,1.54615,1.64022,0.21698,0.14265,0.1493,0.64807,0.69154,0.7088,0.48984,0.63401,0.67765,0.6862,0.40286,1.12716,1.79505,1.19558,1.42996,nan,0,0,0.000372559,0.000372559,0.000372559
337,58869.1,1.42987,2.22323,1.55946,1.6088,0.2149,0.13836,0.14573,0.68515,0.68731,0.71181,0.49522,0.67605,0.67077,0.69171,0.40523,1.13989,1.80616,1.21749,1.43497,nan,0,0,0.000371185,0.000371185,0.000371185
338,59043.5,1.46252,2.27121,1.58859,1.62174,0.21596,0.14249,0.14835,0.6738,0.69617,0.71554,0.4982,0.65165,0.68944,0.68845,0.40688,1.14108,1.80654,1.20088,1.4378,nan,0,0,0.00036981,0.00036981,0.00036981
339,59217.8,1.46657,2.2515,1.54584,1.62909,0.21609,0.14019,0.14834,0.65147,0.70312,0.71751,0.49927,0.64106,0.68945,0.69866,0.40849,1.14436,1.80632,1.2129,1.43787,nan,0,0,0.000368436,0.000368436,0.000368436
340,59392.1,1.42306,2.19618,1.5262,1.61432,0.21408,0.13763,0.14493,0.67098,0.65725,0.71717,0.49786,0.65913,0.64659,0.69567,0.41054,1.13511,1.80911,1.21753,1.4336,nan,0,0,0.000367061,0.000367061,0.000367061
341,59566.7,1.43937,2.23073,1.5718,1.61963,0.21507,0.13771,0.14418,0.62691,0.68142,0.71144,0.49256,0.60797,0.66818,0.68657,0.40372,1.14662,1.80631,1.21985,1.44003,nan,0,0,0.000365687,0.000365687,0.000365687
342,59741,1.4578,2.26492,1.5723,1.62747,0.21405,0.13723,0.14479,0.60946,0.71759,0.71095,0.49186,0.59393,0.71012,0.69092,0.40501,1.13584,1.79064,1.20748,1.43506,nan,0,0,0.000364313,0.000364313,0.000364313
343,59915.4,1.4514,2.27685,1.56143,1.625,0.2153,0.13866,0.14693,0.625,0.75054,0.72028,0.49545,0.61121,0.73459,0.69976,0.41094,1.13592,1.79532,1.21536,1.43644,nan,0,0,0.000362938,0.000362938,0.000362938
344,60089.9,1.46029,2.2148,1.53594,1.62251,0.21591,0.13937,0.14614,0.66475,0.69205,0.71931,0.50426,0.65692,0.67966,0.70048,0.41896,1.12914,1.79179,1.21063,1.42981,nan,0,0,0.000361564,0.000361564,0.000361564
345,60264.6,1.45348,2.26065,1.54969,1.61825,0.21777,0.14,0.14686,0.66371,0.69365,0.72653,0.50756,0.65354,0.68253,0.70547,0.4148,1.13058,1.79503,1.21217,1.43274,nan,0,0,0.000360189,0.000360189,0.000360189
346,60439,1.41449,2.20619,1.50481,1.60472,0.21419,0.13468,0.14207,0.66079,0.68735,0.73186,0.50631,0.6575,0.67122,0.71356,0.41543,1.13556,1.79694,1.21093,1.43215,nan,0,0,0.000358815,0.000358815,0.000358815
347,60613.3,1.44881,2.21627,1.55866,1.63321,0.21141,0.13631,0.14329,0.66681,0.70185,0.7308,0.50571,0.65444,0.68998,0.71391,0.42472,1.13143,1.79851,1.23505,1.43006,nan,0,0,0.00035744,0.00035744,0.00035744
348,60787.9,1.47207,2.28398,1.56323,1.63526,0.21326,0.13927,0.14492,0.63237,0.70492,0.73399,0.51134,0.62636,0.68717,0.71532,0.42661,1.14078,1.79818,1.2162,1.43688,nan,0,0,0.000356066,0.000356066,0.000356066
349,60962.9,1.38451,2.1655,1.47693,1.58107,0.21405,0.13672,0.14427,0.65721,0.68434,0.73433,0.50466,0.65383,0.67239,0.71324,0.42227,1.1368,1.78837,1.19078,1.4309,nan,0,0,0.000354691,0.000354691,0.000354691
350,61137.2,1.40489,2.18427,1.50503,1.59193,0.21579,0.13966,0.14621,0.63578,0.71797,0.72979,0.50384,0.61766,0.69934,0.70344,0.41101,1.12624,1.78902,1.19382,1.42728,nan,0,0,0.000353317,0.000353317,0.000353317
351,61311.7,1.45423,2.2566,1.52784,1.62104,0.2116,0.13459,0.14178,0.68817,0.68107,0.72919,0.50197,0.68315,0.66673,0.70721,0.41487,1.12754,1.77868,1.19488,1.4267,nan,0,0,0.000351942,0.000351942,0.000351942
352,61486.2,1.43947,2.2471,1.55562,1.61791,0.21414,0.13763,0.1444,0.67447,0.68908,0.72264,0.50361,0.66217,0.67643,0.70191,0.41942,1.11856,1.76998,1.19023,1.42278,nan,0,0,0.000350568,0.000350568,0.000350568
353,61660.5,1.42927,2.21649,1.54031,1.6363,0.21155,0.13688,0.14333,0.64378,0.69687,0.73529,0.51235,0.63115,0.67891,0.71435,0.42415,1.1257,1.77557,1.19654,1.4269,nan,0,0,0.000349194,0.000349194,0.000349194
354,61835.1,1.44595,2.20813,1.54605,1.61046,0.21672,0.13808,0.14577,0.63078,0.68669,0.72449,0.50117,0.63186,0.67426,0.71151,0.41838,1.12535,1.78118,1.19686,1.42715,nan,0,0,0.000347819,0.000347819,0.000347819
355,62009.5,1.43668,2.21967,1.52564,1.59859,0.21422,0.13636,0.14249,0.65849,0.68466,0.72954,0.49975,0.65028,0.67426,0.70888,0.42044,1.13219,1.77662,1.20593,1.43179,nan,0,0,0.000346445,0.000346445,0.000346445
356,62184,1.42836,2.23478,1.51554,1.59728,0.21443,0.13854,0.14392,0.62647,0.70949,0.73392,0.49167,0.6198,0.68013,0.7131,0.42039,1.12902,1.77483,1.21609,1.42648,nan,0,0,0.00034507,0.00034507,0.00034507
357,62358.6,1.43107,2.2211,1.53695,1.60491,0.21747,0.14026,0.14752,0.60808,0.7197,0.72943,0.49413,0.57443,0.71425,0.69904,0.41515,1.13142,1.76435,1.19884,1.42786,nan,0,0,0.000343696,0.000343696,0.000343696
358,62533.1,1.4135,2.22125,1.4918,1.60363,0.21235,0.13219,0.1397,0.61112,0.69744,0.73594,0.50364,0.60085,0.68715,0.71754,0.41836,1.11911,1.76232,1.195,1.42238,nan,0,0,0.000342321,0.000342321,0.000342321
359,62707.5,1.4226,2.21404,1.5172,1.59683,0.21634,0.13611,0.14426,0.63966,0.71912,0.73095,0.49717,0.62712,0.70375,0.70612,0.42023,1.12057,1.76067,1.20131,1.42059,nan,0,0,0.000340947,0.000340947,0.000340947
360,62881.8,1.41573,2.19495,1.51761,1.60291,0.21293,0.13969,0.14513,0.66067,0.69074,0.74092,0.51073,0.64604,0.67416,0.72092,0.42455,1.11912,1.76187,1.19396,1.41732,nan,0,0,0.000339572,0.000339572,0.000339572
361,63056.2,1.41507,2.19927,1.51089,1.59916,0.21321,0.13518,0.14153,0.61171,0.70597,0.73511,0.50185,0.59853,0.69387,0.71796,0.4231,1.11894,1.7609,1.19429,1.41383,nan,0,0,0.000338198,0.000338198,0.000338198
362,63230.7,1.42637,2.24722,1.52149,1.59425,0.21232,0.1375,0.14483,0.64343,0.71435,0.73395,0.50409,0.62926,0.69918,0.71529,0.41851,1.11776,1.75454,1.20396,1.41688,nan,0,0,0.000336824,0.000336824,0.000336824
363,63405.2,1.37772,2.17554,1.48182,1.56865,0.21519,0.13593,0.14281,0.63008,0.7157,0.73288,0.51601,0.61793,0.70143,0.71603,0.43472,1.1138,1.75684,1.18868,1.41154,nan,0,0,0.000335449,0.000335449,0.000335449
364,63580.1,1.40487,2.23512,1.51319,1.59065,0.21243,0.13538,0.14263,0.64794,0.71384,0.73144,0.51396,0.63474,0.69776,0.71331,0.43388,1.11066,1.75368,1.18167,1.41117,nan,0,0,0.000334075,0.000334075,0.000334075
365,63754.4,1.3973,2.18513,1.492,1.59647,0.21084,0.13152,0.13711,0.63864,0.69816,0.73477,0.52022,0.62556,0.67904,0.71205,0.42594,1.10819,1.75428,1.17997,1.40924,nan,0,0,0.0003327,0.0003327,0.0003327
366,63928.7,1.39774,2.18836,1.52475,1.59139,0.21568,0.13851,0.14556,0.64986,0.68005,0.72627,0.51517,0.63927,0.66913,0.7098,0.42609,1.10468,1.75105,1.17923,1.40986,nan,0,0,0.000331326,0.000331326,0.000331326
367,64103.1,1.39003,2.19165,1.48032,1.59014,0.21477,0.13409,0.14173,0.68542,0.64042,0.72316,0.50401,0.67817,0.6261,0.70693,0.41669,1.10729,1.74556,1.19441,1.40822,nan,0,0,0.000329951,0.000329951,0.000329951
368,64277.7,1.41198,2.1925,1.48795,1.58754,0.21286,0.13785,0.1441,0.64006,0.66733,0.73233,0.50822,0.63771,0.64858,0.71412,0.42669,1.10367,1.74522,1.17763,1.39996,nan,0,0,0.000328577,0.000328577,0.000328577
369,64452,1.40794,2.21472,1.53208,1.58979,0.21343,0.1371,0.14419,0.66605,0.66982,0.73447,0.51907,0.65248,0.66497,0.71701,0.42476,1.10564,1.7527,1.17328,1.4067,nan,0,0,0.000327202,0.000327202,0.000327202
370,64626.4,1.40093,2.17443,1.50567,1.58685,0.21788,0.14101,0.1489,0.62152,0.73361,0.73238,0.52225,0.61064,0.71875,0.7134,0.42893,1.10703,1.74845,1.18006,1.41013,nan,0,0,0.000325828,0.000325828,0.000325828
371,64801.4,1.41974,2.21902,1.48835,1.57417,0.2131,0.13843,0.14465,0.68159,0.66823,0.72562,0.50998,0.63477,0.66829,0.69536,0.4311,1.11263,1.75438,1.18408,1.40969,nan,0,0,0.000324453,0.000324453,0.000324453
372,64975.8,1.39386,2.18416,1.50682,1.6067,0.21362,0.13529,0.14113,0.65141,0.70321,0.73946,0.52806,0.63098,0.6911,0.71335,0.43807,1.09474,1.74581,1.16646,1.40104,nan,0,0,0.000323079,0.000323079,0.000323079
373,65150.8,1.42388,2.18108,1.50791,1.59259,0.21136,0.13302,0.13889,0.62725,0.74265,0.7396,0.5211,0.61478,0.72826,0.71566,0.42858,1.0953,1.74192,1.17432,1.40247,nan,0,0,0.000321705,0.000321705,0.000321705
374,65325.1,1.40865,2.20592,1.49972,1.59816,0.21323,0.13633,0.14303,0.65522,0.68964,0.74206,0.51743,0.64643,0.68391,0.72815,0.43295,1.10541,1.74033,1.17207,1.40717,nan,0,0,0.00032033,0.00032033,0.00032033
375,65499.7,1.38331,2.14872,1.48609,1.58528,0.21733,0.13699,0.14358,0.63702,0.72434,0.72751,0.51479,0.63014,0.7087,0.7134,0.42625,1.09418,1.73582,1.1712,1.39922,nan,0,0,0.000318956,0.000318956,0.000318956
376,65674.2,1.41577,2.16479,1.49483,1.60402,0.21178,0.13223,0.13938,0.65194,0.68369,0.73287,0.52072,0.63924,0.66059,0.71229,0.43034,1.07979,1.73212,1.1575,1.38895,nan,0,0,0.000317581,0.000317581,0.000317581
377,65848.6,1.40036,2.15137,1.50242,1.58507,0.21081,0.13343,0.14,0.6634,0.70779,0.73952,0.521,0.64467,0.69319,0.7166,0.43196,1.09179,1.72436,1.15518,1.39451,nan,0,0,0.000316207,0.000316207,0.000316207
378,66023.1,1.42498,2.17578,1.48187,1.59549,0.2099,0.13493,0.14056,0.65153,0.7044,0.74347,0.51963,0.63401,0.68605,0.71542,0.43317,1.08273,1.73177,1.15088,1.39104,nan,0,0,0.000314832,0.000314832,0.000314832
379,66197.6,1.42151,2.1913,1.5063,1.60517,0.21266,0.13797,0.14501,0.66866,0.69738,0.74228,0.52714,0.65388,0.68214,0.71429,0.43411,1.08197,1.72648,1.15964,1.39206,nan,0,0,0.000313458,0.000313458,0.000313458
380,66372,1.41291,2.19679,1.48192,1.58135,0.20928,0.133,0.1396,0.6528,0.69184,0.73146,0.50716,0.63673,0.67689,0.7036,0.41957,1.09523,1.72691,1.16644,1.39902,nan,0,0,0.000312083,0.000312083,0.000312083
381,66546.5,1.38084,2.17317,1.49254,1.58824,0.21537,0.1367,0.1441,0.63102,0.7193,0.73984,0.51856,0.61092,0.70946,0.70604,0.4302,1.09381,1.72718,1.17098,1.39764,nan,0,0,0.000310709,0.000310709,0.000310709
382,66720.8,1.38865,2.12374,1.49745,1.56273,0.21254,0.13653,0.14436,0.62156,0.73303,0.73702,0.51755,0.6053,0.71705,0.70847,0.43496,1.08415,1.71403,1.16883,1.39148,nan,0,0,0.000309335,0.000309335,0.000309335
383,66895.2,1.39179,2.194,1.49959,1.59325,0.21078,0.13284,0.13938,0.65371,0.70621,0.74066,0.52391,0.62873,0.69519,0.7135,0.4348,1.08863,1.71779,1.15892,1.39409,nan,0,0,0.00030796,0.00030796,0.00030796
384,67069.6,1.41683,2.19211,1.50387,1.5923,0.21199,0.13254,0.13838,0.63925,0.71287,0.74831,0.5224,0.61817,0.69619,0.71983,0.43055,1.09111,1.71915,1.15612,1.39496,nan,0,0,0.000306586,0.000306586,0.000306586
385,67243.9,1.38264,2.1577,1.48954,1.589,0.21439,0.13702,0.14509,0.64171,0.71356,0.73944,0.52129,0.61659,0.69547,0.71058,0.43323,1.08534,1.71948,1.15474,1.39213,nan,0,0,0.000305211,0.000305211,0.000305211
386,67418.5,1.40346,2.15422,1.47584,1.57,0.21143,0.13609,0.14196,0.65652,0.70903,0.74175,0.52999,0.6424,0.69488,0.7181,0.43904,1.0716,1.70091,1.13478,1.38292,nan,0,0,0.000303837,0.000303837,0.000303837
387,67593.3,1.38478,2.18471,1.50725,1.58429,0.21358,0.13426,0.14191,0.64643,0.73415,0.74925,0.5389,0.63038,0.71661,0.72231,0.43686,1.06778,1.70184,1.13738,1.38332,nan,0,0,0.000302462,0.000302462,0.000302462
388,67768.1,1.38238,2.17731,1.47222,1.58069,0.21087,0.13474,0.14147,0.68559,0.67184,0.74841,0.53342,0.6474,0.66595,0.72277,0.43801,1.07568,1.7012,1.14905,1.38544,nan,0,0,0.000301088,0.000301088,0.000301088
389,67942.6,1.35784,2.13394,1.45787,1.56101,0.2132,0.13365,0.14153,0.6947,0.64899,0.75234,0.53023,0.67684,0.63394,0.72801,0.43714,1.06653,1.69854,1.13011,1.38063,nan,0,0,0.000299713,0.000299713,0.000299713
390,68116.8,1.3541,2.12244,1.46532,1.56299,0.21229,0.13324,0.14086,0.66451,0.69847,0.74815,0.52789,0.65248,0.68657,0.73125,0.44155,1.06819,1.6911,1.14213,1.38109,nan,0,0,0.000298339,0.000298339,0.000298339
391,68291.3,1.36693,2.12071,1.43026,1.54627,0.21232,0.13474,0.14132,0.65554,0.75213,0.74823,0.52894,0.6425,0.73784,0.72869,0.4408,1.06496,1.68912,1.14288,1.3785,nan,0,0,0.000296964,0.000296964,0.000296964
392,68465.9,1.40035,2.14122,1.50185,1.58003,0.20956,0.13075,0.13808,0.65348,0.74741,0.75477,0.52979,0.64434,0.73381,0.73929,0.44548,1.06372,1.69078,1.13262,1.37609,nan,0,0,0.00029559,0.00029559,0.00029559
393,68640.3,1.37723,2.13477,1.44464,1.57879,0.21278,0.13349,0.14083,0.64953,0.70565,0.74792,0.52753,0.64338,0.6852,0.73027,0.44139,1.06612,1.69357,1.1551,1.37597,nan,0,0,0.000294216,0.000294216,0.000294216
394,68814.8,1.38981,2.16371,1.52452,1.58906,0.21237,0.13409,0.14099,0.63224,0.71597,0.74814,0.53065,0.61391,0.70652,0.7311,0.43688,1.07248,1.69417,1.14915,1.38345,nan,0,0,0.000292841,0.000292841,0.000292841
395,68989.2,1.37542,2.19239,1.45407,1.57203,0.21527,0.13874,0.14596,0.64145,0.72214,0.75018,0.52796,0.62534,0.70796,0.7343,0.45107,1.06052,1.68978,1.1309,1.37603,nan,0,0,0.000291467,0.000291467,0.000291467
396,69164.2,1.38739,2.15266,1.47618,1.57676,0.21184,0.1321,0.14049,0.64229,0.73258,0.74753,0.53226,0.61128,0.75292,0.73146,0.44548,1.05173,1.68759,1.13332,1.37367,nan,0,0,0.000290092,0.000290092,0.000290092
397,69338.8,1.34994,2.12642,1.4311,1.56623,0.2123,0.13457,0.14243,0.60988,0.72675,0.75797,0.53571,0.59683,0.73068,0.74283,0.44456,1.06532,1.68163,1.1444,1.38075,nan,0,0,0.000288718,0.000288718,0.000288718
398,69513.6,1.34434,2.10401,1.47036,1.55855,0.2119,0.13219,0.13838,0.63393,0.69088,0.74503,0.52279,0.61787,0.67781,0.72487,0.4332,1.08322,1.68819,1.14296,1.38992,nan,0,0,0.000287343,0.000287343,0.000287343
399,69688,1.40412,2.13271,1.4638,1.5713,0.21293,0.13475,0.14126,0.65288,0.68497,0.73877,0.51856,0.64019,0.67202,0.72239,0.4267,1.07635,1.68548,1.12912,1.38364,nan,0,0,0.000285969,0.000285969,0.000285969
400,69862.5,1.40745,2.15761,1.47771,1.5823,0.21066,0.13399,0.14197,0.64521,0.68918,0.74595,0.52645,0.6257,0.67267,0.72644,0.43371,1.07439,1.68999,1.14151,1.38193,nan,0,0,0.000284594,0.000284594,0.000284594
401,70037.3,1.37546,2.12348,1.42535,1.54447,0.21239,0.13474,0.14123,0.68878,0.64641,0.74311,0.52613,0.67485,0.63417,0.72017,0.43643,1.06369,1.68564,1.13267,1.37508,nan,0,0,0.00028322,0.00028322,0.00028322
402,70211.9,1.372,2.12993,1.43619,1.56068,0.21262,0.13551,0.14306,0.64133,0.68015,0.74239,0.52158,0.62498,0.67006,0.71924,0.43509,1.06699,1.68544,1.13032,1.37727,nan,0,0,0.000281846,0.000281846,0.000281846
403,70386.3,1.34816,2.15093,1.46692,1.56406,0.20951,0.13225,0.13917,0.59422,0.73587,0.73827,0.51896,0.58174,0.72185,0.72226,0.4386,1.0633,1.67762,1.11963,1.37564,nan,0,0,0.000280471,0.000280471,0.000280471
404,70560.9,1.38114,2.13432,1.43907,1.56068,0.21555,0.13938,0.14667,0.60512,0.73478,0.74993,0.53329,0.59497,0.72135,0.73324,0.45335,1.06778,1.68009,1.12795,1.37943,nan,0,0,0.000279097,0.000279097,0.000279097
405,70735.8,1.38318,2.13855,1.47145,1.58041,0.20904,0.13343,0.14041,0.65649,0.71475,0.74964,0.54507,0.64224,0.69186,0.72746,0.44839,1.06357,1.67461,1.1267,1.37431,nan,0,0,0.000277722,0.000277722,0.000277722
406,70910.8,1.35129,2.10703,1.42927,1.5471,0.20955,0.13376,0.14206,0.64524,0.7099,0.75072,0.5421,0.63225,0.69767,0.72816,0.4521,1.06217,1.67486,1.12717,1.37624,nan,0,0,0.000276348,0.000276348,0.000276348
407,71085.8,1.37211,2.11791,1.45099,1.56902,0.2067,0.13367,0.14072,0.63123,0.73952,0.75507,0.54019,0.61991,0.7168,0.72923,0.45083,1.06363,1.67459,1.12479,1.3747,nan,0,0,0.000274973,0.000274973,0.000274973
408,71260.3,1.38977,2.14291,1.44415,1.55297,0.20266,0.12963,0.13618,0.69015,0.68196,0.75226,0.54122,0.66974,0.6573,0.72574,0.44651,1.05349,1.67281,1.13231,1.36946,nan,0,0,0.000273599,0.000273599,0.000273599
409,71434.8,1.38064,2.1281,1.43004,1.54157,0.20542,0.13484,0.14023,0.67008,0.7166,0.75791,0.53527,0.65423,0.70059,0.7339,0.44867,1.05967,1.66814,1.1345,1.37124,nan,0,0,0.000272224,0.000272224,0.000272224
410,71609.4,1.3833,2.12622,1.45415,1.56579,0.2026,0.13229,0.1384,0.65975,0.69847,0.75514,0.53703,0.66656,0.67879,0.73697,0.45182,1.05861,1.66834,1.13027,1.3724,nan,0,0,0.00027085,0.00027085,0.00027085
411,71783.6,1.34433,2.13286,1.44309,1.55254,0.20094,0.12944,0.13844,0.6724,0.68516,0.75858,0.5399,0.65866,0.66365,0.737,0.45093,1.05409,1.66766,1.12352,1.36766,nan,0,0,0.000269475,0.000269475,0.000269475
412,71958.2,1.36691,2.13838,1.42712,1.54727,0.19988,0.1309,0.13904,0.63723,0.72364,0.76048,0.54453,0.63776,0.68277,0.73655,0.45266,1.05587,1.67216,1.12554,1.36924,nan,0,0,0.000268101,0.000268101,0.000268101
413,72133.1,1.34152,2.06391,1.41349,1.53908,0.20068,0.13054,0.13711,0.67249,0.6958,0.765,0.5503,0.6592,0.68245,0.74219,0.46216,1.05752,1.66515,1.12093,1.36779,nan,0,0,0.000266727,0.000266727,0.000266727
414,72308.2,1.34734,2.09722,1.4139,1.53508,0.20059,0.13459,0.14,0.67184,0.7081,0.76361,0.54409,0.65813,0.69525,0.74187,0.4632,1.054,1.65665,1.12144,1.36565,nan,0,0,0.000265352,0.000265352,0.000265352
415,72482.5,1.36132,2.10678,1.43419,1.55013,0.2001,0.13373,0.14175,0.63272,0.72736,0.76072,0.55106,0.61753,0.70707,0.74048,0.46018,1.05929,1.65763,1.12124,1.36709,nan,0,0,0.000263978,0.000263978,0.000263978
416,72656.9,1.35339,2.11198,1.43538,1.55666,0.2014,0.13441,0.14258,0.62204,0.72058,0.76059,0.54649,0.61308,0.70644,0.73976,0.44743,1.05731,1.66233,1.1224,1.36661,nan,0,0,0.000262603,0.000262603,0.000262603
417,72831.4,1.34798,2.12304,1.43329,1.54709,0.20249,0.1352,0.14249,0.67978,0.68935,0.75393,0.54068,0.64899,0.69257,0.73158,0.44938,1.05824,1.6634,1.12799,1.36685,nan,0,0,0.000261229,0.000261229,0.000261229
418,73005.9,1.34877,2.05355,1.40666,1.54078,0.20103,0.13341,0.14116,0.65759,0.7101,0.75103,0.54068,0.66162,0.6767,0.73581,0.45012,1.04796,1.66352,1.12326,1.36205,nan,0,0,0.000259854,0.000259854,0.000259854
419,73180.2,1.36008,2.11252,1.44067,1.55154,0.20075,0.13109,0.1393,0.66687,0.71275,0.75002,0.54151,0.65579,0.69903,0.73332,0.45203,1.0468,1.65783,1.11294,1.35927,nan,0,0,0.00025848,0.00025848,0.00025848
420,73354.5,1.36722,2.09146,1.45439,1.56256,0.1945,0.12739,0.13422,0.65211,0.70608,0.75712,0.54448,0.63832,0.68774,0.73584,0.45044,1.04099,1.65189,1.11997,1.3541,nan,0,0,0.000257105,0.000257105,0.000257105
421,73528.9,1.37673,2.10243,1.44712,1.55113,0.1967,0.13085,0.13874,0.63336,0.72808,0.76543,0.55144,0.62165,0.70578,0.74188,0.45241,1.04274,1.65047,1.10264,1.35528,nan,0,0,0.000255731,0.000255731,0.000255731
422,73703.4,1.37672,2.13269,1.44514,1.56292,0.20152,0.13623,0.14408,0.64953,0.72332,0.77074,0.55721,0.64694,0.70399,0.75613,0.46117,1.03758,1.64742,1.10756,1.35568,nan,0,0,0.000254357,0.000254357,0.000254357
423,73878.5,1.37237,2.11926,1.43902,1.55358,0.19981,0.13037,0.13661,0.64994,0.73085,0.76689,0.55404,0.63785,0.71209,0.74586,0.4658,1.03689,1.6474,1.09895,1.35452,nan,0,0,0.000252982,0.000252982,0.000252982
424,74053.4,1.34069,2.06851,1.39508,1.51546,0.19716,0.12974,0.13693,0.66395,0.72421,0.76458,0.5527,0.64955,0.71117,0.74345,0.46015,1.04647,1.64851,1.11089,1.35765,nan,0,0,0.000251608,0.000251608,0.000251608
425,74227.9,1.36792,2.10565,1.43397,1.54078,0.19824,0.1312,0.13742,0.67041,0.72721,0.76303,0.54684,0.65569,0.71873,0.74145,0.45474,1.03966,1.6438,1.10664,1.35436,nan,0,0,0.000250233,0.000250233,0.000250233
426,74402.7,1.35497,2.07665,1.43659,1.54626,0.2,0.13169,0.13976,0.66772,0.73329,0.76415,0.54972,0.65416,0.71606,0.73622,0.45219,1.03891,1.64168,1.10034,1.35439,nan,0,0,0.000248859,0.000248859,0.000248859
427,74577.1,1.36704,2.06899,1.42229,1.54756,0.19734,0.1282,0.13466,0.648,0.75088,0.76732,0.55038,0.6351,0.7379,0.74583,0.45771,1.04374,1.63707,1.11294,1.35177,nan,0,0,0.000247484,0.000247484,0.000247484
428,74751.7,1.33747,2.05371,1.40559,1.53559,0.19833,0.13277,0.1394,0.64861,0.73024,0.76787,0.55049,0.64424,0.71097,0.73804,0.46149,1.05385,1.64479,1.1096,1.36081,nan,0,0,0.00024611,0.00024611,0.00024611
429,74926.1,1.34758,2.09293,1.41316,1.54838,0.19629,0.13002,0.13667,0.61439,0.77169,0.75571,0.54601,0.60831,0.74581,0.72809,0.45232,1.05381,1.63596,1.09198,1.36281,nan,0,0,0.000244735,0.000244735,0.000244735
430,75100.4,1.33815,2.09483,1.39946,1.54317,0.19678,0.12967,0.13694,0.64862,0.72449,0.76577,0.55017,0.63309,0.70682,0.73741,0.45564,1.05218,1.63617,1.09133,1.36255,nan,0,0,0.000243361,0.000243361,0.000243361
431,75274.8,1.35728,2.09279,1.42144,1.54446,0.20352,0.13466,0.14176,0.65377,0.73582,0.76537,0.54375,0.63803,0.7203,0.73745,0.45394,1.05011,1.63883,1.08781,1.36397,nan,0,0,0.000241986,0.000241986,0.000241986
432,75449.2,1.36504,2.10966,1.41,1.53881,0.201,0.13401,0.14106,0.6677,0.72069,0.75813,0.54322,0.65586,0.70997,0.73579,0.45451,1.04578,1.63419,1.1062,1.36043,nan,0,0,0.000240612,0.000240612,0.000240612
433,75623.7,1.36856,2.0783,1.42765,1.54041,0.19616,0.12905,0.13649,0.6496,0.73608,0.76861,0.55472,0.63909,0.72283,0.74591,0.45717,1.0437,1.63503,1.10373,1.35867,nan,0,0,0.000239238,0.000239238,0.000239238
434,75798.4,1.35331,2.10065,1.42694,1.55622,0.19836,0.12987,0.13757,0.66263,0.72198,0.77198,0.55727,0.65325,0.71213,0.75053,0.46968,1.03627,1.63272,1.09599,1.35236,nan,0,0,0.000237863,0.000237863,0.000237863
435,75973.5,1.38236,2.13417,1.43967,1.54243,0.19881,0.12959,0.13745,0.6708,0.74234,0.76148,0.54831,0.66047,0.7319,0.74733,0.45961,1.03868,1.63415,1.10366,1.35608,nan,0,0,0.000236489,0.000236489,0.000236489
436,76147.9,1.37876,2.13076,1.4447,1.5425,0.19896,0.1332,0.14013,0.68684,0.71186,0.75916,0.54897,0.6565,0.71139,0.73843,0.45944,1.02885,1.62912,1.09619,1.34814,nan,0,0,0.000235114,0.000235114,0.000235114
437,76322.2,1.34018,2.1082,1.41939,1.54576,0.20053,0.12831,0.136,0.66049,0.7205,0.75399,0.54446,0.64699,0.70662,0.73442,0.45577,1.02964,1.6258,1.09896,1.34646,nan,0,0,0.00023374,0.00023374,0.00023374
438,76496.6,1.36563,2.13313,1.43316,1.55511,0.20212,0.1342,0.14207,0.63652,0.7521,0.76366,0.54768,0.62788,0.72712,0.74437,0.46251,1.03685,1.63029,1.11627,1.34925,nan,0,0,0.000232365,0.000232365,0.000232365
439,76671.2,1.35253,2.06902,1.4415,1.53449,0.20051,0.13221,0.13823,0.6429,0.73228,0.76805,0.55591,0.63314,0.71659,0.74896,0.46678,1.03221,1.62469,1.09534,1.34804,nan,0,0,0.000230991,0.000230991,0.000230991
440,76845.6,1.34862,2.1388,1.42423,1.53861,0.19781,0.13417,0.14037,0.6571,0.72257,0.76983,0.55699,0.63867,0.70389,0.74438,0.46621,1.0346,1.62514,1.09253,1.34955,nan,0,0,0.000229616,0.000229616,0.000229616
441,77020.1,1.34528,2.07028,1.40607,1.53406,0.20447,0.14008,0.14684,0.67074,0.73131,0.771,0.55064,0.65436,0.71385,0.7477,0.47278,1.03854,1.61887,1.10254,1.34898,nan,0,0,0.000228242,0.000228242,0.000228242
442,77194.5,1.32148,2.09474,1.42811,1.52079,0.19919,0.133,0.14097,0.65762,0.74905,0.77122,0.55564,0.64492,0.73546,0.74896,0.47707,1.03852,1.62064,1.08585,1.35144,nan,0,0,0.000226868,0.000226868,0.000226868
443,77369.4,1.35905,2.09141,1.41289,1.54334,0.19801,0.13072,0.13771,0.64361,0.76763,0.77058,0.55312,0.6349,0.75666,0.75463,0.47658,1.04347,1.6238,1.09586,1.35267,nan,0,0,0.000225493,0.000225493,0.000225493
444,77543.8,1.33406,2.07136,1.38458,1.53223,0.19937,0.13037,0.1369,0.66258,0.74485,0.77147,0.55256,0.65176,0.73353,0.75581,0.47666,1.04075,1.61761,1.10642,1.35127,nan,0,0,0.000224119,0.000224119,0.000224119
445,77718.3,1.33869,2.04749,1.39895,1.51754,0.1984,0.13015,0.13725,0.66555,0.75286,0.76858,0.55299,0.65115,0.73799,0.74573,0.46825,1.04045,1.6183,1.09445,1.34908,nan,0,0,0.000222744,0.000222744,0.000222744
446,77892.7,1.3728,2.10835,1.43248,1.55709,0.19867,0.13063,0.13837,0.6679,0.74992,0.7661,0.55138,0.65058,0.74015,0.74488,0.4657,1.03706,1.61708,1.09078,1.34793,nan,0,0,0.00022137,0.00022137,0.00022137
447,78067.1,1.32942,2.04859,1.41147,1.53579,0.19981,0.13116,0.13851,0.67108,0.72974,0.76133,0.54631,0.63634,0.73698,0.73992,0.4666,1.03683,1.61557,1.10179,1.34903,nan,0,0,0.000219995,0.000219995,0.000219995
448,78241.7,1.33358,2.07374,1.36923,1.51847,0.19863,0.13006,0.13734,0.62883,0.77245,0.76243,0.54312,0.6157,0.75705,0.73846,0.46467,1.03169,1.61588,1.10226,1.34758,nan,0,0,0.000218621,0.000218621,0.000218621
449,78416,1.32876,2.06387,1.36584,1.52453,0.19759,0.13346,0.13996,0.65718,0.75774,0.76034,0.54347,0.63917,0.75633,0.73897,0.45923,1.0282,1.61557,1.08998,1.34518,nan,0,0,0.000217246,0.000217246,0.000217246
450,78590.5,1.32549,2.07341,1.37438,1.52226,0.19813,0.12942,0.13753,0.68898,0.71126,0.76742,0.5516,0.67506,0.69778,0.74428,0.46749,1.02148,1.60748,1.07465,1.34006,nan,0,0,0.000215872,0.000215872,0.000215872
451,78764.7,1.33304,2.07824,1.414,1.53398,0.20174,0.13201,0.13994,0.66793,0.72407,0.76517,0.5531,0.6675,0.69315,0.74632,0.46773,1.01759,1.60615,1.08257,1.33772,nan,0,0,0.000214497,0.000214497,0.000214497
452,78939.2,1.33948,2.09304,1.40623,1.52694,0.19943,0.13155,0.13816,0.6765,0.73188,0.7659,0.55299,0.6605,0.71616,0.743,0.45997,1.02291,1.61236,1.08731,1.33804,nan,0,0,0.000213123,0.000213123,0.000213123
453,79113.8,1.34531,2.02985,1.37317,1.51327,0.19776,0.13087,0.13776,0.66837,0.72474,0.76088,0.54776,0.65296,0.70926,0.74087,0.46171,1.0195,1.60771,1.08672,1.33643,nan,0,0,0.000211749,0.000211749,0.000211749
454,79288,1.31146,2.04303,1.37014,1.5252,0.19973,0.13352,0.1398,0.66514,0.73103,0.76147,0.54488,0.65438,0.71868,0.74612,0.4639,1.01517,1.60761,1.08825,1.33512,nan,0,0,0.000210374,0.000210374,0.000210374
455,79462.7,1.33312,2.05313,1.37814,1.50256,0.19903,0.13255,0.13967,0.6668,0.72336,0.77194,0.55656,0.64788,0.72735,0.75663,0.47248,1.01549,1.60905,1.07387,1.3361,nan,0,0,0.000209,0.000209,0.000209
456,79637.1,1.33369,2.05677,1.37594,1.51744,0.19819,0.13244,0.14042,0.64624,0.74789,0.76851,0.55233,0.64495,0.7228,0.7517,0.47486,1.01937,1.60666,1.08285,1.3362,nan,0,0,0.000207625,0.000207625,0.000207625
457,79811.5,1.33051,2.05662,1.37895,1.52089,0.1981,0.12938,0.13784,0.65542,0.7395,0.764,0.54757,0.64149,0.72335,0.74335,0.47312,1.01351,1.60274,1.07833,1.33285,nan,0,0,0.000206251,0.000206251,0.000206251
458,79985.7,1.31145,2.05738,1.37653,1.51445,0.19578,0.12905,0.13582,0.64197,0.76551,0.76524,0.55107,0.63106,0.75198,0.74942,0.46769,1.01188,1.60375,1.07563,1.33316,nan,0,0,0.000204876,0.000204876,0.000204876
459,80160,1.32357,2.06474,1.39111,1.52275,0.20076,0.1328,0.141,0.64185,0.76413,0.76541,0.55286,0.63223,0.75277,0.74758,0.46261,1.01643,1.60563,1.07125,1.33417,nan,0,0,0.000203502,0.000203502,0.000203502
460,80334.3,1.32,2.0423,1.38955,1.52278,0.19493,0.12794,0.1345,0.64524,0.75711,0.76654,0.55455,0.64668,0.72798,0.74446,0.46725,1.01258,1.60356,1.07877,1.33238,nan,0,0,0.000202127,0.000202127,0.000202127
461,80508.7,1.34879,2.07047,1.40468,1.54113,0.19784,0.1298,0.13758,0.66131,0.77091,0.76672,0.55248,0.65064,0.75675,0.75206,0.47411,1.01834,1.6021,1.07875,1.33362,nan,0,0,0.000200753,0.000200753,0.000200753
462,80683,1.32326,2.03206,1.38106,1.50998,0.19872,0.13151,0.13891,0.66815,0.78248,0.76809,0.5567,0.653,0.76273,0.74847,0.47124,1.01814,1.6015,1.07239,1.33319,nan,0,0,0.000199379,0.000199379,0.000199379
463,80857.3,1.3236,2.0903,1.40509,1.53186,0.19816,0.12984,0.13854,0.65916,0.78726,0.76871,0.56211,0.64736,0.78117,0.75194,0.46948,1.01651,1.60554,1.06963,1.33282,nan,0,0,0.000198004,0.000198004,0.000198004
464,81031.6,1.30178,2.04129,1.37107,1.50927,0.19763,0.1281,0.13637,0.69039,0.77676,0.77783,0.57518,0.68092,0.76452,0.76105,0.48466,1.01574,1.60273,1.0697,1.33241,nan,0,0,0.00019663,0.00019663,0.00019663
465,81206.4,1.33176,2.05843,1.41424,1.51681,0.19793,0.12886,0.13647,0.68527,0.77834,0.77521,0.57025,0.67234,0.75779,0.76041,0.47795,1.01633,1.6007,1.06975,1.33309,nan,0,0,0.000195255,0.000195255,0.000195255
466,81380.9,1.3108,2.0118,1.38409,1.51435,0.19559,0.12803,0.13571,0.67103,0.77414,0.77624,0.57299,0.66872,0.75262,0.76249,0.48161,1.01478,1.59643,1.0768,1.33186,nan,0,0,0.000193881,0.000193881,0.000193881
467,81555.4,1.32175,2.09985,1.38097,1.52211,0.19693,0.12968,0.13621,0.65809,0.76438,0.77711,0.57409,0.65023,0.75037,0.76409,0.48732,1.01203,1.59427,1.06904,1.33014,nan,0,0,0.000192506,0.000192506,0.000192506
468,81730.4,1.30883,2.03462,1.35074,1.50557,0.19709,0.13107,0.13856,0.65735,0.7748,0.78126,0.57523,0.64388,0.76359,0.7666,0.48976,1.01089,1.59294,1.07082,1.32929,nan,0,0,0.000191132,0.000191132,0.000191132
469,81905.3,1.33702,2.06687,1.37338,1.52809,0.1961,0.1288,0.1359,0.6417,0.79392,0.78068,0.57098,0.62679,0.77554,0.76369,0.48335,1.005,1.59195,1.06048,1.32603,nan,0,0,0.000189757,0.000189757,0.000189757
470,82079.5,1.32454,2.07582,1.40758,1.52376,0.19582,0.12697,0.13423,0.64798,0.7789,0.78145,0.57553,0.63842,0.75722,0.76124,0.4888,0.99841,1.59352,1.0591,1.32191,nan,0,0,0.000188383,0.000188383,0.000188383
471,82254,1.34103,2.05183,1.3849,1.50907,0.19731,0.12947,0.13668,0.66653,0.73013,0.77916,0.57246,0.65385,0.71362,0.75907,0.48283,1.005,1.59191,1.06473,1.32545,nan,0,0,0.000187008,0.000187008,0.000187008
472,82428.6,1.32103,2.01525,1.3649,1.50552,0.19495,0.12642,0.13339,0.66243,0.72092,0.77722,0.57021,0.64197,0.70698,0.75544,0.48631,1.00477,1.58818,1.0592,1.32497,nan,0,0,0.000185634,0.000185634,0.000185634
473,82602.9,1.31599,2.04196,1.3806,1.51738,0.19767,0.13088,0.13769,0.63578,0.77315,0.78078,0.57665,0.62195,0.76189,0.7647,0.4932,0.9996,1.58689,1.06104,1.32097,nan,0,0,0.00018426,0.00018426,0.00018426
474,82777.9,1.33061,2.06471,1.38689,1.53287,0.19768,0.13057,0.13712,0.68581,0.71047,0.77559,0.57223,0.67343,0.69727,0.75951,0.48968,1.00525,1.58734,1.05832,1.32087,nan,0,0,0.000182885,0.000182885,0.000182885
475,82952.2,1.28284,2.02819,1.36619,1.49212,0.19665,0.12847,0.13596,0.68867,0.70113,0.77673,0.57311,0.6825,0.69067,0.76107,0.48847,1.00269,1.58646,1.05325,1.32094,nan,0,0,0.000181511,0.000181511,0.000181511
476,83126.5,1.30914,2.04139,1.36765,1.49366,0.19441,0.12387,0.13272,0.70201,0.69485,0.7757,0.57538,0.6951,0.68364,0.75932,0.48058,1.00108,1.58679,1.0617,1.32046,nan,0,0,0.000180136,0.000180136,0.000180136
477,83301,1.31024,2.01735,1.36642,1.49847,0.19635,0.12747,0.13537,0.66396,0.73425,0.77371,0.57796,0.66525,0.70194,0.75542,0.47789,1.00246,1.58616,1.0637,1.32017,nan,0,0,0.000178762,0.000178762,0.000178762
478,83475.4,1.30868,2.02142,1.36897,1.50778,0.19697,0.12973,0.13646,0.67948,0.74613,0.77945,0.58153,0.66405,0.72388,0.761,0.48356,0.99859,1.58116,1.05653,1.31659,nan,0,0,0.000177387,0.000177387,0.000177387
479,83649.8,1.31635,1.98052,1.34283,1.49497,0.19671,0.12951,0.13641,0.68381,0.71489,0.78105,0.58113,0.69569,0.69011,0.76492,0.48674,0.99898,1.58164,1.06265,1.31611,nan,0,0,0.000176013,0.000176013,0.000176013
480,83824.1,1.28382,1.99091,1.32361,1.49154,0.19767,0.13129,0.13747,0.62641,0.78712,0.77172,0.56895,0.66743,0.69494,0.7544,0.47404,1.00081,1.57945,1.063,1.31657,nan,0,0,0.000174638,0.000174638,0.000174638
481,83998.3,1.27006,2.01426,1.3631,1.49603,0.19809,0.12794,0.13488,0.6351,0.78085,0.77189,0.56796,0.62264,0.76255,0.75153,0.46846,1.00082,1.58307,1.06801,1.31541,nan,0,0,0.000173264,0.000173264,0.000173264
482,84172.8,1.3133,2.01814,1.35433,1.50906,0.19792,0.13023,0.13686,0.65402,0.76832,0.77163,0.56854,0.63939,0.75441,0.74975,0.47438,0.99135,1.57739,1.05815,1.31223,nan,0,0,0.00017189,0.00017189,0.00017189
483,84347.2,1.29153,1.9888,1.34483,1.50007,0.19615,0.12865,0.13526,0.6422,0.78015,0.77045,0.56831,0.6326,0.7688,0.75127,0.47757,0.99141,1.58063,1.05245,1.31412,nan,0,0,0.000170515,0.000170515,0.000170515
484,84521.6,1.3076,2.0201,1.35231,1.5098,0.19867,0.13364,0.14013,0.66307,0.77239,0.78097,0.58348,0.65034,0.7576,0.75656,0.48645,0.9948,1.57999,1.04725,1.31582,nan,0,0,0.000169141,0.000169141,0.000169141
485,84696.4,1.31138,2.02257,1.36175,1.51189,0.19412,0.12538,0.13243,0.66939,0.77192,0.78189,0.5873,0.65724,0.75861,0.75995,0.49106,0.98789,1.57674,1.04221,1.31137,nan,0,0,0.000167766,0.000167766,0.000167766
486,84871.1,1.28387,1.99031,1.34448,1.50303,0.19393,0.1267,0.13297,0.66767,0.77767,0.78435,0.58744,0.65835,0.76749,0.77062,0.49576,0.98933,1.57626,1.0456,1.31219,nan,0,0,0.000166392,0.000166392,0.000166392
487,85046.1,1.33844,2.03901,1.37621,1.51492,0.19608,0.12832,0.13567,0.68915,0.74123,0.78284,0.58558,0.67815,0.73049,0.76752,0.49176,0.98592,1.57605,1.05083,1.31106,nan,0,0,0.000165017,0.000165017,0.000165017
488,85220.4,1.28538,2.03226,1.35061,1.48463,0.19659,0.12775,0.13478,0.68597,0.75595,0.78415,0.58939,0.67992,0.74074,0.76828,0.49259,0.98149,1.57026,1.05065,1.30866,nan,0,0,0.000163643,0.000163643,0.000163643
489,85394.7,1.30272,2.01326,1.35911,1.5096,0.19801,0.13023,0.13756,0.67878,0.73493,0.78269,0.58631,0.68017,0.70571,0.76597,0.49347,0.98361,1.56739,1.05156,1.30804,nan,0,0,0.000162268,0.000162268,0.000162268
490,85569.1,1.27876,2.03809,1.34003,1.49388,0.19754,0.12828,0.13548,0.71758,0.73669,0.78549,0.5883,0.70651,0.72365,0.77017,0.49485,0.98471,1.57109,1.05481,1.30819,nan,0,0,0.000160894,0.000160894,0.000160894
491,85743.6,1.30819,2.01934,1.32813,1.50636,0.1941,0.12609,0.13303,0.66784,0.77131,0.78341,0.58806,0.6541,0.75479,0.76099,0.48817,0.98745,1.57171,1.05607,1.30861,nan,0,0,0.00015952,0.00015952,0.00015952
492,85917.9,1.3179,2.02582,1.36785,1.51093,0.19867,0.13258,0.14047,0.64203,0.79214,0.78093,0.58244,0.62696,0.77496,0.758,0.48581,0.99508,1.57534,1.05121,1.31132,nan,0,0,0.000158145,0.000158145,0.000158145
493,86092.1,1.28066,1.97832,1.30982,1.46971,0.19218,0.12456,0.13089,0.66262,0.76128,0.78391,0.58155,0.64776,0.74553,0.76095,0.48907,0.99129,1.57025,1.05077,1.30959,nan,0,0,0.000156771,0.000156771,0.000156771
494,86266.6,1.30611,2.00539,1.36786,1.49132,0.19608,0.12922,0.13602,0.64509,0.78441,0.78226,0.57607,0.63213,0.77481,0.76484,0.48687,0.99484,1.57079,1.05664,1.31078,nan,0,0,0.000155396,0.000155396,0.000155396
495,86441,1.27612,2.02187,1.35555,1.50416,0.19438,0.12805,0.13371,0.64338,0.77097,0.7748,0.57282,0.63068,0.77112,0.75821,0.48006,0.99518,1.5704,1.06372,1.31211,nan,0,0,0.000154022,0.000154022,0.000154022
496,86615.5,1.30181,2.04595,1.34643,1.51002,0.19765,0.12659,0.13221,0.66605,0.77529,0.78064,0.57509,0.65648,0.76539,0.7659,0.48513,0.99086,1.56941,1.05136,1.31263,nan,0,0,0.000152647,0.000152647,0.000152647
497,86789.9,1.31292,2.04349,1.3474,1.50196,0.19336,0.12676,0.13266,0.66705,0.77592,0.78611,0.58076,0.65487,0.763,0.7688,0.48885,0.99315,1.5704,1.05301,1.31364,nan,0,0,0.000151273,0.000151273,0.000151273
498,86964.2,1.28271,2.01332,1.33135,1.50065,0.19738,0.13005,0.13769,0.65101,0.77742,0.78369,0.58157,0.6327,0.77292,0.765,0.48787,0.9847,1.56427,1.05323,1.31037,nan,0,0,0.000149898,0.000149898,0.000149898
499,87138.8,1.29145,2.00706,1.37214,1.50507,0.19318,0.12714,0.13274,0.65839,0.73296,0.78232,0.57732,0.64321,0.71772,0.75698,0.48493,0.98837,1.5625,1.04684,1.31142,nan,0,0,0.000148524,0.000148524,0.000148524
500,87313.3,1.29087,1.98593,1.3235,1.4905,0.19403,0.12601,0.13338,0.6839,0.77073,0.78434,0.57891,0.67184,0.75787,0.76575,0.48759,0.99137,1.56388,1.04218,1.31278,nan,0,0,0.000147149,0.000147149,0.000147149
501,87487.9,1.31863,2.04366,1.35724,1.50612,0.20012,0.13388,0.1405,0.69345,0.75415,0.78352,0.58466,0.67995,0.74045,0.76424,0.4859,0.99103,1.56177,1.04827,1.3121,nan,0,0,0.000145775,0.000145775,0.000145775
502,87662.2,1.27866,1.97089,1.33253,1.49153,0.1951,0.12465,0.1321,0.66473,0.79135,0.78408,0.58401,0.65305,0.77871,0.76505,0.4901,0.99297,1.5642,1.04408,1.31317,nan,0,0,0.000144401,0.000144401,0.000144401
503,87836.6,1.27576,1.99618,1.33362,1.50328,0.19522,0.12511,0.13187,0.64438,0.77701,0.7831,0.58078,0.63317,0.76458,0.76497,0.49339,0.99054,1.56255,1.04544,1.3084,nan,0,0,0.000143026,0.000143026,0.000143026
504,88011.1,1.30303,2.0361,1.33967,1.50111,0.19587,0.12888,0.13548,0.66234,0.7604,0.7817,0.58309,0.64802,0.74507,0.76222,0.4917,0.98556,1.55877,1.03398,1.30482,nan,0,0,0.000141652,0.000141652,0.000141652
505,88185.4,1.28318,1.97616,1.32778,1.49384,0.19407,0.12724,0.13463,0.64673,0.78337,0.78199,0.58162,0.65091,0.74423,0.76338,0.4936,0.9855,1.55681,1.04232,1.30425,nan,0,0,0.000140277,0.000140277,0.000140277
506,88359.8,1.28339,1.95623,1.33976,1.4904,0.19769,0.13103,0.138,0.65416,0.77329,0.78407,0.58456,0.64852,0.74872,0.76609,0.49382,0.98811,1.55897,1.04128,1.30735,nan,0,0,0.000138903,0.000138903,0.000138903
507,88534.3,1.31791,2.02985,1.34638,1.51272,0.19704,0.13197,0.14036,0.64325,0.76853,0.78498,0.58869,0.62202,0.75706,0.76724,0.49719,0.98796,1.56133,1.04033,1.30877,nan,0,0,0.000137528,0.000137528,0.000137528
508,88709.1,1.26518,1.97387,1.31728,1.47525,0.19837,0.12808,0.13503,0.64445,0.78882,0.78765,0.58811,0.65145,0.74899,0.76989,0.49635,0.99286,1.55735,1.0404,1.31084,nan,0,0,0.000136154,0.000136154,0.000136154
509,88883.5,1.30116,2.0203,1.37332,1.5091,0.19638,0.12616,0.13295,0.6348,0.77754,0.78629,0.58844,0.63912,0.74682,0.76857,0.4926,0.98791,1.55727,1.03396,1.30779,nan,0,0,0.000134779,0.000134779,0.000134779
510,89057.9,1.28359,2.02823,1.33823,1.49923,0.19718,0.13101,0.13667,0.65712,0.76926,0.78605,0.58966,0.67238,0.73384,0.76911,0.49273,0.98256,1.55652,1.03353,1.30516,nan,0,0,0.000133405,0.000133405,0.000133405
511,89232.4,1.27029,2.0074,1.32651,1.48527,0.19848,0.1315,0.13767,0.64132,0.77494,0.78574,0.59028,0.63109,0.76368,0.76869,0.49228,0.97734,1.55341,1.03881,1.30298,nan,0,0,0.000132031,0.000132031,0.000132031
512,89406.9,1.29869,2.00087,1.35346,1.48751,0.19657,0.12885,0.13599,0.6647,0.7591,0.79042,0.59115,0.6521,0.74578,0.77299,0.5009,0.97815,1.55374,1.03619,1.30375,nan,0,0,0.000130656,0.000130656,0.000130656
513,89582.1,1.29084,1.99203,1.32787,1.48119,0.19339,0.1267,0.13291,0.70739,0.7158,0.78598,0.58582,0.69405,0.70472,0.76772,0.49598,0.97796,1.5516,1.03364,1.30373,nan,0,0,0.000129282,0.000129282,0.000129282
514,89756.7,1.27108,2.01489,1.34111,1.49419,0.19588,0.12881,0.13584,0.66897,0.74733,0.78806,0.58678,0.68212,0.71363,0.76976,0.49327,0.9743,1.54821,1.03343,1.30227,nan,0,0,0.000127907,0.000127907,0.000127907
515,89931.2,1.26669,1.97243,1.33652,1.49621,0.19842,0.12887,0.13619,0.68151,0.72578,0.78523,0.58825,0.63923,0.75548,0.76879,0.4975,0.97543,1.5483,1.03907,1.30134,nan,0,0,0.000126533,0.000126533,0.000126533
516,90105.6,1.286,1.99801,1.33611,1.50888,0.19121,0.12287,0.12965,0.65649,0.75991,0.78648,0.59102,0.64507,0.74779,0.76833,0.49402,0.97581,1.54833,1.03438,1.30158,nan,0,0,0.000125158,0.000125158,0.000125158
517,90280,1.29033,2.00879,1.32642,1.49267,0.20013,0.12841,0.13691,0.66211,0.75137,0.78682,0.59009,0.66041,0.73259,0.76881,0.49447,0.9764,1.54422,1.02891,1.30048,nan,0,0,0.000123784,0.000123784,0.000123784
518,90454.4,1.29038,2.0495,1.36283,1.49516,0.19819,0.1292,0.13625,0.6643,0.76837,0.7864,0.59088,0.65777,0.75456,0.76958,0.49713,0.97461,1.54272,1.02392,1.29945,nan,0,0,0.000122409,0.000122409,0.000122409
519,90628.9,1.28281,1.98297,1.34665,1.49659,0.19481,0.13002,0.13736,0.66222,0.74988,0.78732,0.59009,0.65424,0.73299,0.76884,0.49607,0.97208,1.54262,1.02201,1.2977,nan,0,0,0.000121035,0.000121035,0.000121035
520,90803.2,1.26924,1.97465,1.30646,1.46801,0.20028,0.12979,0.13767,0.64665,0.7683,0.79082,0.58831,0.63209,0.7578,0.77252,0.4972,0.96875,1.54345,1.02295,1.29673,nan,0,0,0.00011966,0.00011966,0.00011966
521,90977.7,1.25894,1.99112,1.32665,1.48989,0.19653,0.1283,0.13419,0.66034,0.76033,0.78817,0.5869,0.64753,0.74657,0.7703,0.49625,0.96676,1.54224,1.02206,1.29644,nan,0,0,0.000118286,0.000118286,0.000118286
522,91152.1,1.27774,1.92757,1.30291,1.47818,0.19271,0.1257,0.13208,0.66785,0.75137,0.79147,0.59258,0.65013,0.73901,0.77295,0.50024,0.96944,1.54064,1.01913,1.29768,nan,0,0,0.000116912,0.000116912,0.000116912
523,91327.2,1.27745,1.99823,1.3519,1.48248,0.19707,0.13005,0.13731,0.65962,0.76563,0.79273,0.58916,0.64037,0.7619,0.77491,0.49983,0.97233,1.5398,1.02791,1.29728,nan,0,0,0.000115537,0.000115537,0.000115537
524,91501.7,1.23807,1.99442,1.28602,1.46558,0.19634,0.12539,0.1329,0.67507,0.74901,0.79058,0.59266,0.65948,0.73957,0.77486,0.49897,0.977,1.53996,1.02138,1.29963,nan,0,0,0.000114163,0.000114163,0.000114163
525,91676,1.2682,1.97917,1.33183,1.48427,0.19417,0.12676,0.13441,0.64909,0.77768,0.79173,0.59805,0.63932,0.7667,0.77559,0.5034,0.9752,1.53974,1.01495,1.29801,nan,0,0,0.000112788,0.000112788,0.000112788
526,91851,1.2724,1.95102,1.31676,1.46754,0.19391,0.12433,0.13171,0.65122,0.77698,0.79148,0.59596,0.63163,0.76501,0.77224,0.49952,0.97309,1.53936,1.01745,1.29584,nan,0,0,0.000111414,0.000111414,0.000111414
527,92025.4,1.27559,1.99416,1.33067,1.48003,0.19372,0.12443,0.13112,0.66923,0.765,0.79452,0.59849,0.65092,0.75072,0.7749,0.49737,0.96969,1.53755,1.01811,1.29332,nan,0,0,0.000110039,0.000110039,0.000110039
528,92199.7,1.26945,1.93717,1.30381,1.47276,0.19444,0.12512,0.13189,0.67956,0.75971,0.79296,0.59543,0.66625,0.753,0.77442,0.49603,0.96361,1.53684,1.01635,1.29195,nan,0,0,0.000108665,0.000108665,0.000108665
529,92374,1.25097,1.94969,1.30383,1.47249,0.19891,0.13352,0.13858,0.66327,0.78292,0.793,0.59781,0.65404,0.77311,0.77606,0.50269,0.96158,1.53477,1.00689,1.29023,nan,0,0,0.00010729,0.00010729,0.00010729
530,92548.3,1.28287,1.96811,1.32777,1.47472,0.19237,0.12541,0.13269,0.68898,0.74695,0.7931,0.59982,0.68057,0.73916,0.77562,0.50411,0.96117,1.53285,1.00894,1.2897,nan,0,0,0.000105916,0.000105916,0.000105916
531,92723.2,1.25547,1.97449,1.32255,1.47605,0.1935,0.12778,0.13558,0.68873,0.76104,0.7929,0.60262,0.68022,0.75237,0.77641,0.50072,0.96125,1.53002,1.01333,1.28939,nan,0,0,0.000104542,0.000104542,0.000104542
532,92897.7,1.28207,2.00165,1.34856,1.50316,0.19878,0.13099,0.1389,0.68557,0.74452,0.79453,0.60346,0.67632,0.7354,0.77676,0.50652,0.96134,1.53178,1.0169,1.28878,nan,0,0,0.000103167,0.000103167,0.000103167
533,93072.6,1.26876,1.97106,1.32564,1.4686,0.19577,0.12582,0.13206,0.68322,0.73486,0.79254,0.60217,0.66592,0.73478,0.77536,0.50473,0.96416,1.53169,1.01764,1.28885,nan,0,0,0.000101793,0.000101793,0.000101793
534,93246.9,1.26057,1.96163,1.32243,1.47387,0.19335,0.12544,0.13179,0.69579,0.74322,0.7959,0.60509,0.67995,0.74481,0.77985,0.50611,0.96765,1.53323,1.01878,1.29007,nan,0,0,0.000100418,0.000100418,0.000100418
535,93421.7,1.26392,1.97044,1.30994,1.47606,0.19603,0.12712,0.13332,0.72722,0.69463,0.79565,0.60553,0.65067,0.7572,0.78005,0.49868,0.96608,1.53255,1.01856,1.28988,nan,0,0,9.90437e-05,9.90437e-05,9.90437e-05
536,93596.1,1.26711,1.96498,1.31406,1.47156,0.19535,0.12434,0.13197,0.66786,0.75819,0.79755,0.60637,0.64956,0.77345,0.78203,0.50272,0.96698,1.5328,1.01261,1.29036,nan,0,0,9.76692e-05,9.76692e-05,9.76692e-05
537,93770.4,1.25463,1.95497,1.32875,1.49265,0.19519,0.12364,0.13087,0.68197,0.75996,0.79481,0.60093,0.66997,0.75507,0.77863,0.50113,0.96762,1.53071,1.01508,1.29066,nan,0,0,9.62948e-05,9.62948e-05,9.62948e-05
538,93944.8,1.24943,1.97348,1.31051,1.48077,0.19266,0.12561,0.13148,0.68175,0.76626,0.79677,0.60022,0.66217,0.74816,0.77751,0.50274,0.9682,1.53106,1.01616,1.29165,nan,0,0,9.49203e-05,9.49203e-05,9.49203e-05
539,94119.1,1.25793,1.95135,1.30398,1.48063,0.19619,0.12769,0.13419,0.65139,0.76716,0.79504,0.59663,0.63374,0.74779,0.7752,0.4979,0.96611,1.52707,1.01121,1.29056,nan,0,0,9.35459e-05,9.35459e-05,9.35459e-05
540,94293.5,1.26365,1.96369,1.31917,1.47702,0.19701,0.12678,0.13274,0.65262,0.76372,0.79184,0.59605,0.6278,0.75609,0.77378,0.50184,0.96562,1.52752,1.01063,1.29019,nan,0,0,9.21715e-05,9.21715e-05,9.21715e-05
541,94468,1.28549,2.01708,1.32914,1.49573,0.19296,0.12366,0.13226,0.67703,0.74885,0.79236,0.60266,0.66123,0.73733,0.77576,0.50409,0.9633,1.52907,1.01043,1.28927,nan,0,0,9.0797e-05,9.0797e-05,9.0797e-05
542,94642.4,1.23167,1.93721,1.28807,1.47056,0.19946,0.12958,0.13645,0.6829,0.73323,0.7939,0.59861,0.66946,0.72037,0.77574,0.50605,0.95988,1.52722,1.00811,1.28705,nan,0,0,8.94226e-05,8.94226e-05,8.94226e-05
543,94816.8,1.2693,2.01077,1.32244,1.47594,0.19777,0.13022,0.13705,0.68769,0.72307,0.79421,0.59733,0.67454,0.71089,0.77683,0.50047,0.96094,1.52713,1.00904,1.28849,nan,0,0,8.80481e-05,8.80481e-05,8.80481e-05
544,94991.4,1.28466,1.98608,1.33477,1.47271,0.19542,0.12655,0.13201,0.67859,0.73933,0.79337,0.59666,0.66636,0.72528,0.776,0.50253,0.95882,1.52669,1.01203,1.28702,nan,0,0,8.66736e-05,8.66736e-05,8.66736e-05
545,95165.9,1.27302,1.95566,1.29704,1.47206,0.19561,0.12358,0.13063,0.70879,0.72529,0.79681,0.59956,0.69904,0.71349,0.78069,0.50516,0.96011,1.52312,1.01255,1.28747,nan,0,0,8.52992e-05,8.52992e-05,8.52992e-05
546,95340.4,1.25165,1.94341,1.32846,1.4805,0.19489,0.12563,0.13244,0.6914,0.72627,0.79592,0.59727,0.68138,0.71273,0.7791,0.50475,0.96132,1.52124,1.01178,1.2875,nan,0,0,8.39248e-05,8.39248e-05,8.39248e-05
547,95514.8,1.25798,1.98002,1.30293,1.46841,0.19627,0.12986,0.13687,0.68366,0.75115,0.79574,0.59975,0.67159,0.73888,0.77776,0.50794,0.95976,1.52155,1.00783,1.28673,nan,0,0,8.25503e-05,8.25503e-05,8.25503e-05
548,95689.4,1.26485,1.93439,1.29682,1.46195,0.19788,0.12914,0.13643,0.69307,0.75078,0.79419,0.59829,0.68032,0.73772,0.77697,0.50546,0.95797,1.52011,1.00273,1.28519,nan,0,0,8.11759e-05,8.11759e-05,8.11759e-05
549,95863.8,1.27047,1.9796,1.29466,1.46023,0.19661,0.12996,0.13633,0.70626,0.72088,0.79475,0.59726,0.69966,0.70602,0.77754,0.50887,0.9585,1.51986,1.00613,1.28528,nan,0,0,7.98014e-05,7.98014e-05,7.98014e-05
550,96038.1,1.2706,1.97355,1.34325,1.48506,0.19361,0.1256,0.13113,0.71267,0.73147,0.7948,0.59656,0.70193,0.71646,0.77765,0.51186,0.96125,1.518,1.00934,1.28675,nan,0,0,7.84269e-05,7.84269e-05,7.84269e-05
551,96212.5,1.25498,1.98968,1.31557,1.47831,0.19836,0.12733,0.13471,0.70927,0.72768,0.7946,0.60228,0.69872,0.71319,0.77739,0.50957,0.96212,1.51921,1.01123,1.28769,nan,0,0,7.70525e-05,7.70525e-05,7.70525e-05
552,96387.5,1.24939,1.91312,1.30183,1.48089,0.19529,0.1261,0.13313,0.71571,0.73749,0.79753,0.60148,0.70409,0.71904,0.78137,0.50858,0.95737,1.52044,1.0109,1.28492,nan,0,0,7.5678e-05,7.5678e-05,7.5678e-05
553,96561.8,1.24462,1.94827,1.30587,1.46845,0.19185,0.12384,0.13059,0.70104,0.74086,0.79794,0.59567,0.68731,0.72748,0.78105,0.50599,0.95576,1.51858,1.01032,1.28319,nan,0,0,7.43036e-05,7.43036e-05,7.43036e-05
554,96736.1,1.2483,1.97485,1.28654,1.46046,0.19472,0.1242,0.13191,0.69558,0.74678,0.7949,0.59829,0.68564,0.72959,0.77758,0.50518,0.95795,1.51919,1.01048,1.28485,nan,0,0,7.29292e-05,7.29292e-05,7.29292e-05
555,96910.8,1.26317,1.98494,1.3116,1.47751,0.19633,0.12908,0.13486,0.69637,0.73794,0.79669,0.59558,0.68509,0.72694,0.78033,0.50622,0.95541,1.51864,1.00908,1.28361,nan,0,0,7.15547e-05,7.15547e-05,7.15547e-05
556,97085.4,1.28212,1.97875,1.34163,1.47063,0.19561,0.12602,0.13304,0.69415,0.73335,0.79621,0.59514,0.68228,0.7314,0.77957,0.50602,0.95704,1.51768,1.0078,1.28509,nan,0,0,7.01802e-05,7.01802e-05,7.01802e-05
557,97260.1,1.25085,2.00228,1.27336,1.45156,0.19113,0.12395,0.1297,0.68767,0.74779,0.79756,0.59582,0.67237,0.73104,0.77818,0.50426,0.95619,1.51684,1.00724,1.28471,nan,0,0,6.88058e-05,6.88058e-05,6.88058e-05
558,97434.7,1.24937,1.94268,1.30383,1.46356,0.19558,0.12748,0.13404,0.70972,0.72074,0.79514,0.59438,0.68134,0.71639,0.77544,0.50252,0.95409,1.51533,1.00521,1.28266,nan,0,0,6.74313e-05,6.74313e-05,6.74313e-05
559,97609.2,1.25207,1.94022,1.29742,1.4498,0.19628,0.127,0.13483,0.66137,0.75285,0.79399,0.5951,0.62516,0.75599,0.77568,0.50069,0.95264,1.51487,1.00733,1.28188,nan,0,0,6.60569e-05,6.60569e-05,6.60569e-05
560,97783.7,1.23245,1.94592,1.28021,1.46974,0.19306,0.12348,0.13062,0.67097,0.74392,0.79467,0.59485,0.65394,0.7307,0.77722,0.50377,0.95204,1.51461,1.00693,1.28162,nan,0,0,6.46825e-05,6.46825e-05,6.46825e-05
561,97958.1,1.25314,1.93891,1.29209,1.4798,0.19769,0.12555,0.13239,0.69209,0.73384,0.79542,0.59509,0.68188,0.72576,0.77937,0.50429,0.95436,1.51426,1.00707,1.28333,nan,0,0,6.3308e-05,6.3308e-05,6.3308e-05
562,98132.7,1.2354,1.90214,1.2778,1.43813,0.19314,0.126,0.13247,0.68613,0.74038,0.79616,0.59902,0.67593,0.73023,0.78091,0.50339,0.95232,1.51141,1.00793,1.28201,nan,0,0,6.19335e-05,6.19335e-05,6.19335e-05
563,98307.1,1.25627,1.92753,1.2897,1.48053,0.19306,0.1247,0.13095,0.66825,0.76665,0.79605,0.59991,0.65768,0.75562,0.78066,0.50167,0.95227,1.51149,1.0077,1.2821,nan,0,0,6.05591e-05,6.05591e-05,6.05591e-05
564,98481.7,1.25874,1.94766,1.29913,1.45027,0.19147,0.12338,0.13067,0.68535,0.7505,0.79644,0.60022,0.6755,0.72677,0.77922,0.50106,0.9526,1.51321,1.01201,1.28267,nan,0,0,5.91846e-05,5.91846e-05,5.91846e-05
565,98656.2,1.23689,1.93723,1.29517,1.46022,0.19349,0.12424,0.13139,0.67246,0.76146,0.798,0.5989,0.67106,0.72949,0.7795,0.50391,0.95229,1.51167,1.01405,1.28162,nan,0,0,5.78102e-05,5.78102e-05,5.78102e-05
566,98830.7,1.25605,1.93439,1.29188,1.47688,0.19852,0.12844,0.13621,0.66445,0.76743,0.79335,0.59869,0.64976,0.74888,0.77621,0.50197,0.95119,1.51129,1.01078,1.28124,nan,0,0,5.64358e-05,5.64358e-05,5.64358e-05
567,99005.2,1.23361,1.91204,1.30006,1.4652,0.19294,0.12531,0.1325,0.66693,0.78578,0.79362,0.60011,0.64922,0.76674,0.77502,0.50247,0.94913,1.50921,1.00861,1.28001,nan,0,0,5.50613e-05,5.50613e-05,5.50613e-05
568,99179.6,1.24106,1.92967,1.28787,1.45702,0.19337,0.12544,0.13239,0.67602,0.78101,0.79564,0.60231,0.65307,0.76332,0.77647,0.50371,0.95105,1.50862,1.00907,1.28048,nan,0,0,5.36869e-05,5.36869e-05,5.36869e-05
569,99354.2,1.24637,1.91549,1.28127,1.45753,0.19398,0.1244,0.13252,0.67952,0.76124,0.79528,0.6016,0.66079,0.74096,0.77665,0.50322,0.95183,1.50816,1.00728,1.28021,nan,0,0,5.23124e-05,5.23124e-05,5.23124e-05
570,99528.9,1.25858,1.95038,1.27373,1.46042,0.19314,0.12475,0.13167,0.66843,0.7772,0.79259,0.59873,0.64283,0.76733,0.77381,0.50101,0.95344,1.50776,1.00682,1.2812,nan,0,0,5.09379e-05,5.09379e-05,5.09379e-05
571,99703.3,1.2357,1.96827,1.30769,1.47337,0.19417,0.12669,0.13482,0.65122,0.78754,0.79323,0.59757,0.63437,0.77112,0.7758,0.50196,0.9531,1.50795,1.00791,1.28132,nan,0,0,4.95635e-05,4.95635e-05,4.95635e-05
572,99877.8,1.23615,1.92393,1.30298,1.47295,0.19422,0.12638,0.13329,0.65602,0.77261,0.79351,0.59702,0.64022,0.75497,0.77598,0.5018,0.95353,1.50587,1.00645,1.28175,nan,0,0,4.81891e-05,4.81891e-05,4.81891e-05
573,100053,1.25285,1.95921,1.31658,1.47365,0.19294,0.12391,0.13114,0.66251,0.77091,0.79332,0.59803,0.65204,0.76006,0.77806,0.5041,0.95268,1.50475,1.00419,1.28236,nan,0,0,4.68146e-05,4.68146e-05,4.68146e-05
574,100227,1.26921,1.95719,1.31681,1.46581,0.19469,0.12662,0.1339,0.65972,0.76747,0.7954,0.59897,0.65022,0.75604,0.77981,0.5063,0.95356,1.50501,1.00591,1.28275,nan,0,0,4.54402e-05,4.54402e-05,4.54402e-05
575,100402,1.23046,1.94758,1.29239,1.4598,0.1939,0.12362,0.13041,0.6648,0.78099,0.79687,0.60076,0.64837,0.76955,0.7799,0.50452,0.95342,1.50565,1.00678,1.28186,nan,0,0,4.40657e-05,4.40657e-05,4.40657e-05
576,100577,1.25709,1.93822,1.30196,1.46439,0.19504,0.12599,0.13238,0.65997,0.78036,0.79671,0.60183,0.64409,0.76593,0.7795,0.50583,0.95432,1.50559,1.007,1.28241,nan,0,0,4.26912e-05,4.26912e-05,4.26912e-05
577,100751,1.2505,1.94533,1.302,1.46751,0.19637,0.12876,0.13606,0.66304,0.7858,0.79527,0.59882,0.64711,0.76993,0.77719,0.50685,0.95318,1.50439,1.00261,1.28202,nan,0,0,4.13168e-05,4.13168e-05,4.13168e-05
578,100926,1.24283,1.9592,1.29876,1.44389,0.19655,0.12856,0.13456,0.65282,0.78694,0.79298,0.59854,0.63813,0.76996,0.77636,0.50226,0.95443,1.5042,1.00258,1.28227,nan,0,0,3.99423e-05,3.99423e-05,3.99423e-05
579,101101,1.23994,1.94193,1.29167,1.46177,0.19917,0.12856,0.13592,0.65119,0.7957,0.79594,0.59927,0.63549,0.77777,0.77948,0.50541,0.95121,1.50377,1.00359,1.28079,nan,0,0,3.85679e-05,3.85679e-05,3.85679e-05
580,101275,1.26344,1.9172,1.29615,1.46171,0.19498,0.12481,0.13263,0.64897,0.8025,0.79288,0.59678,0.63754,0.79027,0.77635,0.50436,0.94977,1.50216,1.00089,1.27925,nan,0,0,3.71935e-05,3.71935e-05,3.71935e-05
581,101450,1.2112,1.92846,1.25761,1.4446,0.1939,0.12571,0.13261,0.65772,0.79418,0.79398,0.598,0.64046,0.78583,0.77766,0.50612,0.94876,1.50154,0.99958,1.27815,nan,0,0,3.5819e-05,3.5819e-05,3.5819e-05
582,101624,1.25946,1.91008,1.29927,1.47035,0.19255,0.12483,0.13169,0.65588,0.7957,0.79535,0.59915,0.64245,0.78528,0.77917,0.50668,0.94795,1.50211,0.99991,1.27693,nan,0,0,3.44445e-05,3.44445e-05,3.44445e-05
583,101799,1.29005,1.96804,1.30864,1.46465,0.19462,0.12646,0.13351,0.64628,0.8023,0.79335,0.59907,0.63029,0.78361,0.77565,0.50243,0.94831,1.50382,0.99476,1.27733,nan,0,0,3.30701e-05,3.30701e-05,3.30701e-05
584,101973,1.24148,1.92253,1.2692,1.44616,0.19618,0.1277,0.1346,0.6626,0.78021,0.79474,0.59953,0.63026,0.77337,0.77682,0.50442,0.94974,1.50399,0.99407,1.27752,nan,0,0,3.16956e-05,3.16956e-05,3.16956e-05
585,102148,1.25547,1.92935,1.3088,1.46791,0.19327,0.12193,0.12858,0.65168,0.79036,0.79338,0.59841,0.63582,0.77381,0.77298,0.50124,0.94879,1.5026,0.99391,1.27686,nan,0,0,3.03212e-05,3.03212e-05,3.03212e-05
586,102323,1.25388,1.95546,1.29628,1.46498,0.19565,0.1264,0.13245,0.65948,0.7898,0.79352,0.59807,0.64676,0.77851,0.77574,0.50554,0.94534,1.50142,0.991,1.2748,nan,0,0,2.89468e-05,2.89468e-05,2.89468e-05
587,102497,1.25299,1.94613,1.30544,1.46604,0.19326,0.12434,0.13142,0.66185,0.77553,0.79293,0.59735,0.64134,0.77295,0.77359,0.50494,0.94677,1.50155,0.99331,1.2755,nan,0,0,2.75723e-05,2.75723e-05,2.75723e-05
588,102672,1.22813,1.93923,1.27078,1.45926,0.19142,0.12364,0.12995,0.66052,0.79462,0.79557,0.60277,0.63957,0.78264,0.77562,0.50651,0.94591,1.50166,0.99459,1.27501,nan,0,0,2.61978e-05,2.61978e-05,2.61978e-05
589,102847,1.23705,1.92238,1.28136,1.46308,0.1946,0.12799,0.13426,0.65601,0.78514,0.79313,0.60015,0.63952,0.76629,0.77324,0.50203,0.94538,1.50169,0.99298,1.27449,nan,0,0,2.48234e-05,2.48234e-05,2.48234e-05
590,103021,1.23967,1.93463,1.28284,1.47044,0.19785,0.1289,0.13577,0.66771,0.77623,0.79525,0.60109,0.64816,0.76214,0.77575,0.50642,0.9455,1.50184,0.99472,1.27446,nan,0,0,2.34489e-05,2.34489e-05,2.34489e-05
591,103200,1.27826,1.91303,1.2527,1.49895,0.1801,0.09336,0.10362,0.68456,0.76536,0.79438,0.59764,0.6643,0.74908,0.77539,0.50164,0.96278,1.51461,1.0152,1.28349,nan,0,0,2.20745e-05,2.20745e-05,2.20745e-05
592,103374,1.23362,1.86751,1.22411,1.47815,0.18049,0.09171,0.10234,0.68483,0.75168,0.78797,0.58552,0.65967,0.75449,0.77044,0.4933,0.97577,1.53402,1.02705,1.29214,nan,0,0,2.07001e-05,2.07001e-05,2.07001e-05
593,103549,1.22528,1.89574,1.20465,1.46499,0.18027,0.08979,0.10162,0.67806,0.7586,0.78359,0.57801,0.65351,0.74793,0.76664,0.49046,0.98843,1.55316,1.02802,1.30108,nan,0,0,1.93256e-05,1.93256e-05,1.93256e-05
594,103724,1.25082,1.88618,1.22452,1.4939,0.17864,0.08924,0.10104,0.68758,0.74991,0.78482,0.57481,0.67315,0.73666,0.76684,0.48772,1.00023,1.56793,1.02919,1.30994,nan,0,0,1.79512e-05,1.79512e-05,1.79512e-05
595,103899,1.20711,1.82394,1.18367,1.44711,0.18035,0.08809,0.0991,0.68812,0.73443,0.78352,0.57397,0.67318,0.72499,0.76536,0.48589,1.00665,1.57541,1.02974,1.31552,nan,0,0,1.65767e-05,1.65767e-05,1.65767e-05
596,104073,1.19321,1.86773,1.17283,1.44444,0.17907,0.08779,0.09964,0.69284,0.73389,0.78267,0.57217,0.67723,0.72121,0.76428,0.48492,1.00575,1.57609,1.02743,1.31554,nan,0,0,1.52022e-05,1.52022e-05,1.52022e-05
597,104248,1.20124,1.87072,1.15861,1.45556,0.17774,0.08632,0.0971,0.6806,0.75455,0.7837,0.57249,0.66551,0.7429,0.7652,0.48705,1.0043,1.57569,1.02415,1.31471,nan,0,0,1.38278e-05,1.38278e-05,1.38278e-05
598,104423,1.18385,1.82869,1.14555,1.43035,0.17874,0.0862,0.09779,0.6818,0.7505,0.78398,0.57237,0.66748,0.74117,0.76646,0.48749,1.00267,1.57381,1.02262,1.31414,nan,0,0,1.24534e-05,1.24534e-05,1.24534e-05
599,104597,1.17998,1.79342,1.1541,1.45251,0.1775,0.08516,0.09663,0.68672,0.74924,0.787,0.57563,0.66577,0.74023,0.76937,0.49016,1.00197,1.57219,1.02054,1.31381,nan,0,0,1.10789e-05,1.10789e-05,1.10789e-05
600,104772,1.19577,1.81911,1.14555,1.43397,0.1769,0.08625,0.09769,0.69127,0.75366,0.78848,0.57773,0.67621,0.74348,0.77058,0.49136,1.00078,1.57108,1.01896,1.31289,nan,0,0,9.70445e-06,9.70445e-06,9.70445e-06
