epoch,time,train/box_loss,train/seg_loss,train/cls_loss,train/dfl_loss,train/sem_loss,train/heat_loss,train/seed_loss,metrics/precision(B),metrics/recall(B),metrics/mAP50(B),metrics/mAP50-95(B),metrics/precision(M),metrics/recall(M),metrics/mAP50(M),metrics/mAP50-95(M),val/box_loss,val/seg_loss,val/cls_loss,val/dfl_loss,val/sem_loss,val/heat_loss,val/seed_loss,lr/pg0,lr/pg1,lr/pg2
1,66.2433,3.8833,7.1165,5.67375,4.19373,0.86489,0.84171,0.8449,0,0,0,0,0.00011,0.00092,0,0,4.06026,5.10183,5.00118,4.14071,0,0,0,0.000274475,0.000274475,0.000274475
2,107.688,3.79153,5.09264,5.42618,4.11724,0.8294,0.81263,0.81584,0.40022,0.00046,0,0,0.40022,0.00046,0,0,4.04737,41.52,6.70482,4.32512,0,0,0,0.000551231,0.000551231,0.000551231
3,148.505,3.69922,4.81155,5.24886,3.96178,0.78748,0.76583,0.77208,0.00023,0.01729,1e-05,0,1e-05,0.00092,0,0,nan,nan,nan,nan,0,0,0,0.00082707,0.00082707,0.00082707
4,188.917,3.4697,4.72095,5.07697,3.73267,0.744,0.71752,0.72617,0.0003,0.02432,3e-05,0,0.00022,0.02211,1e-05,0,nan,nan,nan,nan,0,0,0,0.000828877,0.000828877,0.000828877
5,229.828,3.30909,4.68689,4.94077,3.51728,0.6981,0.67218,0.68183,0.00046,0.03494,6e-05,1e-05,0.0003,0.02135,3e-05,0,3.4199,21.6352,6.87166,3.47439,0,0,0,0.000827502,0.000827502,0.000827502
6,270.258,3.17449,4.68738,4.81181,3.35585,0.65734,0.63236,0.64153,0.00052,0.03697,0.00029,5e-05,0.60285,0.00092,0.00024,3e-05,3.30827,4.98208,4.28679,3.31486,0,0,0,0.000826128,0.000826128,0.000826128
7,310.745,3.01907,4.55838,4.70128,3.28152,0.62269,0.60224,0.61002,0.6007,0.00185,0.00015,3e-05,0.6007,0.00185,0.00012,2e-05,3.23269,5.22663,8.21245,3.23745,0,0,0,0.000824753,0.000824753,0.000824753
8,350.419,3.00788,4.52489,4.67672,3.22872,0.5949,0.57797,0.58446,0.00063,0.06008,0.00028,6e-05,0.00042,0.04121,0.00021,4e-05,3.2345,5.13041,4.32613,3.25465,0,0,0,0.000823379,0.000823379,0.000823379
9,390.705,2.91005,4.53158,4.61646,3.1323,0.57592,0.56034,0.56594,0.00088,0.06575,0.00026,5e-05,0.0005,0.03569,9e-05,2e-05,3.1766,4.83744,4.22563,3.21916,0,0,0,0.000822004,0.000822004,0.000822004
10,430.817,2.86726,4.52254,4.51324,3.05229,0.56284,0.54868,0.55359,0.80307,0.006,0.00086,0.00015,0.8058,0.006,0.00084,0.00018,3.08183,4.92105,4.09323,3.09251,0,0,0,0.00082063,0.00082063,0.00082063
11,471.116,2.88502,4.46099,4.52891,3.01007,0.55248,0.53973,0.54384,0.4127,0.00277,0.00179,0.0003,0.41343,0.00277,0.00205,0.00029,3.06607,4.67108,4.08148,3.09066,0,0,0,0.000819255,0.000819255,0.000819255
12,511.658,2.79444,4.39412,4.40668,2.98655,0.54555,0.53306,0.53684,0.41076,0.00231,0.00142,0.0003,0.42128,0.00323,0.00126,0.00027,3.07201,4.62384,4.07934,3.06275,0,0,0,0.000817881,0.000817881,0.000817881
13,551.57,2.79593,4.39739,4.40741,2.96153,0.53956,0.52775,0.53131,0.00104,0.1034,0.00097,0.00021,0.00088,0.07316,0.0007,0.00014,nan,nan,nan,nan,0,0,0,0.000816507,0.000816507,0.000816507
14,591.748,2.73119,4.33661,4.3336,2.89737,0.53545,0.52385,0.52693,0.40616,0.01016,0.00155,0.00035,0.61947,0.00323,0.00147,0.00032,nan,nan,nan,nan,0,0,0,0.000815132,0.000815132,0.000815132
15,632.147,2.74484,4.33906,4.27888,2.86871,0.532,0.52047,0.52338,0.6034,0.00739,0.00085,0.00023,0.60348,0.00739,0.00066,0.00014,nan,nan,nan,nan,0,0,0,0.000813758,0.000813758,0.000813758
16,671.876,2.6517,4.30832,4.29082,2.86439,0.53012,0.51812,0.52109,0.60917,0.00508,0.00128,0.00032,0.60863,0.00462,0.00094,0.0002,nan,nan,nan,nan,0,0,0,0.000812383,0.000812383,0.000812383
17,712.291,2.67097,4.25492,4.20625,2.82553,0.52654,0.51574,0.51826,0.00122,0.11826,0.00073,0.00017,0.20143,0.00785,0.00058,0.00011,nan,nan,nan,nan,0,0,0,0.000811009,0.000811009,0.000811009
18,752.123,2.60561,4.21557,4.14687,2.77692,0.52387,0.5139,0.51603,0.40832,0.00416,0.0017,0.00036,0.40778,0.0037,0.00108,0.00023,nan,nan,nan,nan,0,0,0,0.000809634,0.000809634,0.000809634
19,792.26,2.64318,4.20495,4.17202,2.78309,0.52301,0.51235,0.51458,0.40353,0.02125,0.00148,0.00039,0.80524,0.00554,0.00107,0.00026,2.86142,4.44663,4.15034,2.8874,0,0,0,0.00080826,0.00080826,0.00080826
20,832.419,2.58194,4.22155,4.07685,2.76151,0.52157,0.51093,0.51307,0.40733,0.0097,0.00275,0.0006,0.40752,0.0097,0.00144,0.00043,nan,nan,nan,nan,0,0,0,0.000806885,0.000806885,0.000806885
21,872.512,2.58492,4.19383,4.06099,2.74771,0.5172,0.50855,0.51031,0.40507,0.01062,0.00224,0.00054,0.40565,0.0097,0.00156,0.00036,2.82286,4.42154,4.00975,2.83807,0,0,0,0.000805511,0.000805511,0.000805511
22,912.428,2.55651,4.15339,3.9748,2.69723,0.51786,0.50748,0.50959,0.60398,0.01524,0.00208,0.00054,0.60341,0.01109,0.00114,0.00028,2.80212,4.43441,4.29538,2.85591,0,0,0,0.000804137,0.000804137,0.000804137
23,952.358,2.50541,4.16203,3.94703,2.68083,0.51632,0.50612,0.50804,0.40961,0.0097,0.00316,0.00083,0.6107,0.00924,0.00262,0.00077,2.77208,4.40397,3.94131,2.81695,0,0,0,0.000802762,0.000802762,0.000802762
24,992.691,2.53237,4.11472,3.92306,2.65286,0.5137,0.50381,0.50566,0.41854,0.01155,0.00356,0.00091,0.4212,0.01062,0.00299,0.0008,2.74999,4.46455,5.29883,2.80548,0,0,0,0.000801388,0.000801388,0.000801388
25,1033.04,2.4829,4.07032,3.85971,2.64492,0.51359,0.50282,0.50479,0.21291,0.0185,0.00482,0.00149,0.21361,0.01201,0.00416,0.00134,nan,nan,nan,nan,0,0,0,0.000800013,0.000800013,0.000800013
26,1073.29,2.4815,4.14751,3.83109,2.64206,0.51258,0.50155,0.50349,0.20754,0.01016,0.0023,0.00056,0.20829,0.00924,0.002,0.0005,nan,nan,nan,nan,0,0,0,0.000798639,0.000798639,0.000798639
27,1113.42,2.46561,4.07663,3.89298,2.64421,0.51029,0.49946,0.50152,0.41457,0.01617,0.00571,0.00143,0.41564,0.01524,0.00401,0.0011,nan,nan,nan,nan,0,0,0,0.000797264,0.000797264,0.000797264
28,1153.49,2.4358,4.12749,3.82686,2.63484,0.50847,0.49756,0.49956,0.20622,0.01293,0.00197,0.00058,0.20594,0.01201,0.00148,0.00039,nan,nan,nan,nan,0,0,0,0.00079589,0.00079589,0.00079589
29,1193.52,2.42268,4.01619,3.83771,2.60859,0.50751,0.49529,0.49786,0.41915,0.01247,0.00401,0.00114,0.41773,0.01155,0.00328,0.00103,nan,nan,nan,nan,0,0,0,0.000794515,0.000794515,0.000794515
30,1233.58,2.42096,4.08145,3.74172,2.59282,0.50586,0.49245,0.49548,0.00525,0.01801,0.00219,0.00058,0.0045,0.01524,0.00142,0.00036,nan,nan,nan,nan,0,0,0,0.000793141,0.000793141,0.000793141
31,1273.85,2.39462,3.97596,3.7,2.54614,0.50494,0.48829,0.49233,0.61406,0.01988,0.00404,0.00119,0.61376,0.01062,0.0031,0.00093,nan,nan,nan,nan,0,0,0,0.000791767,0.000791767,0.000791767
32,1313.88,2.41108,4.02673,3.68823,2.54342,0.5011,0.48036,0.48589,0.41796,0.01432,0.00572,0.00171,0.41903,0.01386,0.0048,0.00164,2.65212,4.31605,3.81377,2.67797,0,0,0,0.000790392,0.000790392,0.000790392
33,1354.05,2.37805,4.01746,3.67018,2.54687,0.49955,0.46608,0.47601,0.62178,0.01478,0.00617,0.00234,0.61732,0.01109,0.00467,0.00191,nan,nan,nan,nan,0,0,0,0.000789018,0.000789018,0.000789018
34,1394.32,2.3608,3.98264,3.59546,2.49578,0.49426,0.43575,0.45603,0.41563,0.01478,0.00467,0.00141,0.41524,0.01386,0.00387,0.00122,nan,nan,nan,nan,0,0,0,0.000787643,0.000787643,0.000787643
35,1434.35,2.41435,3.9745,3.59212,2.52002,0.48939,0.38227,0.42276,0.40923,0.01848,0.00312,0.00088,0.40854,0.01709,0.00248,0.00066,nan,nan,nan,nan,0,0,0,0.000786269,0.000786269,0.000786269
36,1474.36,2.33247,3.96566,3.60061,2.51104,0.47919,0.31617,0.37237,0.42243,0.01848,0.00667,0.00211,0.42018,0.01663,0.00563,0.00185,nan,nan,nan,nan,0,0,0,0.000784894,0.000784894,0.000784894
37,1514.34,2.36876,3.95932,3.60488,2.49427,0.45692,0.25078,0.30347,0.41638,0.0194,0.00754,0.00257,0.82654,0.01201,0.00624,0.00214,nan,nan,nan,nan,0,0,0,0.00078352,0.00078352,0.00078352
38,1554.61,2.31301,3.94644,3.57235,2.48509,0.40577,0.20729,0.24392,0.41828,0.01524,0.00573,0.0018,0.42034,0.01339,0.00499,0.00161,nan,nan,nan,nan,0,0,0,0.000782145,0.000782145,0.000782145
39,1594.56,2.32004,3.95748,3.55386,2.4837,0.3343,0.18739,0.21244,0.61895,0.01663,0.00604,0.00189,0.82029,0.01432,0.00524,0.00161,nan,nan,nan,nan,0,0,0,0.000780771,0.000780771,0.000780771
40,1634.54,2.30289,3.89038,3.51895,2.47222,0.2745,0.17718,0.19939,0.62266,0.01663,0.00839,0.00262,0.6214,0.0157,0.00558,0.00192,nan,nan,nan,nan,0,0,0,0.000779396,0.000779396,0.000779396
41,1674.66,2.3146,3.90361,3.49578,2.45037,0.24307,0.16884,0.19271,0.41716,0.01986,0.00841,0.00249,0.41639,0.01339,0.00679,0.00197,nan,nan,nan,nan,0,0,0,0.000778022,0.000778022,0.000778022
42,1714.56,2.30298,3.93107,3.46806,2.44222,0.22876,0.15969,0.18493,0.43655,0.02223,0.00847,0.00257,0.42018,0.0157,0.00683,0.00236,nan,nan,nan,nan,0,0,0,0.000776648,0.000776648,0.000776648
43,1755.01,2.31367,3.83523,3.47176,2.44166,0.22568,0.15593,0.18086,0.42215,0.0157,0.0088,0.00276,0.41854,0.01339,0.00758,0.00265,nan,nan,nan,nan,0,0,0,0.000775273,0.000775273,0.000775273
44,1795.26,2.29653,3.88828,3.4316,2.4256,0.22388,0.15724,0.17802,0.42669,0.01757,0.0098,0.00343,0.42415,0.01526,0.00789,0.00292,nan,nan,nan,nan,0,0,0,0.000773899,0.000773899,0.000773899
45,1835.7,2.28668,3.85404,3.43429,2.40969,0.21891,0.15576,0.17207,0.43022,0.01619,0.00788,0.00267,0.42998,0.01665,0.00709,0.00276,nan,nan,nan,nan,0,0,0,0.000772524,0.000772524,0.000772524
46,1875.63,2.2684,3.84295,3.39552,2.41629,0.22154,0.15695,0.17014,0.2312,0.01617,0.01088,0.00356,0.22783,0.01524,0.00809,0.00311,nan,nan,nan,nan,0,0,0,0.00077115,0.00077115,0.00077115
47,1916.25,2.24632,3.79317,3.39955,2.39627,0.22098,0.15576,0.16713,0.43832,0.01803,0.00928,0.00251,0.4233,0.0157,0.00594,0.00181,nan,nan,nan,nan,0,0,0,0.000769775,0.000769775,0.000769775
48,1956.43,2.27373,3.82116,3.34927,2.3908,0.22025,0.15652,0.16731,0.42947,0.02123,0.01064,0.00317,0.4316,0.01942,0.00926,0.00307,2.66081,4.27687,3.80305,2.67063,0,0,0,0.000768401,0.000768401,0.000768401
49,1996.4,2.23075,3.81297,3.3253,2.40281,0.22046,0.15357,0.1633,0.45735,0.02773,0.01147,0.00337,0.46321,0.02358,0.00947,0.00273,2.61476,4.27889,3.77206,2.67204,0,0,0,0.000767026,0.000767026,0.000767026
50,2036.45,2.22758,3.75104,3.27011,2.37244,0.21966,0.15532,0.16404,0.42609,0.02601,0.01121,0.00331,0.42411,0.01713,0.00912,0.00291,2.61323,4.20949,3.82745,2.6346,0,0,0,0.000765652,0.000765652,0.000765652
51,2076.52,2.23039,3.78132,3.26507,2.37842,0.21885,0.15349,0.16215,0.63492,0.01988,0.01113,0.00328,0.62806,0.01432,0.00902,0.00302,2.61595,4.26506,3.84738,2.6683,0,0,0,0.000764278,0.000764278,0.000764278
52,2116.29,2.22885,3.82956,3.31946,2.36898,0.2168,0.15638,0.16496,0.41635,0.02034,0.00681,0.00219,0.4146,0.01803,0.00465,0.00179,2.59609,4.24687,3.94065,2.60235,0,0,0,0.000762903,0.000762903,0.000762903
53,2156.33,2.19667,3.7614,3.23391,2.35787,0.22028,0.15358,0.16255,0.02632,0.01896,0.00925,0.0025,0.02682,0.01572,0.00748,0.00246,nan,nan,nan,nan,0,0,0,0.000761529,0.000761529,0.000761529
54,2196.48,2.21846,3.74394,3.23587,2.3428,0.21518,0.15222,0.16102,0.22544,0.01988,0.01062,0.00285,0.43326,0.01434,0.00728,0.00223,2.62177,4.26874,3.8371,2.63201,0,0,0,0.000760154,0.000760154,0.000760154
55,2236.5,2.23513,3.76401,3.24384,2.37824,0.21746,0.15439,0.16349,0.23029,0.02219,0.01071,0.00313,0.22206,0.01805,0.0063,0.002,nan,nan,nan,nan,0,0,0,0.00075878,0.00075878,0.00075878
56,2276.73,2.17071,3.75224,3.20363,2.34056,0.21617,0.15423,0.16269,0.03561,0.01757,0.00879,0.0027,0.02003,0.01619,0.00635,0.00216,nan,nan,nan,nan,0,0,0,0.000757405,0.000757405,0.000757405
57,2316.67,2.21652,3.7586,3.23377,2.36854,0.21957,0.15623,0.1663,0.21945,0.03111,0.00501,0.00145,0.21038,0.02542,0.00342,0.00086,nan,nan,nan,nan,0,0,0,0.000756031,0.000756031,0.000756031
58,2356.78,2.23249,3.74313,3.19799,2.35063,0.21534,0.15572,0.16503,0.02178,0.02498,0.01186,0.00377,0.01931,0.02219,0.0083,0.003,2.60016,4.19863,3.86141,2.60167,0,0,0,0.000754656,0.000754656,0.000754656
59,2397.12,2.21883,3.77598,3.16142,2.33233,0.217,0.15493,0.16466,0.22242,0.01803,0.00924,0.00291,0.21967,0.01663,0.00849,0.00274,2.60576,4.18149,3.78631,2.63,0,0,0,0.000753282,0.000753282,0.000753282
60,2437.05,2.14938,3.66416,3.13299,2.30489,0.21304,0.15043,0.15995,0.02287,0.02685,0.01476,0.00393,0.01732,0.02219,0.01146,0.00326,2.56627,4.16761,3.80929,2.61623,0,0,0,0.000751907,0.000751907,0.000751907
61,2477.45,2.15985,3.68329,3.1648,2.34246,0.21082,0.14903,0.15703,0.22517,0.03516,0.01363,0.00395,0.42412,0.02773,0.01055,0.00369,2.57304,4.16688,3.75662,2.59586,0,0,0,0.000750533,0.000750533,0.000750533
62,2517.79,2.16931,3.71166,3.17114,2.30587,0.21472,0.15153,0.16106,0.43117,0.01711,0.01032,0.00314,0.22345,0.01766,0.00893,0.00288,2.59498,4.23312,3.83308,2.62973,0,0,0,0.000749159,0.000749159,0.000749159
63,2557.61,2.13527,3.667,3.07688,2.30082,0.20839,0.14682,0.15483,0.41564,0.02311,0.00954,0.00263,0.42133,0.01434,0.00732,0.00199,2.55674,4.19299,3.82818,2.59126,0,0,0,0.000747784,0.000747784,0.000747784
64,2597.93,2.13701,3.67,3.11852,2.29462,0.21363,0.15439,0.16353,0.42798,0.03201,0.01085,0.00367,0.4504,0.02512,0.00939,0.0031,2.58508,4.19718,3.84459,2.62546,0,0,0,0.00074641,0.00074641,0.00074641
65,2638.26,2.1538,3.68493,3.01712,2.28639,0.20949,0.15164,0.16102,0.24381,0.03107,0.01559,0.00439,0.22105,0.02311,0.0113,0.0035,2.59378,4.17722,3.8024,2.61897,0,0,0,0.000745035,0.000745035,0.000745035
66,2678.58,2.1737,3.66729,3.04749,2.27587,0.20929,0.15174,0.16009,0.03327,0.03388,0.01314,0.00359,0.01922,0.02221,0.00914,0.00258,2.56609,4.17401,3.76046,2.60643,0,0,0,0.000743661,0.000743661,0.000743661
67,2718.94,2.13126,3.65037,3.09193,2.274,0.21299,0.15063,0.16092,0.31734,0.03813,0.0188,0.00451,0.22636,0.02794,0.01024,0.00362,2.5276,4.19112,3.78308,2.57725,0,0,0,0.000742286,0.000742286,0.000742286
68,2759.35,2.12021,3.57458,3.02853,2.26492,0.20689,0.15104,0.15986,0.24478,0.03064,0.01477,0.00404,0.43084,0.02038,0.01187,0.00391,2.54389,4.13595,3.84349,2.6042,0,0,0,0.000740912,0.000740912,0.000740912
69,2799.46,2.11327,3.63253,3.0287,2.25797,0.19927,0.15148,0.16036,0.43836,0.0396,0.01126,0.00293,0.42069,0.02552,0.00775,0.00247,2.55786,4.15865,3.86813,2.60539,0,0,0,0.000739537,0.000739537,0.000739537
70,2839.39,2.10956,3.59433,2.99628,2.2487,0.19483,0.15356,0.16247,0.44546,0.02737,0.01131,0.00312,0.42157,0.01755,0.0077,0.0024,2.56869,4.17709,3.80431,2.60403,0,0,0,0.000738163,0.000738163,0.000738163
71,2879.49,2.09972,3.63914,2.97844,2.28257,0.19478,0.15211,0.16172,0.45398,0.02747,0.01335,0.00355,0.43863,0.02006,0.00801,0.00238,2.56704,4.24712,3.80711,2.60977,0,0,0,0.000736788,0.000736788,0.000736788
72,2919.18,2.10879,3.59199,3.02677,2.27544,0.18919,0.15154,0.16151,0.22796,0.04088,0.01748,0.00475,0.22058,0.03524,0.01472,0.00383,2.60104,4.21927,3.82633,2.61084,0,0,0,0.000735414,0.000735414,0.000735414
73,2959.42,2.09575,3.57275,2.93877,2.22963,0.19518,0.15208,0.16159,0.4405,0.04522,0.01371,0.00332,0.42461,0.03343,0.00998,0.0028,2.58689,4.11198,3.75816,2.59362,0,0,0,0.00073404,0.00073404,0.00073404
74,2999.69,2.10768,3.59761,2.92627,2.24433,0.19576,0.1528,0.1635,0.25905,0.04386,0.01385,0.00392,0.22912,0.02916,0.00962,0.00286,2.56181,4.2017,3.73239,2.59552,0,0,0,0.000732665,0.000732665,0.000732665
75,3039.46,2.05125,3.63404,2.98287,2.23429,0.19274,0.1508,0.16068,0.45732,0.02514,0.01219,0.00369,0.43522,0.0195,0.00841,0.00312,2.60581,4.24845,3.94474,2.64322,0,0,0,0.000731291,0.000731291,0.000731291
76,3079.4,2.06909,3.55092,2.88851,2.22779,0.18836,0.14636,0.15578,0.22951,0.02691,0.00922,0.00253,0.22993,0.02506,0.00773,0.00231,2.61878,4.27745,3.84181,2.65178,0,0,0,0.000729916,0.000729916,0.000729916
77,3119.53,2.09108,3.58492,2.90515,2.24013,0.19058,0.14836,0.15746,0.4417,0.04153,0.01091,0.0031,0.42682,0.02874,0.00846,0.0028,nan,nan,nan,nan,0,0,0,0.000728542,0.000728542,0.000728542
78,3159.63,2.10419,3.5517,2.9058,2.21688,0.19153,0.15057,0.15966,0.23042,0.02785,0.01142,0.00331,0.22172,0.02181,0.00819,0.0025,2.58934,4.17927,3.85657,2.6209,0,0,0,0.000727167,0.000727167,0.000727167
79,3199.66,2.05982,3.52142,2.88509,2.21962,0.19089,0.15164,0.16141,0.43799,0.03914,0.01202,0.00327,0.4353,0.02699,0.00919,0.00264,2.5933,4.18733,3.92506,2.61587,0,0,0,0.000725793,0.000725793,0.000725793
80,3239.8,2.07319,3.59263,2.86718,2.2019,0.19384,0.15164,0.16192,0.4341,0.03382,0.01548,0.0047,0.43115,0.02779,0.01228,0.00377,2.56437,4.19138,3.82094,2.61243,0,0,0,0.000724418,0.000724418,0.000724418
81,3279.76,2.06893,3.58253,2.85663,2.2175,0.19671,0.15284,0.16398,0.23123,0.02362,0.01025,0.00292,0.22824,0.02131,0.00796,0.00273,2.63648,4.16349,3.92491,2.62623,0,0,0,0.000723044,0.000723044,0.000723044
82,3319.79,2.06007,3.55532,2.83996,2.21515,0.18601,0.14784,0.15765,0.43687,0.03492,0.01168,0.00352,0.22449,0.02787,0.00857,0.00315,2.59906,4.2439,3.89804,2.61974,0,0,0,0.00072167,0.00072167,0.00072167
83,3359.96,2.04275,3.49789,2.81022,2.20251,0.1927,0.15248,0.16239,0.25694,0.02183,0.0137,0.00387,0.23448,0.01755,0.00993,0.00315,nan,nan,nan,nan,0,0,0,0.000720295,0.000720295,0.000720295
84,3399.94,2.0032,3.55032,2.79532,2.18935,0.18853,0.15137,0.16197,0.25001,0.03221,0.01794,0.00431,0.22947,0.02914,0.01177,0.0037,2.58962,4.21665,3.85161,2.61359,0,0,0,0.000718921,0.000718921,0.000718921
85,3439.7,2.02746,3.50036,2.76117,2.18425,0.18834,0.14744,0.15807,0.45432,0.02239,0.01244,0.00316,0.02485,0.02591,0.00818,0.00266,2.56427,4.21276,3.92534,2.62911,0,0,0,0.000717546,0.000717546,0.000717546
86,3479.8,2.02204,3.46464,2.76674,2.20071,0.19032,0.15092,0.16181,0.44372,0.02976,0.01356,0.00327,0.4324,0.02227,0.00864,0.0026,2.63336,4.20213,3.92199,2.62982,0,0,0,0.000716172,0.000716172,0.000716172
87,3519.63,2.03862,3.49255,2.8404,2.20884,0.18539,0.14295,0.15344,0.23798,0.02416,0.01201,0.00332,0.23407,0.01944,0.00996,0.003,2.57196,4.15657,4.00823,2.60522,0,0,0,0.000714797,0.000714797,0.000714797
88,3559.58,2.02416,3.45816,2.78062,2.18061,0.18812,0.1472,0.15718,0.24076,0.02739,0.01143,0.00313,0.2313,0.02508,0.00939,0.00272,2.57805,4.17952,3.90352,2.61542,0,0,0,0.000713423,0.000713423,0.000713423
89,3599.61,2.0211,3.52678,2.7718,2.18401,0.18804,0.14746,0.15874,0.4445,0.03018,0.01451,0.00365,0.44368,0.02647,0.01183,0.00342,2.56524,4.15939,3.89657,2.60013,0,0,0,0.000712048,0.000712048,0.000712048
90,3639.9,2.06149,3.5584,2.74592,2.16717,0.191,0.14914,0.1603,0.0317,0.03588,0.01141,0.00348,0.03373,0.02835,0.00978,0.003,2.58103,4.11306,3.95149,2.61326,0,0,0,0.000710674,0.000710674,0.000710674
91,3679.6,2.02263,3.44442,2.72729,2.16171,0.18677,0.14711,0.15821,0.44211,0.03209,0.01543,0.00421,0.22879,0.02408,0.01221,0.00369,2.5962,4.19927,3.94913,2.61755,0,0,0,0.000709299,0.000709299,0.000709299
92,3719.68,1.98355,3.46942,2.66255,2.15361,0.18798,0.15116,0.16161,0.23437,0.03134,0.01078,0.00281,0.226,0.025,0.00881,0.00257,2.65856,4.24397,4.00167,2.67262,0,0,0,0.000707925,0.000707925,0.000707925
93,3759.98,2.03376,3.47258,2.7177,2.16471,0.19149,0.15161,0.16297,0.22604,0.0301,0.01344,0.00309,0.41938,0.02589,0.01041,0.00266,2.66564,4.18238,3.88256,2.6565,0,0,0,0.000706551,0.000706551,0.000706551
94,3799.59,1.9864,3.48889,2.69322,2.14575,0.18914,0.14688,0.15775,0.24568,0.0354,0.01603,0.00419,0.23485,0.02548,0.01127,0.00353,2.66372,4.13273,3.94159,2.67517,0,0,0,0.000705176,0.000705176,0.000705176
95,3839.58,2.01872,3.48421,2.72457,2.15417,0.18301,0.1464,0.15618,0.43655,0.03014,0.01313,0.0037,0.43136,0.02914,0.01075,0.0033,2.59818,4.15469,3.96447,2.6271,0,0,0,0.000703802,0.000703802,0.000703802
96,3879.66,2.01332,3.43581,2.66587,2.15461,0.18569,0.14771,0.15808,0.23123,0.02645,0.01319,0.0033,0.23603,0.02277,0.01152,0.00344,2.6226,4.19101,3.94968,2.6438,0,0,0,0.000702427,0.000702427,0.000702427
97,3919.36,2.00568,3.42036,2.64745,2.1328,0.18193,0.14245,0.15262,0.0439,0.02928,0.01304,0.00399,0.23931,0.01992,0.01164,0.00335,2.60335,4.1695,3.87706,2.62861,0,0,0,0.000701053,0.000701053,0.000701053
98,3959.22,1.99146,3.35984,2.66855,2.13356,0.18282,0.14531,0.15586,0.23613,0.03213,0.01382,0.00415,0.22859,0.03111,0.01101,0.00335,2.59937,4.18923,3.94841,2.63948,0,0,0,0.000699678,0.000699678,0.000699678
99,3999.04,2.00148,3.47171,2.67621,2.15678,0.18415,0.14394,0.15558,0.23897,0.03155,0.01277,0.00367,0.23728,0.02127,0.01015,0.00316,2.61757,4.16884,3.91305,2.64118,0,0,0,0.000698304,0.000698304,0.000698304
100,4039.12,1.94243,3.42483,2.64308,2.11795,0.18383,0.14666,0.15656,0.23681,0.02131,0.01069,0.00308,0.23814,0.01807,0.0085,0.00267,2.62536,4.23187,4.1362,2.65544,0,0,0,0.000696929,0.000696929,0.000696929
101,4078.99,1.97053,3.35025,2.60894,2.13144,0.18518,0.1456,0.15659,0.23022,0.02641,0.01318,0.00372,0.23125,0.02036,0.01075,0.00348,2.58791,4.14929,3.99786,2.63945,0,0,0,0.000695555,0.000695555,0.000695555
102,4118.75,1.98975,3.36717,2.64347,2.13115,0.18858,0.1492,0.16158,0.03695,0.03854,0.01405,0.00426,0.23373,0.02406,0.01142,0.0037,2.62786,4.20586,3.89078,2.66088,0,0,0,0.000694181,0.000694181,0.000694181
103,4158.9,1.9854,3.39723,2.59891,2.11453,0.18819,0.14672,0.15755,0.24143,0.03201,0.01409,0.00364,0.23422,0.02544,0.01175,0.0034,2.60175,4.16187,3.97166,2.63839,0,0,0,0.000692806,0.000692806,0.000692806
104,4198.88,1.9648,3.34541,2.57687,2.13315,0.18141,0.1404,0.15253,0.24118,0.02456,0.01345,0.00356,0.23855,0.02159,0.01141,0.00365,2.62144,4.21536,3.94491,2.6707,0,0,0,0.000691432,0.000691432,0.000691432
105,4238.74,1.96176,3.39091,2.54766,2.12594,0.18477,0.15037,0.16065,0.03951,0.02884,0.0109,0.00291,0.03048,0.01992,0.00807,0.00257,2.66532,4.18224,4.06683,2.66519,0,0,0,0.000690057,0.000690057,0.000690057
106,4278.8,1.94301,3.36171,2.53665,2.11733,0.18819,0.14607,0.15722,0.22841,0.02601,0.01307,0.00357,0.22775,0.02267,0.01116,0.00321,2.626,4.18827,4.01418,2.65532,0,0,0,0.000688683,0.000688683,0.000688683
107,4319.14,1.95363,3.40324,2.5714,2.11785,0.18839,0.14929,0.16088,0.03334,0.03165,0.01107,0.00303,0.02522,0.02313,0.0098,0.00301,2.6409,4.20925,4.01067,2.68292,0,0,0,0.000687308,0.000687308,0.000687308
108,4358.89,1.93273,3.40458,2.56347,2.11413,0.187,0.14791,0.15827,0.23701,0.03257,0.00973,0.00297,0.22774,0.02558,0.00907,0.00284,2.63006,4.12695,4.07017,2.64966,0,0,0,0.000685934,0.000685934,0.000685934
109,4398.58,1.9489,3.32707,2.52707,2.11028,0.18215,0.14372,0.15487,0.24416,0.0344,0.01663,0.00499,0.24777,0.0344,0.01564,0.00475,2.59331,4.22094,3.93793,2.65474,0,0,0,0.000684559,0.000684559,0.000684559
110,4438.83,1.92729,3.35177,2.49403,2.11948,0.18377,0.14721,0.158,0.05233,0.02931,0.01526,0.00436,0.26494,0.02323,0.01355,0.00432,2.57305,4.19387,4.01705,2.61003,0,0,0,0.000683185,0.000683185,0.000683185
111,4478.78,1.95997,3.36839,2.59563,2.11734,0.19139,0.14651,0.15881,0.03301,0.04416,0.01714,0.00445,0.02441,0.03147,0.01153,0.00347,2.59497,4.17955,3.90991,2.6369,0,0,0,0.00068181,0.00068181,0.00068181
112,4518.99,1.92807,3.34265,2.51496,2.09584,0.17786,0.14263,0.1525,0.22458,0.03147,0.01539,0.00431,0.22331,0.03006,0.01371,0.00413,2.61644,4.16409,4.00868,2.65098,0,0,0,0.000680436,0.000680436,0.000680436
113,4558.7,1.92026,3.29568,2.46988,2.07916,0.18137,0.14789,0.15864,0.06478,0.04231,0.01626,0.00463,0.04588,0.03759,0.01474,0.0045,2.58277,4.18346,4.0001,2.62025,0,0,0,0.000679062,0.000679062,0.000679062
114,4598.84,1.96037,3.34522,2.53131,2.0882,0.18262,0.14349,0.15487,0.05607,0.03849,0.01676,0.00396,0.04989,0.03892,0.0136,0.00368,2.60751,4.21456,3.941,2.64014,0,0,0,0.000677687,0.000677687,0.000677687
115,4638.6,1.92758,3.33576,2.48453,2.07312,0.18017,0.14654,0.15724,0.23362,0.03205,0.01335,0.00371,0.23072,0.02825,0.01072,0.00355,2.57385,4.16235,3.96347,2.64482,0,0,0,0.000676313,0.000676313,0.000676313
116,4678.58,1.8992,3.31622,2.46328,2.08924,0.18025,0.14728,0.15851,0.03373,0.04741,0.01662,0.00501,0.03492,0.02596,0.01244,0.0042,2.60351,4.24257,3.98428,2.63396,0,0,0,0.000674938,0.000674938,0.000674938
117,4718.48,1.89892,3.32045,2.44019,2.10318,0.18022,0.14694,0.15745,0.44843,0.03825,0.0162,0.0042,0.43253,0.02731,0.01187,0.00408,2.61949,4.31889,4.02529,2.65247,0,0,0,0.000673564,0.000673564,0.000673564
118,4758.15,1.90034,3.25754,2.46892,2.07274,0.1797,0.13905,0.15002,0.24211,0.03687,0.01401,0.00371,0.2374,0.03068,0.01123,0.00344,2.63848,4.27122,4.10435,2.67239,0,0,0,0.000672189,0.000672189,0.000672189
119,4798.04,1.89943,3.32845,2.47221,2.07464,0.18279,0.14416,0.15572,0.24141,0.03128,0.01408,0.00356,0.22813,0.02365,0.01038,0.00344,2.62953,4.18595,4.04965,2.6332,0,0,0,0.000670815,0.000670815,0.000670815
120,4837.9,1.90502,3.22924,2.42379,2.05911,0.17913,0.14103,0.15139,0.25033,0.02649,0.01398,0.00406,0.23838,0.02592,0.01254,0.00413,2.616,4.1977,4.012,2.64503,0,0,0,0.00066944,0.00066944,0.00066944
121,4877.69,1.91285,3.25769,2.43967,2.06641,0.18191,0.14441,0.15487,0.24946,0.02717,0.01347,0.00404,0.23634,0.0288,0.01406,0.00472,2.62985,4.15701,4.09592,2.65445,0,0,0,0.000668066,0.000668066,0.000668066
122,4917.83,1.90844,3.29675,2.45105,2.06696,0.18631,0.14883,0.15941,0.03728,0.03319,0.01234,0.0035,0.03362,0.0289,0.01009,0.0031,2.66158,4.17804,4.068,2.67104,0,0,0,0.000666692,0.000666692,0.000666692
123,4957.78,1.92785,3.28376,2.40914,2.03726,0.18019,0.14511,0.15622,0.2431,0.03066,0.01473,0.00465,0.2392,0.02601,0.01182,0.00399,2.58702,4.14794,4.03216,2.63956,0,0,0,0.000665317,0.000665317,0.000665317
124,4997.76,1.88514,3.25002,2.4051,2.05319,0.18101,0.14511,0.15681,0.03821,0.03962,0.01496,0.00437,0.02908,0.02596,0.01147,0.00365,2.63441,4.17212,4.11438,2.67911,0,0,0,0.000663943,0.000663943,0.000663943
125,5037.89,1.9058,3.25113,2.42302,2.06495,0.17704,0.1416,0.15301,0.23382,0.04319,0.02078,0.00555,0.23289,0.03337,0.01486,0.00443,2.64141,4.18817,3.95287,2.65211,0,0,0,0.000662568,0.000662568,0.000662568
126,5078.03,1.88629,3.22422,2.41206,2.05307,0.18142,0.14772,0.1573,0.25073,0.02275,0.01531,0.00438,0.23241,0.02034,0.01271,0.00437,2.6184,4.23446,4.08653,2.6576,0,0,0,0.000661194,0.000661194,0.000661194
127,5118.05,1.88087,3.24479,2.40053,2.04375,0.18081,0.14753,0.15832,0.22685,0.03902,0.01635,0.00459,0.22353,0.03006,0.01145,0.00344,2.64022,4.24339,4.04374,2.66145,0,0,0,0.000659819,0.000659819,0.000659819
128,5157.94,1.88364,3.21853,2.39354,2.03538,0.17673,0.13989,0.15031,0.43741,0.0302,0.0132,0.00379,0.43097,0.02498,0.0112,0.00394,2.65982,4.23093,4.09088,2.68396,0,0,0,0.000658445,0.000658445,0.000658445
129,5198.06,1.89919,3.25272,2.39679,2.04706,0.17635,0.1443,0.15719,0.23239,0.03906,0.0179,0.00469,0.22865,0.03301,0.01421,0.00414,2.61205,4.17035,4.03026,2.66625,0,0,0,0.00065707,0.00065707,0.00065707
130,5238.4,1.88711,3.26752,2.44755,2.05949,0.18146,0.14521,0.1566,0.23361,0.03572,0.01628,0.00531,0.43381,0.02968,0.01674,0.00497,2.58677,4.20164,4.09059,2.63382,0,0,0,0.000655696,0.000655696,0.000655696
131,5278.73,1.89056,3.22824,2.37777,2.03115,0.17548,0.14028,0.14995,0.43061,0.02265,0.01186,0.00319,0.43061,0.02265,0.00968,0.00325,2.62701,4.21979,4.14513,2.65494,0,0,0,0.000654321,0.000654321,0.000654321
132,5319.01,1.87951,3.25788,2.33728,2.04023,0.17303,0.14556,0.15474,0.23539,0.03908,0.01385,0.00422,0.22502,0.03611,0.01278,0.00379,2.65647,4.2345,4.11169,2.67403,0,0,0,0.000652947,0.000652947,0.000652947
133,5359.14,1.85857,3.21218,2.37514,2.03905,0.18253,0.1435,0.15494,0.24746,0.02785,0.01456,0.00464,0.24291,0.02241,0.01301,0.00411,2.62529,4.19933,4.12654,2.65465,0,0,0,0.000651573,0.000651573,0.000651573
134,5399.16,1.88249,3.20557,2.36446,2.04798,0.17782,0.14293,0.15314,0.03723,0.03819,0.01429,0.00404,0.03734,0.02317,0.01107,0.00374,2.66241,4.22704,4.10805,2.6629,0,0,0,0.000650198,0.000650198,0.000650198
135,5439.1,1.87357,3.22079,2.35431,2.03518,0.17649,0.14376,0.15476,0.2451,0.02594,0.01341,0.00372,0.23554,0.02036,0.01086,0.00377,2.64996,4.22326,4.14312,2.68315,0,0,0,0.000648824,0.000648824,0.000648824
136,5479.24,1.87793,3.17511,2.32377,2.03892,0.17726,0.14263,0.15311,0.03392,0.03771,0.01506,0.0044,0.02682,0.03673,0.01335,0.00443,2.66735,4.20239,4.18973,2.67542,0,0,0,0.000647449,0.000647449,0.000647449
137,5519.51,1.8544,3.18517,2.28619,1.99462,0.17405,0.14058,0.15109,0.43874,0.02827,0.01661,0.0046,0.43676,0.02548,0.01407,0.00451,2.6496,4.22387,4.08241,2.67804,0,0,0,0.000646075,0.000646075,0.000646075
138,5559.82,1.89476,3.19803,2.32054,2.00998,0.17685,0.14302,0.15359,0.24051,0.02735,0.0162,0.00489,0.23005,0.02406,0.01383,0.00421,2.65328,4.21466,4.08872,2.67733,0,0,0,0.0006447,0.0006447,0.0006447
139,5599.87,1.85818,3.17464,2.30085,2.00776,0.17574,0.14456,0.15514,0.23633,0.03243,0.01526,0.00421,0.22405,0.03342,0.01215,0.0032,2.62191,4.26049,4.16703,2.66442,0,0,0,0.000643326,0.000643326,0.000643326
140,5639.85,1.84873,3.17711,2.27622,1.98896,0.17931,0.14587,0.15694,0.23916,0.03068,0.01642,0.00469,0.23941,0.02741,0.01515,0.00533,2.6385,4.1666,4.0686,2.66903,0,0,0,0.000641951,0.000641951,0.000641951
141,5679.98,1.85827,3.19585,2.29316,2.00712,0.17439,0.14435,0.15512,0.43569,0.02741,0.01298,0.0034,0.43239,0.02693,0.01075,0.00349,2.66287,4.2683,4.19166,2.69763,0,0,0,0.000640577,0.000640577,0.000640577
142,5719.97,1.82906,3.17943,2.30268,2.01404,0.17562,0.14086,0.15151,0.23484,0.03149,0.01329,0.0038,0.2264,0.02637,0.01052,0.00355,2.66901,4.20276,4.07561,2.66101,0,0,0,0.000639203,0.000639203,0.000639203
143,5760.03,1.85711,3.17143,2.266,1.99149,0.17894,0.14549,0.15647,0.02966,0.03285,0.01534,0.00448,0.03089,0.03054,0.01219,0.00389,2.6551,4.26204,4.1453,2.68258,0,0,0,0.000637828,0.000637828,0.000637828
144,5800.21,1.8458,3.19043,2.27701,2.00379,0.17474,0.14293,0.15355,0.03053,0.02827,0.01154,0.00351,0.02333,0.02779,0.01027,0.00347,2.6578,4.22478,4.12905,2.67585,0,0,0,0.000636454,0.000636454,0.000636454
145,5840.22,1.80898,3.16247,2.24005,1.99007,0.17408,0.14147,0.15208,0.24358,0.02918,0.017,0.00475,0.24111,0.02777,0.01419,0.00463,2.61556,4.15614,4.17155,2.66192,0,0,0,0.000635079,0.000635079,0.000635079
146,5880.16,1.82763,3.14072,2.24634,1.98157,0.1746,0.14345,0.15309,0.22771,0.03896,0.01529,0.00507,0.2243,0.03287,0.01589,0.00452,2.6256,4.18757,4.1256,2.66523,0,0,0,0.000633705,0.000633705,0.000633705
147,5920.17,1.84035,3.17748,2.30509,2.00486,0.17424,0.13916,0.14987,0.24335,0.02874,0.01672,0.00503,0.23507,0.02408,0.0136,0.00453,2.67164,4.19332,4.21192,2.7191,0,0,0,0.00063233,0.00063233,0.00063233
148,5960.03,1.83146,3.16616,2.24768,1.97915,0.17539,0.14564,0.15756,0.25283,0.02791,0.01576,0.00484,0.03635,0.03012,0.01421,0.00471,2.64303,4.19741,4.08664,2.70126,0,0,0,0.000630956,0.000630956,0.000630956
149,6000.06,1.82707,3.15466,2.23182,1.99223,0.17176,0.14369,0.15384,0.03399,0.04502,0.01794,0.00531,0.03168,0.04131,0.0142,0.00434,2.67399,4.22114,4.05958,2.68194,0,0,0,0.000629581,0.000629581,0.000629581
150,6040.01,1.79131,3.13773,2.20763,1.98153,0.17396,0.14167,0.15318,0.04803,0.03755,0.02016,0.00526,0.02651,0.0384,0.01595,0.00478,2.65285,4.21925,4.13088,2.68675,0,0,0,0.000628207,0.000628207,0.000628207
151,6079.93,1.7905,3.10922,2.20122,1.96897,0.1765,0.14642,0.15654,0.07094,0.05339,0.023,0.0075,0.13203,0.05291,0.02534,0.00711,2.65233,4.25129,4.05937,2.69652,0,0,0,0.000626832,0.000626832,0.000626832
152,6120.36,1.8168,3.14916,2.21585,1.98612,0.17369,0.14327,0.15381,0.23882,0.02924,0.01707,0.00486,0.23273,0.02641,0.01382,0.00449,2.68347,4.22489,4.17004,2.7063,0,0,0,0.000625458,0.000625458,0.000625458
153,6160.28,1.81007,3.1276,2.25836,1.98956,0.1742,0.13802,0.14872,0.22389,0.03376,0.01588,0.00428,0.43412,0.02127,0.01221,0.00358,2.62273,4.22803,4.28252,2.6906,0,0,0,0.000624084,0.000624084,0.000624084
154,6200.33,1.81513,3.14413,2.23037,1.97942,0.17848,0.14285,0.15391,0.03803,0.03904,0.01504,0.0042,0.03327,0.02639,0.01084,0.00354,2.66117,4.22673,4.21759,2.68439,0,0,0,0.000622709,0.000622709,0.000622709
155,6240.15,1.82191,3.16821,2.19097,1.97092,0.17507,0.14407,0.15458,0.25065,0.03576,0.01653,0.00477,0.24439,0.0288,0.01303,0.00452,2.67292,4.22871,4.21577,2.68939,0,0,0,0.000621335,0.000621335,0.000621335
156,6280.17,1.83099,3.12007,2.2298,1.95402,0.17228,0.14023,0.15039,0.44419,0.03394,0.01362,0.00395,0.4448,0.03161,0.01163,0.00346,2.64904,4.18427,4.20662,2.68663,0,0,0,0.00061996,0.00061996,0.00061996
157,6320.44,1.82366,3.11488,2.20211,1.95353,0.17381,0.14052,0.15103,0.24312,0.03388,0.01461,0.00454,0.24476,0.03342,0.01318,0.00417,2.64298,4.21011,4.12767,2.70895,0,0,0,0.000618586,0.000618586,0.000618586
158,6360.29,1.77684,3.0937,2.17447,1.95424,0.17555,0.14503,0.15653,0.02731,0.04265,0.01796,0.0048,0.02238,0.03613,0.01569,0.0049,2.66197,4.225,4.14041,2.69325,0,0,0,0.000617211,0.000617211,0.000617211
159,6400.28,1.78151,3.08127,2.16746,1.96158,0.17584,0.14618,0.15762,0.02977,0.03618,0.01459,0.00479,0.02894,0.03478,0.01324,0.00445,2.67615,4.17984,4.27484,2.66863,0,0,0,0.000615837,0.000615837,0.000615837
160,6440.25,1.80794,3.07306,2.14188,1.95554,0.17675,0.1452,0.15709,0.22729,0.03747,0.01441,0.00457,0.22416,0.0305,0.01238,0.00394,2.66437,4.2493,4.22566,2.69851,0,0,0,0.000614462,0.000614462,0.000614462
161,6480.13,1.76689,3.05782,2.11122,1.94069,0.16509,0.13633,0.14805,0.23353,0.0302,0.01422,0.00421,0.23915,0.02739,0.013,0.00424,2.70328,4.22484,4.20373,2.7136,0,0,0,0.000613088,0.000613088,0.000613088
162,6520.16,1.82589,3.06259,2.1403,1.9517,0.17091,0.13974,0.15123,0.24197,0.03784,0.01176,0.00363,0.22981,0.02827,0.01013,0.00302,2.67965,4.24732,4.21163,2.68552,0,0,0,0.000611714,0.000611714,0.000611714
163,6559.85,1.76274,3.07854,2.14335,1.96577,0.17412,0.14218,0.1527,0.23681,0.0362,0.01534,0.00498,0.2286,0.02968,0.01487,0.00511,2.65763,4.18701,4.22747,2.68972,0,0,0,0.000610339,0.000610339,0.000610339
164,6600.11,1.8202,3.1117,2.13796,1.92328,0.17125,0.14274,0.15178,0.03617,0.03014,0.01824,0.00524,0.03233,0.02594,0.01295,0.00456,2.65618,4.19801,4.20764,2.70311,0,0,0,0.000608965,0.000608965,0.000608965
165,6639.89,1.76655,3.03093,2.13573,1.93687,0.17156,0.1404,0.15165,0.02837,0.03386,0.0147,0.00449,0.02374,0.03167,0.01321,0.0046,2.69191,4.26366,4.21729,2.70797,0,0,0,0.00060759,0.00060759,0.00060759
166,6679.85,1.77887,3.08342,2.13035,1.9487,0.16994,0.14159,0.15076,0.06209,0.044,0.02153,0.0056,0.26678,0.03145,0.01905,0.00569,2.65067,4.21903,4.13969,2.69092,0,0,0,0.000606216,0.000606216,0.000606216
167,6720.1,1.78432,3.04239,2.12985,1.96319,0.16931,0.14191,0.15216,0.03244,0.03341,0.01515,0.00442,0.10058,0.03047,0.01736,0.00529,2.69455,4.18021,4.25141,2.72907,0,0,0,0.000604841,0.000604841,0.000604841
168,6759.99,1.78631,3.101,2.15083,1.94368,0.17301,0.14356,0.15377,0.22641,0.03615,0.01621,0.00485,0.43717,0.02267,0.01171,0.00384,2.6922,4.28833,4.32649,2.71668,0,0,0,0.000603467,0.000603467,0.000603467
169,6800.22,1.79399,3.08177,2.13062,1.90912,0.17207,0.14132,0.15216,0.22848,0.03799,0.01612,0.00462,0.22901,0.0241,0.00997,0.00344,2.71088,4.20197,4.33735,2.70799,0,0,0,0.000602092,0.000602092,0.000602092
170,6840.09,1.7666,3.02734,2.09783,1.92927,0.17286,0.14374,0.15431,0.0357,0.03245,0.01665,0.00492,0.03492,0.02779,0.01235,0.00421,2.67189,4.19844,4.20759,2.69074,0,0,0,0.000600718,0.000600718,0.000600718
171,6880.11,1.79186,3.04488,2.09787,1.93958,0.16483,0.13564,0.14533,0.23139,0.03615,0.02032,0.00544,0.23004,0.02827,0.0135,0.00449,2.64462,4.19107,4.26044,2.69867,0,0,0,0.000599343,0.000599343,0.000599343
172,6920.09,1.72453,2.98626,2.09799,1.93126,0.17068,0.13827,0.14856,0.02876,0.04215,0.01811,0.00495,0.02973,0.02729,0.01386,0.0048,2.666,4.2474,4.23798,2.73459,0,0,0,0.000597969,0.000597969,0.000597969
173,6960.08,1.74811,3.07001,2.13677,1.94369,0.17554,0.14373,0.15349,0.05443,0.04666,0.01935,0.00536,0.24071,0.0264,0.01321,0.00428,2.67062,4.25418,4.2886,2.73129,0,0,0,0.000596595,0.000596595,0.000596595
174,7000.02,1.75424,3.07447,2.08505,1.92722,0.16925,0.13915,0.14931,0.24589,0.02259,0.01512,0.00463,0.24895,0.01667,0.0113,0.00423,2.69312,4.2321,4.3364,2.71751,0,0,0,0.00059522,0.00059522,0.00059522
175,7039.93,1.75077,3.02381,2.03141,1.90451,0.16745,0.14035,0.15015,0.23543,0.03337,0.01471,0.00481,0.23293,0.02591,0.01376,0.00484,2.69825,4.21675,4.28472,2.73061,0,0,0,0.000593846,0.000593846,0.000593846
176,7080.1,1.76686,3.04105,2.06881,1.89704,0.16702,0.13964,0.14917,0.02897,0.04311,0.02217,0.00588,0.4406,0.03104,0.0157,0.00496,2.68475,4.21136,4.19621,2.70405,0,0,0,0.000592471,0.000592471,0.000592471
177,7120.27,1.75164,3.01165,2.11421,1.93849,0.16798,0.13986,0.14966,0.2312,0.03707,0.01642,0.00455,0.22904,0.02863,0.0127,0.0041,2.68175,4.18439,4.2795,2.72185,0,0,0,0.000591097,0.000591097,0.000591097
178,7160.16,1.75579,3.04032,2.08429,1.9092,0.17119,0.1417,0.15254,0.4374,0.03757,0.01637,0.00485,0.43646,0.03293,0.01459,0.00434,2.68492,4.17755,4.14606,2.72475,0,0,0,0.000589722,0.000589722,0.000589722
179,7200.41,1.72041,2.98238,2.04362,1.91163,0.16876,0.13896,0.14948,0.0348,0.04271,0.01977,0.00615,0.02597,0.03442,0.01578,0.00486,2.67879,4.23203,4.35489,2.70212,0,0,0,0.000588348,0.000588348,0.000588348
180,7240.48,1.7194,2.93151,2.02902,1.8822,0.16203,0.1389,0.14885,0.51003,0.02214,0.01757,0.00463,0.23573,0.02647,0.01247,0.00347,2.66298,4.2694,4.30858,2.68885,0,0,0,0.000586973,0.000586973,0.000586973
181,7280.53,1.73104,3.01269,2.04789,1.89973,0.16455,0.13601,0.1464,0.27966,0.05976,0.02154,0.00632,0.26709,0.04689,0.01776,0.00562,2.66243,4.27788,4.25807,2.73172,0,0,0,0.000585599,0.000585599,0.000585599
182,7320.81,1.75536,2.9958,2.03755,1.91508,0.16999,0.1389,0.14949,0.2982,0.05609,0.0274,0.01287,0.31701,0.04307,0.02249,0.00912,2.68733,4.25661,4.27105,2.74849,0,0,0,0.000584225,0.000584225,0.000584225
183,7360.86,1.7571,3.0187,2.08248,1.91051,0.16627,0.13734,0.14825,0.03516,0.02731,0.0162,0.00465,0.06836,0.04677,0.01861,0.00536,2.70748,4.23816,4.30181,2.74816,0,0,0,0.00058285,0.00058285,0.00058285
184,7401.1,1.75271,2.97381,2.04505,1.90808,0.16493,0.13669,0.14709,0.22048,0.03755,0.01707,0.00478,0.21745,0.03101,0.01097,0.00386,2.73241,4.22265,4.31021,2.76359,0,0,0,0.000581476,0.000581476,0.000581476
185,7441.27,1.7067,3.01574,2.04705,1.89323,0.1668,0.13667,0.14767,0.03413,0.03101,0.01542,0.00476,0.04086,0.04094,0.01561,0.00489,2.7389,4.24043,4.26236,2.77075,0,0,0,0.000580101,0.000580101,0.000580101
186,7481.22,1.72566,2.98973,2.03212,1.88459,0.1729,0.14263,0.15447,0.06542,0.04962,0.02139,0.00644,0.06278,0.04311,0.01579,0.00518,2.67638,4.24294,4.35066,2.74039,0,0,0,0.000578727,0.000578727,0.000578727
187,7521.17,1.74712,2.99004,2.04692,1.90244,0.16751,0.13798,0.14863,0.24254,0.03906,0.01999,0.00659,0.23276,0.03151,0.01584,0.00502,2.66956,4.23152,4.38439,2.74638,0,0,0,0.000577352,0.000577352,0.000577352
188,7561.07,1.71989,2.96002,2.04265,1.90619,0.1663,0.13527,0.14611,0.02964,0.03703,0.01927,0.0058,0.02614,0.03354,0.01729,0.00584,2.67384,4.25789,4.30351,2.73282,0,0,0,0.000575978,0.000575978,0.000575978
189,7601.2,1.74798,2.94971,1.9913,1.88013,0.16417,0.14021,0.14985,0.23497,0.04227,0.02361,0.00602,0.22433,0.03335,0.01592,0.00495,2.71722,4.26606,4.36053,2.76083,0,0,0,0.000574603,0.000574603,0.000574603
190,7640.92,1.72074,2.97704,2.03659,1.8953,0.16666,0.13834,0.14817,0.22641,0.03285,0.0197,0.00577,0.22558,0.02962,0.01681,0.00523,2.71276,4.24575,4.3508,2.74074,0,0,0,0.000573229,0.000573229,0.000573229
191,7681.11,1.69356,2.94826,1.99764,1.87828,0.16467,0.13785,0.14832,0.23871,0.04374,0.01392,0.00413,0.22854,0.03765,0.01181,0.00374,2.73848,4.26102,4.45341,2.7949,0,0,0,0.000571854,0.000571854,0.000571854
192,7721.04,1.72571,2.94191,1.99177,1.90062,0.16417,0.13415,0.14528,0.44861,0.0292,0.01687,0.00452,0.44402,0.02408,0.01182,0.00404,2.76273,4.25516,4.33028,2.78844,0,0,0,0.00057048,0.00057048,0.00057048
193,7761.12,1.70387,2.95427,2.00009,1.86922,0.16884,0.14009,0.15138,0.24555,0.03151,0.0183,0.00492,0.22893,0.03287,0.01389,0.00456,2.73402,4.25478,4.23071,2.78196,0,0,0,0.000569106,0.000569106,0.000569106
194,7801.49,1.72226,2.93216,2.00608,1.87656,0.16424,0.13603,0.14629,0.0573,0.04729,0.02077,0.00659,0.07341,0.04695,0.01879,0.00515,2.72732,4.19586,4.457,2.77235,0,0,0,0.000567731,0.000567731,0.000567731
195,7841.73,1.72286,2.97115,1.97942,1.87665,0.16117,0.13951,0.14903,0.03918,0.04246,0.02172,0.00622,0.03307,0.03545,0.01605,0.0054,2.69311,4.22965,4.35404,2.73256,0,0,0,0.000566357,0.000566357,0.000566357
196,7881.69,1.72408,2.8808,1.96668,1.85917,0.1646,0.13827,0.14821,0.02228,0.03566,0.01782,0.00505,0.23747,0.02267,0.01461,0.00488,2.74014,4.23601,4.36793,2.76364,0,0,0,0.000564982,0.000564982,0.000564982
197,7922.07,1.68985,2.91853,1.96092,1.86418,0.16582,0.13459,0.14588,0.03021,0.03601,0.02068,0.00721,0.02543,0.03104,0.01809,0.0057,2.72676,4.25335,4.45218,2.78795,0,0,0,0.000563608,0.000563608,0.000563608
198,7961.89,1.69622,2.94055,1.98405,1.86992,0.16982,0.14027,0.15056,0.22603,0.03661,0.02493,0.00706,0.22397,0.03474,0.01825,0.0056,2.71773,4.26084,4.4002,2.78752,0,0,0,0.000562233,0.000562233,0.000562233
199,8002.03,1.6964,2.96219,1.95503,1.87927,0.16411,0.13891,0.14909,0.28503,0.05484,0.02403,0.00786,0.28966,0.04236,0.0175,0.00485,2.72566,4.24368,4.38294,2.77816,0,0,0,0.000560859,0.000560859,0.000560859
200,8042.17,1.69501,2.92054,1.9678,1.85497,0.16325,0.13768,0.14787,0.29534,0.04361,0.01964,0.00824,0.29387,0.03665,0.0162,0.00487,2.74051,4.27797,4.62187,2.77633,0,0,0,0.000559484,0.000559484,0.000559484
201,8082.3,1.68009,2.88418,1.92182,1.84558,0.1662,0.13902,0.14997,0.0998,0.04719,0.02519,0.00732,0.29358,0.04447,0.02156,0.00591,2.72072,4.24359,4.39234,2.77472,0,0,0,0.00055811,0.00055811,0.00055811
202,8122.34,1.69503,2.92615,2.00923,1.89514,0.16261,0.13491,0.14494,0.25179,0.02695,0.01649,0.00477,0.25216,0.02649,0.01334,0.00398,2.7399,4.25333,4.48801,2.7711,0,0,0,0.000556736,0.000556736,0.000556736
203,8162.46,1.68671,2.92084,1.94864,1.85616,0.16935,0.1405,0.15089,0.0246,0.03801,0.02035,0.00595,0.24212,0.02534,0.01312,0.00468,2.71984,4.30028,4.49671,2.79019,0,0,0,0.000555361,0.000555361,0.000555361
204,8202.49,1.68779,2.93294,1.96907,1.8682,0.16831,0.14152,0.15134,0.23202,0.03619,0.01858,0.00567,0.22845,0.03193,0.01469,0.00472,2.70589,4.2702,4.43569,2.75983,0,0,0,0.000553987,0.000553987,0.000553987
205,8242.47,1.70878,2.9459,1.96983,1.87176,0.16341,0.13577,0.14648,0.06185,0.04878,0.02455,0.00706,0.05693,0.03566,0.01649,0.00492,2.70413,4.24672,4.35248,2.74017,0,0,0,0.000552612,0.000552612,0.000552612
206,8282.6,1.70055,2.90857,1.97156,1.85785,0.16688,0.13652,0.14817,0.05108,0.04492,0.02353,0.00759,0.43947,0.01944,0.01742,0.00566,2.71488,4.30646,4.3995,2.7634,0,0,0,0.000551238,0.000551238,0.000551238
207,8322.8,1.69412,2.88479,1.95393,1.84872,0.16567,0.13767,0.14896,0.05094,0.03751,0.02362,0.00609,0.01711,0.02773,0.01409,0.00438,2.7467,4.30283,4.51899,2.77479,0,0,0,0.000549863,0.000549863,0.000549863
208,8362.86,1.69022,2.91828,1.98975,1.85227,0.16258,0.1358,0.14684,0.25753,0.04498,0.01914,0.0052,0.2542,0.03894,0.01439,0.0043,2.74671,4.24434,4.47297,2.80277,0,0,0,0.000548489,0.000548489,0.000548489
209,8403.02,1.69285,2.92337,1.93325,1.84053,0.16418,0.13811,0.14835,0.23712,0.02874,0.01442,0.00404,0.2421,0.02177,0.0115,0.0038,2.7781,4.26294,4.37019,2.8246,0,0,0,0.000547114,0.000547114,0.000547114
210,8442.88,1.68874,2.90018,1.93629,1.8597,0.16366,0.13553,0.14588,0.05601,0.04169,0.01935,0.00685,0.05271,0.03749,0.01516,0.00533,2.76046,4.28069,4.48574,2.79366,0,0,0,0.00054574,0.00054574,0.00054574
211,8482.85,1.71758,2.92209,1.96264,1.8589,0.1654,0.13637,0.14705,0.24657,0.05378,0.01842,0.00556,0.24305,0.04586,0.01455,0.00393,2.73402,4.24411,4.34586,2.80457,0,0,0,0.000544365,0.000544365,0.000544365
212,8523.15,1.67882,2.86853,1.92721,1.82506,0.165,0.13687,0.14751,0.27384,0.04408,0.01953,0.007,0.27138,0.04032,0.01623,0.00476,2.72148,4.26518,4.38052,2.80165,0,0,0,0.000542991,0.000542991,0.000542991
213,8562.8,1.69912,2.91054,1.95636,1.85839,0.16698,0.13909,0.14979,0.31147,0.03845,0.02064,0.00843,0.32785,0.03572,0.02232,0.00498,2.76609,4.29482,4.51941,2.79949,0,0,0,0.000541617,0.000541617,0.000541617
214,8602.94,1.69151,2.90784,1.9318,1.86281,0.16435,0.13676,0.14725,0.12026,0.05707,0.02513,0.00859,0.12009,0.05335,0.02227,0.00644,2.73721,4.3388,4.45255,2.82062,0,0,0,0.000540242,0.000540242,0.000540242
215,8643.15,1.67261,2.90119,1.91168,1.85004,0.16517,0.14025,0.15053,0.28547,0.04354,0.02491,0.01041,0.28448,0.04169,0.02269,0.00653,2.724,4.27314,4.47036,2.81771,0,0,0,0.000538868,0.000538868,0.000538868
216,8683.09,1.67047,2.88567,1.91403,1.84906,0.16192,0.1338,0.14425,0.28859,0.0486,0.02572,0.00898,0.32053,0.05739,0.0279,0.00768,2.7304,4.27175,4.46745,2.78765,0,0,0,0.000537493,0.000537493,0.000537493
217,8723.32,1.67061,2.84038,1.88644,1.8162,0.15854,0.13308,0.14307,0.22467,0.03197,0.01699,0.00524,0.22208,0.02916,0.01417,0.00456,2.73289,4.3208,4.50442,2.79242,0,0,0,0.000536119,0.000536119,0.000536119
218,8763.37,1.67151,2.88536,1.95453,1.85007,0.167,0.13607,0.14693,0.22408,0.03386,0.01885,0.00627,0.23718,0.02319,0.01202,0.00421,2.76417,4.28698,4.50569,2.81772,0,0,0,0.000534744,0.000534744,0.000534744
219,8802.87,1.66403,2.90572,1.91307,1.83813,0.16056,0.13299,0.14363,0.02657,0.03755,0.01846,0.00571,0.45287,0.02364,0.01558,0.00507,2.7389,4.26018,4.39606,2.81111,0,0,0,0.00053337,0.00053337,0.00053337
220,8842.85,1.64509,2.84485,1.91084,1.83887,0.16317,0.13712,0.14753,0.3092,0.04881,0.02852,0.01186,0.30574,0.0455,0.02503,0.00647,2.74839,4.33852,4.40313,2.82413,0,0,0,0.000531995,0.000531995,0.000531995
221,8882.89,1.67194,2.88359,1.93731,1.86515,0.16513,0.13669,0.14846,0.22473,0.04452,0.02492,0.00591,0.22338,0.04032,0.01463,0.00502,2.75197,4.3477,4.39753,2.79733,0,0,0,0.000530621,0.000530621,0.000530621
222,8922.74,1.67513,2.83808,1.90302,1.83611,0.15971,0.13678,0.1465,0.23896,0.02641,0.01641,0.0049,0.22497,0.0301,0.01241,0.00429,2.75527,4.30623,4.46954,2.80425,0,0,0,0.000529247,0.000529247,0.000529247
223,8962.69,1.67941,2.87746,1.89753,1.8279,0.16045,0.13589,0.14695,0.27672,0.04406,0.01886,0.00531,0.2747,0.03988,0.01506,0.00535,2.77719,4.32666,4.48443,2.80039,0,0,0,0.000527872,0.000527872,0.000527872
224,9002.76,1.65859,2.86003,1.88512,1.82866,0.15677,0.13177,0.14174,0.2228,0.03193,0.0166,0.00501,0.2219,0.02962,0.02062,0.00544,2.76707,4.27071,4.47612,2.79204,0,0,0,0.000526498,0.000526498,0.000526498
225,9042.46,1.63504,2.81253,1.86866,1.82234,0.15863,0.13405,0.14472,0.23056,0.02406,0.01673,0.00497,0.02475,0.02362,0.01423,0.00463,2.75117,4.29685,4.48684,2.78825,0,0,0,0.000525123,0.000525123,0.000525123
226,9082.46,1.66556,2.88034,1.87701,1.82951,0.16209,0.13801,0.1484,0.27016,0.04739,0.02526,0.00635,0.23457,0.03394,0.01746,0.00512,2.77017,4.29103,4.46783,2.80296,0,0,0,0.000523749,0.000523749,0.000523749
227,9122.61,1.66451,2.80029,1.851,1.81778,0.15644,0.13338,0.14354,0.25926,0.03981,0.02157,0.00723,0.25359,0.03652,0.01696,0.00619,2.72564,4.28474,4.56324,2.77982,0,0,0,0.000522374,0.000522374,0.000522374
228,9162.34,1.63773,2.79585,1.83343,1.79826,0.1587,0.13655,0.14617,0.06593,0.04267,0.0214,0.0086,0.05648,0.03753,0.01852,0.00602,2.72931,4.25203,4.47661,2.80073,0,0,0,0.000521,0.000521,0.000521
229,9202.35,1.64643,2.85922,1.87756,1.81311,0.16071,0.13711,0.14836,0.24994,0.02831,0.01697,0.00522,0.24471,0.02506,0.01534,0.00509,2.78102,4.24832,4.46487,2.82769,0,0,0,0.000519625,0.000519625,0.000519625
230,9242.49,1.65002,2.81612,1.87774,1.80968,0.15893,0.13494,0.14623,0.22736,0.03896,0.01779,0.00531,0.22241,0.03476,0.0145,0.00431,2.77548,4.29655,4.43939,2.82212,0,0,0,0.000518251,0.000518251,0.000518251
231,9282.06,1.62497,2.79938,1.85515,1.81201,0.15297,0.13219,0.1439,0.06081,0.03797,0.01743,0.00527,0.02125,0.02637,0.01197,0.00381,2.80335,4.36881,4.61239,2.82785,0,0,0,0.000516877,0.000516877,0.000516877
232,9321.85,1.63425,2.86897,1.89539,1.82009,0.15435,0.13438,0.14583,0.10941,0.04928,0.02543,0.00703,0.03049,0.03394,0.01611,0.00538,2.75464,4.31034,4.51577,2.83015,0,0,0,0.000515502,0.000515502,0.000515502
233,9361.98,1.66595,2.82042,1.85121,1.80303,0.15174,0.13256,0.14333,0.03055,0.03526,0.01455,0.00434,0.02366,0.02874,0.01172,0.0042,2.76944,4.31561,4.52624,2.84074,0,0,0,0.000514128,0.000514128,0.000514128
234,9401.81,1.64706,2.85106,1.86183,1.82805,0.15077,0.13062,0.14192,0.03053,0.03799,0.02328,0.00573,0.02453,0.03195,0.0156,0.00502,2.74321,4.29844,4.46911,2.80581,0,0,0,0.000512753,0.000512753,0.000512753
235,9441.94,1.64627,2.85516,1.90251,1.82233,0.15243,0.13337,0.14399,0.25939,0.04992,0.02172,0.00718,0.25587,0.04283,0.01823,0.00617,2.78508,4.34019,4.43721,2.83895,0,0,0,0.000511379,0.000511379,0.000511379
236,9481.91,1.62477,2.77935,1.86738,1.79463,0.15277,0.13276,0.14337,0.23811,0.02592,0.01473,0.00469,0.24125,0.02221,0.01279,0.00442,2.77055,4.34269,4.51377,2.83811,0,0,0,0.000510004,0.000510004,0.000510004
237,9521.87,1.65146,2.82176,1.83846,1.80474,0.15907,0.13829,0.14895,0.44442,0.03157,0.01867,0.006,0.43666,0.02645,0.01364,0.00446,2.78777,4.33306,4.38218,2.82627,0,0,0,0.00050863,0.00050863,0.00050863
238,9561.92,1.61478,2.79154,1.8361,1.78742,0.15147,0.13166,0.14248,0.19477,0.05873,0.04176,0.01468,0.06099,0.03982,0.01769,0.00479,2.77475,4.33546,4.45368,2.81086,0,0,0,0.000507255,0.000507255,0.000507255
239,9601.82,1.66238,2.84561,1.83733,1.81416,0.15251,0.13304,0.14455,0.04469,0.04371,0.0258,0.00819,0.0259,0.03199,0.02194,0.00643,2.7749,4.34138,4.43868,2.84626,0,0,0,0.000505881,0.000505881,0.000505881
240,9641.9,1.6178,2.78924,1.81817,1.79621,0.15282,0.13542,0.14561,0.11033,0.05207,0.03043,0.00708,0.02891,0.03287,0.01827,0.00587,2.78537,4.29971,4.4996,2.85755,0,0,0,0.000504506,0.000504506,0.000504506
241,9682.08,1.65464,2.81061,1.84665,1.78066,0.15663,0.13613,0.14767,0.20389,0.0539,0.02809,0.00699,0.43167,0.02922,0.01445,0.00466,2.78207,4.30418,4.44803,2.81086,0,0,0,0.000503132,0.000503132,0.000503132
242,9722.36,1.61157,2.78508,1.85052,1.79938,0.15249,0.13501,0.14576,0.46207,0.03671,0.0191,0.00572,0.43967,0.0301,0.01654,0.00485,2.77996,4.27031,4.48184,2.81758,0,0,0,0.000501758,0.000501758,0.000501758
243,9762.47,1.63951,2.84278,1.89136,1.81502,0.14791,0.12933,0.13907,0.44608,0.04181,0.01618,0.00461,0.43365,0.03615,0.01535,0.00466,2.78221,4.34544,4.49408,2.83001,0,0,0,0.000500383,0.000500383,0.000500383
244,9802.31,1.63527,2.81551,1.83816,1.80594,0.1517,0.13242,0.14327,0.42628,0.04354,0.0235,0.00623,0.44181,0.02265,0.0139,0.00465,2.72321,4.33647,4.47666,2.7714,0,0,0,0.000499009,0.000499009,0.000499009
245,9842.29,1.64166,2.79725,1.84463,1.80105,0.15094,0.13148,0.1424,0.23546,0.04317,0.01991,0.006,0.22828,0.03572,0.01589,0.00501,2.76126,4.31244,4.47704,2.84276,0,0,0,0.000497634,0.000497634,0.000497634
246,9882.21,1.62479,2.78726,1.825,1.77368,0.15131,0.13274,0.14381,0.43426,0.04367,0.01844,0.00611,0.42599,0.03524,0.01561,0.00565,2.76791,4.32775,4.51545,2.84442,0,0,0,0.00049626,0.00049626,0.00049626
247,9922.09,1.63664,2.757,1.83949,1.77417,0.14797,0.12767,0.13827,0.44615,0.0311,0.0172,0.00571,0.43092,0.02693,0.01404,0.00498,2.75606,4.33269,4.52122,2.82792,0,0,0,0.000494885,0.000494885,0.000494885
248,9962.27,1.63862,2.71837,1.9286,1.7927,0.14148,0.12719,0.13682,0.43193,0.03085,0.01595,0.00528,0.22689,0.02827,0.0122,0.00418,2.7419,4.26231,4.55628,2.83297,0,0,0,0.000493511,0.000493511,0.000493511
249,10002.5,1.62784,2.73045,1.80548,1.79944,0.15303,0.13438,0.14479,0.2503,0.04329,0.02023,0.00629,0.23617,0.03623,0.01566,0.00521,2.74426,4.34733,4.50272,2.83698,0,0,0,0.000492136,0.000492136,0.000492136
250,10042.5,1.61954,2.79701,1.80393,1.79117,0.15304,0.13318,0.14416,0.11224,0.04821,0.03176,0.01289,0.10237,0.0388,0.0217,0.00902,2.73492,4.39225,4.52845,2.83164,0,0,0,0.000490762,0.000490762,0.000490762
251,10082.7,1.63239,2.79261,1.8098,1.78249,0.14948,0.13154,0.14288,0.29962,0.05354,0.02735,0.00787,0.24784,0.03837,0.01844,0.00536,2.75201,4.30731,4.4724,2.81928,0,0,0,0.000489387,0.000489387,0.000489387
252,10122.7,1.6358,2.78068,1.84297,1.79871,0.15424,0.13309,0.14383,0.2293,0.03753,0.02306,0.00748,0.22583,0.03245,0.01935,0.00572,2.81373,4.36955,4.60851,2.86198,0,0,0,0.000488013,0.000488013,0.000488013
253,10162.6,1.63084,2.75403,1.80295,1.77622,0.14457,0.12902,0.13804,0.23469,0.03287,0.01592,0.00509,0.22518,0.02729,0.01555,0.00411,2.7842,4.34573,4.6299,2.85606,0,0,0,0.000486639,0.000486639,0.000486639
254,10202.9,1.61009,2.77215,1.79834,1.77684,0.15628,0.13658,0.14748,0.4456,0.03014,0.01678,0.0058,0.44019,0.0255,0.0147,0.00439,2.79528,4.31092,4.52948,2.86641,0,0,0,0.000485264,0.000485264,0.000485264
255,10243,1.59115,2.76084,1.80096,1.79386,0.14599,0.12962,0.13937,0.08093,0.04916,0.02121,0.00873,0.07648,0.04265,0.0179,0.00583,2.77527,4.32655,4.53737,2.83739,0,0,0,0.00048389,0.00048389,0.00048389
256,10283.1,1.63277,2.74957,1.79778,1.80177,0.14932,0.12916,0.14045,0.37078,0.05337,0.03904,0.01603,0.36965,0.05252,0.04343,0.0093,2.74184,4.2892,4.46535,2.83362,0,0,0,0.000482515,0.000482515,0.000482515
257,10323.6,1.62218,2.81168,1.81867,1.80195,0.14896,0.13221,0.14298,0.29314,0.04703,0.02497,0.01028,0.28822,0.04054,0.02194,0.00708,2.77887,4.3279,4.45584,2.83953,0,0,0,0.000481141,0.000481141,0.000481141
258,10363.7,1.61499,2.7882,1.8189,1.77415,0.14399,0.12872,0.13926,0.15392,0.05464,0.03971,0.01403,0.14673,0.04675,0.03745,0.01037,2.76267,4.32195,4.5738,2.84156,0,0,0,0.000479766,0.000479766,0.000479766
259,10403.4,1.59449,2.70992,1.78599,1.78171,0.14694,0.13065,0.14083,0.14731,0.05697,0.03666,0.01499,0.08513,0.04584,0.02681,0.00955,2.73629,4.34118,4.58064,2.81557,0,0,0,0.000478392,0.000478392,0.000478392
260,10443.5,1.61694,2.74805,1.80189,1.78567,0.14944,0.1336,0.14358,0.31186,0.03478,0.0222,0.00587,0.24488,0.02273,0.01566,0.00464,2.76023,4.33864,4.58574,2.81787,0,0,0,0.000477017,0.000477017,0.000477017
261,10483.5,1.57414,2.69354,1.78352,1.76092,0.14642,0.12948,0.14011,0.33494,0.04566,0.02141,0.00538,0.24226,0.03111,0.01315,0.00385,2.78011,4.3621,4.55282,2.85475,0,0,0,0.000475643,0.000475643,0.000475643
262,10523.4,1.62201,2.78981,1.79204,1.7754,0.14731,0.12925,0.13974,0.10704,0.05801,0.02586,0.00765,0.07149,0.0389,0.01546,0.00436,2.76029,4.34604,4.58098,2.83143,0,0,0,0.000474269,0.000474269,0.000474269
263,10563,1.60211,2.76397,1.79723,1.76613,0.14933,0.13114,0.14199,0.24788,0.04281,0.01794,0.00582,0.245,0.02876,0.01393,0.00455,2.75768,4.34332,4.5373,2.82862,0,0,0,0.000472894,0.000472894,0.000472894
264,10603.1,1.61064,2.75686,1.79229,1.79557,0.1431,0.12718,0.13715,0.06194,0.046,0.01892,0.00655,0.04907,0.03845,0.01696,0.00443,2.74888,4.32764,4.60999,2.84659,0,0,0,0.00047152,0.00047152,0.00047152
265,10643.1,1.56593,2.73455,1.76152,1.76202,0.1524,0.13366,0.14422,0.36777,0.05194,0.02622,0.00762,0.31835,0.0385,0.01607,0.00504,2.78615,4.31687,4.58893,2.85369,0,0,0,0.000470145,0.000470145,0.000470145
266,10683,1.5941,2.73604,1.76842,1.77764,0.14689,0.1318,0.14152,0.11765,0.04169,0.01791,0.00715,0.32315,0.03376,0.0148,0.00493,2.79799,4.36929,4.62264,2.84026,0,0,0,0.000468771,0.000468771,0.000468771
267,10722.7,1.58648,2.69954,1.76634,1.78259,0.14338,0.1275,0.13784,0.10748,0.05333,0.02993,0.00891,0.05532,0.03653,0.01831,0.00594,2.76818,4.36086,4.64269,2.84304,0,0,0,0.000467396,0.000467396,0.000467396
268,10762.7,1.60022,2.74322,1.76552,1.76378,0.14472,0.13002,0.13913,0.03238,0.04082,0.01927,0.00674,0.02472,0.03291,0.01553,0.00508,2.81758,4.36591,4.62028,2.86488,0,0,0,0.000466022,0.000466022,0.000466022
269,10802.6,1.56874,2.72396,1.75906,1.76015,0.14174,0.12666,0.13638,0.07029,0.04309,0.02227,0.00716,0.02345,0.03114,0.01509,0.00477,2.81968,4.37334,4.64392,2.88321,0,0,0,0.000464647,0.000464647,0.000464647
270,10842.6,1.58105,2.73633,1.75225,1.75335,0.1453,0.12845,0.13921,0.28512,0.0522,0.02756,0.00845,0.24908,0.03845,0.01418,0.0041,2.84511,4.35177,4.61635,2.89762,0,0,0,0.000463273,0.000463273,0.000463273
271,10882.7,1.58107,2.75999,1.79604,1.77127,0.14534,0.12979,0.13982,0.30422,0.06163,0.02513,0.00754,0.24539,0.03554,0.01325,0.00371,2.84031,4.36191,4.62862,2.8854,0,0,0,0.000461898,0.000461898,0.000461898
272,10922.8,1.58215,2.73656,1.73242,1.75642,0.14577,0.12989,0.13998,0.31242,0.05659,0.03111,0.00893,0.26586,0.03986,0.0187,0.0056,2.79146,4.42927,4.59454,2.86934,0,0,0,0.000460524,0.000460524,0.000460524
273,10962.8,1.59775,2.73153,1.77645,1.76875,0.14652,0.13015,0.14018,0.26948,0.03903,0.02261,0.00755,0.26264,0.03391,0.01484,0.00457,2.80312,4.39392,4.67337,2.85651,0,0,0,0.00045915,0.00045915,0.00045915
274,11002.6,1.59727,2.70829,1.74569,1.74824,0.13962,0.12488,0.13457,0.255,0.03427,0.01911,0.00667,0.24973,0.02946,0.01523,0.00525,2.80662,4.37968,4.69724,2.8819,0,0,0,0.000457775,0.000457775,0.000457775
275,11042.4,1.59372,2.65576,1.74598,1.75027,0.14522,0.13009,0.13922,0.24,0.03339,0.01833,0.00574,0.22556,0.02546,0.01369,0.00494,2.81136,4.36665,4.65426,2.85871,0,0,0,0.000456401,0.000456401,0.000456401
276,11082.7,1.59543,2.70614,1.744,1.75555,0.1431,0.12916,0.13951,0.23147,0.04273,0.0178,0.00573,0.22614,0.03669,0.01574,0.00474,2.81724,4.35321,4.58712,2.87765,0,0,0,0.000455026,0.000455026,0.000455026
277,11122.7,1.56283,2.69185,1.73497,1.73055,0.14501,0.12851,0.13888,0.24824,0.03446,0.01577,0.00487,0.23732,0.02793,0.01452,0.0046,2.81534,4.32308,4.55219,2.88706,0,0,0,0.000453652,0.000453652,0.000453652
278,11162.3,1.5822,2.68606,1.78075,1.75653,0.1424,0.12569,0.13592,0.2384,0.02783,0.01522,0.0045,0.23987,0.02596,0.0133,0.0042,2.79849,4.321,4.61149,2.84665,0,0,0,0.000452277,0.000452277,0.000452277
279,11202.3,1.56659,2.71872,1.77425,1.75732,0.14735,0.12818,0.14026,0.02793,0.0301,0.01878,0.00654,0.02345,0.02821,0.01657,0.00548,2.77286,4.35649,4.62582,2.83809,0,0,0,0.000450903,0.000450903,0.000450903
280,11242.3,1.56848,2.70605,1.72766,1.73651,0.1422,0.12944,0.13883,0.08842,0.04237,0.02875,0.01072,0.28685,0.03661,0.0206,0.00663,2.77321,4.37631,4.6452,2.85436,0,0,0,0.000449528,0.000449528,0.000449528
281,11282.4,1.62482,2.7916,1.77465,1.76004,0.1466,0.13003,0.13988,0.37445,0.06494,0.0359,0.01376,0.32386,0.05237,0.02825,0.00917,2.77713,4.34356,4.59795,2.83656,0,0,0,0.000448154,0.000448154,0.000448154
282,11322.3,1.57813,2.6842,1.74629,1.75972,0.14054,0.12792,0.1372,0.23287,0.03705,0.02136,0.00705,0.22477,0.03191,0.01837,0.00625,2.8118,4.349,4.64091,2.8567,0,0,0,0.00044678,0.00044678,0.00044678
283,11362.2,1.58372,2.68878,1.75233,1.75077,0.14647,0.12886,0.13916,0.04629,0.04147,0.01804,0.00562,0.03467,0.03394,0.01803,0.0057,2.80259,4.36112,4.63424,2.88072,0,0,0,0.000445405,0.000445405,0.000445405
284,11402.3,1.54713,2.6768,1.7143,1.72711,0.13945,0.12761,0.13543,0.28537,0.04926,0.02647,0.00701,0.27517,0.04221,0.01987,0.00644,2.8053,4.36468,4.62361,2.89769,0,0,0,0.000444031,0.000444031,0.000444031
285,11442,1.55486,2.65614,1.6945,1.72154,0.14539,0.13041,0.14017,0.27977,0.04502,0.0245,0.00806,0.27063,0.03801,0.02017,0.00681,2.80188,4.37614,4.74309,2.87215,0,0,0,0.000442656,0.000442656,0.000442656
286,11481.9,1.59052,2.68618,1.71945,1.74105,0.1452,0.12856,0.14003,0.28958,0.05136,0.02278,0.00677,0.28892,0.0475,0.01921,0.00615,2.80845,4.41519,4.59355,2.90875,0,0,0,0.000441282,0.000441282,0.000441282
287,11522.2,1.55967,2.69548,1.7407,1.74792,0.14385,0.12571,0.13639,0.07962,0.04268,0.03279,0.01044,0.06362,0.03341,0.02526,0.00895,2.81789,4.41915,4.64709,2.89977,0,0,0,0.000439907,0.000439907,0.000439907
288,11562.1,1.55411,2.71674,1.70242,1.73464,0.1409,0.12652,0.13614,0.1407,0.04823,0.02635,0.01176,0.18162,0.05806,0.03216,0.00846,2.82114,4.41642,4.62631,2.89589,0,0,0,0.000438533,0.000438533,0.000438533
289,11602,1.54395,2.67974,1.73098,1.74385,0.14346,0.12918,0.1384,0.16333,0.04737,0.02874,0.01317,0.14869,0.04578,0.02279,0.0055,2.83633,4.42933,4.66695,2.89332,0,0,0,0.000437158,0.000437158,0.000437158
290,11642.2,1.54928,2.64776,1.71,1.71011,0.14319,0.12891,0.13831,0.14893,0.0454,0.02683,0.01207,0.14954,0.04825,0.02946,0.00761,2.82703,4.38694,4.61077,2.90475,0,0,0,0.000435784,0.000435784,0.000435784
291,11682,1.54241,2.64873,1.71281,1.72593,0.14153,0.1288,0.13806,0.15794,0.04922,0.0306,0.01263,0.10461,0.04731,0.03123,0.00879,2.81984,4.36529,4.60525,2.90367,0,0,0,0.000434409,0.000434409,0.000434409
292,11721.9,1.5364,2.64096,1.68868,1.72228,0.14522,0.12938,0.14006,0.14025,0.05753,0.03472,0.01617,0.10257,0.05055,0.0333,0.00907,2.82138,4.40116,4.68636,2.89437,0,0,0,0.000433035,0.000433035,0.000433035
293,11762,1.54924,2.65711,1.69491,1.74409,0.14723,0.12863,0.14037,0.10722,0.04687,0.02431,0.01017,0.1259,0.04265,0.02097,0.00672,2.80822,4.40681,4.65773,2.911,0,0,0,0.000431661,0.000431661,0.000431661
294,11801.8,1.56055,2.67349,1.70908,1.71792,0.143,0.12712,0.1382,0.09958,0.04861,0.02982,0.01505,0.09932,0.04756,0.0276,0.00804,2.79939,4.39086,4.6798,2.89674,0,0,0,0.000430286,0.000430286,0.000430286
295,11841.7,1.56784,2.69841,1.69783,1.72885,0.14432,0.13175,0.14161,0.13846,0.05996,0.03037,0.01397,0.13481,0.0579,0.0289,0.00653,2.79921,4.40466,4.60691,2.89944,0,0,0,0.000428912,0.000428912,0.000428912
296,11881.5,1.54001,2.68486,1.73344,1.73961,0.13721,0.12471,0.13392,0.12104,0.04878,0.02262,0.00862,0.11086,0.04179,0.02037,0.00742,2.84483,4.39291,4.71359,2.93051,0,0,0,0.000427537,0.000427537,0.000427537
297,11921.7,1.55456,2.63709,1.67726,1.71202,0.14201,0.12875,0.13885,0.10174,0.04365,0.02211,0.00886,0.12795,0.04731,0.02642,0.00833,2.81101,4.37635,4.65756,2.91244,0,0,0,0.000426163,0.000426163,0.000426163
298,11961.5,1.53547,2.59234,1.65772,1.7113,0.13471,0.12236,0.13198,0.04328,0.03946,0.01778,0.00621,0.03498,0.03526,0.01711,0.00475,2.7977,4.38743,4.70408,2.88568,0,0,0,0.000424788,0.000424788,0.000424788
299,12002.6,1.54874,2.64678,1.69817,1.73487,0.14051,0.12671,0.13533,0.1232,0.04374,0.02326,0.00865,0.10271,0.03711,0.02023,0.00631,2.8049,4.37505,4.75667,2.89932,0,0,0,0.000423414,0.000423414,0.000423414
300,12042.5,1.55396,2.69098,1.68462,1.73115,0.14351,0.13143,0.13997,0.08616,0.04402,0.02235,0.00742,0.07155,0.03601,0.01593,0.0049,2.81297,4.42384,4.65294,2.91061,0,0,0,0.000422039,0.000422039,0.000422039
301,12082.5,1.53063,2.68696,1.67711,1.72195,0.13791,0.12614,0.13601,0.09798,0.04922,0.02468,0.00973,0.08828,0.04263,0.02439,0.00741,2.82921,4.41195,4.71974,2.91273,0,0,0,0.000420665,0.000420665,0.000420665
302,12122.3,1.53147,2.63495,1.67854,1.71756,0.14085,0.12874,0.13833,0.07982,0.04496,0.02463,0.0099,0.07383,0.04032,0.02013,0.00556,2.80818,4.43496,4.68834,2.90199,0,0,0,0.000419291,0.000419291,0.000419291
303,12162.2,1.56973,2.63924,1.69044,1.72702,0.14641,0.1309,0.14221,0.07404,0.03982,0.01912,0.00667,0.06843,0.03518,0.01616,0.00473,2.81375,4.39536,4.68005,2.9129,0,0,0,0.000417916,0.000417916,0.000417916
304,12202.3,1.55173,2.65507,1.68224,1.72713,0.14493,0.13174,0.1412,0.06866,0.04076,0.02223,0.00769,0.06073,0.03331,0.01521,0.0055,2.80326,4.36771,4.70454,2.88413,0,0,0,0.000416542,0.000416542,0.000416542
305,12242.1,1.5314,2.60652,1.67619,1.7209,0.13993,0.12561,0.13514,0.08674,0.04171,0.02073,0.00805,0.08078,0.03613,0.01674,0.00463,2.80396,4.41777,4.72925,2.90068,0,0,0,0.000415167,0.000415167,0.000415167
306,12282,1.5613,2.6676,1.6871,1.73332,0.14062,0.1282,0.13756,0.10805,0.05115,0.02259,0.00928,0.08818,0.05054,0.02089,0.00679,2.78826,4.39439,4.67891,2.87377,0,0,0,0.000413793,0.000413793,0.000413793
307,12322,1.55347,2.6503,1.68101,1.71877,0.13728,0.12531,0.13426,0.06234,0.04681,0.02094,0.00784,0.07909,0.05096,0.0214,0.00701,2.79629,4.33879,4.57772,2.86426,0,0,0,0.000412418,0.000412418,0.000412418
308,12361.9,1.52287,2.59861,1.66146,1.71338,0.14217,0.12804,0.1387,0.09,0.04102,0.02089,0.00828,0.10403,0.04502,0.02053,0.00726,2.82854,4.38413,4.74888,2.89253,0,0,0,0.000411044,0.000411044,0.000411044
309,12401.8,1.54899,2.64491,1.71034,1.73392,0.13778,0.12318,0.13425,0.11893,0.04174,0.02361,0.00943,0.30447,0.03547,0.02268,0.00721,2.8342,4.42911,4.71545,2.91533,0,0,0,0.000409669,0.000409669,0.000409669
310,12441.7,1.53536,2.66686,1.69427,1.72626,0.14014,0.12514,0.13523,0.33731,0.04856,0.0263,0.00997,0.32811,0.04502,0.02613,0.00744,2.81327,4.40867,4.71623,2.88872,0,0,0,0.000408295,0.000408295,0.000408295
311,12481.8,1.54742,2.61944,1.67063,1.71349,0.14309,0.12977,0.13962,0.0883,0.03801,0.01612,0.00561,0.0892,0.0353,0.01448,0.00445,2.78815,4.40236,4.83902,2.86744,0,0,0,0.00040692,0.00040692,0.00040692
312,12522.2,1.5073,2.62061,1.64495,1.69263,0.14131,0.12696,0.13669,0.0941,0.04315,0.02087,0.00765,0.0919,0.03946,0.01923,0.00616,2.78169,4.40467,4.70889,2.88603,0,0,0,0.000405546,0.000405546,0.000405546
313,12561.9,1.51742,2.61853,1.64535,1.70448,0.13949,0.126,0.13636,0.15749,0.06263,0.03673,0.01298,0.15019,0.05797,0.03544,0.00971,2.79009,4.46204,4.75243,2.88178,0,0,0,0.000404172,0.000404172,0.000404172
314,12601.9,1.54935,2.65939,1.69605,1.72978,0.13978,0.12356,0.13413,0.04409,0.04187,0.02795,0.00783,0.03637,0.03627,0.01932,0.00585,2.82128,4.48031,4.70895,2.90954,0,0,0,0.000402797,0.000402797,0.000402797
315,12642,1.53278,2.59957,1.67045,1.71101,0.1376,0.12466,0.13419,0.04078,0.03994,0.01772,0.00481,0.03534,0.03438,0.0155,0.00504,2.81983,4.41958,4.74365,2.88018,0,0,0,0.000401423,0.000401423,0.000401423
316,12681.7,1.53388,2.61826,1.66379,1.69319,0.13843,0.12705,0.1353,0.07617,0.04924,0.0205,0.00779,0.10209,0.0536,0.02226,0.00675,2.8105,4.47751,4.66457,2.88064,0,0,0,0.000400048,0.000400048,0.000400048
317,12721.8,1.53739,2.62321,1.6651,1.70872,0.14058,0.12809,0.13645,0.0874,0.0469,0.02053,0.00831,0.08799,0.04587,0.02218,0.00688,2.82195,4.45377,4.70246,2.9048,0,0,0,0.000398674,0.000398674,0.000398674
318,12761.6,1.48087,2.57392,1.6145,1.69467,0.13415,0.12255,0.13122,0.32599,0.05361,0.03137,0.01205,0.29399,0.04223,0.02888,0.00865,2.82353,4.43715,4.76453,2.92482,0,0,0,0.000397299,0.000397299,0.000397299
319,12801.6,1.50568,2.63889,1.65571,1.69393,0.14786,0.13109,0.14204,0.12946,0.06427,0.03426,0.01023,0.09535,0.05071,0.02446,0.00733,2.82118,4.42952,4.74456,2.90228,0,0,0,0.000395925,0.000395925,0.000395925
320,12841.6,1.49634,2.61894,1.64733,1.69234,0.13744,0.1261,0.13531,0.12945,0.05038,0.02647,0.00803,0.07425,0.03705,0.0223,0.00623,2.85035,4.44629,4.72567,2.91906,0,0,0,0.00039455,0.00039455,0.00039455
321,12881.5,1.52986,2.61495,1.65679,1.70813,0.13681,0.12462,0.13316,0.07865,0.04171,0.01902,0.0059,0.05509,0.03503,0.01718,0.00445,2.84445,4.41832,4.63746,2.92809,0,0,0,0.000393176,0.000393176,0.000393176
322,12921.3,1.50264,2.61391,1.66094,1.69634,0.13595,0.12197,0.13173,0.10988,0.05231,0.023,0.00698,0.05812,0.03759,0.01808,0.00449,2.84772,4.39333,4.72769,2.91706,0,0,0,0.000391802,0.000391802,0.000391802
323,12961.3,1.5407,2.61162,1.64431,1.71799,0.14169,0.12548,0.13581,0.12191,0.05608,0.02801,0.00831,0.10716,0.04771,0.02362,0.00508,2.85003,4.403,4.73717,2.90568,0,0,0,0.000390427,0.000390427,0.000390427
324,13001.4,1.52908,2.6072,1.63526,1.68732,0.13823,0.12594,0.13516,0.13935,0.06455,0.02965,0.00947,0.10043,0.04631,0.01997,0.00533,2.83711,4.4206,4.70197,2.89458,0,0,0,0.000389053,0.000389053,0.000389053
325,13040.9,1.49676,2.57611,1.63507,1.69509,0.1391,0.12455,0.13415,0.10181,0.05273,0.0251,0.00738,0.09171,0.04605,0.02125,0.00542,2.85476,4.42276,4.72141,2.92822,0,0,0,0.000387678,0.000387678,0.000387678
326,13081,1.52507,2.58402,1.64127,1.69715,0.1424,0.12802,0.13732,0.09828,0.04379,0.02334,0.00728,0.09199,0.0373,0.01934,0.00496,2.86734,4.44725,4.73296,2.93027,0,0,0,0.000386304,0.000386304,0.000386304
327,13120.9,1.50657,2.59049,1.61162,1.7037,0.13421,0.12315,0.13226,0.07592,0.04506,0.02501,0.00806,0.06661,0.03335,0.01778,0.00519,2.85062,4.50117,4.69979,2.93774,0,0,0,0.000384929,0.000384929,0.000384929
328,13160.8,1.49946,2.57332,1.60365,1.67506,0.13154,0.12265,0.13062,0.0831,0.0403,0.02629,0.01052,0.08468,0.03852,0.02506,0.00731,2.86509,4.5,4.78915,2.96192,0,0,0,0.000383555,0.000383555,0.000383555
329,13200.7,1.47027,2.57958,1.59792,1.6697,0.13837,0.12641,0.13702,0.12186,0.05227,0.02532,0.01089,0.10842,0.04403,0.02151,0.00635,2.84945,4.49392,4.78218,2.94683,0,0,0,0.00038218,0.00038218,0.00038218
330,13240.6,1.5131,2.59771,1.62481,1.68463,0.13721,0.12317,0.13271,0.34033,0.04966,0.02499,0.01053,0.33153,0.04546,0.02289,0.00715,2.8312,4.42321,4.71335,2.92291,0,0,0,0.000380806,0.000380806,0.000380806
331,13280.9,1.49968,2.59693,1.6112,1.69564,0.13533,0.12464,0.13388,0.13124,0.05382,0.02474,0.01059,0.12435,0.04872,0.02293,0.00681,2.84069,4.42243,4.78947,2.92666,0,0,0,0.000379431,0.000379431,0.000379431
332,13320.9,1.49012,2.56926,1.60375,1.6802,0.13598,0.12307,0.13261,0.1451,0.0542,0.02792,0.00995,0.15356,0.05611,0.02778,0.0069,2.839,4.39763,4.81187,2.91147,0,0,0,0.000378057,0.000378057,0.000378057
333,13360.7,1.49872,2.55894,1.60571,1.66094,0.13481,0.12379,0.13206,0.29453,0.04538,0.02187,0.00868,0.2938,0.04251,0.01992,0.00512,2.8273,4.42312,4.76365,2.94454,0,0,0,0.000376683,0.000376683,0.000376683
334,13400.6,1.51443,2.5743,1.61125,1.66809,0.13699,0.12539,0.13408,0.34073,0.05085,0.03016,0.01139,0.3405,0.04939,0.02814,0.0064,2.79957,4.40501,4.76625,2.91678,0,0,0,0.000375308,0.000375308,0.000375308
335,13440.7,1.51235,2.56388,1.61502,1.69637,0.13536,0.12345,0.13236,0.10433,0.04637,0.02525,0.00928,0.10353,0.04317,0.02459,0.00599,2.81518,4.41217,4.79,2.9318,0,0,0,0.000373934,0.000373934,0.000373934
336,13480.6,1.51858,2.57921,1.59958,1.69423,0.13639,0.12354,0.13398,0.08778,0.04452,0.02733,0.0095,0.0775,0.03705,0.0186,0.00512,2.83733,4.44867,4.78001,2.93162,0,0,0,0.000372559,0.000372559,0.000372559
337,13520.6,1.48375,2.54229,1.5918,1.66856,0.13157,0.12304,0.13051,0.08257,0.0455,0.01817,0.00742,0.07484,0.04036,0.01747,0.00502,2.84839,4.45395,4.84761,2.94229,0,0,0,0.000371185,0.000371185,0.000371185
338,13560.2,1.48357,2.53486,1.62426,1.68902,0.13308,0.12143,0.13086,0.08787,0.04215,0.01888,0.0074,0.08368,0.03843,0.01909,0.00534,2.83802,4.44145,4.77655,2.96531,0,0,0,0.00036981,0.00036981,0.00036981
339,13600.4,1.50361,2.55508,1.60848,1.66731,0.13885,0.1274,0.13605,0.07708,0.04448,0.02199,0.0085,0.06305,0.03747,0.01903,0.00527,2.8282,4.4507,4.71018,2.90781,0,0,0,0.000368436,0.000368436,0.000368436
340,13640.6,1.50177,2.56462,1.60421,1.67259,0.13565,0.12514,0.134,0.13146,0.05673,0.0311,0.01312,0.11131,0.04641,0.02513,0.00845,2.81248,4.431,4.70246,2.90657,0,0,0,0.000367061,0.000367061,0.000367061
341,13680.7,1.52191,2.57197,1.63787,1.69357,0.14086,0.12734,0.13722,0.20721,0.05882,0.03949,0.01281,0.13123,0.0465,0.02277,0.00581,2.81981,4.43008,4.81337,2.89221,0,0,0,0.000365687,0.000365687,0.000365687
342,13720.7,1.49554,2.58974,1.59907,1.67799,0.14018,0.12612,0.13549,0.14675,0.04557,0.02129,0.0079,0.10212,0.03896,0.01654,0.00451,2.83414,4.41334,4.75966,2.90665,0,0,0,0.000364313,0.000364313,0.000364313
343,13761,1.47742,2.58869,1.59254,1.68045,0.13899,0.12617,0.13537,0.0493,0.04426,0.01784,0.00611,0.02424,0.03012,0.01551,0.00448,2.83422,4.41832,4.71788,2.90366,0,0,0,0.000362938,0.000362938,0.000362938
344,13801,1.50289,2.55447,1.59692,1.66144,0.13393,0.12124,0.13063,0.09278,0.04467,0.01841,0.00645,0.07544,0.03759,0.01844,0.00517,2.86501,4.44692,4.76817,2.92122,0,0,0,0.000361564,0.000361564,0.000361564
345,13841.2,1.48846,2.55686,1.61628,1.67557,0.13261,0.12062,0.12996,0.04111,0.03576,0.01863,0.00621,0.03361,0.03434,0.01689,0.00485,2.86222,4.49281,4.71752,2.95105,0,0,0,0.000360189,0.000360189,0.000360189
346,13881.3,1.49927,2.57658,1.63759,1.67957,0.1397,0.12578,0.13665,0.0972,0.04307,0.02441,0.00764,0.09545,0.04043,0.02124,0.00633,2.86009,4.47174,4.79361,2.95001,0,0,0,0.000358815,0.000358815,0.000358815
347,13921.4,1.47612,2.55904,1.5771,1.67088,0.13471,0.12532,0.13348,0.08938,0.0422,0.01981,0.00713,0.08922,0.04069,0.01982,0.00612,2.8544,4.49824,4.77053,2.94138,0,0,0,0.00035744,0.00035744,0.00035744
348,13961.7,1.49964,2.53787,1.56814,1.65584,0.12968,0.12019,0.12915,0.06864,0.04352,0.02265,0.00769,0.06881,0.04102,0.02171,0.0061,2.83619,4.50274,4.8181,2.93681,0,0,0,0.000356066,0.000356066,0.000356066
349,14001.5,1.46837,2.52517,1.60699,1.6621,0.13718,0.1254,0.13535,0.08274,0.04412,0.02197,0.00738,0.07462,0.03615,0.01713,0.00538,2.84584,4.48779,4.81272,2.92359,0,0,0,0.000354691,0.000354691,0.000354691
350,14041.8,1.48573,2.54163,1.6077,1.68222,0.13975,0.12752,0.13704,0.0905,0.04259,0.02616,0.00766,0.08414,0.03657,0.02087,0.0059,2.84726,4.4817,4.80003,2.92662,0,0,0,0.000353317,0.000353317,0.000353317
351,14082,1.4718,2.53371,1.5741,1.67149,0.13069,0.12183,0.12922,0.16328,0.04728,0.03191,0.00973,0.10022,0.03564,0.02278,0.00653,2.86127,4.44234,4.80338,2.94507,0,0,0,0.000351942,0.000351942,0.000351942
352,14122,1.49618,2.56216,1.60702,1.66412,0.13659,0.1238,0.13399,0.12175,0.0487,0.02846,0.01191,0.11487,0.04677,0.02935,0.0091,2.84852,4.43663,4.80889,2.91181,0,0,0,0.000350568,0.000350568,0.000350568
353,14162.2,1.46675,2.50525,1.59692,1.6601,0.12916,0.11855,0.12874,0.09059,0.04625,0.02622,0.00914,0.08475,0.04267,0.02315,0.00725,2.84073,4.46148,4.80111,2.91434,0,0,0,0.000349194,0.000349194,0.000349194
354,14202.2,1.49636,2.57781,1.61715,1.66662,0.13609,0.12446,0.13335,0.20439,0.04542,0.03846,0.01388,0.08169,0.03988,0.02931,0.00978,2.85797,4.48223,4.82573,2.95185,0,0,0,0.000347819,0.000347819,0.000347819
355,14242.5,1.49713,2.53293,1.5782,1.64859,0.13035,0.12028,0.12967,0.12826,0.05028,0.02905,0.0138,0.12563,0.04759,0.02763,0.00899,2.83104,4.44126,4.87165,2.91119,0,0,0,0.000346445,0.000346445,0.000346445
356,14282.5,1.47687,2.55811,1.59686,1.66609,0.13467,0.12015,0.13003,0.09918,0.03683,0.0239,0.00876,0.09888,0.03149,0.02121,0.00591,2.84204,4.43628,4.76788,2.93532,0,0,0,0.00034507,0.00034507,0.00034507
357,14322.3,1.48697,2.57934,1.60333,1.68059,0.13868,0.12591,0.13604,0.07924,0.04167,0.01988,0.0071,0.07384,0.03701,0.01857,0.00521,2.84937,4.45621,4.8355,2.91842,0,0,0,0.000343696,0.000343696,0.000343696
358,14361.9,1.48457,2.56277,1.58194,1.67295,0.13287,0.12292,0.13193,0.06156,0.03983,0.01839,0.00664,0.05869,0.03796,0.02041,0.00508,2.84127,4.46409,4.8635,2.91313,0,0,0,0.000342321,0.000342321,0.000342321
359,14401.7,1.47876,2.53915,1.62648,1.67414,0.13267,0.12124,0.13035,0.03718,0.03572,0.02069,0.0064,0.03601,0.03434,0.02082,0.00635,2.85357,4.4478,4.82921,2.93255,0,0,0,0.000340947,0.000340947,0.000340947
360,14441.5,1.46671,2.49344,1.58303,1.6779,0.12988,0.11926,0.12844,0.03588,0.03524,0.01896,0.00596,0.02826,0.03012,0.01678,0.00481,2.8819,4.44401,4.82261,2.96775,0,0,0,0.000339572,0.000339572,0.000339572
361,14481.6,1.4539,2.51232,1.55843,1.64588,0.1331,0.12137,0.13154,0.03788,0.03068,0.01971,0.00705,0.03194,0.02543,0.01927,0.00519,2.86472,4.41388,4.87995,2.95887,0,0,0,0.000338198,0.000338198,0.000338198
362,14521.9,1.4694,2.57485,1.59026,1.66192,0.13475,0.12512,0.13454,0.10584,0.0394,0.02378,0.00858,0.10127,0.0352,0.02314,0.00611,2.86628,4.4425,4.85568,2.97178,0,0,0,0.000336824,0.000336824,0.000336824
363,14561.8,1.47013,2.49803,1.54709,1.63702,0.12833,0.11922,0.128,0.09631,0.04311,0.024,0.00863,0.14657,0.03482,0.02134,0.00621,2.8583,4.4146,4.86106,2.95736,0,0,0,0.000335449,0.000335449,0.000335449
364,14602,1.44736,2.49061,1.53975,1.63142,0.13536,0.12513,0.1337,0.08968,0.04087,0.02969,0.01232,0.08198,0.03621,0.02737,0.00814,2.86786,4.43374,4.80971,2.97104,0,0,0,0.000334075,0.000334075,0.000334075
365,14642.1,1.47699,2.49415,1.56143,1.63882,0.13419,0.12228,0.13122,0.16162,0.05004,0.03543,0.01444,0.15673,0.04677,0.03023,0.00906,2.86285,4.45142,4.8807,2.94183,0,0,0,0.0003327,0.0003327,0.0003327
366,14681.8,1.48861,2.5306,1.57889,1.66423,0.13533,0.12405,0.13453,0.10473,0.04248,0.03167,0.01264,0.10184,0.03992,0.02573,0.00845,2.85404,4.45016,4.81372,2.94215,0,0,0,0.000331326,0.000331326,0.000331326
367,14721.9,1.46884,2.49443,1.56243,1.65196,0.13434,0.12114,0.13101,0.13242,0.03763,0.02766,0.01177,0.12183,0.03576,0.02138,0.00772,2.86985,4.47132,4.84977,2.9464,0,0,0,0.000329951,0.000329951,0.000329951
368,14761.7,1.43854,2.49538,1.54509,1.64285,0.13115,0.12121,0.12988,0.10362,0.04219,0.02831,0.00938,0.13892,0.03343,0.02131,0.00711,2.87481,4.45503,4.86703,2.96957,0,0,0,0.000328577,0.000328577,0.000328577
369,14801.7,1.4441,2.47564,1.55802,1.65048,0.12575,0.11689,0.12558,0.1869,0.05514,0.04264,0.01405,0.1071,0.039,0.03383,0.01103,2.88718,4.41586,4.82256,2.99268,0,0,0,0.000327202,0.000327202,0.000327202
370,14841.6,1.45003,2.50754,1.55673,1.64459,0.13451,0.12468,0.13413,0.11578,0.04512,0.03445,0.01317,0.10301,0.03759,0.02938,0.01016,2.87093,4.46317,4.81845,2.96267,0,0,0,0.000325828,0.000325828,0.000325828
371,14881.3,1.4534,2.4851,1.53823,1.63485,0.1334,0.12019,0.1298,0.1075,0.03659,0.02868,0.01197,0.09456,0.03285,0.02727,0.00956,2.87675,4.48905,4.9034,2.94845,0,0,0,0.000324453,0.000324453,0.000324453
372,14921.4,1.45349,2.49389,1.54174,1.63719,0.13428,0.12191,0.13183,0.13011,0.04187,0.02375,0.0085,0.11871,0.03833,0.02053,0.00692,2.90286,4.5238,4.92833,2.9784,0,0,0,0.000323079,0.000323079,0.000323079
373,14960.9,1.48178,2.5099,1.5638,1.65197,0.13133,0.12153,0.13033,0.07808,0.03946,0.02236,0.00775,0.07812,0.03621,0.01864,0.00595,2.8971,4.49039,4.87042,2.98254,0,0,0,0.000321705,0.000321705,0.000321705
374,15000.9,1.49126,2.51581,1.55248,1.65688,0.13225,0.12213,0.13113,0.08992,0.04693,0.03059,0.01228,0.09029,0.04086,0.02681,0.00962,2.89041,4.45542,4.81324,2.97148,0,0,0,0.00032033,0.00032033,0.00032033
375,15040.6,1.45201,2.50321,1.52942,1.62326,0.1349,0.12396,0.13235,0.09069,0.04175,0.02836,0.01271,0.09286,0.04086,0.02988,0.01117,2.88246,4.4212,4.84236,2.94296,0,0,0,0.000318956,0.000318956,0.000318956
376,15080.4,1.46664,2.48116,1.5453,1.65602,0.13028,0.12121,0.1299,0.08122,0.03984,0.02064,0.0069,0.08962,0.03851,0.01783,0.00556,2.87886,4.4374,4.86896,2.92904,0,0,0,0.000317581,0.000317581,0.000317581
377,15120.2,1.44028,2.49966,1.53771,1.64117,0.13179,0.12174,0.131,0.06855,0.02649,0.01775,0.00607,0.05514,0.02321,0.01661,0.0052,2.862,4.44593,4.80783,2.91513,0,0,0,0.000316207,0.000316207,0.000316207
378,15159.9,1.46694,2.53241,1.56279,1.64706,0.13236,0.12098,0.12972,0.11183,0.04086,0.02155,0.00805,0.103,0.03621,0.02277,0.00636,2.86627,4.44408,4.93924,2.92963,0,0,0,0.000314832,0.000314832,0.000314832
379,15199.7,1.43459,2.4857,1.55409,1.64281,0.12993,0.12143,0.13017,0.09875,0.04223,0.02166,0.00783,0.09531,0.0399,0.02236,0.00674,2.84808,4.47681,4.8244,2.94467,0,0,0,0.000313458,0.000313458,0.000313458
380,15239.4,1.45103,2.45655,1.54502,1.61674,0.13528,0.12295,0.13319,0.31281,0.03335,0.0247,0.00963,0.07782,0.03331,0.02584,0.00748,2.86915,4.49305,4.85388,2.95969,0,0,0,0.000312083,0.000312083,0.000312083
381,15279.2,1.42845,2.48139,1.53943,1.64907,0.13356,0.12406,0.13294,0.09518,0.04133,0.03001,0.00967,0.08097,0.0338,0.02735,0.00744,2.88179,4.49081,4.86446,2.97489,0,0,0,0.000310709,0.000310709,0.000310709
382,15318.9,1.44296,2.45742,1.52027,1.62061,0.13561,0.12401,0.13355,0.09952,0.04229,0.02595,0.00805,0.07975,0.03151,0.02208,0.00582,2.88878,4.47261,4.93751,2.95997,0,0,0,0.000309335,0.000309335,0.000309335
383,15358.8,1.43705,2.48759,1.51529,1.62428,0.13129,0.12274,0.13136,0.34703,0.03386,0.02799,0.0125,0.34538,0.02874,0.02749,0.00796,2.86132,4.48637,4.919,2.94823,0,0,0,0.00030796,0.00030796,0.00030796
384,15398.7,1.45621,2.48901,1.5402,1.62229,0.13303,0.1212,0.13117,0.31444,0.03629,0.02205,0.009,0.31265,0.03012,0.01956,0.00649,2.86919,4.46597,4.88845,2.95818,0,0,0,0.000306586,0.000306586,0.000306586
385,15438.5,1.45235,2.46948,1.54194,1.63848,0.1324,0.12098,0.13042,0.11481,0.04042,0.02045,0.00792,0.10711,0.03243,0.01827,0.00629,2.90158,4.48364,4.90298,2.99149,0,0,0,0.000305211,0.000305211,0.000305211
386,15478,1.44303,2.52236,1.5407,1.62692,0.13348,0.12388,0.13354,0.33114,0.03855,0.02593,0.01056,0.32487,0.0353,0.02483,0.00902,2.88379,4.50664,4.93199,2.96721,0,0,0,0.000303837,0.000303837,0.000303837
387,15517.6,1.44688,2.49663,1.53084,1.62918,0.13125,0.12119,0.13068,0.33027,0.03904,0.02105,0.00777,0.32687,0.03484,0.01867,0.00605,2.87224,4.4917,4.92013,2.96118,0,0,0,0.000302462,0.000302462,0.000302462
388,15557.4,1.43843,2.53772,1.52795,1.63231,0.1286,0.11964,0.12883,0.04493,0.03438,0.01746,0.00581,0.29287,0.02464,0.01485,0.00465,2.87472,4.47411,4.89235,2.94185,0,0,0,0.000301088,0.000301088,0.000301088
389,15597.3,1.4316,2.51549,1.55519,1.63981,0.13799,0.12683,0.13618,0.28185,0.02882,0.01571,0.00494,0.27511,0.0237,0.01413,0.00441,2.87436,4.48439,4.94658,2.95339,0,0,0,0.000299713,0.000299713,0.000299713
390,15637.1,1.47539,2.49924,1.56168,1.63383,0.13612,0.12356,0.13308,0.05132,0.0323,0.0182,0.00665,0.04566,0.02914,0.016,0.00513,2.8778,4.48387,4.93885,2.96879,0,0,0,0.000298339,0.000298339,0.000298339
391,15676.6,1.43644,2.46424,1.5398,1.63724,0.13123,0.12417,0.1319,0.07345,0.03613,0.01922,0.00651,0.06515,0.03193,0.01668,0.0052,2.89609,4.48463,4.93438,2.97169,0,0,0,0.000296964,0.000296964,0.000296964
392,15716.5,1.42283,2.42772,1.53696,1.6235,0.12864,0.11986,0.12868,0.07706,0.03677,0.01791,0.00617,0.07146,0.03382,0.01567,0.00501,2.90044,4.50408,4.89732,2.97393,0,0,0,0.00029559,0.00029559,0.00029559
393,15756.3,1.4459,2.51597,1.52175,1.63637,0.13205,0.12172,0.13092,0.07427,0.04311,0.0183,0.00576,0.06842,0.03988,0.01573,0.00463,2.88132,4.52689,4.86702,2.95478,0,0,0,0.000294216,0.000294216,0.000294216
394,15795.9,1.43963,2.47728,1.5248,1.63056,0.12894,0.12076,0.12904,0.07865,0.04267,0.01825,0.00579,0.07218,0.0394,0.01617,0.0046,2.88685,4.5385,4.83198,2.96836,0,0,0,0.000292841,0.000292841,0.000292841
395,15835.8,1.46828,2.51231,1.53773,1.63213,0.13314,0.12408,0.13286,0.27554,0.04078,0.02184,0.00702,0.27243,0.03753,0.01812,0.00523,2.90708,4.5711,4.83659,2.9942,0,0,0,0.000291467,0.000291467,0.000291467
396,15875.7,1.44468,2.50538,1.5418,1.64476,0.13216,0.12206,0.13199,0.28095,0.04127,0.02017,0.00652,0.26862,0.03428,0.01659,0.00518,2.90331,4.52952,4.87482,2.9595,0,0,0,0.000290092,0.000290092,0.000290092
397,15915.5,1.46026,2.46083,1.5435,1.63516,0.12885,0.11986,0.12889,0.27346,0.03892,0.01952,0.00638,0.27485,0.03572,0.01385,0.00447,2.92561,4.52497,4.96513,2.97736,0,0,0,0.000288718,0.000288718,0.000288718
398,15955.2,1.4655,2.45961,1.55503,1.65241,0.13596,0.12445,0.13379,0.2763,0.03615,0.02195,0.0075,0.30237,0.0348,0.01777,0.00584,2.94401,4.55617,4.90115,2.98198,0,0,0,0.000287343,0.000287343,0.000287343
399,15994.9,1.43631,2.50329,1.50954,1.61905,0.13357,0.12344,0.13238,0.30826,0.04511,0.02524,0.0081,0.31747,0.02777,0.01781,0.00496,2.92185,4.52513,4.8671,2.98791,0,0,0,0.000285969,0.000285969,0.000285969
400,16034.8,1.45585,2.49359,1.563,1.62159,0.12775,0.11837,0.12757,0.29224,0.04365,0.02279,0.0066,0.2849,0.03807,0.01653,0.00486,2.91821,4.5334,4.90066,2.97448,0,0,0,0.000284594,0.000284594,0.000284594
401,16074.5,1.42145,2.46411,1.51798,1.61444,0.13125,0.1236,0.1326,0.31488,0.04273,0.02112,0.0071,0.28765,0.03946,0.01756,0.00587,2.92946,4.54574,4.86517,2.97231,0,0,0,0.00028322,0.00028322,0.00028322
402,16114.4,1.4626,2.44285,1.51874,1.62838,0.12643,0.11664,0.12597,0.25075,0.03765,0.01922,0.00616,0.24218,0.03205,0.01621,0.00505,2.92808,4.55002,4.91657,2.99105,0,0,0,0.000281846,0.000281846,0.000281846
403,16153.9,1.42867,2.45655,1.51249,1.61304,0.13213,0.12144,0.13092,0.29081,0.04598,0.02307,0.00718,0.28376,0.03902,0.01865,0.00582,2.92361,4.5677,4.94834,2.97489,0,0,0,0.000280471,0.000280471,0.000280471
404,16193.9,1.41034,2.42289,1.48769,1.59808,0.13057,0.12325,0.1325,0.30397,0.04506,0.02656,0.00878,0.30745,0.03855,0.02143,0.00705,2.89249,4.59157,4.95496,2.95389,0,0,0,0.000279097,0.000279097,0.000279097
405,16233.9,1.42032,2.45876,1.51629,1.63018,0.13103,0.12129,0.12983,0.11048,0.05066,0.02301,0.00733,0.09987,0.04179,0.01876,0.00613,2.89768,4.56987,4.9256,2.98342,0,0,0,0.000277722,0.000277722,0.000277722
406,16273.5,1.42451,2.44539,1.5017,1.61457,0.13027,0.1196,0.12858,0.08496,0.04442,0.02109,0.00696,0.07808,0.03896,0.01675,0.00557,2.89229,4.56701,4.90438,2.97498,0,0,0,0.000276348,0.000276348,0.000276348
407,16313.4,1.43614,2.49286,1.53726,1.633,0.12794,0.11869,0.12789,0.08843,0.04557,0.02249,0.00765,0.0797,0.03949,0.01849,0.006,2.8836,4.51843,4.97035,2.9551,0,0,0,0.000274973,0.000274973,0.000274973
408,16353.4,1.47046,2.49506,1.53371,1.62471,0.12932,0.12225,0.13098,0.09923,0.04301,0.0194,0.00677,0.09057,0.038,0.01614,0.00559,2.91515,4.5318,4.97338,2.98494,0,0,0,0.000273599,0.000273599,0.000273599
409,16392.9,1.41069,2.43318,1.47285,1.62117,0.13268,0.12325,0.13201,0.29238,0.04301,0.01942,0.00647,0.28529,0.03662,0.01598,0.00555,2.89403,4.53539,4.97483,3.00575,0,0,0,0.000272224,0.000272224,0.000272224
410,16432.6,1.41551,2.43577,1.48063,1.60246,0.12743,0.1187,0.12772,0.24845,0.0358,0.01784,0.00603,0.2439,0.0307,0.01501,0.00498,2.89962,4.52962,4.98043,2.99896,0,0,0,0.00027085,0.00027085,0.00027085
411,16472.4,1.40228,2.43855,1.49772,1.60778,0.13257,0.12132,0.13049,0.28645,0.04333,0.01801,0.00627,0.27743,0.03751,0.01768,0.00519,2.90911,4.54455,4.94629,3.01512,0,0,0,0.000269475,0.000269475,0.000269475
412,16512.2,1.43902,2.43626,1.49459,1.59966,0.12603,0.11989,0.12753,0.28653,0.04267,0.01908,0.00686,0.28065,0.03801,0.01801,0.0057,2.90071,4.53712,4.95519,3.00231,0,0,0,0.000268101,0.000268101,0.000268101
413,16551.8,1.42764,2.42909,1.50818,1.62869,0.12876,0.12005,0.12886,0.09027,0.03944,0.02099,0.00795,0.08155,0.03615,0.0195,0.00646,2.8999,4.53813,4.99806,2.98956,0,0,0,0.000266727,0.000266727,0.000266727
414,16591.5,1.40053,2.40524,1.46584,1.60791,0.1286,0.11975,0.12908,0.33196,0.03803,0.02316,0.00922,0.32686,0.03197,0.0212,0.00714,2.89642,4.51517,5.01868,2.9979,0,0,0,0.000265352,0.000265352,0.000265352
415,16631.4,1.44041,2.43042,1.50503,1.60893,0.12824,0.12282,0.1303,0.32808,0.03755,0.02313,0.00911,0.32578,0.03058,0.02094,0.00708,2.8876,4.53034,4.96372,3.01061,0,0,0,0.000263978,0.000263978,0.000263978
416,16671.1,1.38826,2.41729,1.47334,1.59018,0.12431,0.11773,0.1266,0.29399,0.04124,0.01973,0.00772,0.28659,0.03561,0.01816,0.00617,2.88468,4.53041,4.96936,2.98145,0,0,0,0.000262603,0.000262603,0.000262603
417,16711,1.4197,2.45997,1.51575,1.62963,0.13044,0.11971,0.12951,0.28816,0.03938,0.01899,0.00706,0.28101,0.03474,0.01697,0.0052,2.89355,4.54184,4.96081,2.97574,0,0,0,0.000261229,0.000261229,0.000261229
418,16750.8,1.43002,2.44795,1.48042,1.61049,0.13426,0.12383,0.13359,0.0838,0.04032,0.01822,0.0071,0.07934,0.03661,0.01648,0.00562,2.90458,4.54543,4.96625,2.97937,0,0,0,0.000259854,0.000259854,0.000259854
419,16790.5,1.39261,2.4096,1.47537,1.59135,0.13538,0.12509,0.13436,0.08074,0.04267,0.01887,0.00682,0.07663,0.0394,0.01643,0.00547,2.92882,4.56987,4.92881,3.00447,0,0,0,0.00025848,0.00025848,0.00025848
420,16830.6,1.42034,2.48413,1.50693,1.62163,0.12976,0.12174,0.13023,0.08892,0.04404,0.0202,0.00726,0.08333,0.0394,0.01872,0.00592,2.92901,4.59666,4.92198,3.03389,0,0,0,0.000257105,0.000257105,0.000257105
421,16870.3,1.41032,2.41305,1.51814,1.59966,0.12955,0.11813,0.12764,0.08631,0.04062,0.01917,0.00684,0.08482,0.03754,0.01877,0.00547,2.9246,4.56926,4.92716,3.04737,0,0,0,0.000255731,0.000255731,0.000255731
422,16910.3,1.40551,2.41617,1.48138,1.60127,0.12884,0.12014,0.12928,0.10082,0.04096,0.01743,0.00646,0.10068,0.03954,0.0171,0.00535,2.93669,4.5416,4.94949,3.0541,0,0,0,0.000254357,0.000254357,0.000254357
423,16950.2,1.41318,2.4045,1.46904,1.59733,0.126,0.11878,0.12668,0.10399,0.04317,0.01916,0.00727,0.10163,0.0404,0.01716,0.00555,2.92164,4.55959,4.95587,3.02771,0,0,0,0.000252982,0.000252982,0.000252982
424,16990,1.41275,2.44258,1.48405,1.60221,0.12932,0.12054,0.12948,0.10264,0.04225,0.02199,0.00861,0.11647,0.03436,0.01976,0.00672,2.91013,4.51693,4.94855,3.02662,0,0,0,0.000251608,0.000251608,0.000251608
425,17029.8,1.41461,2.46278,1.49329,1.59915,0.12328,0.11938,0.12521,0.09816,0.03992,0.0224,0.00828,0.09397,0.03576,0.02132,0.00701,2.912,4.52496,4.96441,3.02062,0,0,0,0.000250233,0.000250233,0.000250233
426,17069.6,1.43481,2.3787,1.49757,1.6194,0.12565,0.12012,0.12779,0.09863,0.04129,0.02017,0.00759,0.09952,0.03902,0.0206,0.00653,2.92382,4.59618,4.97488,3.02593,0,0,0,0.000248859,0.000248859,0.000248859
427,17109.3,1.44788,2.46106,1.48561,1.60208,0.12636,0.11809,0.12668,0.08497,0.04262,0.02052,0.00754,0.07975,0.03844,0.02141,0.00693,2.91322,4.54524,4.98266,3.01276,0,0,0,0.000247484,0.000247484,0.000247484
428,17149,1.39584,2.39327,1.44493,1.60741,0.13058,0.12015,0.12938,0.07342,0.04215,0.02065,0.00776,0.07255,0.04006,0.02005,0.00698,2.90305,4.52641,4.90876,3.00437,0,0,0,0.00024611,0.00024611,0.00024611
429,17188.7,1.40303,2.44471,1.48419,1.6156,0.13215,0.12374,0.13211,0.08026,0.04267,0.01837,0.00645,0.07296,0.0365,0.01698,0.00533,2.90855,4.55699,4.93808,2.99787,0,0,0,0.000244735,0.000244735,0.000244735
430,17227.9,1.42151,2.38203,1.49824,1.60913,0.12786,0.12019,0.12804,0.09212,0.04739,0.0193,0.00624,0.08322,0.04183,0.01856,0.0051,2.90578,4.56211,4.96197,2.99557,0,0,0,0.000243361,0.000243361,0.000243361
431,17267.8,1.41335,2.44613,1.49444,1.60291,0.12912,0.12149,0.13034,0.09044,0.04317,0.02313,0.00682,0.29417,0.03461,0.01749,0.00545,2.9129,4.55662,4.94199,2.9987,0,0,0,0.000241986,0.000241986,0.000241986
432,17307.7,1.41647,2.4651,1.49999,1.6109,0.12622,0.11529,0.12515,0.29326,0.04208,0.01944,0.00628,0.28381,0.03542,0.01684,0.00511,2.91724,4.5411,4.92619,3.01954,0,0,0,0.000240612,0.000240612,0.000240612
433,17347.2,1.39733,2.40697,1.47706,1.61667,0.12931,0.12054,0.12939,0.28074,0.0407,0.01924,0.0066,0.2739,0.03648,0.01782,0.00549,2.91187,4.56594,4.937,3.00656,0,0,0,0.000239238,0.000239238,0.000239238
434,17387,1.41166,2.38231,1.50117,1.59928,0.13361,0.12305,0.13145,0.09566,0.0425,0.02127,0.00631,0.09475,0.03996,0.01568,0.00493,2.92582,4.57532,4.97601,3.01772,0,0,0,0.000237863,0.000237863,0.000237863
435,17426.7,1.38763,2.42843,1.43701,1.57386,0.1219,0.11413,0.12245,0.04862,0.0344,0.01927,0.00546,0.04344,0.03022,0.01466,0.00421,2.92041,4.55596,4.97633,2.99343,0,0,0,0.000236489,0.000236489,0.000236489
436,17466.6,1.40188,2.39532,1.46204,1.58824,0.13071,0.12347,0.13272,0.28311,0.03986,0.01798,0.00596,0.2803,0.03663,0.01753,0.00524,2.93998,4.57474,4.95535,3.02431,0,0,0,0.000235114,0.000235114,0.000235114
437,17506.6,1.39768,2.42982,1.50363,1.61871,0.12666,0.1198,0.12752,0.24686,0.03251,0.01992,0.00595,0.24157,0.02926,0.01752,0.00519,2.93381,4.56664,5.00068,3.02535,0,0,0,0.00023374,0.00023374,0.00023374
438,17546,1.37227,2.38054,1.44884,1.58195,0.12965,0.12009,0.12847,0.24928,0.03623,0.02255,0.0065,0.24387,0.03159,0.02021,0.00566,2.92426,4.58073,4.96108,3.01977,0,0,0,0.000232365,0.000232365,0.000232365
439,17585.7,1.39785,2.40483,1.48269,1.58791,0.12861,0.12087,0.12914,0.28733,0.04017,0.02334,0.007,0.28077,0.0372,0.02045,0.00605,2.91826,4.60038,4.97403,2.99782,0,0,0,0.000230991,0.000230991,0.000230991
440,17625.7,1.42903,2.38606,1.48078,1.59,0.12506,0.12015,0.12781,0.08307,0.03892,0.01863,0.00647,0.06828,0.03279,0.0168,0.00523,2.92025,4.58291,5.01086,2.99468,0,0,0,0.000229616,0.000229616,0.000229616
441,17665.5,1.40028,2.41885,1.47353,1.58997,0.12551,0.11945,0.12803,0.26661,0.03764,0.01797,0.00583,0.25385,0.02958,0.01742,0.00536,2.93387,4.58939,4.97917,3.03433,0,0,0,0.000228242,0.000228242,0.000228242
442,17705.4,1.40638,2.4039,1.47258,1.60985,0.12671,0.12033,0.12858,0.25057,0.03482,0.01765,0.00559,0.24043,0.0297,0.01964,0.00563,2.96234,4.59984,5.03793,3.06304,0,0,0,0.000226868,0.000226868,0.000226868
443,17745.3,1.40529,2.40228,1.45736,1.59607,0.12795,0.12176,0.13003,0.24652,0.03388,0.01624,0.00518,0.24315,0.03043,0.01725,0.00517,2.94505,4.59343,5.07284,3.04804,0,0,0,0.000225493,0.000225493,0.000225493
444,17784.9,1.40252,2.43499,1.45838,1.596,0.12627,0.11721,0.12656,0.03547,0.03067,0.01477,0.00538,0.03247,0.0288,0.01601,0.00475,2.91754,4.58497,5.04571,3.02288,0,0,0,0.000224119,0.000224119,0.000224119
445,17824.7,1.4043,2.40129,1.45515,1.57857,0.12066,0.11477,0.12302,0.04536,0.0339,0.01472,0.00494,0.04525,0.03345,0.01503,0.00414,2.92642,4.56821,5.00892,3.04303,0,0,0,0.000222744,0.000222744,0.000222744
446,17864.5,1.416,2.37922,1.47375,1.59528,0.12507,0.11822,0.12652,0.27879,0.02651,0.01583,0.00491,0.27905,0.0251,0.01516,0.00395,2.93822,4.56978,5.06833,3.02681,0,0,0,0.00022137,0.00022137,0.00022137
447,17904.3,1.38285,2.38788,1.44682,1.58409,0.12553,0.12068,0.12805,0.25378,0.03532,0.01643,0.00544,0.24409,0.03013,0.0176,0.00437,2.93622,4.58061,5.0256,3.02142,0,0,0,0.000219995,0.000219995,0.000219995
448,17943.8,1.36852,2.34481,1.4226,1.56437,0.12852,0.11911,0.12914,0.25444,0.03253,0.01906,0.00616,0.24934,0.02882,0.01723,0.00476,2.92469,4.57226,5.03848,3.00251,0,0,0,0.000218621,0.000218621,0.000218621
449,17983.7,1.39662,2.35793,1.46071,1.59858,0.12909,0.11898,0.12784,0.08275,0.03705,0.02072,0.00667,0.07775,0.03335,0.01731,0.00513,2.92343,4.5838,5.05162,3.01127,0,0,0,0.000217246,0.000217246,0.000217246
450,18023.1,1.39107,2.35854,1.46627,1.58,0.12414,0.11498,0.12311,0.11427,0.0435,0.02181,0.00719,0.10636,0.03755,0.02215,0.00635,2.92908,4.57205,5.01014,3.00808,0,0,0,0.000215872,0.000215872,0.000215872
451,18063,1.36527,2.3972,1.42076,1.56262,0.12519,0.11885,0.12738,0.11268,0.04468,0.02157,0.00703,0.10295,0.03769,0.02208,0.00632,2.92424,4.57395,4.97206,3.00246,0,0,0,0.000214497,0.000214497,0.000214497
452,18102.9,1.37694,2.37887,1.45793,1.58837,0.12883,0.12132,0.12969,0.05295,0.03719,0.01867,0.00566,0.10569,0.03816,0.01825,0.00532,2.91798,4.58919,4.99196,3.00888,0,0,0,0.000213123,0.000213123,0.000213123
453,18142.5,1.4022,2.40751,1.46976,1.58321,0.1212,0.11736,0.12492,0.05707,0.03484,0.0161,0.00521,0.04356,0.02833,0.01633,0.00477,2.91742,4.58635,5.03408,2.99813,0,0,0,0.000211749,0.000211749,0.000211749
454,18182,1.37205,2.40174,1.45704,1.59755,0.12826,0.11832,0.12754,0.0584,0.0344,0.01614,0.00548,0.0447,0.02926,0.01771,0.00515,2.9164,4.5688,5.00859,3.00302,0,0,0,0.000210374,0.000210374,0.000210374
455,18221.9,1.43955,2.40644,1.44373,1.57999,0.12582,0.11795,0.12707,0.0477,0.0353,0.01646,0.00552,0.10182,0.04452,0.01867,0.00518,2.9165,4.55931,5.03362,2.98361,0,0,0,0.000209,0.000209,0.000209
456,18261.4,1.36715,2.39258,1.43555,1.56145,0.1231,0.1153,0.12303,0.09162,0.04133,0.01884,0.00689,0.08158,0.03665,0.02064,0.00635,2.90677,4.54447,5.02551,2.97815,0,0,0,0.000207625,0.000207625,0.000207625
457,18300.9,1.33258,2.32629,1.42757,1.56397,0.12572,0.11743,0.12625,0.10208,0.04271,0.01717,0.00569,0.08917,0.03665,0.01745,0.00507,2.9154,4.57729,5.09265,2.97422,0,0,0,0.000206251,0.000206251,0.000206251
458,18340.6,1.39898,2.42387,1.45474,1.59164,0.12193,0.11503,0.12201,0.07974,0.03806,0.01627,0.00561,0.06932,0.03153,0.01593,0.00471,2.91681,4.58403,5.09434,2.97947,0,0,0,0.000204876,0.000204876,0.000204876
459,18380.1,1.40877,2.39673,1.46005,1.5883,0.12917,0.12315,0.13185,0.08591,0.04109,0.01681,0.00569,0.07264,0.03424,0.01634,0.00473,2.91722,4.58347,5.02783,2.99271,0,0,0,0.000203502,0.000203502,0.000203502
460,18419.9,1.39963,2.34739,1.44587,1.57358,0.12575,0.11756,0.12611,0.09026,0.03845,0.01814,0.00616,0.07387,0.03193,0.01742,0.00512,2.91754,4.58414,5.02431,2.98486,0,0,0,0.000202127,0.000202127,0.000202127
461,18459.7,1.37786,2.37638,1.46719,1.58834,0.12506,0.11996,0.12704,0.07631,0.03611,0.02206,0.00684,0.07406,0.03333,0.0187,0.00537,2.92325,4.5928,5.04978,2.99697,0,0,0,0.000200753,0.000200753,0.000200753
462,18499.1,1.3867,2.40383,1.46442,1.59355,0.12548,0.11857,0.1265,0.10255,0.04133,0.0241,0.00849,0.10085,0.03938,0.02108,0.0066,2.92354,4.56447,5.05746,2.99739,0,0,0,0.000199379,0.000199379,0.000199379
463,18538.9,1.37795,2.36137,1.45145,1.58603,0.12507,0.11739,0.12562,0.08042,0.03705,0.02347,0.00726,0.07452,0.03287,0.018,0.00558,2.9117,4.56487,5.04769,2.9915,0,0,0,0.000198004,0.000198004,0.000198004
464,18578.7,1.40502,2.37831,1.43615,1.57856,0.12476,0.11843,0.12656,0.08132,0.03863,0.0197,0.00665,0.07565,0.03399,0.0165,0.00548,2.93696,4.57505,5.0395,3.02446,0,0,0,0.00019663,0.00019663,0.00019663
465,18618.5,1.41633,2.41084,1.47579,1.57536,0.12305,0.11685,0.12503,0.09538,0.03946,0.01916,0.00661,0.0863,0.03388,0.01685,0.00529,2.91714,4.58647,5.08207,3.00648,0,0,0,0.000195255,0.000195255,0.000195255
466,18658.2,1.36531,2.3513,1.42029,1.56018,0.12588,0.11873,0.1267,0.10615,0.039,0.01911,0.0074,0.10536,0.03574,0.01777,0.0058,2.90975,4.60825,5.09095,3.00009,0,0,0,0.000193881,0.000193881,0.000193881
467,18698.2,1.39491,2.38949,1.43802,1.57839,0.12787,0.12127,0.13034,0.11549,0.04086,0.01933,0.00705,0.10976,0.03669,0.01725,0.00544,2.91112,4.59863,5.09704,3.00086,0,0,0,0.000192506,0.000192506,0.000192506
468,18737.7,1.38846,2.35152,1.43952,1.59182,0.12895,0.1209,0.12981,0.10666,0.0404,0.01901,0.00712,0.10285,0.03789,0.01789,0.00494,2.91081,4.59622,5.09201,3.01234,0,0,0,0.000191132,0.000191132,0.000191132
469,18777.2,1.3531,2.39914,1.43324,1.57681,0.12393,0.11755,0.12562,0.10593,0.03994,0.01724,0.00622,0.10002,0.03667,0.01731,0.00475,2.90947,4.58966,5.09745,2.98799,0,0,0,0.000189757,0.000189757,0.000189757
470,18816.9,1.36377,2.33639,1.41963,1.55804,0.12408,0.1168,0.12567,0.10531,0.03761,0.01801,0.00635,0.0923,0.03574,0.01989,0.00514,2.90798,4.59473,5.09673,2.97086,0,0,0,0.000188383,0.000188383,0.000188383
471,18856.6,1.37828,2.35203,1.4304,1.55693,0.12478,0.11853,0.12722,0.11533,0.03763,0.01894,0.0066,0.11736,0.04224,0.0202,0.00566,2.90674,4.58146,5.07288,2.98215,0,0,0,0.000187008,0.000187008,0.000187008
472,18896.3,1.37116,2.37221,1.41319,1.55066,0.12388,0.11838,0.12585,0.11261,0.0395,0.01854,0.00698,0.11185,0.04038,0.02047,0.00579,2.90515,4.57033,5.09111,2.98306,0,0,0,0.000185634,0.000185634,0.000185634
473,18935.9,1.38668,2.41281,1.4573,1.58375,0.12962,0.12151,0.13053,0.11404,0.0441,0.02346,0.00686,0.10565,0.0399,0.02106,0.00589,2.8953,4.57219,5.08346,2.98569,0,0,0,0.00018426,0.00018426,0.00018426
474,18975.5,1.33727,2.28833,1.39119,1.54582,0.12214,0.1169,0.12442,0.10037,0.03878,0.01864,0.00637,0.08957,0.03552,0.02007,0.00564,2.91625,4.59062,5.10354,3.01001,0,0,0,0.000182885,0.000182885,0.000182885
475,19015.2,1.35275,2.35714,1.42319,1.55626,0.1239,0.11768,0.12539,0.09576,0.03833,0.01728,0.00615,0.08789,0.0342,0.01898,0.00548,2.90026,4.59524,5.1291,2.99312,0,0,0,0.000181511,0.000181511,0.000181511
476,19055,1.3517,2.33348,1.42425,1.55933,0.12468,0.11822,0.12688,0.09039,0.0401,0.01949,0.00647,0.08289,0.03436,0.01687,0.00521,2.90513,4.59683,5.0701,3.00485,0,0,0,0.000180136,0.000180136,0.000180136
477,19094.6,1.39186,2.38565,1.41338,1.56305,0.12267,0.11902,0.12681,0.09114,0.04084,0.02128,0.00726,0.08505,0.03621,0.01919,0.00578,2.91698,4.57424,5.08764,3.02748,0,0,0,0.000178762,0.000178762,0.000178762
478,19134.3,1.3629,2.35878,1.42081,1.56799,0.12683,0.12022,0.12867,0.08852,0.04038,0.02149,0.00723,0.08395,0.03667,0.01824,0.00564,2.90309,4.59941,5.10243,3.00657,0,0,0,0.000177387,0.000177387,0.000177387
479,19174.2,1.37183,2.33869,1.43309,1.56488,0.12694,0.1182,0.12687,0.0334,0.02825,0.01862,0.00599,0.03928,0.02704,0.01658,0.00502,2.88975,4.62054,5.09537,2.98916,0,0,0,0.000176013,0.000176013,0.000176013
480,19214,1.36568,2.3301,1.41624,1.55102,0.12449,0.11864,0.12669,0.08398,0.03785,0.01795,0.00618,0.09106,0.03766,0.01732,0.00498,2.89024,4.61612,5.12256,2.98279,0,0,0,0.000174638,0.000174638,0.000174638
481,19253.5,1.37115,2.3714,1.41752,1.54807,0.12554,0.11953,0.1272,0.08875,0.03938,0.02138,0.007,0.08552,0.0354,0.01911,0.00553,2.8962,4.60356,5.12015,2.99984,0,0,0,0.000173264,0.000173264,0.000173264
482,19293.2,1.38226,2.36317,1.43852,1.57244,0.12404,0.1177,0.12551,0.07808,0.03749,0.01648,0.00601,0.07498,0.03401,0.01675,0.00476,2.89397,4.5987,5.13052,2.99698,0,0,0,0.00017189,0.00017189,0.00017189
483,19333.4,1.37339,2.33626,1.41444,1.55946,0.12746,0.11971,0.12818,0.08508,0.03954,0.01862,0.0064,0.08238,0.03613,0.01744,0.0052,2.89833,4.61053,5.10838,3.00095,0,0,0,0.000170515,0.000170515,0.000170515
484,19373,1.36505,2.3191,1.39414,1.54247,0.13131,0.12211,0.13035,0.09149,0.03876,0.01837,0.00629,0.07959,0.03281,0.01688,0.00521,2.8992,4.61179,5.16622,2.99703,0,0,0,0.000169141,0.000169141,0.000169141
485,19412.7,1.35178,2.34328,1.4151,1.55457,0.12181,0.11668,0.12468,0.08194,0.03428,0.01662,0.00631,0.07623,0.03195,0.01605,0.00516,2.90368,4.59342,5.15919,2.99022,0,0,0,0.000167766,0.000167766,0.000167766
486,19452.4,1.36575,2.3426,1.43139,1.5519,0.11786,0.11249,0.1195,0.08105,0.03753,0.01715,0.00615,0.07758,0.03476,0.01563,0.00495,2.90881,4.61998,5.10568,3.01727,0,0,0,0.000166392,0.000166392,0.000166392
487,19492,1.35789,2.37872,1.41872,1.55961,0.12468,0.11889,0.12664,0.08096,0.03659,0.01837,0.00653,0.07907,0.03474,0.01712,0.00499,2.89287,4.60429,5.1015,3.01192,0,0,0,0.000165017,0.000165017,0.000165017
488,19531.7,1.332,2.35755,1.42308,1.54856,0.12315,0.1188,0.12616,0.08405,0.04131,0.02101,0.00763,0.08824,0.03715,0.01887,0.00564,2.88802,4.58608,5.0936,3.00175,0,0,0,0.000163643,0.000163643,0.000163643
489,19571.4,1.38618,2.36039,1.415,1.55289,0.12744,0.12093,0.12943,0.10849,0.04289,0.02154,0.00817,0.10504,0.03973,0.01928,0.00554,2.90808,4.59841,5.09393,3.02434,0,0,0,0.000162268,0.000162268,0.000162268
490,19611,1.36466,2.32388,1.41704,1.56177,0.12665,0.11793,0.12613,0.10929,0.04279,0.02153,0.00767,0.10519,0.03864,0.01884,0.00537,2.91371,4.60585,5.12158,3.03664,0,0,0,0.000160894,0.000160894,0.000160894
491,19650.9,1.38543,2.36011,1.41412,1.55845,0.12457,0.11817,0.12699,0.10218,0.04339,0.02418,0.00869,0.09516,0.03748,0.0202,0.00579,2.91018,4.60319,5.07832,3.0027,0,0,0,0.00015952,0.00015952,0.00015952
492,19690.5,1.34666,2.36657,1.42423,1.57404,0.12376,0.11906,0.12663,0.08851,0.03518,0.01938,0.00816,0.08702,0.03289,0.01974,0.00602,2.91491,4.58046,5.08534,3.00789,0,0,0,0.000158145,0.000158145,0.000158145
493,19730.2,1.32943,2.30596,1.37049,1.5474,0.12777,0.11988,0.12884,0.09032,0.03518,0.01984,0.00736,0.08694,0.03289,0.02025,0.00564,2.91953,4.60489,5.10967,3.02233,0,0,0,0.000156771,0.000156771,0.000156771
494,19769.4,1.36058,2.31787,1.42061,1.56377,0.12721,0.12068,0.12863,0.0882,0.03619,0.02546,0.00834,0.08748,0.03428,0.02244,0.00637,2.92453,4.59971,5.16006,3.00571,0,0,0,0.000155396,0.000155396,0.000155396
495,19808.9,1.35368,2.36166,1.42823,1.55433,0.12409,0.11837,0.127,0.09136,0.03694,0.01874,0.00713,0.10124,0.03767,0.02377,0.00621,2.92845,4.59711,5.15385,3.01923,0,0,0,0.000154022,0.000154022,0.000154022
496,19848.8,1.34319,2.30512,1.39307,1.54868,0.12791,0.1226,0.12967,0.09061,0.03799,0.02026,0.00724,0.08282,0.03382,0.02433,0.00626,2.92951,4.59696,5.15432,3.05091,0,0,0,0.000152647,0.000152647,0.000152647
497,19888.2,1.33213,2.3523,1.41162,1.56097,0.12364,0.11691,0.12576,0.08061,0.03705,0.02193,0.00808,0.10528,0.03859,0.02705,0.00604,2.93512,4.59839,5.11469,3.0642,0,0,0,0.000151273,0.000151273,0.000151273
498,19927.8,1.32901,2.32308,1.39816,1.55988,0.12403,0.11781,0.12607,0.10295,0.04169,0.02183,0.00837,0.09015,0.03466,0.02322,0.00589,2.92855,4.58799,5.0971,3.04976,0,0,0,0.000149898,0.000149898,0.000149898
499,19967.5,1.36067,2.33092,1.40667,1.54056,0.11991,0.11652,0.12384,0.07827,0.03799,0.01959,0.00688,0.09521,0.06263,0.02414,0.00587,2.92601,4.59062,5.08992,3.02978,0,0,0,0.000148524,0.000148524,0.000148524
500,20007.1,1.33648,2.31751,1.39855,1.53917,0.12556,0.11865,0.12795,0.07748,0.0373,0.0196,0.00709,0.07419,0.03374,0.02189,0.00499,2.93639,4.60064,5.12015,3.03008,0,0,0,0.000147149,0.000147149,0.000147149
501,20046.8,1.36998,2.36632,1.41801,1.54614,0.12415,0.118,0.12571,0.0868,0.03797,0.0182,0.00658,0.08241,0.0343,0.0191,0.00471,2.94079,4.60895,5.12314,3.04472,0,0,0,0.000145775,0.000145775,0.000145775
502,20086.7,1.35446,2.33227,1.41479,1.54954,0.1225,0.11689,0.12525,0.08703,0.03765,0.01712,0.00594,0.08443,0.03538,0.01724,0.0046,2.92992,4.60218,5.13742,3.02632,0,0,0,0.000144401,0.000144401,0.000144401
503,20126.3,1.36049,2.30564,1.37814,1.54802,0.11943,0.11565,0.12318,0.05355,0.03283,0.01704,0.00582,0.05177,0.02962,0.0172,0.00465,2.92176,4.59703,5.11615,3.03841,0,0,0,0.000143026,0.000143026,0.000143026
504,20166,1.39814,2.34115,1.43517,1.56155,0.12044,0.11724,0.12441,0.05491,0.03387,0.0171,0.00562,0.05156,0.02927,0.01793,0.00476,2.94246,4.5901,5.15019,3.05231,0,0,0,0.000141652,0.000141652,0.000141652
505,20205.6,1.3395,2.33178,1.40188,1.53699,0.12346,0.11706,0.12554,0.1043,0.0419,0.01907,0.00644,0.09612,0.03811,0.02191,0.00526,2.93494,4.59172,5.13993,3.03377,0,0,0,0.000140277,0.000140277,0.000140277
506,20245.3,1.32604,2.30644,1.37481,1.52631,0.12706,0.11888,0.12727,0.10031,0.04217,0.01916,0.00612,0.09547,0.03755,0.02011,0.00491,2.94387,4.59038,5.1416,3.03768,0,0,0,0.000138903,0.000138903,0.000138903
507,20285.1,1.34682,2.3321,1.39988,1.54575,0.12256,0.11736,0.12502,0.04024,0.03243,0.01743,0.00544,0.01688,0.12394,0.01692,0.00433,2.94049,4.60799,5.15711,3.02472,0,0,0,0.000137528,0.000137528,0.000137528
508,20324.9,1.35646,2.32426,1.40588,1.56219,0.12205,0.11826,0.12529,0.04004,0.03012,0.01672,0.00532,0.03524,0.02689,0.01568,0.00438,2.94252,4.60219,5.15256,3.02522,0,0,0,0.000136154,0.000136154,0.000136154
509,20364.4,1.36809,2.34142,1.39747,1.53714,0.11922,0.11449,0.12224,0.05663,0.03488,0.01548,0.00478,0.04791,0.03022,0.01427,0.00405,2.94595,4.615,5.14771,3.02142,0,0,0,0.000134779,0.000134779,0.000134779
510,20404.1,1.34751,2.34945,1.41197,1.57825,0.12474,0.11802,0.12671,0.0953,0.03822,0.01737,0.00602,0.08941,0.03191,0.01493,0.0044,2.94521,4.62355,5.14358,3.02635,0,0,0,0.000133405,0.000133405,0.000133405
511,20443.9,1.31992,2.26978,1.37217,1.54314,0.12008,0.11534,0.12404,0.10778,0.04088,0.0182,0.00605,0.09441,0.03809,0.0184,0.00532,2.94306,4.62291,5.13452,3.02019,0,0,0,0.000132031,0.000132031,0.000132031
512,20483.6,1.36352,2.2935,1.39737,1.5372,0.11986,0.11598,0.12346,0.11551,0.03904,0.01861,0.00634,0.10864,0.03486,0.01688,0.00488,2.95101,4.63152,5.12631,3.03042,0,0,0,0.000130656,0.000130656,0.000130656
513,20523.6,1.32928,2.3307,1.38764,1.53105,0.12425,0.11986,0.12791,0.11529,0.03996,0.01935,0.00647,0.11007,0.03486,0.01917,0.00504,2.95272,4.63908,5.11815,3.05542,0,0,0,0.000129282,0.000129282,0.000129282
514,20563.4,1.33482,2.31157,1.37255,1.5392,0.11851,0.11617,0.12358,0.11167,0.04088,0.01911,0.00632,0.11123,0.0344,0.01814,0.00503,2.94635,4.63312,5.12393,3.047,0,0,0,0.000127907,0.000127907,0.000127907
515,20602.9,1.32304,2.29077,1.37698,1.53092,0.12546,0.1186,0.12705,0.10814,0.03994,0.01855,0.00595,0.09908,0.03853,0.01607,0.00466,2.94191,4.62159,5.13743,3.03737,0,0,0,0.000126533,0.000126533,0.000126533
516,20642.4,1.33973,2.27266,1.36748,1.52778,0.11744,0.11331,0.12142,0.09431,0.039,0.01656,0.00577,0.09041,0.0353,0.01558,0.00452,2.93739,4.61591,5.17297,3.03712,0,0,0,0.000125158,0.000125158,0.000125158
517,20682.3,1.33425,2.27331,1.37384,1.53038,0.11937,0.11492,0.12284,0.11106,0.03754,0.01758,0.0062,0.11149,0.03438,0.01588,0.00459,2.93496,4.62903,5.14065,3.03345,0,0,0,0.000123784,0.000123784,0.000123784
518,20722,1.36169,2.32452,1.40568,1.55538,0.12234,0.1177,0.12532,0.09029,0.03807,0.01635,0.00548,0.08553,0.03482,0.01461,0.004,2.94656,4.63337,5.13821,3.03949,0,0,0,0.000122409,0.000122409,0.000122409
519,20761.8,1.34121,2.27899,1.38479,1.55463,0.12185,0.11544,0.12386,0.09403,0.03572,0.01645,0.00562,0.10232,0.03482,0.0163,0.00444,2.94103,4.62006,5.12045,3.03877,0,0,0,0.000121035,0.000121035,0.000121035
520,20801.6,1.34108,2.26064,1.37289,1.53524,0.12009,0.11685,0.12508,0.09514,0.03852,0.01626,0.00563,0.10294,0.03807,0.0141,0.00402,2.93728,4.61464,5.10629,3.02681,0,0,0,0.00011966,0.00011966,0.00011966
521,20841.2,1.33737,2.33542,1.39749,1.56168,0.12759,0.12094,0.12926,0.07737,0.03516,0.01792,0.00634,0.08315,0.03613,0.01801,0.00487,2.93252,4.62079,5.10366,3.02867,0,0,0,0.000118286,0.000118286,0.000118286
522,20881,1.34698,2.29362,1.39956,1.55545,0.11895,0.11361,0.12176,0.0938,0.03944,0.01786,0.00607,0.09509,0.03853,0.01766,0.00469,2.93319,4.63761,5.07171,3.03764,0,0,0,0.000116912,0.000116912,0.000116912
523,20920.9,1.31899,2.29907,1.389,1.5356,0.1234,0.11883,0.12627,0.29103,0.03803,0.0177,0.00632,0.29646,0.03853,0.01769,0.00452,2.93325,4.6314,5.08658,3.0331,0,0,0,0.000115537,0.000115537,0.000115537
524,20960.6,1.31506,2.29003,1.3482,1.51986,0.12308,0.11844,0.12584,0.29255,0.03803,0.01741,0.0061,0.29698,0.03715,0.01607,0.00426,2.9293,4.63378,5.07772,3.02229,0,0,0,0.000114163,0.000114163,0.000114163
525,21000.4,1.32953,2.26939,1.37012,1.52951,0.12076,0.11627,0.12392,0.2964,0.04177,0.01797,0.00616,0.28914,0.03759,0.01738,0.00469,2.9326,4.62388,5.07755,3.03306,0,0,0,0.000112788,0.000112788,0.000112788
526,21040.1,1.33395,2.28778,1.39826,1.54184,0.12205,0.11694,0.12517,0.29319,0.04036,0.01838,0.00625,0.28474,0.03713,0.01737,0.00451,2.93613,4.62688,5.06841,3.04499,0,0,0,0.000111414,0.000111414,0.000111414
527,21079.9,1.32541,2.2612,1.37656,1.51861,0.11775,0.11154,0.11967,0.26422,0.03631,0.01627,0.00555,0.26375,0.03402,0.01599,0.00409,2.94574,4.63637,5.07723,3.05426,0,0,0,0.000110039,0.000110039,0.000110039
528,21119.5,1.33372,2.2848,1.35877,1.53984,0.11957,0.11598,0.12355,0.29423,0.03934,0.01795,0.00637,0.29138,0.03608,0.01786,0.00459,2.95463,4.64162,5.09889,3.06072,0,0,0,0.000108665,0.000108665,0.000108665
529,21159.1,1.33489,2.30519,1.38218,1.54567,0.12541,0.11994,0.12808,0.29052,0.03696,0.01793,0.006,0.28355,0.03133,0.01406,0.00411,2.95371,4.64475,5.1257,3.05402,0,0,0,0.00010729,0.00010729,0.00010729
530,21198.6,1.32482,2.28174,1.37391,1.54631,0.12203,0.11669,0.12505,0.28491,0.0345,0.01719,0.0058,0.28624,0.03301,0.01418,0.00407,2.96093,4.64385,5.1109,3.05976,0,0,0,0.000105916,0.000105916,0.000105916
531,21238.2,1.34899,2.32603,1.3766,1.53965,0.11972,0.11526,0.12328,0.23975,0.02641,0.01556,0.005,0.23692,0.0241,0.01756,0.00388,2.96551,4.63774,5.14654,3.0682,0,0,0,0.000104542,0.000104542,0.000104542
532,21277.9,1.36425,2.34929,1.39746,1.54324,0.12525,0.11896,0.12652,0.23704,0.02592,0.0157,0.00501,0.23563,0.02364,0.01599,0.00379,2.96286,4.64069,5.18803,3.05923,0,0,0,0.000103167,0.000103167,0.000103167
533,21317.6,1.32863,2.32153,1.37362,1.51931,0.12455,0.11865,0.12713,0.08551,0.03475,0.01963,0.00562,0.08385,0.03139,0.0171,0.00426,2.94732,4.62865,5.19927,3.0454,0,0,0,0.000101793,0.000101793,0.000101793
534,21356.8,1.35191,2.35105,1.39553,1.54825,0.12417,0.11905,0.12736,0.0852,0.03458,0.02065,0.00583,0.0847,0.03221,0.0172,0.00464,2.94194,4.63673,5.19374,3.04133,0,0,0,0.000100418,0.000100418,0.000100418
535,21396.4,1.3443,2.285,1.38489,1.52582,0.12006,0.11575,0.1229,0.28939,0.03333,0.01684,0.0052,0.28807,0.0337,0.01697,0.00422,2.93636,4.63876,5.20844,3.03536,0,0,0,9.90437e-05,9.90437e-05,9.90437e-05
536,21435.8,1.33682,2.30302,1.36963,1.52831,0.12223,0.1184,0.12682,0.28994,0.03473,0.01605,0.00525,0.2868,0.03299,0.01504,0.00394,2.93049,4.64506,5.19448,3.02736,0,0,0,9.76692e-05,9.76692e-05,9.76692e-05
537,21475.2,1.33946,2.28133,1.38883,1.53063,0.12188,0.11547,0.12387,0.29191,0.03482,0.01555,0.00535,0.28735,0.0322,0.01832,0.00429,2.93812,4.64094,5.19867,3.03019,0,0,0,9.62948e-05,9.62948e-05,9.62948e-05
538,21514.7,1.28945,2.27328,1.35941,1.5233,0.12203,0.11807,0.12526,0.29662,0.03609,0.01706,0.0053,0.29413,0.03461,0.01809,0.0042,2.93924,4.6582,5.16875,3.0331,0,0,0,9.49203e-05,9.49203e-05,9.49203e-05
539,21554.6,1.32005,2.24253,1.36575,1.52811,0.11938,0.11547,0.12365,0.29962,0.03753,0.01823,0.00555,0.29644,0.03549,0.01924,0.0049,2.93917,4.66732,5.14525,3.0462,0,0,0,9.35459e-05,9.35459e-05,9.35459e-05
540,21594.5,1.29685,2.23641,1.35564,1.51519,0.12564,0.11881,0.12787,0.305,0.0404,0.01672,0.00531,0.31111,0.04273,0.02004,0.00517,2.93475,4.66833,5.12733,3.03888,0,0,0,9.21715e-05,9.21715e-05,9.21715e-05
541,21634.2,1.33857,2.33405,1.37106,1.53727,0.11724,0.1144,0.12212,0.29483,0.03615,0.01575,0.00494,0.28325,0.03335,0.0173,0.004,2.93114,4.67926,5.14597,3.03916,0,0,0,9.0797e-05,9.0797e-05,9.0797e-05
542,21673.5,1.30337,2.30044,1.36378,1.52625,0.11881,0.11499,0.12349,0.29742,0.03615,0.01607,0.00503,0.08153,0.03289,0.01761,0.00436,2.92737,4.67629,5.14244,3.02475,0,0,0,8.94226e-05,8.94226e-05,8.94226e-05
543,21713.5,1.32199,2.28347,1.37474,1.54863,0.12045,0.11597,0.12344,0.29577,0.03453,0.01642,0.00543,0.07946,0.03267,0.01728,0.00441,2.92881,4.66846,5.12467,3.02585,0,0,0,8.80481e-05,8.80481e-05,8.80481e-05
544,21753.3,1.29378,2.24703,1.33163,1.50905,0.12267,0.11588,0.12493,0.09886,0.03616,0.01596,0.00543,0.08391,0.03289,0.01606,0.00427,2.93728,4.66801,5.1167,3.0271,0,0,0,8.66736e-05,8.66736e-05,8.66736e-05
545,21793,1.30382,2.25037,1.34952,1.51082,0.12173,0.11618,0.12406,0.08897,0.03477,0.01526,0.00531,0.08571,0.03304,0.01675,0.00431,2.93531,4.66363,5.13124,3.02277,0,0,0,8.52992e-05,8.52992e-05,8.52992e-05
546,21832.6,1.32589,2.29872,1.35989,1.53697,0.12094,0.11694,0.12521,0.08991,0.03531,0.01538,0.00554,0.08488,0.03272,0.01662,0.00427,2.93274,4.6666,5.11924,3.01917,0,0,0,8.39248e-05,8.39248e-05,8.39248e-05
547,21872.2,1.31578,2.26022,1.35432,1.51435,0.12216,0.11767,0.12526,0.08791,0.03613,0.01614,0.00541,0.08594,0.03268,0.01338,0.004,2.94116,4.67017,5.1365,3.02835,0,0,0,8.25503e-05,8.25503e-05,8.25503e-05
548,21912.2,1.32691,2.28874,1.37335,1.53672,0.11653,0.11304,0.12083,0.09004,0.03624,0.01602,0.00542,0.09158,0.03545,0.01568,0.00424,2.95051,4.66216,5.13543,3.04173,0,0,0,8.11759e-05,8.11759e-05,8.11759e-05
549,21951.8,1.31677,2.27544,1.38967,1.54811,0.12422,0.11685,0.12526,0.08348,0.03452,0.01621,0.00542,0.08059,0.03122,0.01329,0.00391,2.95591,4.67135,5.13747,3.04639,0,0,0,7.98014e-05,7.98014e-05,7.98014e-05
550,21991.5,1.32931,2.26706,1.35713,1.52018,0.11937,0.11741,0.12476,0.0484,0.03018,0.01494,0.00473,0.04796,0.02835,0.01277,0.00365,2.94717,4.68094,5.15103,3.0372,0,0,0,7.84269e-05,7.84269e-05,7.84269e-05
551,22031.4,1.32442,2.26826,1.39933,1.53942,0.12374,0.11868,0.12726,0.05063,0.02926,0.01449,0.00465,0.04535,0.02741,0.01739,0.00409,2.94542,4.66942,5.16937,3.04319,0,0,0,7.70525e-05,7.70525e-05,7.70525e-05
552,22071.1,1.30147,2.23561,1.32473,1.50611,0.11779,0.11392,0.12172,0.05131,0.02926,0.01417,0.00454,0.04782,0.02695,0.01655,0.00407,2.94476,4.66791,5.19643,3.044,0,0,0,7.5678e-05,7.5678e-05,7.5678e-05
553,22110.9,1.30766,2.26233,1.35259,1.52078,0.12546,0.11792,0.12679,0.05329,0.02974,0.0132,0.00414,0.04729,0.02741,0.01381,0.00353,2.93667,4.68934,5.19334,3.03744,0,0,0,7.43036e-05,7.43036e-05,7.43036e-05
554,22150.5,1.31369,2.25919,1.35527,1.53603,0.1209,0.11498,0.12265,0.05535,0.03068,0.01416,0.00453,0.04738,0.02741,0.01184,0.00345,2.94567,4.70667,5.18293,3.0444,0,0,0,7.29292e-05,7.29292e-05,7.29292e-05
555,22190,1.29903,2.2918,1.35425,1.52111,0.11951,0.11641,0.12355,0.05025,0.0302,0.01429,0.00465,0.04321,0.02695,0.014,0.00373,2.94256,4.71007,5.17064,3.04375,0,0,0,7.15547e-05,7.15547e-05,7.15547e-05
556,22229.9,1.32217,2.25358,1.35273,1.51391,0.11989,0.11481,0.1219,0.04925,0.02928,0.01368,0.00464,0.04302,0.02602,0.01338,0.00371,2.94142,4.70201,5.17051,3.04565,0,0,0,7.01802e-05,7.01802e-05,7.01802e-05
557,22269.5,1.31877,2.29149,1.35698,1.52325,0.11837,0.11354,0.12216,0.05088,0.02974,0.01307,0.00448,0.04816,0.02743,0.01485,0.00379,2.94267,4.6991,5.19074,3.05273,0,0,0,6.88058e-05,6.88058e-05,6.88058e-05
558,22309.1,1.32462,2.26093,1.36134,1.53403,0.11854,0.11654,0.12315,0.03906,0.02594,0.01358,0.00459,0.03824,0.02504,0.01461,0.00394,2.93938,4.69272,5.19977,3.0473,0,0,0,6.74313e-05,6.74313e-05,6.74313e-05
559,22348.6,1.29849,2.21289,1.37696,1.51587,0.1181,0.11448,0.1228,0.08346,0.03312,0.01396,0.00476,0.08376,0.03287,0.01457,0.00393,2.93739,4.68471,5.19515,3.04398,0,0,0,6.60569e-05,6.60569e-05,6.60569e-05
560,22388.5,1.32183,2.28532,1.37034,1.51703,0.12198,0.11877,0.12615,0.08333,0.03232,0.01434,0.0049,0.08166,0.032,0.01616,0.00415,2.93619,4.69266,5.1842,3.03994,0,0,0,6.46825e-05,6.46825e-05,6.46825e-05
561,22428,1.30681,2.2511,1.33994,1.52728,0.12155,0.11478,0.1237,0.08383,0.03252,0.01361,0.00484,0.08463,0.03275,0.01592,0.00401,2.93854,4.69622,5.19054,3.03481,0,0,0,6.3308e-05,6.3308e-05,6.3308e-05
562,22467.7,1.2906,2.26063,1.34692,1.5128,0.116,0.11343,0.12069,0.1018,0.03677,0.01438,0.00513,0.10032,0.03591,0.012,0.00375,2.94478,4.69523,5.18715,3.04602,0,0,0,6.19335e-05,6.19335e-05,6.19335e-05
563,22507.5,1.30281,2.27331,1.35231,1.50829,0.11967,0.11548,0.12277,0.1106,0.03698,0.0148,0.00534,0.10537,0.03566,0.0126,0.00396,2.9497,4.68248,5.21454,3.0528,0,0,0,6.05591e-05,6.05591e-05,6.05591e-05
564,22547.1,1.30384,2.26903,1.35541,1.50484,0.11874,0.11498,0.12229,0.11053,0.03804,0.01475,0.00533,0.1018,0.0348,0.01244,0.0039,2.9519,4.68154,5.21886,3.05093,0,0,0,5.91846e-05,5.91846e-05,5.91846e-05
565,22586.8,1.30069,2.23292,1.33528,1.51571,0.12034,0.11677,0.12412,0.1083,0.03655,0.01458,0.00515,0.09885,0.03334,0.01229,0.00394,2.94945,4.67698,5.2104,3.04543,0,0,0,5.78102e-05,5.78102e-05,5.78102e-05
566,22626.6,1.2971,2.28448,1.34786,1.51733,0.12122,0.11679,0.1246,0.10872,0.0378,0.01459,0.00513,0.09765,0.03326,0.01189,0.00386,2.94408,4.68726,5.21491,3.0434,0,0,0,5.64358e-05,5.64358e-05,5.64358e-05
567,22666.1,1.3125,2.27771,1.3207,1.51303,0.11769,0.11457,0.12221,0.10589,0.03719,0.01498,0.00516,0.0951,0.03479,0.0142,0.00407,2.93822,4.68735,5.18991,3.04474,0,0,0,5.50613e-05,5.50613e-05,5.50613e-05
568,22705.8,1.30228,2.22636,1.33699,1.51578,0.11618,0.11375,0.12122,0.10729,0.03869,0.01619,0.00545,0.0967,0.03623,0.01522,0.00423,2.9377,4.68873,5.18317,3.05066,0,0,0,5.36869e-05,5.36869e-05,5.36869e-05
569,22745.3,1.30625,2.25909,1.37083,1.5425,0.11887,0.11358,0.12134,0.11032,0.03881,0.0168,0.00561,0.09359,0.03436,0.01529,0.00432,2.9405,4.68947,5.17941,3.05947,0,0,0,5.23124e-05,5.23124e-05,5.23124e-05
570,22784.9,1.29959,2.23902,1.32046,1.49948,0.1188,0.11619,0.12362,0.11059,0.03794,0.01689,0.00564,0.09308,0.0339,0.01591,0.00446,2.93991,4.67902,5.17792,3.06314,0,0,0,5.09379e-05,5.09379e-05,5.09379e-05
571,22824.6,1.29502,2.22383,1.35632,1.51696,0.11602,0.11301,0.12094,0.10538,0.03665,0.01721,0.00572,0.09346,0.03482,0.01646,0.00462,2.93651,4.68419,5.16541,3.06068,0,0,0,4.95635e-05,4.95635e-05,4.95635e-05
572,22864.2,1.28661,2.24393,1.31642,1.50599,0.11374,0.11285,0.12009,0.10181,0.03508,0.01746,0.00583,0.10098,0.03163,0.01662,0.00459,2.93871,4.68429,5.17357,3.0615,0,0,0,4.81891e-05,4.81891e-05,4.81891e-05
573,22903.9,1.30622,2.26185,1.353,1.51881,0.12368,0.12101,0.12868,0.09987,0.03376,0.01687,0.00576,0.09486,0.03267,0.01752,0.00459,2.94139,4.6816,5.20098,3.06246,0,0,0,4.68146e-05,4.68146e-05,4.68146e-05
574,22943.7,1.30972,2.27633,1.34086,1.51779,0.11754,0.11534,0.12178,0.10157,0.03359,0.01712,0.00567,0.09593,0.03301,0.017,0.00452,2.93334,4.69454,5.20794,3.05334,0,0,0,4.54402e-05,4.54402e-05,4.54402e-05
575,22983.4,1.28473,2.22878,1.3465,1.51268,0.11915,0.11558,0.12347,0.30068,0.0345,0.01715,0.00576,0.09831,0.03396,0.01762,0.00465,2.93815,4.68457,5.19712,3.05331,0,0,0,4.40657e-05,4.40657e-05,4.40657e-05
576,23023,1.29172,2.23773,1.34357,1.52094,0.11716,0.11274,0.12055,0.301,0.0345,0.01709,0.00573,0.09678,0.03348,0.01759,0.00449,2.93432,4.68375,5.19097,3.04853,0,0,0,4.26912e-05,4.26912e-05,4.26912e-05
577,23062.4,1.28787,2.24861,1.3516,1.50446,0.11804,0.11347,0.12117,0.30268,0.03502,0.01743,0.00577,0.09865,0.03394,0.01716,0.00469,2.93299,4.69225,5.20576,3.04542,0,0,0,4.13168e-05,4.13168e-05,4.13168e-05
578,23102.1,1.32505,2.22837,1.33628,1.5023,0.1182,0.11337,0.12177,0.3003,0.03532,0.01637,0.00569,0.09936,0.03451,0.01695,0.00464,2.92984,4.68969,5.1899,3.05281,0,0,0,3.99423e-05,3.99423e-05,3.99423e-05
579,23141.9,1.27386,2.2024,1.32476,1.50362,0.11681,0.11327,0.1218,0.30399,0.03713,0.01678,0.00563,0.29868,0.03449,0.01713,0.00466,2.93524,4.69012,5.19657,3.05035,0,0,0,3.85679e-05,3.85679e-05,3.85679e-05
580,23181.4,1.31389,2.23679,1.34806,1.50441,0.11547,0.11204,0.11972,0.30166,0.0362,0.01629,0.00557,0.3,0.0355,0.01825,0.00459,2.94154,4.69237,5.21409,3.04856,0,0,0,3.71935e-05,3.71935e-05,3.71935e-05
581,23221.2,1.29565,2.29031,1.36202,1.52052,0.1169,0.11165,0.11948,0.30223,0.03671,0.01623,0.00563,0.29767,0.03464,0.01837,0.00467,2.94727,4.68602,5.20858,3.0543,0,0,0,3.5819e-05,3.5819e-05,3.5819e-05
582,23260.7,1.29582,2.23546,1.34292,1.49243,0.11855,0.11377,0.12203,0.289,0.03345,0.01563,0.00556,0.09684,0.03456,0.01794,0.00465,2.94641,4.69066,5.21795,3.05109,0,0,0,3.44445e-05,3.44445e-05,3.44445e-05
583,23300.3,1.27733,2.26917,1.33192,1.49865,0.12192,0.11861,0.12592,0.30037,0.03585,0.01582,0.00563,0.0974,0.03422,0.01754,0.0046,2.9404,4.68588,5.22903,3.04102,0,0,0,3.30701e-05,3.30701e-05,3.30701e-05
584,23340,1.27849,2.2308,1.32725,1.50196,0.11613,0.11364,0.12164,0.09876,0.03712,0.0164,0.00578,0.0996,0.03621,0.01869,0.00467,2.94201,4.68837,5.22318,3.03994,0,0,0,3.16956e-05,3.16956e-05,3.16956e-05
585,23379.6,1.2971,2.2698,1.34109,1.51294,0.11916,0.11561,0.12278,0.29979,0.03573,0.01637,0.00575,0.29998,0.03484,0.0198,0.00476,2.93997,4.67847,5.22632,3.04093,0,0,0,3.03212e-05,3.03212e-05,3.03212e-05
586,23419.2,1.30214,2.25114,1.35283,1.51097,0.11507,0.11253,0.11969,0.30206,0.03558,0.01691,0.00574,0.30153,0.0353,0.01992,0.00479,2.94053,4.67972,5.22496,3.04498,0,0,0,2.89468e-05,2.89468e-05,2.89468e-05
587,23458.7,1.31747,2.27755,1.325,1.51103,0.11788,0.11696,0.12322,0.30155,0.036,0.01672,0.00569,0.3009,0.03526,0.01898,0.00464,2.93895,4.68459,5.23425,3.04325,0,0,0,2.75723e-05,2.75723e-05,2.75723e-05
588,23498.6,1.29983,2.23075,1.35608,1.50198,0.11809,0.11348,0.12122,0.30098,0.03614,0.01633,0.00552,0.2997,0.03555,0.01907,0.00458,2.945,4.68968,5.22369,3.04598,0,0,0,2.61978e-05,2.61978e-05,2.61978e-05
589,23538.4,1.30677,2.25074,1.35397,1.52067,0.12072,0.11811,0.12616,0.3002,0.03531,0.01616,0.00541,0.29918,0.03451,0.01879,0.00453,2.93809,4.68621,5.23525,3.03935,0,0,0,2.48234e-05,2.48234e-05,2.48234e-05
590,23577.8,1.28314,2.19017,1.31631,1.50813,0.11836,0.11671,0.12415,0.29014,0.0316,0.0162,0.00561,0.2892,0.03081,0.02037,0.00477,2.94026,4.68647,5.23408,3.0425,0,0,0,2.34489e-05,2.34489e-05,2.34489e-05
591,23619,1.3215,2.21292,1.28829,1.56647,0.09649,0.08241,0.09138,0.29849,0.03528,0.01655,0.006,0.30932,0.03804,0.02124,0.00514,2.9534,4.7155,5.21707,3.05161,0,0,0,2.20745e-05,2.20745e-05,2.20745e-05
592,23658.9,1.29257,2.22287,1.27271,1.54473,0.09339,0.08093,0.08875,0.28914,0.03667,0.0179,0.00661,0.29431,0.03809,0.02182,0.00556,2.96261,4.73528,5.18707,3.07885,0,0,0,2.07001e-05,2.07001e-05,2.07001e-05
593,23699,1.26501,2.15027,1.21605,1.52929,0.09133,0.07944,0.08751,0.30879,0.04592,0.01892,0.00669,0.31454,0.04689,0.02178,0.00581,2.96757,4.76885,5.16949,3.09446,0,0,0,1.93256e-05,1.93256e-05,1.93256e-05
594,23739,1.27931,2.17037,1.24694,1.53364,0.08899,0.07859,0.08687,0.29645,0.04592,0.0186,0.00657,0.30199,0.04735,0.02077,0.00562,2.96761,4.77753,5.17092,3.10528,0,0,0,1.79512e-05,1.79512e-05,1.79512e-05
595,23778.9,1.2671,2.15448,1.25199,1.52846,0.09091,0.08007,0.08781,0.29694,0.04546,0.01845,0.00621,0.30179,0.04689,0.01963,0.00551,2.96946,4.78013,5.17013,3.11211,0,0,0,1.65767e-05,1.65767e-05,1.65767e-05
596,23819,1.24923,2.1012,1.18279,1.49631,0.08836,0.07786,0.08534,0.30197,0.04639,0.01861,0.00617,0.30466,0.04643,0.01891,0.00573,2.97246,4.77922,5.16558,3.1194,0,0,0,1.52022e-05,1.52022e-05,1.52022e-05
597,23859,1.26466,2.11108,1.22011,1.53389,0.08953,0.0795,0.08694,0.30604,0.04641,0.01804,0.00607,0.30945,0.04683,0.0188,0.00577,2.96995,4.76978,5.16721,3.11686,0,0,0,1.38278e-05,1.38278e-05,1.38278e-05
598,23898.8,1.25761,2.10306,1.21135,1.51401,0.0869,0.0772,0.08494,0.30765,0.04733,0.01802,0.00606,0.31158,0.04759,0.01886,0.00576,2.96944,4.76951,5.16219,3.11918,0,0,0,1.24534e-05,1.24534e-05,1.24534e-05
599,23938.8,1.23958,2.08848,1.2136,1.49847,0.08842,0.07824,0.08555,0.30938,0.04825,0.01817,0.00609,0.30955,0.04735,0.01877,0.00585,2.97314,4.76187,5.15816,3.12208,0,0,0,1.10789e-05,1.10789e-05,1.10789e-05
600,23979,1.25028,2.06616,1.20493,1.50481,0.08845,0.07839,0.08569,0.30912,0.04872,0.01887,0.00622,0.30842,0.04689,0.01825,0.00554,2.97516,4.7691,5.1517,3.12517,0,0,0,9.70445e-06,9.70445e-06,9.70445e-06
