epoch,time,train/box_loss,train/seg_loss,train/cls_loss,train/dfl_loss,train/sem_loss,train/heat_loss,train/seed_loss,metrics/precision(B),metrics/recall(B),metrics/mAP50(B),metrics/mAP50-95(B),metrics/precision(M),metrics/recall(M),metrics/mAP50(M),metrics/mAP50-95(M),val/box_loss,val/seg_loss,val/cls_loss,val/dfl_loss,val/sem_loss,val/heat_loss,val/seed_loss,lr/pg0,lr/pg1,lr/pg2
1,17.9917,3.68541,6.98324,5.52089,4.19976,0.8506,0.84211,0.84586,7e-05,0.09975,6e-05,2e-05,0,0,0,0,3.655,5.20333,4.72257,4.15764,0,0,0,0.00012495,0.00012495,0.00012495
2,30.6627,3.7295,6.74894,5.53291,4.1875,0.84375,0.8375,0.84141,0.00013,0.00721,0,0,0,0,0,0,3.65424,5.20323,4.71819,4.15331,0,0,0,0.000257804,0.000257804,0.000257804
3,43.5562,3.82867,5.73862,5.49731,4.16739,0.83513,0.82936,0.83382,7e-05,0.00619,0,0,0.0001,0.00698,0,0,3.65197,5.18047,4.70233,4.14242,0,0,0,0.000390218,0.000390218,0.000390218
4,56.3541,3.68171,5.42358,5.3877,4.13206,0.82115,0.81736,0.82255,0.0001,0.01199,1e-05,0,0.00014,0.00919,1e-05,0,3.64645,5.05341,4.667,4.12464,0,0,0,0.000522192,0.000522192,0.000522192
5,69.0628,3.71893,4.72631,5.34442,4.08241,0.80749,0.8046,0.81083,0.00019,0.0276,2e-05,1e-05,0.00015,0.01099,1e-05,0,3.65153,4.64017,4.60925,4.07964,0,0,0,0.000653727,0.000653727,0.000653727
6,81.7367,3.67586,4.43776,5.33443,4.0231,0.79359,0.79136,0.79811,0.00034,0.04378,0.00028,0.00011,0.00018,0.01282,0.00017,8e-05,3.6524,4.45965,4.62351,4.01219,0,0,0,0.000784821,0.000784821,0.000784821
7,94.5218,3.62178,4.48145,5.29282,3.97245,0.78022,0.77805,0.78531,0.00018,0.02378,2e-05,1e-05,0.00012,0.0122,1e-05,0,3.63154,4.59381,4.48892,3.97611,0,0,0,0.000824753,0.000824753,0.000824753
8,107.165,3.60989,4.39817,5.33736,3.8793,0.76669,0.76348,0.77118,7e-05,0.00823,2e-05,0,6e-05,0.00682,2e-05,1e-05,3.59375,4.79276,4.79767,3.9806,0,0,0,0.000823379,0.000823379,0.000823379
9,119.779,3.49327,4.41224,5.26347,3.84239,0.75223,0.74777,0.7557,0.00123,0.04066,0.00061,0.00024,0.00121,0.03846,0.00061,0.00024,3.55091,4.75197,4.61827,3.82125,0,0,0,0.000822004,0.000822004,0.000822004
10,132.638,3.40681,4.45167,5.16266,3.73826,0.73894,0.73481,0.74252,0.00025,0.0375,8e-05,2e-05,0.00015,0.01785,2e-05,0,3.37829,4.46136,4.49973,3.72878,0,0,0,0.00082063,0.00082063,0.00082063
11,145.365,3.34581,4.42999,5.17103,3.66598,0.7241,0.71841,0.72673,0.00038,0.04588,7e-05,2e-05,0.00021,0.02104,2e-05,0,3.2979,4.44401,4.38179,3.60491,0,0,0,0.000819255,0.000819255,0.000819255
12,158.382,3.25973,4.41832,5.04432,3.60402,0.70919,0.70427,0.71302,0.88857,0.0004,0.00037,8e-05,0.88857,0.0004,0.00034,6e-05,3.31102,4.39022,4.33624,3.57869,0,0,0,0.000817881,0.000817881,0.000817881
13,171.248,3.34646,4.33881,5.00803,3.5407,0.69572,0.69072,0.69957,0.00071,0.04347,0.00012,4e-05,0.00028,0.01966,5e-05,1e-05,3.25631,4.34811,4.4669,3.49165,0,0,0,0.000816507,0.000816507,0.000816507
14,184.198,3.38502,4.45954,5.03634,3.47682,0.68251,0.67712,0.68599,0.00068,0.03484,0.00013,3e-05,0.00082,0.0547,0.00053,9e-05,3.22388,4.31636,4.30732,3.44241,0,0,0,0.000815132,0.000815132,0.000815132
15,197.079,3.28593,4.33434,5.03838,3.46069,0.66976,0.66443,0.67341,0.00086,0.07092,0.00026,5e-05,0.00065,0.06151,0.00015,2e-05,3.1909,4.30777,4.15118,3.36052,0,0,0,0.000813758,0.000813758,0.000813758
16,209.789,3.23508,4.3493,4.95187,3.39269,0.65846,0.65338,0.66231,0.00248,0.04589,0.00108,0.00033,0.00093,0.02969,0.00029,9e-05,3.16915,4.32844,4.18795,3.30103,0,0,0,0.000812383,0.000812383,0.000812383
17,222.493,3.18172,4.32978,4.87078,3.38657,0.64683,0.64257,0.65106,0.00376,0.04407,0.00095,0.00026,0.00166,0.03228,0.00029,6e-05,3.14925,4.3041,4.31403,3.27937,0,0,0,0.000811009,0.000811009,0.000811009
18,235.458,3.12587,4.26583,4.83909,3.35394,0.63711,0.63248,0.64068,0.00247,0.04103,0.00041,5e-05,0.00029,0.02585,0.00012,2e-05,3.16089,4.27256,4.24303,3.31224,0,0,0,0.000809634,0.000809634,0.000809634
19,248.158,3.18291,4.39289,4.90209,3.29424,0.6281,0.62342,0.63141,0.00283,0.05432,0.00111,0.00021,0.0013,0.0345,0.00022,4e-05,3.10795,4.24547,4.12845,3.24099,0,0,0,0.00080826,0.00080826,0.00080826
20,260.682,3.05902,4.28709,4.93812,3.3476,0.62021,0.61518,0.62305,0.00064,0.04508,0.00022,6e-05,0.75444,0.0008,0.00072,0.00011,3.07597,4.26682,4.09968,3.23368,0,0,0,0.000806885,0.000806885,0.000806885
21,273.415,3.10439,4.2528,4.83925,3.26059,0.6132,0.60837,0.61584,0.00101,0.05132,0.00063,0.00019,0.62877,0.00095,0.00042,0.0001,3.05618,4.26743,4.04133,3.19736,0,0,0,0.000805511,0.000805511,0.000805511
22,286.06,3.06293,4.23697,4.79382,3.21764,0.60656,0.60156,0.60888,0.8806,0.0014,0.00096,0.00025,0.87926,0.001,0.00058,0.00011,3.04629,4.25223,4.0727,3.1974,0,0,0,0.000804137,0.000804137,0.000804137
23,298.72,3.05228,4.31438,4.80057,3.20994,0.60007,0.59552,0.60256,0.87811,0.00161,0.00103,0.00031,0.87777,0.0014,0.00047,7e-05,3.02904,4.27763,4.07507,3.17326,0,0,0,0.000802762,0.000802762,0.000802762
24,311.474,3.01156,4.28563,4.77165,3.23493,0.59435,0.58944,0.59622,0.75243,0.00261,0.00077,0.00018,0.75271,0.00301,0.00033,5e-05,3.02665,4.25923,4.18114,3.1679,0,0,0,0.000801388,0.000801388,0.000801388
25,324.234,3.06356,4.31479,4.77876,3.21748,0.5887,0.5838,0.59014,0.00206,0.06193,0.00181,0.00042,0.00189,0.05031,0.00092,0.00014,3.02934,4.26342,4.03607,3.13159,0,0,0,0.000800013,0.000800013,0.000800013
26,337.203,3.00964,4.30588,4.71455,3.18758,0.58398,0.57895,0.58513,0.00738,0.07274,0.00179,0.00041,0.6276,0.01144,0.00111,0.00018,2.98569,4.26005,4.04032,3.09734,0,0,0,0.000798639,0.000798639,0.000798639
27,350.27,3.0182,4.31585,4.59146,3.10354,0.57885,0.5742,0.57993,0.00289,0.06473,0.00135,0.00027,0.88077,0.00562,0.0008,0.00017,2.961,4.21577,4.01,3.07904,0,0,0,0.000797264,0.000797264,0.000797264
28,362.939,2.98058,4.33889,4.62239,3.13361,0.57517,0.56987,0.57541,0.75392,0.01425,0.00138,0.00032,0.75371,0.01124,0.00148,0.00036,2.96676,4.20911,3.93461,3.06874,0,0,0,0.00079589,0.00079589,0.00079589
29,375.737,2.97355,4.19132,4.61494,3.05588,0.56988,0.56561,0.5709,0.63016,0.02087,0.00176,0.00043,0.88299,0.00461,0.00291,0.0006,2.94942,4.18683,3.9171,3.04563,0,0,0,0.000794515,0.000794515,0.000794515
30,388.801,2.90965,4.19048,4.58484,3.0621,0.5671,0.56153,0.56657,0.01422,0.09047,0.00506,0.00127,0.00481,0.09349,0.00274,0.00089,2.91169,4.17343,3.90012,3.01263,0,0,0,0.000793141,0.000793141,0.000793141
31,401.714,2.93136,4.17299,4.61306,3.02094,0.56353,0.5582,0.56301,0.00661,0.11519,0.00355,0.00065,0.75551,0.00562,0.00203,0.00031,2.89683,4.16926,3.96863,2.99206,0,0,0,0.000791767,0.000791767,0.000791767
32,414.183,2.92928,4.20583,4.64174,3.04187,0.56143,0.5557,0.56037,0.75385,0.00361,0.002,0.00047,0.75364,0.00401,0.00109,0.00021,2.89293,4.17222,3.93178,3.02746,0,0,0,0.000790392,0.000790392,0.000790392
33,427.084,2.86824,4.21616,4.57484,3.05394,0.56001,0.55354,0.55801,0.87956,0.00361,0.0015,0.0003,0.88023,0.00401,0.00102,0.00021,2.89448,4.18156,3.91114,3.01682,0,0,0,0.000789018,0.000789018,0.000789018
34,439.884,2.99328,4.11753,4.44751,2.97796,0.55693,0.55131,0.55573,0.8806,0.00642,0.00204,0.00051,0.87924,0.00381,0.00165,0.00039,2.86639,4.15379,3.88554,2.98082,0,0,0,0.000787643,0.000787643,0.000787643
35,452.561,2.86471,4.19286,4.47847,2.96722,0.55472,0.54848,0.55261,0.75658,0.00241,0.00305,0.00075,0.75603,0.00221,0.00164,0.00034,2.82826,4.15531,3.83921,2.95719,0,0,0,0.000786269,0.000786269,0.000786269
36,465.648,2.89007,4.26155,4.3216,2.92374,0.55233,0.54608,0.55011,0.75551,0.00883,0.00199,0.00044,0.75496,0.00863,0.00126,0.00026,2.84288,4.16658,3.92804,2.95088,0,0,0,0.000784894,0.000784894,0.000784894
37,478.47,2.85466,4.20399,4.46422,2.9319,0.55066,0.54405,0.54792,0.63034,0.01144,0.00217,0.00042,0.62997,0.01063,0.00521,0.00063,2.86035,4.15152,3.85636,2.92854,0,0,0,0.00078352,0.00078352,0.00078352
38,491.396,2.84971,4.25247,4.35293,2.89989,0.54836,0.54229,0.54588,0.50642,0.00622,0.00241,0.00047,0.50621,0.00602,0.00175,0.00029,2.85705,4.18026,3.8995,2.92948,0,0,0,0.000782145,0.000782145,0.000782145
39,504.258,2.84209,4.16037,4.48625,2.93149,0.54611,0.54079,0.54441,0.64159,0.01124,0.00343,0.00085,0.63009,0.00742,0.00297,0.00061,2.82134,4.11048,3.82847,2.91305,0,0,0,0.000780771,0.000780771,0.000780771
40,517.057,2.86439,4.12031,4.31571,2.92207,0.54659,0.53962,0.54327,0.63169,0.01521,0.00378,0.00084,0.63309,0.0156,0.00271,0.00056,2.80628,4.12365,3.87258,2.98372,0,0,0,0.000779396,0.000779396,0.000779396
41,529.763,2.79753,4.12369,4.40068,2.90753,0.54469,0.53822,0.5416,0.64153,0.02818,0.00543,0.00126,0.64052,0.00762,0.00291,0.00064,2.78918,4.11961,3.84667,2.93843,0,0,0,0.000778022,0.000778022,0.000778022
42,542.826,2.79779,4.15383,4.29735,2.84765,0.5428,0.53663,0.54003,0.65177,0.01319,0.00427,0.00106,0.64401,0.01058,0.00327,0.00082,2.82081,4.08762,3.84003,2.90104,0,0,0,0.000776648,0.000776648,0.000776648
43,555.53,2.75407,4.13951,4.39261,2.85521,0.5415,0.53506,0.5384,0.64517,0.01505,0.00665,0.00134,0.63478,0.00883,0.00351,0.00073,2.74352,4.09583,3.77655,2.8217,0,0,0,0.000775273,0.000775273,0.000775273
44,568.366,2.81187,4.11718,4.39534,2.8536,0.53922,0.53346,0.53648,0.65234,0.01503,0.00732,0.00224,0.6452,0.01302,0.006,0.00109,2.74313,4.13132,3.80661,2.81338,0,0,0,0.000773899,0.000773899,0.000773899
45,581.294,2.73154,4.09875,4.38279,2.84811,0.53952,0.53263,0.53568,0.64121,0.01738,0.0118,0.00266,0.64306,0.01771,0.00827,0.00122,2.75394,4.10111,3.76973,2.86141,0,0,0,0.000772524,0.000772524,0.000772524
46,594.338,2.75252,4.07758,4.3985,2.83951,0.53716,0.53116,0.53433,0.64163,0.03459,0.01319,0.0027,0.76266,0.01202,0.00508,0.0009,2.74211,4.0707,3.7464,2.84075,0,0,0,0.00077115,0.00077115,0.00077115
47,607.145,2.73875,4.06477,4.25431,2.79009,0.5364,0.52994,0.53297,0.64712,0.01618,0.00403,0.00089,0.63321,0.02051,0.0027,0.00059,2.75267,4.10837,3.77249,2.84074,0,0,0,0.000769775,0.000769775,0.000769775
48,619.907,2.70675,4.1186,4.19821,2.77635,0.53528,0.52864,0.53152,0.50914,0.02366,0.00725,0.00138,0.51044,0.01417,0.00771,0.00157,2.77773,4.12523,3.778,2.84327,0,0,0,0.000768401,0.000768401,0.000768401
49,632.719,2.69821,4.07773,4.30696,2.81432,0.53465,0.52798,0.53068,0.6708,0.01684,0.00713,0.00186,0.64725,0.00981,0.00592,0.00132,2.70922,4.06351,3.79138,2.79885,0,0,0,0.000767026,0.000767026,0.000767026
50,645.498,2.70245,4.1381,4.25403,2.814,0.53459,0.52749,0.53036,0.64324,0.01322,0.01611,0.0057,0.63591,0.01062,0.01707,0.00341,2.70871,4.09066,3.79778,2.79066,0,0,0,0.000765652,0.000765652,0.000765652
51,658.42,2.76854,4.04344,4.14719,2.75938,0.53192,0.52588,0.5285,0.63678,0.02689,0.01025,0.00364,0.7611,0.01994,0.01408,0.00306,2.68677,4.0521,3.74808,2.78132,0,0,0,0.000764278,0.000764278,0.000764278
52,671.24,2.65278,4.09446,4.21015,2.77373,0.53116,0.52488,0.52768,0.64288,0.04263,0.00946,0.00271,0.63859,0.01095,0.00473,0.00107,2.65587,4.01233,3.63992,2.73993,0,0,0,0.000762903,0.000762903,0.000762903
53,683.907,2.70118,4.10776,4.17231,2.76798,0.53021,0.52432,0.52702,0.53255,0.01797,0.01079,0.00335,0.51783,0.01135,0.00412,0.00097,2.68124,4.03457,3.66588,2.7737,0,0,0,0.000761529,0.000761529,0.000761529
54,696.64,2.70198,4.01831,4.07651,2.67756,0.52957,0.52369,0.5263,0.6559,0.02354,0.01069,0.00305,0.64141,0.01819,0.00455,0.00123,2.65978,4.011,3.68138,2.73629,0,0,0,0.000760154,0.000760154,0.000760154
55,709.329,2.61367,4.09837,4.13583,2.75183,0.52799,0.52252,0.52496,0.64378,0.01645,0.01084,0.00378,0.63132,0.01164,0.00639,0.00156,2.69628,4.01968,3.70464,2.76683,0,0,0,0.00075878,0.00075878,0.00075878
56,722.132,2.64299,4.09516,4.1065,2.70843,0.5276,0.52182,0.5245,0.66499,0.02224,0.02094,0.00729,0.64069,0.01485,0.00612,0.00157,2.59495,3.99365,3.56533,2.69644,0,0,0,0.000757405,0.000757405,0.000757405
57,734.705,2.59398,4.03286,4.12572,2.71778,0.52638,0.52062,0.52345,0.65552,0.02977,0.01743,0.00483,0.64541,0.01819,0.00504,0.00143,2.64473,4.03016,3.59535,2.73219,0,0,0,0.000756031,0.000756031,0.000756031
58,747.567,2.64398,4.03782,4.04218,2.702,0.52701,0.52066,0.5233,0.5617,0.03582,0.01618,0.00328,0.51722,0.02149,0.00611,0.00178,2.64538,4.01178,3.57187,2.70486,0,0,0,0.000754656,0.000754656,0.000754656
59,760.223,2.60311,3.93689,4.02848,2.65255,0.52412,0.5188,0.52167,0.50236,0.03544,0.02305,0.00632,0.39952,0.01996,0.00829,0.00169,2.63673,3.95681,3.57443,2.70747,0,0,0,0.000753282,0.000753282,0.000753282
60,773.059,2.6563,3.91789,3.99369,2.62535,0.5262,0.51918,0.5219,0.64531,0.02695,0.00946,0.00255,0.64391,0.025,0.00494,0.00097,2.60702,3.96164,3.69637,2.68605,0,0,0,0.000751907,0.000751907,0.000751907
61,785.955,2.5917,3.91507,3.97851,2.62514,0.52381,0.51822,0.52082,0.52324,0.04188,0.01942,0.0051,0.51633,0.02983,0.00788,0.00166,2.55787,3.94628,3.49289,2.63091,0,0,0,0.000750533,0.000750533,0.000750533
62,798.641,2.60185,3.95775,3.98469,2.62466,0.52308,0.51758,0.51992,0.63863,0.04053,0.02605,0.00617,0.64808,0.02071,0.00811,0.00193,2.58718,3.98991,3.78341,2.63536,0,0,0,0.000749159,0.000749159,0.000749159
63,811.334,2.56421,3.9857,4.05742,2.63714,0.52286,0.5169,0.51939,0.6697,0.03191,0.03128,0.00965,0.66071,0.02693,0.01648,0.00397,2.51416,3.92084,3.45773,2.63186,0,0,0,0.000747784,0.000747784,0.000747784
64,824.455,2.58329,3.98914,4.0081,2.63301,0.52252,0.51677,0.51902,0.66798,0.0354,0.02354,0.00959,0.65731,0.02512,0.01538,0.00256,2.53337,3.90909,3.49864,2.62776,0,0,0,0.00074641,0.00074641,0.00074641
65,837.244,2.60282,4.04297,3.85814,2.59957,0.52036,0.51554,0.51796,0.6461,0.03299,0.0315,0.01041,0.52489,0.01959,0.01433,0.00324,2.53443,3.91636,3.43807,2.59522,0,0,0,0.000745035,0.000745035,0.000745035
66,850.173,2.61015,3.95952,3.84592,2.62454,0.521,0.51516,0.51782,0.66549,0.03302,0.02232,0.00673,0.6786,0.02729,0.00907,0.00231,2.49654,3.95208,3.4904,2.58214,0,0,0,0.000743661,0.000743661,0.000743661
67,863.002,2.56502,4.06311,3.87087,2.58714,0.51985,0.51457,0.5171,0.53791,0.03805,0.02507,0.00807,0.52095,0.01882,0.01,0.00266,2.48243,3.93795,3.42658,2.57825,0,0,0,0.000742286,0.000742286,0.000742286
68,875.656,2.52006,3.95144,3.86032,2.60373,0.5189,0.51394,0.51629,0.65207,0.06467,0.02655,0.0076,0.64626,0.02582,0.01233,0.00244,2.51346,3.91739,3.41997,2.584,0,0,0,0.000740912,0.000740912,0.000740912
69,888.247,2.55213,3.90618,3.84831,2.59612,0.51976,0.5141,0.51656,0.67739,0.04362,0.04049,0.01571,0.6605,0.02755,0.01438,0.00303,2.47211,3.92628,3.381,2.57479,0,0,0,0.000739537,0.000739537,0.000739537
70,901.204,2.50844,3.86959,3.85712,2.57948,0.51763,0.51319,0.51537,0.5339,0.05559,0.03339,0.01135,0.49273,0.029,0.01563,0.00336,2.4779,3.9375,3.35908,2.56961,0,0,0,0.000738163,0.000738163,0.000738163
71,913.944,2.48981,3.91394,3.79954,2.53585,0.5176,0.51271,0.51502,0.54935,0.07108,0.04101,0.01295,0.52152,0.04136,0.01673,0.00349,2.49587,3.88426,3.43713,2.55912,0,0,0,0.000736788,0.000736788,0.000736788
72,926.699,2.58486,3.91552,3.75256,2.54811,0.51828,0.51271,0.51474,0.6033,0.07874,0.04242,0.01331,0.51814,0.0341,0.01101,0.00264,2.47246,3.86148,3.49879,2.57287,0,0,0,0.000735414,0.000735414,0.000735414
73,939.67,2.55814,3.95994,3.8317,2.56111,0.51632,0.51178,0.5139,0.52242,0.06915,0.05373,0.01523,0.52202,0.03065,0.02072,0.00447,2.46026,3.88689,3.3867,2.54278,0,0,0,0.00073404,0.00073404,0.00073404
74,952.544,2.4915,3.90592,3.81367,2.5343,0.51823,0.51162,0.51406,0.60819,0.0775,0.06296,0.02215,0.51924,0.04136,0.02497,0.00573,2.43531,3.84223,3.32052,2.52716,0,0,0,0.000732665,0.000732665,0.000732665
75,965.4,2.51329,3.86643,3.71171,2.52861,0.51437,0.51049,0.51276,0.67541,0.0487,0.06337,0.0212,0.53379,0.0254,0.03137,0.00713,2.40018,3.84159,3.34495,2.53967,0,0,0,0.000731291,0.000731291,0.000731291
76,978.46,2.49376,3.99073,3.83677,2.60287,0.51807,0.51147,0.51389,0.55519,0.0675,0.05528,0.02208,0.34835,0.06415,0.02527,0.00542,2.455,3.90714,3.36727,2.5662,0,0,0,0.000729916,0.000729916,0.000729916
77,991.114,2.45602,3.93948,3.70856,2.54996,0.51495,0.5103,0.51268,0.43468,0.08286,0.07985,0.027,0.36788,0.05058,0.03948,0.00945,2.39713,3.84488,3.19197,2.49144,0,0,0,0.000728542,0.000728542,0.000728542
78,1004.03,2.51095,3.8766,3.68111,2.51696,0.51383,0.50968,0.51189,0.43073,0.09504,0.05664,0.01818,0.2856,0.05654,0.03135,0.00654,2.40676,3.8197,3.27383,2.50585,0,0,0,0.000727167,0.000727167,0.000727167
79,1016.79,2.46103,3.88985,3.64264,2.499,0.5129,0.50911,0.5112,0.50777,0.06593,0.0613,0.02109,0.27752,0.04247,0.01764,0.00438,2.41266,3.83911,3.23064,2.49686,0,0,0,0.000725793,0.000725793,0.000725793
80,1029.64,2.52569,3.91328,3.64573,2.51563,0.51317,0.50911,0.51119,0.5666,0.06202,0.05124,0.01714,0.39962,0.02884,0.01832,0.00472,2.43357,3.84041,3.30528,2.52416,0,0,0,0.000724418,0.000724418,0.000724418
81,1042.27,2.42633,3.85056,3.60753,2.4674,0.51227,0.50862,0.51081,0.62436,0.07531,0.07312,0.02217,0.57036,0.05339,0.03535,0.01161,2.40342,3.80716,3.23027,2.53075,0,0,0,0.000723044,0.000723044,0.000723044
82,1054.96,2.48526,3.90201,3.64121,2.52344,0.51187,0.50803,0.51012,0.53685,0.08831,0.08124,0.02544,0.48764,0.05868,0.04372,0.01271,2.39584,3.7954,3.14544,2.50906,0,0,0,0.00072167,0.00072167,0.00072167
83,1067.94,2.43128,3.89713,3.63603,2.50292,0.51181,0.50815,0.51007,0.4763,0.09125,0.06916,0.02238,0.38258,0.04563,0.03257,0.00878,2.3724,3.81564,3.14216,2.48238,0,0,0,0.000720295,0.000720295,0.000720295
84,1080.85,2.52731,3.899,3.5613,2.44458,0.51122,0.50751,0.50976,0.52316,0.10676,0.07152,0.02498,0.3939,0.05613,0.02997,0.00795,2.4073,3.79139,3.18485,2.47241,0,0,0,0.000718921,0.000718921,0.000718921
85,1093.73,2.44554,3.87195,3.53541,2.44486,0.51118,0.50709,0.50961,0.54988,0.12065,0.09903,0.03116,0.45021,0.07371,0.05074,0.01144,2.40681,3.76485,3.16039,2.46088,0,0,0,0.000717546,0.000717546,0.000717546
86,1106.78,2.46612,3.89609,3.56126,2.44094,0.51136,0.50714,0.50932,0.54049,0.09576,0.1051,0.04324,0.40838,0.06033,0.06842,0.01325,2.3458,3.76413,3.16355,2.44613,0,0,0,0.000716172,0.000716172,0.000716172
87,1119.6,2.4506,3.91635,3.49279,2.44964,0.50866,0.50575,0.50798,0.51745,0.07839,0.06857,0.02785,0.32156,0.06865,0.03672,0.00964,2.33368,3.78558,3.1652,2.45717,0,0,0,0.000714797,0.000714797,0.000714797
88,1132.15,2.37803,3.85784,3.58971,2.47724,0.5108,0.50627,0.50846,0.51856,0.07441,0.06535,0.02353,0.48522,0.04741,0.03843,0.00971,2.33741,3.79357,3.13557,2.46188,0,0,0,0.000713423,0.000713423,0.000713423
89,1144.97,2.42819,3.96097,3.55613,2.45281,0.50916,0.50544,0.50746,0.63088,0.09113,0.08623,0.03202,0.3825,0.07642,0.0311,0.00836,2.40023,3.80523,3.19048,2.46435,0,0,0,0.000712048,0.000712048,0.000712048
90,1157.54,2.407,3.8492,3.57759,2.49439,0.50925,0.50546,0.50784,0.5648,0.11467,0.10125,0.03857,0.42939,0.06409,0.0397,0.01071,2.32157,3.76195,3.06241,2.42482,0,0,0,0.000710674,0.000710674,0.000710674
91,1170.27,2.42953,3.83035,3.47619,2.42339,0.50879,0.50536,0.50751,0.54414,0.13629,0.1329,0.04327,0.44359,0.09106,0.05471,0.01486,2.3115,3.71994,3.00459,2.42092,0,0,0,0.000709299,0.000709299,0.000709299
92,1183.28,2.37203,3.82875,3.4225,2.39149,0.50635,0.50367,0.50576,0.46205,0.12825,0.12399,0.03725,0.41126,0.07727,0.04939,0.0138,2.28758,3.74231,2.98428,2.39694,0,0,0,0.000707925,0.000707925,0.000707925
93,1196.05,2.43448,3.8242,3.37884,2.40321,0.50556,0.50374,0.50509,0.43597,0.131,0.08182,0.0287,0.38291,0.09854,0.04152,0.01172,2.32244,3.75768,3.05904,2.41641,0,0,0,0.000706551,0.000706551,0.000706551
94,1208.76,2.39228,3.86173,3.51576,2.45607,0.50663,0.50392,0.5062,0.49289,0.11428,0.0919,0.03592,0.36227,0.06359,0.03908,0.00967,2.33635,3.73318,2.9731,2.44475,0,0,0,0.000705176,0.000705176,0.000705176
95,1221.56,2.37993,3.84452,3.44908,2.46621,0.50722,0.50379,0.50581,0.46373,0.11284,0.08871,0.03291,0.3731,0.08178,0.04618,0.00978,2.33146,3.72745,2.93484,2.40217,0,0,0,0.000703802,0.000703802,0.000703802
96,1234.11,2.36276,3.80505,3.39985,2.4417,0.50523,0.5029,0.50503,0.43224,0.12321,0.0857,0.03237,0.35663,0.07431,0.03793,0.00863,2.31068,3.71462,2.9458,2.39224,0,0,0,0.000702427,0.000702427,0.000702427
97,1246.76,2.35145,3.73941,3.45423,2.45217,0.50641,0.50269,0.5046,0.61957,0.08702,0.09008,0.0319,0.55757,0.06156,0.05086,0.01229,2.28745,3.69397,3.01733,2.39039,0,0,0,0.000701053,0.000701053,0.000701053
98,1259.6,2.36848,3.86079,3.46133,2.42459,0.50632,0.50271,0.5049,0.50417,0.13874,0.10271,0.042,0.26984,0.10962,0.05047,0.01396,2.26359,3.69946,2.96032,2.36798,0,0,0,0.000699678,0.000699678,0.000699678
99,1272.12,2.37426,3.72643,3.46566,2.41049,0.50478,0.50198,0.50398,0.55967,0.1138,0.10243,0.03806,0.39406,0.07287,0.04764,0.0123,2.24793,3.68538,2.90803,2.35015,0,0,0,0.000698304,0.000698304,0.000698304
100,1284.97,2.41898,3.87868,3.30684,2.40464,0.50354,0.50173,0.50338,0.58445,0.09526,0.0923,0.0341,0.36249,0.08531,0.04919,0.0113,2.25046,3.75151,2.90342,2.38259,0,0,0,0.000696929,0.000696929,0.000696929
101,1297.81,2.42235,3.82125,3.34915,2.38297,0.50492,0.50206,0.50391,0.55139,0.09484,0.1017,0.03455,0.49886,0.07197,0.05447,0.01403,2.27281,3.66399,2.91261,2.38476,0,0,0,0.000695555,0.000695555,0.000695555
102,1310.48,2.38545,3.76001,3.32209,2.39785,0.50381,0.50131,0.50332,0.4574,0.12238,0.11196,0.04252,0.37244,0.07582,0.06056,0.01571,2.2538,3.66119,2.90496,2.37555,0,0,0,0.000694181,0.000694181,0.000694181
103,1323.33,2.37439,3.81584,3.33455,2.37508,0.50476,0.50177,0.50364,0.34452,0.13068,0.11418,0.04269,0.33276,0.10881,0.0725,0.02064,2.25298,3.66942,2.92376,2.36944,0,0,0,0.000692806,0.000692806,0.000692806
104,1336.29,2.31514,3.81103,3.32556,2.37173,0.50153,0.50029,0.50239,0.3171,0.14402,0.11243,0.04188,0.22085,0.08895,0.08026,0.0205,2.24424,3.64752,2.87752,2.36897,0,0,0,0.000691432,0.000691432,0.000691432
105,1348.89,2.34553,3.83551,3.38755,2.40178,0.50499,0.50071,0.503,0.49416,0.11982,0.13351,0.04694,0.40174,0.07333,0.07273,0.02096,2.19301,3.63179,2.82604,2.33149,0,0,0,0.000690057,0.000690057,0.000690057
106,1361.68,2.3583,3.7495,3.32701,2.41639,0.50373,0.49981,0.50229,0.52809,0.12022,0.11985,0.03899,0.41995,0.08546,0.08087,0.01951,2.24605,3.62995,2.87082,2.35631,0,0,0,0.000688683,0.000688683,0.000688683
107,1374.25,2.3429,3.74662,3.31943,2.35162,0.50284,0.49963,0.50202,0.51389,0.15644,0.13877,0.04809,0.2964,0.09875,0.07185,0.01716,2.22398,3.62596,2.86758,2.35868,0,0,0,0.000687308,0.000687308,0.000687308
108,1387.11,2.38232,3.73512,3.21091,2.33414,0.50117,0.49932,0.50137,0.33916,0.19506,0.15533,0.04985,0.20828,0.10278,0.04846,0.01408,2.24243,3.62704,2.79176,2.33892,0,0,0,0.000685934,0.000685934,0.000685934
109,1399.9,2.31796,3.72341,3.25606,2.345,0.50114,0.49922,0.50165,0.42609,0.13974,0.12993,0.04692,0.35738,0.10444,0.06891,0.02063,2.17236,3.59744,2.72891,2.29825,0,0,0,0.000684559,0.000684559,0.000684559
110,1412.47,2.32722,3.69213,3.20195,2.34089,0.49942,0.49854,0.50037,0.3264,0.15669,0.1184,0.04516,0.23987,0.11075,0.065,0.01883,2.20856,3.58852,2.81454,2.29687,0,0,0,0.000683185,0.000683185,0.000683185
111,1425.39,2.37926,3.7664,3.10925,2.30076,0.49926,0.49846,0.5001,0.29235,0.16312,0.13379,0.04632,0.2402,0.11324,0.06534,0.01844,2.18393,3.58855,2.74182,2.29877,0,0,0,0.00068181,0.00068181,0.00068181
112,1438.08,2.30809,3.78914,3.25897,2.34293,0.49977,0.49778,0.49991,0.29304,0.17281,0.12792,0.05293,0.26479,0.15074,0.08109,0.02252,2.14097,3.56965,2.74022,2.27287,0,0,0,0.000680436,0.000680436,0.000680436
113,1451.04,2.32852,3.77965,3.21625,2.32222,0.50066,0.498,0.49995,0.4403,0.17147,0.15922,0.06199,0.25956,0.14966,0.10731,0.0331,2.1586,3.54601,2.74995,2.27336,0,0,0,0.000679062,0.000679062,0.000679062
114,1463.96,2.29633,3.71158,3.3059,2.32665,0.5031,0.49872,0.50099,0.37322,0.1584,0.12707,0.04887,0.3667,0.1278,0.08276,0.02436,2.15148,3.56706,2.70537,2.2664,0,0,0,0.000677687,0.000677687,0.000677687
115,1476.68,2.32154,3.77991,3.25702,2.32497,0.49855,0.49721,0.49917,0.2786,0.15942,0.15245,0.05862,0.1264,0.1331,0.08598,0.0267,2.14004,3.56192,2.69943,2.28075,0,0,0,0.000676313,0.000676313,0.000676313
116,1489.36,2.3195,3.68396,3.20262,2.30049,0.49919,0.49707,0.49929,0.43925,0.14977,0.14573,0.05907,0.25024,0.11923,0.09251,0.02472,2.1148,3.56972,2.65829,2.24822,0,0,0,0.000674938,0.000674938,0.000674938
117,1502.15,2.24711,3.75165,3.09538,2.29752,0.49662,0.49529,0.49778,0.15618,0.17881,0.14801,0.05525,0.14027,0.15338,0.10243,0.02343,2.13776,3.55077,2.70395,2.26959,0,0,0,0.000673564,0.000673564,0.000673564
118,1514.7,2.24214,3.64317,3.04188,2.29608,0.49591,0.49556,0.49766,0.25423,0.23945,0.15876,0.05757,0.1239,0.14866,0.0677,0.01839,2.11117,3.53472,2.72328,2.24857,0,0,0,0.000672189,0.000672189,0.000672189
119,1527.23,2.2316,3.62001,3.08772,2.29062,0.497,0.49549,0.49761,0.26471,0.21494,0.17213,0.06775,0.13663,0.19304,0.11136,0.03161,2.10479,3.52265,2.67086,2.2499,0,0,0,0.000670815,0.000670815,0.000670815
120,1540.19,2.29828,3.74376,3.22179,2.32441,0.49667,0.49556,0.49757,0.26021,0.19897,0.17536,0.06727,0.24071,0.16595,0.11953,0.03788,2.13296,3.52709,2.74852,2.26996,0,0,0,0.00066944,0.00066944,0.00066944
121,1552.9,2.26021,3.68015,3.08325,2.29403,0.49554,0.49532,0.49703,0.28673,0.21874,0.19941,0.07631,0.19898,0.15998,0.12492,0.03931,2.14344,3.55695,2.61552,2.24091,0,0,0,0.000668066,0.000668066,0.000668066
122,1565.88,2.28687,3.70201,3.03791,2.23517,0.49594,0.49477,0.4967,0.27621,0.24673,0.16427,0.0682,0.19309,0.18831,0.09853,0.03054,2.10293,3.555,2.57035,2.22187,0,0,0,0.000666692,0.000666692,0.000666692
123,1578.49,2.29705,3.64743,3.04981,2.30984,0.49687,0.49443,0.4967,0.30788,0.25933,0.19934,0.08314,0.21489,0.19488,0.1196,0.03595,2.11003,3.51944,2.55176,2.23387,0,0,0,0.000665317,0.000665317,0.000665317
124,1591.49,2.24444,3.68801,3.06775,2.26951,0.49304,0.49354,0.49537,0.43708,0.22514,0.21319,0.08696,0.21371,0.18072,0.11739,0.03486,2.1372,3.51623,2.57426,2.22103,0,0,0,0.000663943,0.000663943,0.000663943
125,1604.45,2.27331,3.64885,2.97436,2.22282,0.49113,0.492,0.4938,0.3655,0.24261,0.2137,0.08336,0.32278,0.1322,0.10984,0.03112,2.08856,3.50181,2.61536,2.21415,0,0,0,0.000662568,0.000662568,0.000662568
126,1617.05,2.25051,3.65135,3.08435,2.28006,0.49556,0.49402,0.4957,0.31653,0.20822,0.1908,0.07861,0.26325,0.15255,0.10843,0.03669,2.12882,3.50986,2.55898,2.2288,0,0,0,0.000661194,0.000661194,0.000661194
127,1629.87,2.24823,3.6594,2.94757,2.24751,0.49462,0.49311,0.49515,0.36992,0.24169,0.20287,0.07802,0.16923,0.14293,0.09461,0.03148,2.08007,3.48948,2.51419,2.1975,0,0,0,0.000659819,0.000659819,0.000659819
128,1642.57,2.25471,3.6669,2.95872,2.23689,0.49536,0.49289,0.49495,0.24445,0.22275,0.16402,0.06891,0.1809,0.16006,0.09287,0.03077,2.08513,3.49456,2.53271,2.2118,0,0,0,0.000658445,0.000658445,0.000658445
129,1655.01,2.2053,3.68618,2.97644,2.30019,0.49261,0.49133,0.49391,0.21997,0.28603,0.16787,0.07115,0.14375,0.19436,0.08801,0.02933,2.06777,3.47312,2.48747,2.19365,0,0,0,0.00065707,0.00065707,0.00065707
130,1667.82,2.23324,3.57932,3.03129,2.25122,0.49351,0.49221,0.49435,0.38607,0.21234,0.17712,0.07474,0.14362,0.1793,0.10294,0.03522,2.08627,3.49742,2.50128,2.20734,0,0,0,0.000655696,0.000655696,0.000655696
131,1680.53,2.21285,3.64862,2.98658,2.26839,0.49192,0.49121,0.49351,0.35811,0.26374,0.20677,0.08621,0.2858,0.21847,0.12573,0.04451,2.09238,3.483,2.49417,2.21742,0,0,0,0.000654321,0.000654321,0.000654321
132,1693.37,2.22993,3.64656,2.89941,2.24648,0.4913,0.49019,0.49245,0.26748,0.21972,0.18373,0.0782,0.18709,0.16329,0.1186,0.03705,2.03951,3.45747,2.5424,2.20233,0,0,0,0.000652947,0.000652947,0.000652947
133,1706.08,2.13549,3.64959,2.87931,2.23818,0.4907,0.49008,0.49224,0.28718,0.28615,0.24187,0.10269,0.21543,0.2079,0.13668,0.03965,2.00815,3.4344,2.44987,2.1591,0,0,0,0.000651573,0.000651573,0.000651573
134,1718.85,2.14066,3.58829,2.99897,2.26451,0.49045,0.48901,0.49198,0.4081,0.21917,0.23219,0.09452,0.23486,0.17542,0.12616,0.03758,2.06103,3.45636,2.41667,2.17255,0,0,0,0.000650198,0.000650198,0.000650198
135,1731.57,2.11573,3.62491,2.85892,2.23315,0.4881,0.48798,0.49071,0.4198,0.23356,0.22919,0.09951,0.12972,0.21001,0.1117,0.03782,2.0454,3.48,2.44586,2.1732,0,0,0,0.000648824,0.000648824,0.000648824
136,1744.1,2.18909,3.60582,2.86456,2.2042,0.4897,0.48859,0.49068,0.2327,0.25382,0.21148,0.09279,0.14943,0.18368,0.13077,0.04171,2.03302,3.42406,2.39058,2.14311,0,0,0,0.000647449,0.000647449,0.000647449
137,1756.73,2.21139,3.64507,2.87568,2.21277,0.48885,0.48776,0.4904,0.26286,0.30392,0.24048,0.10725,0.1583,0.22118,0.1274,0.04351,2.03346,3.42069,2.39681,2.14787,0,0,0,0.000646075,0.000646075,0.000646075
138,1769.66,2.19538,3.58483,2.95797,2.20623,0.48911,0.48748,0.48989,0.33943,0.26294,0.28546,0.11532,0.26117,0.18483,0.1842,0.05354,2.00975,3.40859,2.34993,2.14304,0,0,0,0.0006447,0.0006447,0.0006447
139,1782.45,2.1945,3.64874,2.83673,2.1969,0.48605,0.48627,0.48874,0.33553,0.27661,0.2771,0.12705,0.21694,0.21534,0.17208,0.05435,2.00868,3.38287,2.33083,2.14874,0,0,0,0.000643326,0.000643326,0.000643326
140,1795.18,2.16329,3.60264,2.86204,2.20408,0.48517,0.48525,0.48745,0.38943,0.27743,0.27336,0.11679,0.16793,0.27408,0.14313,0.04967,2.02165,3.41441,2.35221,2.14617,0,0,0,0.000641951,0.000641951,0.000641951
141,1807.97,2.19425,3.58922,2.84364,2.2172,0.48652,0.48535,0.48851,0.28696,0.34959,0.29983,0.12475,0.2419,0.34611,0.2141,0.06949,1.98516,3.38992,2.38417,2.12407,0,0,0,0.000640577,0.000640577,0.000640577
142,1820.82,2.12626,3.63359,2.85694,2.2143,0.48507,0.48407,0.48697,0.31285,0.35634,0.29768,0.14559,0.223,0.28133,0.18632,0.06033,1.98365,3.38121,2.31056,2.13245,0,0,0,0.000639203,0.000639203,0.000639203
143,1833.66,2.17365,3.53223,2.81926,2.21595,0.48832,0.48474,0.48833,0.32961,0.38343,0.32504,0.14296,0.23859,0.2914,0.22519,0.05472,1.98887,3.35537,2.28252,2.12717,0,0,0,0.000637828,0.000637828,0.000637828
144,1846.34,2.18789,3.50646,2.86121,2.21863,0.48652,0.48363,0.48683,0.34869,0.31985,0.28639,0.13284,0.23848,0.24372,0.17656,0.06131,1.97843,3.34803,2.30945,2.11007,0,0,0,0.000636454,0.000636454,0.000636454
145,1858.83,2.17073,3.51441,2.83086,2.23911,0.48427,0.48213,0.48545,0.30556,0.40375,0.30211,0.14655,0.22472,0.31655,0.19888,0.08073,1.97953,3.35873,2.29484,2.12157,0,0,0,0.000635079,0.000635079,0.000635079
146,1871.85,2.16311,3.62353,2.76859,2.1927,0.48447,0.48126,0.48517,0.31173,0.39707,0.31207,0.13817,0.1421,0.29439,0.18243,0.06321,2.00911,3.35648,2.30228,2.13023,0,0,0,0.000633705,0.000633705,0.000633705
147,1884.49,2.16005,3.52705,2.72243,2.16929,0.48088,0.47971,0.48262,0.29212,0.34844,0.2812,0.13616,0.20269,0.25541,0.18228,0.06196,1.97593,3.3379,2.28448,2.11584,0,0,0,0.00063233,0.00063233,0.00063233
148,1897.07,2.17938,3.67889,2.77907,2.18906,0.48332,0.47853,0.48278,0.31306,0.41621,0.28161,0.13489,0.22433,0.32778,0.16835,0.05492,2.01056,3.36166,2.24842,2.12263,0,0,0,0.000630956,0.000630956,0.000630956
149,1909.74,2.20373,3.52627,2.71936,2.16077,0.48387,0.4779,0.48265,0.29699,0.39785,0.29721,0.13594,0.23981,0.26306,0.18864,0.06219,2.01487,3.34628,2.34189,2.12336,0,0,0,0.000629581,0.000629581,0.000629581
150,1922.5,2.12819,3.50105,2.73053,2.1522,0.48157,0.4728,0.47864,0.26348,0.29373,0.21267,0.0953,0.19988,0.21934,0.16402,0.05068,2.0885,3.40361,2.34721,2.17462,0,0,0,0.000628207,0.000628207,0.000628207
151,1935.13,2.18455,3.6218,2.77042,2.14373,0.48208,0.46993,0.47658,0.34875,0.37758,0.2868,0.13001,0.27832,0.30401,0.19569,0.07152,2.03585,3.33925,2.26226,2.14527,0,0,0,0.000626832,0.000626832,0.000626832
152,1947.71,2.1496,3.55485,2.7209,2.17489,0.47916,0.46257,0.4707,0.32185,0.33639,0.27432,0.12288,0.26714,0.29995,0.18424,0.06026,1.99952,3.34656,2.24113,2.11964,0,0,0,0.000625458,0.000625458,0.000625458
153,1960.49,2.17377,3.49008,2.75628,2.19602,0.48033,0.45785,0.46585,0.36722,0.35795,0.3249,0.1415,0.22676,0.24475,0.18022,0.05537,1.98587,3.35925,2.21265,2.10769,0,0,0,0.000624084,0.000624084,0.000624084
154,1973.08,2.13403,3.41299,2.66321,2.18446,0.4756,0.45045,0.45965,0.38632,0.37256,0.31836,0.15159,0.29502,0.28372,0.2163,0.07824,1.95646,3.33347,2.23932,2.09985,0,0,0,0.000622709,0.000622709,0.000622709
155,1985.79,2.1076,3.43968,2.68819,2.1595,0.46889,0.44252,0.45262,0.35108,0.35769,0.30425,0.13979,0.22151,0.31877,0.19141,0.06169,1.95815,3.31257,2.16557,2.08069,0,0,0,0.000621335,0.000621335,0.000621335
156,1998.51,2.13894,3.46173,2.70061,2.15589,0.46503,0.4337,0.44597,0.5604,0.31487,0.35111,0.15539,0.42681,0.24392,0.20096,0.06583,1.96434,3.29945,2.17811,2.09229,0,0,0,0.00061996,0.00061996,0.00061996
157,2011.1,2.13405,3.53625,2.67408,2.15543,0.45857,0.42973,0.44065,0.4539,0.32585,0.33338,0.14131,0.36811,0.24705,0.19886,0.0657,1.94592,3.2942,2.17113,2.07065,0,0,0,0.000618586,0.000618586,0.000618586
158,2023.58,2.12802,3.5165,2.74457,2.18017,0.45345,0.4234,0.43496,0.36726,0.3765,0.29922,0.1355,0.31811,0.32305,0.22904,0.06803,1.91793,3.29665,2.15375,2.06764,0,0,0,0.000617211,0.000617211,0.000617211
159,2036.21,2.08779,3.54365,2.63967,2.16247,0.44906,0.41884,0.43094,0.36402,0.37104,0.30156,0.13902,0.30701,0.31398,0.24648,0.07642,1.92972,3.29299,2.14795,2.07715,0,0,0,0.000615837,0.000615837,0.000615837
160,2048.85,2.07316,3.57466,2.64949,2.14165,0.449,0.41298,0.42741,0.35919,0.40224,0.32102,0.15123,0.26388,0.31648,0.18518,0.06389,1.92576,3.28027,2.08857,2.06118,0,0,0,0.000614462,0.000614462,0.000614462
161,2061.5,2.09413,3.55018,2.66027,2.13732,0.44121,0.40708,0.42088,0.34368,0.45642,0.3283,0.15227,0.26926,0.36357,0.21027,0.07066,1.93791,3.27712,2.18182,2.05625,0,0,0,0.000613088,0.000613088,0.000613088
162,2074.33,2.121,3.47943,2.63917,2.11536,0.43715,0.40329,0.41752,0.39392,0.33526,0.35358,0.16177,0.29925,0.28071,0.23047,0.07766,1.89453,3.26682,2.11135,2.02964,0,0,0,0.000611714,0.000611714,0.000611714
163,2087.31,2.14304,3.40967,2.6444,2.10826,0.42963,0.39215,0.40839,0.28279,0.43977,0.32997,0.16412,0.19211,0.32352,0.21452,0.07602,1.93067,3.2672,2.28456,2.03458,0,0,0,0.000610339,0.000610339,0.000610339
164,2100.17,2.10136,3.43563,2.62129,2.10303,0.41875,0.38009,0.39675,0.48293,0.35975,0.36033,0.17201,0.35643,0.28139,0.1984,0.07063,1.88946,3.25862,2.13083,2.01709,0,0,0,0.000608965,0.000608965,0.000608965
165,2113.22,2.11207,3.45032,2.63655,2.13885,0.41481,0.37827,0.3951,0.35379,0.41128,0.34954,0.17239,0.20922,0.35228,0.18162,0.06044,1.89197,3.32977,2.1009,2.02056,0,0,0,0.00060759,0.00060759,0.00060759
166,2125.68,2.06565,3.46072,2.66746,2.15302,0.41013,0.36739,0.38559,0.40021,0.39348,0.38021,0.18973,0.2455,0.36707,0.21355,0.07145,1.91304,3.28717,2.12259,2.04322,0,0,0,0.000606216,0.000606216,0.000606216
167,2138.44,2.12382,3.43571,2.52572,2.11123,0.40829,0.36635,0.38557,0.41931,0.42926,0.39873,0.21116,0.28739,0.35834,0.24522,0.08918,1.87813,3.23315,2.04954,2.00577,0,0,0,0.000604841,0.000604841,0.000604841
168,2151.29,2.04818,3.50532,2.60325,2.11904,0.40407,0.35798,0.37732,0.32767,0.48346,0.35558,0.1784,0.23565,0.39187,0.24087,0.09753,1.85318,3.21845,2.03402,1.99994,0,0,0,0.000603467,0.000603467,0.000603467
169,2163.94,2.0808,3.45504,2.56714,2.09684,0.40011,0.35419,0.37474,0.39864,0.4005,0.38028,0.19157,0.31037,0.34112,0.26282,0.09131,1.84429,3.22308,2.06704,1.99053,0,0,0,0.000602092,0.000602092,0.000602092
170,2176.54,2.03843,3.55213,2.60597,2.12531,0.39987,0.34857,0.3694,0.42267,0.39053,0.38383,0.20202,0.32816,0.37283,0.24491,0.08622,1.85249,3.2821,2.03063,1.99338,0,0,0,0.000600718,0.000600718,0.000600718
171,2189.32,2.06435,3.47208,2.5131,2.13258,0.37914,0.33459,0.35502,0.38287,0.38288,0.36815,0.18527,0.25261,0.35092,0.25718,0.08577,1.87092,3.25157,2.01747,2.00749,0,0,0,0.000599343,0.000599343,0.000599343
172,2201.8,2.07083,3.47163,2.56736,2.11736,0.37827,0.33191,0.35343,0.44607,0.37029,0.36481,0.18305,0.34166,0.27124,0.22548,0.07868,1.86887,3.25026,2.04238,1.99717,0,0,0,0.000597969,0.000597969,0.000597969
173,2214.3,2.07013,3.42941,2.55584,2.10274,0.37395,0.3204,0.34421,0.37231,0.37638,0.34338,0.17616,0.30438,0.2973,0.23674,0.09664,1.83809,3.2636,2.12706,1.97761,0,0,0,0.000596595,0.000596595,0.000596595
174,2227.1,2.08061,3.39484,2.5785,2.08451,0.36668,0.31348,0.33756,0.407,0.46171,0.37578,0.19512,0.3395,0.36577,0.26141,0.10953,1.86004,3.2305,2.13237,1.99087,0,0,0,0.00059522,0.00059522,0.00059522
175,2239.98,2.09181,3.44297,2.43908,2.03902,0.36144,0.30336,0.32922,0.37726,0.46577,0.39278,0.19929,0.30728,0.36992,0.28109,0.09918,1.85409,3.20994,2.0482,2.00529,0,0,0,0.000593846,0.000593846,0.000593846
176,2252.63,2.04928,3.45351,2.5122,2.11186,0.3578,0.29674,0.32387,0.54351,0.40102,0.45868,0.23149,0.36513,0.34518,0.31044,0.12052,1.82431,3.17184,1.96392,1.97937,0,0,0,0.000592471,0.000592471,0.000592471
177,2265.64,2.04496,3.4606,2.51674,2.10942,0.35004,0.28205,0.31203,0.44032,0.44885,0.43178,0.20902,0.37889,0.33587,0.29704,0.10968,1.8364,3.17677,2.08904,1.98895,0,0,0,0.000591097,0.000591097,0.000591097
178,2278.38,2.08435,3.50438,2.49295,2.08431,0.34317,0.26831,0.30051,0.4987,0.36622,0.40983,0.18458,0.28999,0.30962,0.21816,0.0782,1.85138,3.21212,2.05448,1.97581,0,0,0,0.000589722,0.000589722,0.000589722
179,2291.13,2.06201,3.36384,2.57042,2.10093,0.33881,0.26846,0.29985,0.47036,0.43028,0.43013,0.21224,0.31903,0.35003,0.28152,0.10057,1.82935,3.20094,1.97796,1.96984,0,0,0,0.000588348,0.000588348,0.000588348
180,2303.93,2.06896,3.49318,2.51528,2.06825,0.33216,0.25823,0.29054,0.4048,0.47143,0.43745,0.23764,0.33362,0.39618,0.30555,0.1169,1.82825,3.15544,1.92333,1.96263,0,0,0,0.000586973,0.000586973,0.000586973
181,2316.85,2.09681,3.42504,2.48956,2.0606,0.31954,0.24161,0.27635,0.42591,0.44982,0.42206,0.2223,0.33426,0.36288,0.28817,0.11442,1.82797,3.12326,1.96665,1.97066,0,0,0,0.000585599,0.000585599,0.000585599
182,2329.47,2.10032,3.4,2.53494,2.04742,0.30999,0.22501,0.26505,0.41203,0.50875,0.4375,0.22764,0.31474,0.3947,0.28588,0.11376,1.82957,3.15473,1.99059,1.95817,0,0,0,0.000584225,0.000584225,0.000584225
183,2342.38,1.995,3.37089,2.37236,2.0377,0.30973,0.21721,0.25872,0.44789,0.49985,0.44066,0.2263,0.34304,0.39705,0.29019,0.11481,1.79226,3.10363,1.96738,1.93112,0,0,0,0.00058285,0.00058285,0.00058285
184,2354.93,1.96389,3.34177,2.43242,2.08851,0.30679,0.2122,0.2575,0.42929,0.49357,0.40301,0.20647,0.33929,0.3845,0.28579,0.11312,1.81099,3.14202,1.98086,1.94403,0,0,0,0.000581476,0.000581476,0.000581476
185,2367.8,2.00535,3.37599,2.40265,2.05301,0.29402,0.1966,0.23586,0.40755,0.44284,0.40797,0.20715,0.29781,0.32132,0.27743,0.1097,1.87215,3.17695,2.04314,1.98703,0,0,0,0.000580101,0.000580101,0.000580101
186,2380.67,2.06841,3.40614,2.41292,2.02443,0.2811,0.18488,0.221,0.42283,0.45068,0.42073,0.22412,0.36327,0.31861,0.2886,0.11112,1.80761,3.15643,1.98072,1.95222,0,0,0,0.000578727,0.000578727,0.000578727
187,2393.32,2.05353,3.38019,2.5243,2.05444,0.27871,0.18427,0.21891,0.42134,0.46428,0.44587,0.23821,0.31572,0.39077,0.31888,0.12338,1.79506,3.14978,1.92576,1.93424,0,0,0,0.000577352,0.000577352,0.000577352
188,2406.08,1.95982,3.41978,2.4418,2.07399,0.27606,0.18785,0.2181,0.53957,0.42719,0.45905,0.24493,0.47887,0.32953,0.33718,0.13354,1.77619,3.14849,1.94376,1.93822,0,0,0,0.000575978,0.000575978,0.000575978
189,2419.04,2.04539,3.35688,2.45468,2.05628,0.25881,0.17363,0.20384,0.50961,0.4605,0.47693,0.24249,0.39982,0.39064,0.32781,0.12808,1.79411,3.11614,1.93885,1.95153,0,0,0,0.000574603,0.000574603,0.000574603
190,2431.59,1.99905,3.36038,2.37015,2.06219,0.24583,0.17602,0.20176,0.50742,0.44895,0.48037,0.24969,0.38229,0.35725,0.33101,0.13186,1.80176,3.15846,1.93912,1.95149,0,0,0,0.000573229,0.000573229,0.000573229
191,2444.6,2.09322,3.39758,2.42597,2.02175,0.24097,0.17592,0.19874,0.42357,0.49535,0.49334,0.2612,0.35454,0.42193,0.31834,0.12589,1.78853,3.09901,1.87209,1.9192,0,0,0,0.000571854,0.000571854,0.000571854
192,2457.49,2.00195,3.32322,2.42932,2.02823,0.23025,0.16717,0.18951,0.463,0.47251,0.45169,0.24157,0.37224,0.36294,0.29505,0.11583,1.77044,3.06466,1.86956,1.93218,0,0,0,0.00057048,0.00057048,0.00057048
193,2470.25,1.97912,3.33751,2.36498,2.01255,0.23124,0.16863,0.18849,0.45959,0.46038,0.4391,0.22431,0.37513,0.36534,0.30684,0.12049,1.76701,3.06936,1.85863,1.92034,0,0,0,0.000569106,0.000569106,0.000569106
194,2482.86,2.01649,3.30191,2.4116,2.05186,0.22801,0.16693,0.18745,0.46997,0.48237,0.4643,0.23639,0.36992,0.43394,0.33475,0.12903,1.75909,3.07521,1.8692,1.9103,0,0,0,0.000567731,0.000567731,0.000567731
195,2495.55,1.93696,3.30293,2.32775,2.02378,0.22013,0.16605,0.1853,0.5251,0.45957,0.44309,0.24211,0.40953,0.34719,0.30497,0.12392,1.73485,3.0758,1.8719,1.89504,0,0,0,0.000566357,0.000566357,0.000566357
196,2508.38,2.06759,3.33995,2.33282,1.97175,0.21775,0.16134,0.17875,0.51081,0.47322,0.45424,0.2539,0.39501,0.3373,0.30172,0.12271,1.73937,3.05994,1.83303,1.89774,0,0,0,0.000564982,0.000564982,0.000564982
197,2521.07,2.02496,3.29342,2.36673,2.01984,0.21497,0.16263,0.17956,0.47383,0.52674,0.48602,0.26039,0.3797,0.38998,0.30745,0.12785,1.76648,3.05472,1.8284,1.9128,0,0,0,0.000563608,0.000563608,0.000563608
198,2533.86,1.97398,3.31882,2.32724,2.01565,0.21335,0.163,0.17992,0.53936,0.50307,0.51223,0.28771,0.38273,0.36579,0.31896,0.12653,1.73239,3.02514,1.801,1.90104,0,0,0,0.000562233,0.000562233,0.000562233
199,2546.54,1.9656,3.34647,2.35496,2.02087,0.22378,0.16627,0.18424,0.46253,0.54463,0.48265,0.27248,0.34887,0.40818,0.31422,0.12844,1.73792,3.05222,1.80193,1.90703,0,0,0,0.000560859,0.000560859,0.000560859
200,2558.98,1.95635,3.31496,2.35683,2.03335,0.21343,0.16313,0.17976,0.55899,0.4444,0.48804,0.26618,0.41292,0.36228,0.33115,0.12913,1.74928,3.04297,1.81493,1.90006,0,0,0,0.000559484,0.000559484,0.000559484
201,2571.62,1.96325,3.3661,2.37053,2.02532,0.21327,0.16774,0.18048,0.44978,0.56785,0.50219,0.26032,0.34509,0.45902,0.30308,0.12366,1.744,3.02066,1.81622,1.89661,0,0,0,0.00055811,0.00055811,0.00055811
202,2584.3,1.93072,3.33012,2.32026,2.05532,0.21234,0.17075,0.18409,0.48805,0.4596,0.4631,0.25917,0.39906,0.36983,0.3108,0.12677,1.71631,3.025,1.82786,1.874,0,0,0,0.000556736,0.000556736,0.000556736
203,2596.87,1.92888,3.304,2.29431,2.00632,0.20717,0.16329,0.17672,0.52526,0.42863,0.47416,0.24197,0.42567,0.34762,0.32563,0.12315,1.75106,3.02658,1.8433,1.89101,0,0,0,0.000555361,0.000555361,0.000555361
204,2609.76,2.01571,3.25828,2.32997,1.98898,0.20768,0.15947,0.17354,0.48147,0.43688,0.4503,0.23223,0.40969,0.34407,0.32628,0.12036,1.75049,3.03468,1.85579,1.88695,0,0,0,0.000553987,0.000553987,0.000553987
205,2622.34,1.95765,3.26756,2.25423,2.00188,0.20591,0.1552,0.16864,0.44215,0.45453,0.46503,0.25457,0.33238,0.43484,0.3204,0.13513,1.73902,3.02677,1.83771,1.88375,0,0,0,0.000552612,0.000552612,0.000552612
206,2634.95,2.00751,3.32164,2.33099,2.00566,0.19765,0.15054,0.1648,0.56005,0.41253,0.4783,0.24989,0.43974,0.34153,0.31569,0.13518,1.75734,3.03582,1.83104,1.89425,0,0,0,0.000551238,0.000551238,0.000551238
207,2647.69,1.98088,3.31736,2.29343,2.03199,0.19891,0.15419,0.16584,0.4649,0.49482,0.47849,0.26164,0.3953,0.40881,0.33031,0.13896,1.68286,2.99551,1.80182,1.84898,0,0,0,0.000549863,0.000549863,0.000549863
208,2660.27,1.89432,3.30014,2.24038,1.98534,0.20555,0.15782,0.17243,0.48845,0.5114,0.50027,0.28598,0.40446,0.41363,0.35664,0.15182,1.7055,3.01797,1.77272,1.8524,0,0,0,0.000548489,0.000548489,0.000548489
209,2673.05,1.94928,3.35212,2.3102,1.98356,0.19924,0.1525,0.16608,0.48695,0.53049,0.50827,0.28558,0.3976,0.44961,0.34071,0.14687,1.70037,2.97557,1.77563,1.85524,0,0,0,0.000547114,0.000547114,0.000547114
210,2685.66,1.91811,3.25559,2.29369,2.00321,0.20257,0.15541,0.16998,0.49735,0.51795,0.51609,0.27938,0.40305,0.40238,0.34225,0.13555,1.70852,2.97667,1.77904,1.8694,0,0,0,0.00054574,0.00054574,0.00054574
211,2698.28,1.9953,3.36115,2.28462,2.0033,0.2002,0.15833,0.17093,0.50589,0.54996,0.50935,0.27382,0.40613,0.44284,0.35421,0.149,1.67054,2.96685,1.75618,1.85162,0,0,0,0.000544365,0.000544365,0.000544365
212,2710.92,1.95775,3.30161,2.30772,2.00435,0.19548,0.15864,0.17198,0.54195,0.52789,0.55447,0.3108,0.42074,0.41068,0.38488,0.17,1.67775,2.94594,1.74259,1.8454,0,0,0,0.000542991,0.000542991,0.000542991
213,2723.87,1.94014,3.2815,2.28384,1.98041,0.19878,0.16378,0.17741,0.54639,0.50748,0.54468,0.30692,0.44054,0.40395,0.36698,0.16167,1.68493,2.96922,1.75535,1.85116,0,0,0,0.000541617,0.000541617,0.000541617
214,2736.31,1.9205,3.25829,2.27968,1.99153,0.19142,0.14851,0.16223,0.66845,0.49173,0.53063,0.30003,0.54543,0.39935,0.391,0.16435,1.68325,2.94101,1.76504,1.84981,0,0,0,0.000540242,0.000540242,0.000540242
215,2748.9,1.9231,3.208,2.2345,2.00153,0.19308,0.15252,0.1652,0.57796,0.4742,0.50561,0.2819,0.40547,0.44042,0.36476,0.15028,1.67569,2.92256,1.77787,1.84695,0,0,0,0.000538868,0.000538868,0.000538868
216,2761.62,1.8888,3.1938,2.21851,1.98812,0.19678,0.1553,0.16835,0.56709,0.44803,0.50929,0.27788,0.428,0.37012,0.3397,0.14961,1.68843,2.9348,1.82851,1.84848,0,0,0,0.000537493,0.000537493,0.000537493
217,2774.35,2.01438,3.30753,2.29911,1.98773,0.2034,0.156,0.1695,0.44773,0.53483,0.49839,0.27376,0.34191,0.44625,0.33122,0.14201,1.69289,2.94875,1.83766,1.84205,0,0,0,0.000536119,0.000536119,0.000536119
218,2786.93,1.96421,3.22071,2.23691,1.96651,0.19046,0.15518,0.16756,0.52659,0.46022,0.50739,0.28046,0.46947,0.34854,0.3385,0.14509,1.6887,2.95881,1.79214,1.83969,0,0,0,0.000534744,0.000534744,0.000534744
219,2799.87,2.00083,3.26405,2.33971,1.96391,0.19574,0.1536,0.16628,0.62587,0.45392,0.52554,0.29932,0.44224,0.37638,0.34255,0.15446,1.68249,2.95675,1.77571,1.83744,0,0,0,0.00053337,0.00053337,0.00053337
220,2812.46,1.90997,3.25429,2.22366,1.97817,0.19587,0.15783,0.17178,0.59982,0.51522,0.54957,0.32107,0.48497,0.41525,0.38248,0.16037,1.65549,2.93578,1.70463,1.81571,0,0,0,0.000531995,0.000531995,0.000531995
221,2825.26,1.89225,3.2141,2.16689,1.9629,0.19364,0.15355,0.16678,0.56682,0.46148,0.5211,0.30938,0.47639,0.3786,0.37769,0.15722,1.63736,2.92884,1.67348,1.79451,0,0,0,0.000530621,0.000530621,0.000530621
222,2837.86,1.85677,3.22411,2.15849,1.93024,0.18476,0.15227,0.16339,0.48312,0.50814,0.52557,0.29849,0.37049,0.46529,0.33598,0.14962,1.65999,2.90034,1.66925,1.81086,0,0,0,0.000529247,0.000529247,0.000529247
223,2850.43,1.92137,3.12195,2.13105,1.91825,0.18282,0.14601,0.15818,0.57447,0.51413,0.54521,0.30919,0.4245,0.45225,0.36327,0.15704,1.63145,2.8935,1.66599,1.80367,0,0,0,0.000527872,0.000527872,0.000527872
224,2862.96,1.86599,3.17419,2.1324,1.92698,0.19598,0.15948,0.17333,0.57097,0.56684,0.57485,0.33839,0.45656,0.45956,0.40014,0.18109,1.62323,2.89199,1.67815,1.79204,0,0,0,0.000526498,0.000526498,0.000526498
225,2875.87,1.93002,3.13924,2.17953,1.94164,0.18614,0.14958,0.1621,0.58965,0.52211,0.5716,0.34046,0.48545,0.43827,0.39749,0.17209,1.62741,2.908,1.6625,1.79567,0,0,0,0.000525123,0.000525123,0.000525123
226,2888.53,1.87101,3.13824,2.17296,1.92844,0.18143,0.14701,0.1603,0.53709,0.53924,0.53031,0.2985,0.42808,0.45029,0.37787,0.15552,1.63145,2.88205,1.66104,1.80175,0,0,0,0.000523749,0.000523749,0.000523749
227,2901.07,1.85971,3.17435,2.17167,1.90915,0.19258,0.15185,0.16554,0.50616,0.55135,0.52366,0.2955,0.43028,0.42809,0.38487,0.16282,1.63468,2.8578,1.65471,1.80633,0,0,0,0.000522374,0.000522374,0.000522374
228,2913.8,1.85588,3.19062,2.14397,1.93231,0.18624,0.15524,0.16895,0.54083,0.53554,0.53202,0.30591,0.43994,0.4502,0.40459,0.17875,1.62513,2.86055,1.66618,1.79714,0,0,0,0.000521,0.000521,0.000521
229,2926.35,1.93038,3.21591,2.2052,1.93951,0.18298,0.15118,0.16323,0.49553,0.60633,0.55016,0.31658,0.45284,0.52461,0.4221,0.1909,1.65055,2.84228,1.66518,1.8006,0,0,0,0.000519625,0.000519625,0.000519625
230,2939.05,1.87738,3.16913,2.08773,1.91805,0.18583,0.153,0.16843,0.57508,0.49953,0.54281,0.32252,0.4214,0.47256,0.38546,0.17008,1.63239,2.89331,1.65194,1.79743,0,0,0,0.000518251,0.000518251,0.000518251
231,2951.83,1.8914,3.17582,2.15519,1.93491,0.17936,0.14764,0.15975,0.57012,0.51894,0.54652,0.31436,0.4074,0.424,0.37537,0.17427,1.64344,2.88147,1.64635,1.81021,0,0,0,0.000516877,0.000516877,0.000516877
232,2964.39,1.90651,3.21392,2.19188,1.97948,0.18188,0.1514,0.16358,0.57464,0.51672,0.55149,0.30998,0.49275,0.4064,0.39279,0.17817,1.62011,2.87315,1.63369,1.79645,0,0,0,0.000515502,0.000515502,0.000515502
233,2976.94,1.91575,3.21674,2.21471,1.94788,0.18059,0.14982,0.16226,0.51916,0.53688,0.55056,0.31651,0.42775,0.46153,0.39831,0.16796,1.61464,2.87558,1.66266,1.7883,0,0,0,0.000514128,0.000514128,0.000514128
234,2989.64,1.9025,3.22194,2.17117,1.96648,0.17367,0.14574,0.16002,0.46965,0.60231,0.5428,0.31795,0.39496,0.51148,0.36904,0.15982,1.60184,2.85974,1.66003,1.78326,0,0,0,0.000512753,0.000512753,0.000512753
235,3002.24,1.91118,3.22623,2.13145,1.91668,0.17921,0.15362,0.16716,0.52963,0.56784,0.54266,0.30346,0.40764,0.45531,0.35526,0.15737,1.63117,2.88303,1.73555,1.79428,0,0,0,0.000511379,0.000511379,0.000511379
236,3014.84,1.8909,3.21158,2.11366,1.93571,0.18295,0.15364,0.16781,0.52003,0.59908,0.56214,0.32982,0.42576,0.49308,0.40177,0.17257,1.61195,2.85599,1.66018,1.79099,0,0,0,0.000510004,0.000510004,0.000510004
237,3027.46,1.85526,3.13692,2.19652,1.95034,0.18462,0.15576,0.17271,0.59556,0.55053,0.55593,0.32051,0.49869,0.45619,0.42144,0.18763,1.60117,2.84395,1.67289,1.77938,0,0,0,0.00050863,0.00050863,0.00050863
238,3039.98,1.85712,3.04776,2.11422,1.90038,0.177,0.14968,0.16373,0.52466,0.56056,0.56342,0.33939,0.42665,0.4831,0.41964,0.19275,1.58662,2.8273,1.63058,1.77299,0,0,0,0.000507255,0.000507255,0.000507255
239,3052.75,1.87404,3.15034,2.10608,1.90121,0.17805,0.1488,0.16269,0.52598,0.59088,0.57199,0.32894,0.43017,0.50636,0.40167,0.18406,1.63131,2.82929,1.59674,1.80392,0,0,0,0.000505881,0.000505881,0.000505881
240,3065.32,1.84186,3.20349,2.10359,1.95426,0.18566,0.15414,0.16816,0.60252,0.53003,0.57551,0.33192,0.51477,0.46271,0.43077,0.19276,1.5704,2.82571,1.61776,1.75724,0,0,0,0.000504506,0.000504506,0.000504506
241,3077.86,1.83791,3.12304,2.10965,1.92318,0.17252,0.14421,0.15827,0.57924,0.59717,0.58177,0.32976,0.44965,0.4967,0.43066,0.19363,1.5629,2.81381,1.57142,1.74568,0,0,0,0.000503132,0.000503132,0.000503132
242,3090.41,1.90542,3.08946,2.09368,1.87616,0.17096,0.14601,0.15807,0.57938,0.53285,0.58597,0.33793,0.45844,0.4524,0.43398,0.2004,1.56509,2.79452,1.56651,1.75725,0,0,0,0.000501758,0.000501758,0.000501758
243,3103.32,1.91966,3.15209,2.06991,1.89524,0.17331,0.14971,0.16055,0.5939,0.51863,0.59548,0.3633,0.49902,0.43177,0.46035,0.21993,1.56681,2.79193,1.55461,1.75414,0,0,0,0.000500383,0.000500383,0.000500383
244,3116.08,1.85003,3.08068,2.02344,1.90248,0.17923,0.15138,0.16546,0.54036,0.56575,0.59075,0.35267,0.45627,0.48499,0.44641,0.20176,1.57351,2.79643,1.55512,1.75101,0,0,0,0.000499009,0.000499009,0.000499009
245,3128.59,1.8381,3.02313,2.03185,1.89386,0.16632,0.14294,0.15687,0.67338,0.52748,0.59249,0.35486,0.55927,0.43035,0.42964,0.18837,1.56242,2.7889,1.53567,1.74473,0,0,0,0.000497634,0.000497634,0.000497634
246,3141.22,1.83575,3.15264,2.121,1.93987,0.17067,0.14341,0.15725,0.59681,0.58006,0.60721,0.34955,0.45824,0.46555,0.41371,0.18747,1.58203,2.78195,1.55853,1.75735,0,0,0,0.00049626,0.00049626,0.00049626
247,3153.83,1.86344,3.09635,2.06434,1.89198,0.16742,0.14811,0.15934,0.58409,0.5945,0.60085,0.345,0.45007,0.53191,0.42058,0.18742,1.59377,2.79964,1.5628,1.74814,0,0,0,0.000494885,0.000494885,0.000494885
248,3166.64,1.88173,3.06498,2.00783,1.8468,0.16502,0.14639,0.15814,0.56803,0.56579,0.57274,0.33607,0.47873,0.4867,0.42154,0.192,1.61418,2.79539,1.6078,1.76215,0,0,0,0.000493511,0.000493511,0.000493511
249,3179.35,1.84793,3.131,2.1118,1.92624,0.17884,0.1496,0.16451,0.68347,0.48665,0.58754,0.34649,0.4229,0.52057,0.43684,0.19899,1.55027,2.76793,1.56047,1.74596,0,0,0,0.000492136,0.000492136,0.000492136
250,3191.88,1.81423,3.07554,2.0337,1.87765,0.16834,0.14628,0.15974,0.52544,0.62026,0.5871,0.34851,0.44499,0.51181,0.43417,0.19503,1.54294,2.74966,1.55119,1.74087,0,0,0,0.000490762,0.000490762,0.000490762
251,3204.4,1.83351,3.11041,2.05507,1.88893,0.16474,0.14353,0.15615,0.52577,0.58048,0.57072,0.3403,0.43705,0.46903,0.41459,0.18865,1.57106,2.79068,1.56268,1.75662,0,0,0,0.000489387,0.000489387,0.000489387
252,3217.06,1.83018,3.15837,2.03462,1.89477,0.16467,0.14408,0.15753,0.50562,0.6501,0.59934,0.35764,0.43182,0.56677,0.45263,0.20974,1.54986,2.7728,1.53268,1.74364,0,0,0,0.000488013,0.000488013,0.000488013
253,3229.62,1.84405,3.10747,2.04967,1.90577,0.17113,0.14649,0.16123,0.61551,0.60716,0.61267,0.37039,0.52535,0.51098,0.47743,0.21707,1.57427,2.77799,1.54804,1.75055,0,0,0,0.000486639,0.000486639,0.000486639
254,3242.42,1.85434,3.17865,2.10254,1.93571,0.17026,0.14806,0.16141,0.63253,0.5795,0.62022,0.36454,0.5561,0.46715,0.46624,0.21505,1.56871,2.74927,1.54051,1.73989,0,0,0,0.000485264,0.000485264,0.000485264
255,3255.26,1.89417,3.02568,1.9864,1.87701,0.16731,0.14666,0.15947,0.6626,0.56388,0.631,0.37343,0.58199,0.47361,0.4876,0.22873,1.54395,2.73637,1.52503,1.72622,0,0,0,0.00048389,0.00048389,0.00048389
256,3268.14,1.83405,3.06288,2.01079,1.85323,0.16719,0.14897,0.16308,0.63211,0.55785,0.60868,0.36965,0.54516,0.46577,0.47397,0.21586,1.53048,2.71676,1.50769,1.71138,0,0,0,0.000482515,0.000482515,0.000482515
257,3280.62,1.82497,3.06794,2.00031,1.87017,0.15899,0.13734,0.14906,0.68184,0.52696,0.60705,0.3612,0.56928,0.44363,0.45187,0.21023,1.53153,2.72141,1.5135,1.71794,0,0,0,0.000481141,0.000481141,0.000481141
258,3293.25,1.76566,3.00275,1.95045,1.84373,0.16558,0.14337,0.15652,0.60696,0.60424,0.62285,0.36651,0.56635,0.44456,0.44741,0.21169,1.53466,2.72412,1.51749,1.72044,0,0,0,0.000479766,0.000479766,0.000479766
259,3305.76,1.83521,3.02169,2.02035,1.88518,0.17203,0.14382,0.15699,0.66199,0.52689,0.59702,0.35295,0.54598,0.42636,0.43979,0.20661,1.53671,2.70487,1.5257,1.72106,0,0,0,0.000478392,0.000478392,0.000478392
260,3318.49,1.89994,3.08675,1.98674,1.84164,0.16341,0.13809,0.15223,0.56324,0.56921,0.58289,0.34843,0.46644,0.45755,0.43539,0.20652,1.53807,2.70952,1.53444,1.71693,0,0,0,0.000477017,0.000477017,0.000477017
261,3331.31,1.86031,3.13878,2.02945,1.84877,0.17454,0.14919,0.16333,0.6806,0.59238,0.63987,0.38948,0.57723,0.49996,0.48233,0.23759,1.51609,2.71707,1.51961,1.70961,0,0,0,0.000475643,0.000475643,0.000475643
262,3344.12,1.83819,3.06986,2.06224,1.86558,0.16424,0.143,0.1553,0.5134,0.64998,0.60751,0.36802,0.41862,0.56176,0.44031,0.216,1.52621,2.72591,1.52704,1.71791,0,0,0,0.000474269,0.000474269,0.000474269
263,3356.69,1.77079,3.03385,1.98377,1.81555,0.16485,0.14565,0.15686,0.5667,0.57503,0.61597,0.37004,0.47957,0.48519,0.46412,0.21338,1.53506,2.69441,1.52158,1.71401,0,0,0,0.000472894,0.000472894,0.000472894
264,3369.42,1.81321,3.03492,2.02355,1.88048,0.18178,0.15494,0.16846,0.5778,0.61869,0.61643,0.37479,0.4478,0.54432,0.46023,0.21538,1.54059,2.68511,1.52621,1.70837,0,0,0,0.00047152,0.00047152,0.00047152
265,3381.93,1.80706,3.0548,2.02231,1.88476,0.16927,0.14055,0.15558,0.62001,0.61344,0.61941,0.37205,0.58034,0.47301,0.46766,0.21823,1.53966,2.70864,1.55059,1.71967,0,0,0,0.000470145,0.000470145,0.000470145
266,3394.47,1.7983,3.02901,2.02683,1.8493,0.16277,0.13566,0.15009,0.6384,0.54303,0.6141,0.36407,0.47629,0.5419,0.44058,0.20896,1.52503,2.69442,1.52615,1.71536,0,0,0,0.000468771,0.000468771,0.000468771
267,3407.21,1.80933,3.04951,2.05195,1.87234,0.16708,0.14445,0.15701,0.61641,0.61099,0.61189,0.36629,0.52908,0.52965,0.45394,0.21229,1.55044,2.68879,1.49762,1.73399,0,0,0,0.000467396,0.000467396,0.000467396
268,3419.72,1.82487,2.99514,2.01366,1.8893,0.16413,0.14317,0.15538,0.56842,0.63547,0.59949,0.35609,0.45991,0.51758,0.41542,0.19966,1.53651,2.68282,1.52267,1.71744,0,0,0,0.000466022,0.000466022,0.000466022
269,3432.41,1.83516,3.0996,1.95582,1.84512,0.16546,0.14123,0.15492,0.62735,0.6336,0.62816,0.38062,0.54584,0.53173,0.4679,0.22592,1.51671,2.70033,1.53753,1.69019,0,0,0,0.000464647,0.000464647,0.000464647
270,3445.08,1.79503,3.05188,1.92422,1.84325,0.16533,0.14345,0.15679,0.59062,0.63818,0.62038,0.38305,0.50595,0.57793,0.4942,0.24218,1.50645,2.68325,1.52867,1.67852,0,0,0,0.000463273,0.000463273,0.000463273
271,3457.59,1.82936,3.07203,2.02597,1.86504,0.1692,0.1458,0.16019,0.61629,0.60573,0.62467,0.38017,0.53481,0.51978,0.49911,0.2405,1.51042,2.67341,1.50526,1.68373,0,0,0,0.000461898,0.000461898,0.000461898
272,3470.18,1.83455,3.03047,1.98671,1.82741,0.16864,0.14565,0.15897,0.63338,0.57911,0.64184,0.38454,0.53832,0.49987,0.49266,0.24985,1.55473,2.70075,1.55102,1.70509,0,0,0,0.000460524,0.000460524,0.000460524
273,3483.43,1.81709,2.98462,1.92375,1.82582,0.16464,0.14687,0.15868,0.6001,0.58415,0.62495,0.374,0.49649,0.5445,0.49692,0.23687,1.5244,2.66589,1.50232,1.70759,0,0,0,0.00045915,0.00045915,0.00045915
274,3496.12,1.90259,3.086,2.02456,1.87584,0.17241,0.14501,0.15975,0.57285,0.62668,0.621,0.36843,0.49784,0.54656,0.48799,0.22625,1.50606,2.66333,1.475,1.69184,0,0,0,0.000457775,0.000457775,0.000457775
275,3508.77,1.81039,3.06837,1.92185,1.82513,0.16193,0.13716,0.14903,0.59332,0.61046,0.62349,0.37835,0.49787,0.5205,0.47198,0.22248,1.48276,2.65054,1.4702,1.67215,0,0,0,0.000456401,0.000456401,0.000456401
276,3521.32,1.7729,2.99006,1.94567,1.84934,0.17262,0.15202,0.16248,0.60051,0.61068,0.62272,0.38562,0.5255,0.53595,0.47418,0.22898,1.48049,2.64629,1.49232,1.6663,0,0,0,0.000455026,0.000455026,0.000455026
277,3533.95,1.81309,2.94116,1.97892,1.83979,0.15902,0.14053,0.15265,0.62298,0.63512,0.63343,0.38212,0.53529,0.55126,0.50372,0.23364,1.48752,2.65864,1.48242,1.68244,0,0,0,0.000453652,0.000453652,0.000453652
278,3546.62,1.79727,3.01985,1.92204,1.82818,0.16749,0.14538,0.15842,0.59406,0.64761,0.64403,0.39421,0.50807,0.55158,0.50055,0.23328,1.46911,2.65141,1.46159,1.66675,0,0,0,0.000452277,0.000452277,0.000452277
279,3559.42,1.79104,2.90501,1.88626,1.83089,0.15698,0.13214,0.14603,0.57094,0.67949,0.66087,0.41811,0.49386,0.55972,0.52616,0.2521,1.4761,2.63611,1.43455,1.67049,0,0,0,0.000450903,0.000450903,0.000450903
280,3572.13,1.7881,3.01488,1.92627,1.8139,0.16368,0.14078,0.15465,0.66097,0.64045,0.68641,0.41976,0.53645,0.56406,0.54128,0.25347,1.48701,2.65179,1.42278,1.68143,0,0,0,0.000449528,0.000449528,0.000449528
281,3584.9,1.75917,2.99254,1.90876,1.84534,0.16409,0.14118,0.15466,0.73684,0.59403,0.67034,0.42114,0.51978,0.6191,0.52742,0.2537,1.48009,2.61028,1.43015,1.67138,0,0,0,0.000448154,0.000448154,0.000448154
282,3597.71,1.72802,2.93853,1.88305,1.80883,0.16662,0.14255,0.15519,0.6706,0.62936,0.6803,0.4222,0.57918,0.54613,0.54218,0.25898,1.48676,2.6241,1.44835,1.66748,0,0,0,0.00044678,0.00044678,0.00044678
283,3610.49,1.77126,2.95401,1.84717,1.79224,0.16528,0.14414,0.15584,0.6725,0.65683,0.66829,0.41903,0.56338,0.58842,0.53931,0.27298,1.45178,2.58864,1.42922,1.64627,0,0,0,0.000445405,0.000445405,0.000445405
284,3623.26,1.75929,2.95812,1.90865,1.80205,0.16394,0.1391,0.15246,0.69826,0.58582,0.67173,0.40964,0.56127,0.52999,0.53887,0.25399,1.47559,2.62831,1.43022,1.66652,0,0,0,0.000444031,0.000444031,0.000444031
285,3636.02,1.73617,2.99831,1.90584,1.80182,0.15604,0.13578,0.14928,0.65106,0.62994,0.67245,0.40058,0.55658,0.58866,0.54025,0.24044,1.49338,2.65158,1.44489,1.68251,0,0,0,0.000442656,0.000442656,0.000442656
286,3648.45,1.73316,2.99806,1.90586,1.8354,0.16643,0.14666,0.16021,0.70569,0.58627,0.67708,0.42685,0.55879,0.54641,0.52871,0.25983,1.46622,2.63084,1.42186,1.66192,0,0,0,0.000441282,0.000441282,0.000441282
287,3661.04,1.70004,2.94219,1.87453,1.80475,0.16332,0.14303,0.15523,0.70981,0.58622,0.67814,0.42973,0.53614,0.55238,0.52389,0.25736,1.45302,2.62954,1.40179,1.64814,0,0,0,0.000439907,0.000439907,0.000439907
288,3673.82,1.76235,2.96393,1.91308,1.79147,0.15817,0.13292,0.14738,0.66122,0.65667,0.68216,0.43497,0.56623,0.56943,0.54115,0.26451,1.4583,2.57687,1.38665,1.64284,0,0,0,0.000438533,0.000438533,0.000438533
289,3686.55,1.74929,2.87822,1.83469,1.79109,0.15575,0.13284,0.14563,0.70966,0.63399,0.68863,0.44195,0.58086,0.53726,0.53969,0.27349,1.46663,2.56114,1.40467,1.65264,0,0,0,0.000437158,0.000437158,0.000437158
290,3699.44,1.77046,2.96569,1.88786,1.81521,0.16021,0.13798,0.15179,0.62339,0.6688,0.67832,0.43437,0.52532,0.58987,0.52846,0.27042,1.44571,2.54746,1.39659,1.64148,0,0,0,0.000435784,0.000435784,0.000435784
291,3712.29,1.74146,2.96003,1.87283,1.78851,0.16313,0.14258,0.15442,0.60719,0.67858,0.67341,0.43286,0.52006,0.58385,0.51344,0.25591,1.44095,2.56621,1.40412,1.63041,0,0,0,0.000434409,0.000434409,0.000434409
292,3724.83,1.80411,2.94408,1.98124,1.80668,0.15806,0.13556,0.14786,0.64494,0.66836,0.68856,0.43091,0.52588,0.58607,0.53477,0.26468,1.47007,2.57086,1.41029,1.64928,0,0,0,0.000433035,0.000433035,0.000433035
293,3737.32,1.73853,2.9032,1.94555,1.83572,0.16117,0.14075,0.1538,0.66545,0.68791,0.67946,0.42593,0.58094,0.59543,0.54497,0.26657,1.4676,2.54247,1.38723,1.65071,0,0,0,0.000431661,0.000431661,0.000431661
294,3750.03,1.76094,2.9351,1.8676,1.83896,0.1643,0.14554,0.15826,0.66112,0.64152,0.68882,0.43104,0.54655,0.56296,0.54065,0.26863,1.42863,2.53741,1.40273,1.63464,0,0,0,0.000430286,0.000430286,0.000430286
295,3762.59,1.72794,2.91509,1.9002,1.79485,0.15732,0.13184,0.14536,0.62263,0.67382,0.66151,0.42066,0.53787,0.58801,0.52678,0.26349,1.4134,2.54702,1.39941,1.62386,0,0,0,0.000428912,0.000428912,0.000428912
296,3775.15,1.79315,3.01611,1.89648,1.80468,0.15123,0.13323,0.14557,0.63977,0.66116,0.66112,0.4112,0.5461,0.57177,0.54333,0.26554,1.43609,2.56171,1.41256,1.63676,0,0,0,0.000427537,0.000427537,0.000427537
297,3787.92,1.74982,2.97225,1.87941,1.78138,0.16206,0.14122,0.15452,0.66698,0.65312,0.6724,0.42171,0.58666,0.54052,0.52956,0.2594,1.45176,2.57286,1.4129,1.64219,0,0,0,0.000426163,0.000426163,0.000426163
298,3800.42,1.74271,2.96547,1.93009,1.85112,0.16281,0.14001,0.15288,0.62617,0.66468,0.67743,0.42615,0.52561,0.62858,0.54652,0.26742,1.45127,2.52777,1.37707,1.64632,0,0,0,0.000424788,0.000424788,0.000424788
299,3813.03,1.73692,2.8977,1.83252,1.81613,0.15988,0.14102,0.15445,0.64786,0.67434,0.66554,0.41347,0.596,0.59724,0.54184,0.26256,1.47048,2.55244,1.40746,1.65104,0,0,0,0.000423414,0.000423414,0.000423414
300,3825.59,1.6724,2.86938,1.8655,1.813,0.15305,0.1336,0.14706,0.64428,0.67371,0.6602,0.41485,0.54709,0.60577,0.5329,0.25356,1.44188,2.54034,1.42131,1.62194,0,0,0,0.000422039,0.000422039,0.000422039
301,3838.3,1.72966,2.92667,1.81327,1.78018,0.16254,0.14274,0.15606,0.70912,0.62066,0.68789,0.44715,0.56938,0.59836,0.56512,0.2796,1.4326,2.51586,1.40822,1.61423,0,0,0,0.000420665,0.000420665,0.000420665
302,3851,1.69271,2.91783,1.85115,1.8229,0.15667,0.1352,0.14755,0.65608,0.65362,0.67936,0.43714,0.51793,0.62451,0.53825,0.25619,1.43669,2.56547,1.42051,1.61022,0,0,0,0.000419291,0.000419291,0.000419291
303,3863.79,1.82451,3.05693,1.87351,1.77606,0.16078,0.14174,0.15251,0.69012,0.63713,0.6793,0.42686,0.58159,0.55305,0.53332,0.26006,1.4328,2.58132,1.41927,1.6101,0,0,0,0.000417916,0.000417916,0.000417916
304,3876.42,1.69779,2.89329,1.7728,1.76049,0.15409,0.13642,0.14888,0.71348,0.62898,0.67826,0.44618,0.6197,0.54584,0.55065,0.27538,1.40696,2.54554,1.39587,1.60021,0,0,0,0.000416542,0.000416542,0.000416542
305,3888.97,1.69679,2.89514,1.7836,1.75711,0.16469,0.14254,0.15246,0.69787,0.64563,0.68998,0.44535,0.61852,0.57463,0.57755,0.27756,1.42153,2.54943,1.3757,1.61425,0,0,0,0.000415167,0.000415167,0.000415167
306,3901.72,1.75293,2.85698,1.83408,1.76276,0.15573,0.13279,0.14591,0.69749,0.64884,0.69698,0.45729,0.61495,0.57334,0.57342,0.28536,1.43159,2.54034,1.37218,1.61303,0,0,0,0.000413793,0.000413793,0.000413793
307,3914.56,1.76694,2.89978,1.82272,1.8062,0.1574,0.13568,0.14671,0.68223,0.65504,0.70797,0.46327,0.6681,0.55153,0.57895,0.28927,1.42461,2.51596,1.35325,1.61181,0,0,0,0.000412418,0.000412418,0.000412418
308,3927.29,1.6858,2.88625,1.80479,1.76711,0.16409,0.14041,0.15307,0.68686,0.68656,0.68891,0.43776,0.60644,0.60543,0.54304,0.26193,1.42261,2.53441,1.36785,1.6044,0,0,0,0.000411044,0.000411044,0.000411044
309,3940.28,1.80838,2.99423,1.85272,1.74847,0.16184,0.13739,0.15095,0.6463,0.68626,0.67839,0.42103,0.55942,0.6026,0.52472,0.25636,1.42054,2.52096,1.37946,1.60754,0,0,0,0.000409669,0.000409669,0.000409669
310,3952.9,1.75844,2.95378,1.86111,1.77002,0.16299,0.14159,0.15354,0.65924,0.6688,0.69567,0.45113,0.59275,0.59958,0.55434,0.27939,1.39889,2.5116,1.37666,1.59485,0,0,0,0.000408295,0.000408295,0.000408295
311,3965.59,1.75128,2.95257,1.86353,1.7685,0.16261,0.14113,0.15163,0.76049,0.63343,0.6971,0.45083,0.5972,0.58491,0.55836,0.2831,1.39717,2.50749,1.36382,1.60086,0,0,0,0.00040692,0.00040692,0.00040692
312,3978.29,1.74583,2.91273,1.84078,1.7654,0.15509,0.13275,0.14465,0.70892,0.65346,0.71298,0.47163,0.6329,0.57416,0.56823,0.28585,1.39397,2.50958,1.32625,1.59171,0,0,0,0.000405546,0.000405546,0.000405546
313,3991.05,1.67795,2.91217,1.80156,1.78556,0.15845,0.14023,0.15193,0.69297,0.65722,0.71157,0.47533,0.59772,0.59015,0.58951,0.30606,1.36668,2.49753,1.30625,1.5777,0,0,0,0.000404172,0.000404172,0.000404172
314,4003.69,1.69362,2.8586,1.7947,1.779,0.14357,0.1265,0.1377,0.71417,0.60123,0.69842,0.45817,0.62248,0.53075,0.56144,0.28601,1.39007,2.52933,1.35557,1.59197,0,0,0,0.000402797,0.000402797,0.000402797
315,4016.43,1.72808,2.9028,1.76892,1.75835,0.15574,0.13496,0.14561,0.71647,0.58954,0.68698,0.4445,0.62846,0.52409,0.55332,0.28218,1.41028,2.53153,1.34003,1.60779,0,0,0,0.000401423,0.000401423,0.000401423
316,4029.02,1.7351,2.88428,1.84166,1.80164,0.15168,0.13241,0.14382,0.71577,0.60801,0.68678,0.44924,0.60509,0.54036,0.55038,0.28238,1.38733,2.51649,1.34521,1.59232,0,0,0,0.000400048,0.000400048,0.000400048
317,4041.54,1.66082,2.83507,1.78001,1.75318,0.15496,0.13591,0.14877,0.64744,0.6825,0.69831,0.44857,0.6397,0.53879,0.57076,0.28342,1.37019,2.4961,1.35472,1.58335,0,0,0,0.000398674,0.000398674,0.000398674
318,4054.34,1.70928,2.95467,1.82585,1.76758,0.15918,0.13567,0.14844,0.70585,0.65142,0.69809,0.43613,0.61728,0.596,0.57148,0.27622,1.41656,2.52398,1.35425,1.61066,0,0,0,0.000397299,0.000397299,0.000397299
319,4066.98,1.69335,2.91079,1.78332,1.76455,0.16354,0.14345,0.15525,0.74394,0.62381,0.69339,0.44051,0.65242,0.54635,0.56684,0.28162,1.38675,2.49376,1.36079,1.59708,0,0,0,0.000395925,0.000395925,0.000395925
320,4079.68,1.67886,2.92179,1.85908,1.75747,0.15732,0.13738,0.14976,0.67997,0.68882,0.6966,0.44509,0.61331,0.58546,0.56503,0.28307,1.37771,2.49414,1.43014,1.58756,0,0,0,0.00039455,0.00039455,0.00039455
321,4092.5,1.67603,2.79977,1.78465,1.75238,0.14842,0.13,0.14145,0.73085,0.66276,0.70798,0.45388,0.63574,0.55759,0.55593,0.27439,1.38641,2.46997,1.37284,1.58385,0,0,0,0.000393176,0.000393176,0.000393176
322,4105.06,1.63572,2.83935,1.69704,1.73217,0.15576,0.14025,0.14997,0.77165,0.6319,0.71515,0.4624,0.67683,0.55314,0.5753,0.29605,1.36165,2.44249,1.32249,1.56359,0,0,0,0.000391802,0.000391802,0.000391802
323,4117.55,1.6508,2.81224,1.76223,1.76225,0.15072,0.12807,0.14194,0.66877,0.68592,0.70727,0.45891,0.57953,0.59912,0.56318,0.29556,1.366,2.44322,1.32388,1.56986,0,0,0,0.000390427,0.000390427,0.000390427
324,4130.2,1.63521,2.91829,1.80417,1.81433,0.15676,0.13669,0.1482,0.72694,0.63222,0.70036,0.45743,0.61199,0.53939,0.55493,0.28412,1.3788,2.47881,1.32174,1.58838,0,0,0,0.000389053,0.000389053,0.000389053
325,4142.79,1.69627,2.82886,1.8264,1.76575,0.15613,0.13844,0.15009,0.7444,0.63852,0.70041,0.44417,0.63487,0.54903,0.55014,0.27373,1.39591,2.50054,1.35316,1.59118,0,0,0,0.000387678,0.000387678,0.000387678
326,4155.51,1.75053,2.88301,1.80937,1.77132,0.15522,0.13772,0.14923,0.71174,0.64947,0.69266,0.44332,0.61039,0.55354,0.53222,0.27026,1.40618,2.47414,1.34133,1.5927,0,0,0,0.000386304,0.000386304,0.000386304
327,4168.4,1.70524,2.95952,1.82324,1.77152,0.16702,0.1446,0.15792,0.70796,0.68991,0.71663,0.45283,0.61257,0.60081,0.56116,0.2904,1.39994,2.48669,1.32577,1.60056,0,0,0,0.000384929,0.000384929,0.000384929
328,4181.15,1.6517,2.86794,1.7566,1.73408,0.15842,0.13988,0.15365,0.69851,0.70854,0.71577,0.46483,0.60848,0.63485,0.56948,0.30184,1.36904,2.4742,1.3429,1.58071,0,0,0,0.000383555,0.000383555,0.000383555
329,4193.84,1.72407,2.84104,1.78144,1.74505,0.14444,0.1319,0.1421,0.68887,0.71281,0.69596,0.44162,0.61375,0.63464,0.55052,0.29147,1.37395,2.48118,1.36046,1.57066,0,0,0,0.00038218,0.00038218,0.00038218
330,4206.63,1.68513,2.88274,1.82705,1.76872,0.15902,0.13945,0.1518,0.67777,0.69492,0.69062,0.44691,0.58243,0.59063,0.537,0.27846,1.386,2.47554,1.37913,1.56886,0,0,0,0.000380806,0.000380806,0.000380806
331,4219.17,1.68812,2.83172,1.81387,1.77594,0.16078,0.14294,0.15681,0.74119,0.65599,0.72021,0.46849,0.65188,0.55608,0.56817,0.2899,1.37781,2.48203,1.35819,1.57256,0,0,0,0.000379431,0.000379431,0.000379431
332,4231.79,1.68585,2.88159,1.75624,1.72805,0.15364,0.13763,0.14968,0.70458,0.67135,0.7304,0.46991,0.62583,0.60256,0.59281,0.30453,1.36247,2.4763,1.35382,1.57465,0,0,0,0.000378057,0.000378057,0.000378057
333,4244.48,1.64486,2.79324,1.74385,1.74854,0.16223,0.14317,0.15524,0.73554,0.66395,0.7374,0.47381,0.64927,0.59742,0.59614,0.30672,1.36637,2.46097,1.33114,1.56939,0,0,0,0.000376683,0.000376683,0.000376683
334,4256.91,1.64411,2.76023,1.72835,1.74063,0.14826,0.13517,0.14695,0.70681,0.68106,0.72645,0.47127,0.57585,0.61525,0.57166,0.29622,1.36929,2.43625,1.27332,1.57476,0,0,0,0.000375308,0.000375308,0.000375308
335,4269.45,1.62763,2.69123,1.68302,1.72939,0.15596,0.13504,0.14667,0.79238,0.6542,0.72935,0.47565,0.68173,0.57543,0.58833,0.3121,1.38223,2.41902,1.27301,1.57931,0,0,0,0.000373934,0.000373934,0.000373934
336,4282.41,1.69872,2.79178,1.80762,1.76646,0.1562,0.13235,0.14636,0.70399,0.67261,0.71547,0.4567,0.62021,0.57586,0.57472,0.30258,1.38217,2.43068,1.29537,1.57729,0,0,0,0.000372559,0.000372559,0.000372559
337,4295.05,1.72173,2.88655,1.80972,1.73826,0.15438,0.13253,0.14542,0.64016,0.70375,0.73151,0.47247,0.56025,0.61477,0.59936,0.30265,1.35951,2.43658,1.29472,1.56348,0,0,0,0.000371185,0.000371185,0.000371185
338,4307.6,1.68422,2.82153,1.76989,1.77238,0.15498,0.13778,0.14833,0.71449,0.64614,0.72864,0.46847,0.60186,0.57259,0.58788,0.30264,1.36172,2.44266,1.29394,1.55576,0,0,0,0.00036981,0.00036981,0.00036981
339,4320.31,1.59343,2.7986,1.70361,1.70541,0.15222,0.13989,0.14972,0.70222,0.67617,0.72398,0.46426,0.59803,0.58711,0.58263,0.30716,1.35318,2.39107,1.29998,1.55517,0,0,0,0.000368436,0.000368436,0.000368436
340,4332.7,1.6309,2.80867,1.77273,1.76241,0.15254,0.13837,0.14939,0.75141,0.69002,0.74787,0.4838,0.65983,0.58438,0.60205,0.31702,1.3322,2.36093,1.26368,1.54912,0,0,0,0.000367061,0.000367061,0.000367061
341,4345.49,1.71052,2.78605,1.74853,1.73604,0.14565,0.1296,0.14216,0.72349,0.67194,0.7491,0.49146,0.62919,0.53927,0.58346,0.31006,1.33349,2.36543,1.26453,1.54722,0,0,0,0.000365687,0.000365687,0.000365687
342,4358.35,1.58824,2.70255,1.74005,1.71424,0.15506,0.13734,0.14968,0.73749,0.67676,0.72839,0.46796,0.63836,0.5627,0.57193,0.29591,1.34205,2.36082,1.29701,1.53836,0,0,0,0.000364313,0.000364313,0.000364313
343,4371.04,1.67452,2.82296,1.69467,1.71876,0.15232,0.13916,0.14949,0.75784,0.6502,0.72684,0.47137,0.62262,0.5933,0.59342,0.29563,1.33875,2.36222,1.29687,1.53486,0,0,0,0.000362938,0.000362938,0.000362938
344,4383.65,1.68979,2.79697,1.70445,1.70737,0.14531,0.1332,0.14227,0.72958,0.67767,0.72804,0.48285,0.64923,0.59419,0.60533,0.29492,1.31623,2.34774,1.26269,1.5245,0,0,0,0.000361564,0.000361564,0.000361564
345,4396.31,1.61918,2.78907,1.71221,1.72896,0.14392,0.13044,0.14014,0.729,0.68969,0.74073,0.48317,0.65698,0.60664,0.61385,0.30067,1.33427,2.37159,1.26286,1.54788,0,0,0,0.000360189,0.000360189,0.000360189
346,4408.99,1.68209,2.77864,1.69439,1.72921,0.14282,0.1329,0.1427,0.6864,0.68115,0.71889,0.47746,0.58558,0.61277,0.58956,0.29922,1.31799,2.35795,1.27184,1.5411,0,0,0,0.000358815,0.000358815,0.000358815
347,4421.58,1.64288,2.78563,1.70163,1.72192,0.15125,0.13467,0.1454,0.70458,0.68637,0.72742,0.47538,0.62422,0.60404,0.59167,0.30813,1.31032,2.3278,1.26334,1.53452,0,0,0,0.00035744,0.00035744,0.00035744
348,4434.11,1.64662,2.7626,1.72267,1.72891,0.13925,0.12897,0.13829,0.73196,0.70355,0.72614,0.48467,0.62945,0.61074,0.57573,0.29857,1.3081,2.33971,1.25055,1.5232,0,0,0,0.000356066,0.000356066,0.000356066
349,4446.77,1.57255,2.76243,1.67367,1.70263,0.14644,0.13475,0.14424,0.76273,0.66314,0.74878,0.49965,0.73249,0.53655,0.59655,0.31271,1.30347,2.34459,1.23821,1.5215,0,0,0,0.000354691,0.000354691,0.000354691
350,4459.46,1.61953,2.76491,1.68625,1.72672,0.15696,0.13769,0.15019,0.72383,0.68619,0.74867,0.49774,0.62193,0.59507,0.59866,0.32014,1.29782,2.32159,1.23374,1.52153,0,0,0,0.000353317,0.000353317,0.000353317
351,4472.2,1.62136,2.76447,1.68636,1.71833,0.15937,0.14244,0.15307,0.73444,0.69936,0.73531,0.49314,0.65426,0.58926,0.60061,0.31686,1.31365,2.32251,1.24614,1.52959,0,0,0,0.000351942,0.000351942,0.000351942
352,4484.93,1.68502,2.77555,1.73976,1.75504,0.14658,0.13242,0.14435,0.75684,0.68275,0.73656,0.48969,0.66936,0.60382,0.59073,0.32109,1.31919,2.33333,1.25521,1.52694,0,0,0,0.000350568,0.000350568,0.000350568
353,4497.6,1.6307,2.78285,1.68878,1.69443,0.14837,0.13514,0.14782,0.77282,0.68585,0.74353,0.49139,0.66872,0.5964,0.59161,0.3197,1.29819,2.3287,1.25818,1.51705,0,0,0,0.000349194,0.000349194,0.000349194
354,4510.11,1.63153,2.80136,1.6742,1.71629,0.15976,0.14208,0.15374,0.73533,0.69197,0.73225,0.49251,0.64134,0.61167,0.58889,0.31377,1.30678,2.32161,1.28651,1.51754,0,0,0,0.000347819,0.000347819,0.000347819
355,4522.79,1.61231,2.81247,1.69928,1.71106,0.1521,0.13675,0.149,0.67692,0.71716,0.72526,0.4845,0.5855,0.62794,0.57875,0.29712,1.30483,2.32539,1.28439,1.51358,0,0,0,0.000346445,0.000346445,0.000346445
356,4535.4,1.64423,2.7638,1.74733,1.73205,0.15212,0.13598,0.14674,0.68863,0.71848,0.72909,0.49434,0.58998,0.60738,0.5499,0.29142,1.28924,2.34049,1.24863,1.50299,0,0,0,0.00034507,0.00034507,0.00034507
357,4547.89,1.67182,2.78915,1.75073,1.71341,0.14853,0.13058,0.1421,0.71391,0.70528,0.74565,0.50402,0.62979,0.61754,0.5988,0.31213,1.28362,2.32897,1.23094,1.49868,0,0,0,0.000343696,0.000343696,0.000343696
358,4560.62,1.63298,2.70779,1.63666,1.69912,0.14271,0.1315,0.14298,0.79033,0.67093,0.75883,0.50305,0.68119,0.57851,0.6116,0.33194,1.28692,2.32194,1.24792,1.49911,0,0,0,0.000342321,0.000342321,0.000342321
359,4573.34,1.58021,2.74862,1.70717,1.72142,0.15662,0.14019,0.15096,0.7559,0.70996,0.75451,0.51682,0.66956,0.62479,0.61013,0.33393,1.28368,2.31732,1.25019,1.49622,0,0,0,0.000340947,0.000340947,0.000340947
360,4586.07,1.64335,2.76062,1.71835,1.69562,0.14699,0.13292,0.14323,0.7295,0.72127,0.74914,0.50482,0.65186,0.6447,0.61432,0.32185,1.28752,2.32621,1.22478,1.49777,0,0,0,0.000339572,0.000339572,0.000339572
361,4598.7,1.62436,2.77415,1.72097,1.7048,0.15169,0.13698,0.14874,0.76171,0.66698,0.74114,0.49731,0.68551,0.57611,0.60931,0.32987,1.28728,2.29738,1.21204,1.49611,0,0,0,0.000338198,0.000338198,0.000338198
362,4611.3,1.57662,2.78598,1.62106,1.69967,0.15264,0.13807,0.14914,0.75205,0.68381,0.74471,0.51081,0.63918,0.60726,0.62316,0.33826,1.28629,2.30949,1.20984,1.50228,0,0,0,0.000336824,0.000336824,0.000336824
363,4623.77,1.64675,2.76762,1.72454,1.72365,0.14519,0.12748,0.13959,0.74854,0.67328,0.75198,0.52291,0.6249,0.61818,0.63715,0.34348,1.28953,2.28874,1.21291,1.50436,0,0,0,0.000335449,0.000335449,0.000335449
364,4636.68,1.63306,2.82368,1.69976,1.69954,0.14826,0.1341,0.14516,0.79982,0.63679,0.74791,0.51406,0.71718,0.56412,0.63661,0.34567,1.29289,2.27538,1.20164,1.50526,0,0,0,0.000334075,0.000334075,0.000334075
365,4649.21,1.57703,2.70091,1.69188,1.73889,0.1544,0.13579,0.14757,0.6795,0.72926,0.75094,0.5131,0.59372,0.63733,0.6093,0.33608,1.29228,2.27744,1.21322,1.49967,0,0,0,0.0003327,0.0003327,0.0003327
366,4661.87,1.60544,2.70786,1.66296,1.69416,0.14284,0.1321,0.14287,0.76788,0.68756,0.74836,0.51457,0.67806,0.5999,0.61136,0.34293,1.27609,2.25604,1.25967,1.49128,0,0,0,0.000331326,0.000331326,0.000331326
367,4674.62,1.63008,2.66893,1.69054,1.6807,0.14025,0.12838,0.13923,0.77549,0.69655,0.75734,0.51333,0.69753,0.61763,0.63663,0.34825,1.27146,2.2609,1.24103,1.47952,0,0,0,0.000329951,0.000329951,0.000329951
368,4687.34,1.61446,2.68442,1.6397,1.6892,0.14614,0.13148,0.14232,0.77573,0.68725,0.75565,0.51916,0.73182,0.59151,0.62877,0.33236,1.28182,2.28619,1.21874,1.4822,0,0,0,0.000328577,0.000328577,0.000328577
369,4699.79,1.59447,2.6517,1.62685,1.70245,0.14469,0.1366,0.14725,0.7599,0.70681,0.75233,0.5191,0.66033,0.60064,0.59452,0.31705,1.281,2.28539,1.22263,1.49213,0,0,0,0.000327202,0.000327202,0.000327202
370,4712.47,1.66009,2.75717,1.68808,1.69758,0.14404,0.13151,0.14243,0.71737,0.67557,0.76024,0.52413,0.56836,0.61042,0.60178,0.32974,1.27465,2.25944,1.23568,1.49014,0,0,0,0.000325828,0.000325828,0.000325828
371,4725,1.6049,2.72354,1.64981,1.67971,0.14649,0.13483,0.14486,0.68678,0.74183,0.77087,0.51946,0.60215,0.64205,0.62693,0.34727,1.26616,2.25836,1.22918,1.48605,0,0,0,0.000324453,0.000324453,0.000324453
372,4737.81,1.6428,2.68036,1.63704,1.66935,0.13822,0.12741,0.13693,0.72062,0.7166,0.76371,0.51835,0.63611,0.62971,0.62331,0.33873,1.26652,2.25016,1.22708,1.48164,0,0,0,0.000323079,0.000323079,0.000323079
373,4750.51,1.65703,2.70362,1.68908,1.66072,0.1352,0.12259,0.1338,0.75864,0.69071,0.77517,0.51525,0.69024,0.58134,0.61,0.33344,1.31223,2.28563,1.23037,1.50541,0,0,0,0.000321705,0.000321705,0.000321705
374,4763.11,1.62881,2.68594,1.68515,1.70973,0.15241,0.13725,0.14873,0.77783,0.6982,0.77518,0.52643,0.70267,0.58125,0.6233,0.34475,1.29383,2.28215,1.21817,1.50379,0,0,0,0.00032033,0.00032033,0.00032033
375,4775.88,1.59381,2.66987,1.6359,1.69111,0.1339,0.1279,0.13685,0.7615,0.71968,0.77758,0.52898,0.65385,0.62281,0.62752,0.34752,1.26962,2.27473,1.21995,1.48313,0,0,0,0.000318956,0.000318956,0.000318956
376,4788.86,1.60319,2.70389,1.645,1.68988,0.15586,0.14004,0.1506,0.72355,0.72319,0.76845,0.52048,0.61247,0.62761,0.63459,0.33956,1.2626,2.27735,1.21768,1.48871,0,0,0,0.000317581,0.000317581,0.000317581
377,4801.43,1.64274,2.68616,1.6622,1.70097,0.14672,0.1347,0.14471,0.72758,0.71076,0.7705,0.52553,0.6294,0.63043,0.64199,0.35313,1.25593,2.25313,1.20139,1.48508,0,0,0,0.000316207,0.000316207,0.000316207
378,4814.13,1.54951,2.63831,1.63911,1.66356,0.15398,0.14359,0.15403,0.74364,0.68706,0.75948,0.51865,0.65988,0.61951,0.64188,0.35265,1.26527,2.25504,1.20447,1.48103,0,0,0,0.000314832,0.000314832,0.000314832
379,4826.7,1.60016,2.71073,1.66147,1.66905,0.14268,0.13241,0.14267,0.70996,0.73415,0.76718,0.52699,0.65935,0.64669,0.6567,0.34758,1.27531,2.25272,1.19691,1.48331,0,0,0,0.000313458,0.000313458,0.000313458
380,4839.45,1.59651,2.66393,1.59757,1.67936,0.14538,0.13247,0.14307,0.73679,0.69554,0.75986,0.52387,0.67307,0.60023,0.62801,0.34866,1.2711,2.25621,1.18819,1.48376,0,0,0,0.000312083,0.000312083,0.000312083
381,4851.91,1.61734,2.72837,1.63248,1.68178,0.14542,0.13277,0.14361,0.73531,0.72028,0.75446,0.52048,0.65684,0.6369,0.6269,0.35152,1.2656,2.28364,1.20726,1.48632,0,0,0,0.000310709,0.000310709,0.000310709
382,4864.53,1.62246,2.75895,1.66453,1.69376,0.15128,0.13602,0.14878,0.72896,0.71294,0.75257,0.52043,0.64669,0.6351,0.62644,0.34434,1.25842,2.25466,1.20418,1.47899,0,0,0,0.000309335,0.000309335,0.000309335
383,4877.19,1.6065,2.73885,1.63174,1.67848,0.14421,0.12939,0.13975,0.67177,0.71821,0.7565,0.51995,0.61337,0.63125,0.60443,0.33266,1.24432,2.25532,1.20498,1.4689,0,0,0,0.00030796,0.00030796,0.00030796
384,4889.71,1.55255,2.66003,1.64758,1.66063,0.14232,0.13065,0.14092,0.68554,0.74637,0.76356,0.53021,0.5949,0.64842,0.59857,0.33121,1.247,2.25268,1.21956,1.46796,0,0,0,0.000306586,0.000306586,0.000306586
385,4902.13,1.56705,2.69108,1.57952,1.6527,0.14062,0.12854,0.13855,0.69745,0.74644,0.75847,0.52216,0.62224,0.66718,0.6339,0.34101,1.2551,2.26276,1.22739,1.46813,0,0,0,0.000305211,0.000305211,0.000305211
386,4914.83,1.63897,2.73469,1.63589,1.68777,0.13547,0.12749,0.13692,0.69744,0.75391,0.77218,0.53254,0.6115,0.6602,0.6292,0.34818,1.24017,2.25939,1.2206,1.4611,0,0,0,0.000303837,0.000303837,0.000303837
387,4927.6,1.61575,2.74572,1.62609,1.63404,0.13579,0.12391,0.13308,0.70066,0.73974,0.76673,0.53404,0.62084,0.60819,0.61851,0.34451,1.2365,2.23877,1.21076,1.46129,0,0,0,0.000302462,0.000302462,0.000302462
388,4940.35,1.60549,2.71668,1.60999,1.6403,0.14393,0.13552,0.14316,0.73127,0.71594,0.7666,0.52899,0.68453,0.59479,0.63779,0.35989,1.24968,2.2225,1.19649,1.46498,0,0,0,0.000301088,0.000301088,0.000301088
389,4953.41,1.66637,2.74722,1.66658,1.66322,0.13822,0.13102,0.13964,0.78496,0.68375,0.77218,0.53925,0.68231,0.60794,0.64773,0.35759,1.23937,2.22277,1.17388,1.45874,0,0,0,0.000299713,0.000299713,0.000299713
390,4966.31,1.6016,2.66527,1.57473,1.64386,0.14157,0.13704,0.1452,0.75132,0.6928,0.77187,0.53985,0.68235,0.59538,0.6591,0.3714,1.24641,2.21123,1.16782,1.46325,0,0,0,0.000298339,0.000298339,0.000298339
391,4978.9,1.5424,2.60426,1.60871,1.66373,0.14476,0.13265,0.14341,0.74916,0.69778,0.77011,0.52484,0.66063,0.62303,0.65433,0.36661,1.2428,2.20415,1.16472,1.46331,0,0,0,0.000296964,0.000296964,0.000296964
392,4991.71,1.55986,2.64139,1.59783,1.65824,0.14267,0.1303,0.13921,0.68474,0.70828,0.76385,0.51452,0.60153,0.62662,0.6387,0.34077,1.24836,2.21451,1.16808,1.47442,0,0,0,0.00029559,0.00029559,0.00029559
393,5004.2,1.59318,2.74853,1.61989,1.6528,0.13993,0.12795,0.13728,0.716,0.69766,0.75807,0.51457,0.62684,0.62541,0.63659,0.34436,1.25682,2.22992,1.16369,1.47541,0,0,0,0.000294216,0.000294216,0.000294216
394,5016.81,1.57831,2.62248,1.63437,1.6783,0.14887,0.13551,0.14511,0.76793,0.70105,0.76905,0.52156,0.69438,0.63611,0.64031,0.3528,1.25084,2.21765,1.18265,1.45927,0,0,0,0.000292841,0.000292841,0.000292841
395,5029.67,1.62478,2.64444,1.6431,1.65407,0.13885,0.1278,0.1385,0.7816,0.70997,0.78434,0.53959,0.71242,0.63878,0.65462,0.36673,1.2282,2.20663,1.1692,1.45036,0,0,0,0.000291467,0.000291467,0.000291467
396,5042.28,1.5502,2.65109,1.58966,1.64253,0.13708,0.1289,0.13948,0.76497,0.71876,0.77553,0.53192,0.69777,0.63213,0.64005,0.36568,1.23616,2.2107,1.17694,1.4574,0,0,0,0.000290092,0.000290092,0.000290092
397,5054.66,1.55712,2.62983,1.65487,1.67137,0.14582,0.12919,0.13873,0.77086,0.70679,0.77856,0.54158,0.67815,0.61952,0.64472,0.36442,1.23166,2.20661,1.16961,1.457,0,0,0,0.000288718,0.000288718,0.000288718
398,5067.38,1.60393,2.7794,1.6546,1.64791,0.13658,0.12512,0.13674,0.70125,0.73286,0.78189,0.54035,0.72981,0.58702,0.66023,0.35957,1.24225,2.23273,1.17795,1.4611,0,0,0,0.000287343,0.000287343,0.000287343
399,5079.96,1.58119,2.65401,1.61955,1.65416,0.14195,0.13024,0.14079,0.72458,0.70885,0.7824,0.5356,0.63152,0.66837,0.65831,0.35921,1.24014,2.23227,1.1665,1.45416,0,0,0,0.000285969,0.000285969,0.000285969
400,5092.65,1.57435,2.55657,1.57822,1.59788,0.13963,0.13126,0.14123,0.75481,0.69838,0.78566,0.53228,0.6609,0.62755,0.6525,0.35297,1.24357,2.2449,1.17474,1.45489,0,0,0,0.000284594,0.000284594,0.000284594
401,5105.35,1.629,2.75792,1.63893,1.64927,0.15301,0.13919,0.14927,0.78896,0.68668,0.78172,0.53492,0.69215,0.60728,0.64705,0.36582,1.23602,2.20972,1.17597,1.44997,0,0,0,0.00028322,0.00028322,0.00028322
402,5117.95,1.54793,2.60755,1.55761,1.62068,0.14709,0.13601,0.14676,0.791,0.67535,0.77862,0.53555,0.72186,0.60058,0.65166,0.374,1.2203,2.20331,1.15657,1.44395,0,0,0,0.000281846,0.000281846,0.000281846
403,5130.47,1.58414,2.58677,1.58489,1.63529,0.14459,0.13546,0.1459,0.80125,0.67289,0.78164,0.53962,0.67665,0.63328,0.65804,0.37489,1.22712,2.20173,1.14888,1.4519,0,0,0,0.000280471,0.000280471,0.000280471
404,5143.29,1.56066,2.59013,1.59007,1.66216,0.13883,0.12904,0.13966,0.78827,0.69676,0.77819,0.5404,0.70066,0.62143,0.65785,0.37513,1.21607,2.18811,1.14979,1.45293,0,0,0,0.000279097,0.000279097,0.000279097
405,5156.01,1.49279,2.6752,1.52775,1.61409,0.14459,0.13686,0.14611,0.76777,0.69235,0.77685,0.54337,0.73838,0.58474,0.65408,0.37905,1.20643,2.182,1.15518,1.44321,0,0,0,0.000277722,0.000277722,0.000277722
406,5168.6,1.49664,2.56846,1.546,1.62997,0.14132,0.12876,0.1416,0.74046,0.72177,0.77789,0.54954,0.69864,0.63264,0.65325,0.3784,1.20923,2.18551,1.14669,1.43914,0,0,0,0.000276348,0.000276348,0.000276348
407,5181.33,1.49167,2.54812,1.56159,1.6351,0.1321,0.12362,0.13324,0.78244,0.7016,0.7834,0.54802,0.69756,0.6109,0.65263,0.37246,1.22362,2.18348,1.14861,1.44172,0,0,0,0.000274973,0.000274973,0.000274973
408,5193.8,1.54245,2.61495,1.56637,1.65252,0.13865,0.13152,0.1411,0.78522,0.68597,0.7848,0.54618,0.73,0.59407,0.64682,0.36876,1.21589,2.18492,1.15685,1.43632,0,0,0,0.000273599,0.000273599,0.000273599
409,5206.35,1.50118,2.49284,1.53671,1.62767,0.1317,0.12467,0.13309,0.79978,0.71925,0.78502,0.54445,0.67638,0.64039,0.64916,0.36685,1.21767,2.18825,1.15232,1.43645,0,0,0,0.000272224,0.000272224,0.000272224
410,5218.87,1.54583,2.63222,1.56821,1.66818,0.15066,0.13911,0.14977,0.80517,0.70341,0.79656,0.55027,0.71506,0.633,0.65499,0.36674,1.22949,2.20704,1.17233,1.44151,0,0,0,0.00027085,0.00027085,0.00027085
411,5231.41,1.58686,2.61389,1.5305,1.64368,0.13811,0.13202,0.14077,0.79315,0.71156,0.7904,0.55947,0.66507,0.63366,0.65047,0.37422,1.20032,2.17442,1.18312,1.42809,0,0,0,0.000269475,0.000269475,0.000269475
412,5244.17,1.53157,2.53236,1.58388,1.64463,0.13771,0.12555,0.13579,0.83233,0.6723,0.78512,0.57093,0.77155,0.58507,0.66837,0.38289,1.18693,2.16822,1.18516,1.42362,0,0,0,0.000268101,0.000268101,0.000268101
413,5257.07,1.57071,2.62487,1.59384,1.63008,0.14099,0.13291,0.14248,0.84053,0.65823,0.78396,0.54955,0.7602,0.58591,0.65912,0.3779,1.19323,2.17815,1.18072,1.4242,0,0,0,0.000266727,0.000266727,0.000266727
414,5269.7,1.58242,2.7029,1.57704,1.63758,0.15402,0.14261,0.15333,0.7646,0.70411,0.78711,0.55807,0.6603,0.62746,0.64934,0.37754,1.20169,2.15965,1.19208,1.42799,0,0,0,0.000265352,0.000265352,0.000265352
415,5282.53,1.55414,2.62623,1.59539,1.6393,0.14302,0.13265,0.14393,0.81786,0.69888,0.78365,0.56307,0.73031,0.62602,0.6465,0.37778,1.19239,2.14887,1.15908,1.42139,0,0,0,0.000263978,0.000263978,0.000263978
416,5295.02,1.51006,2.6077,1.54737,1.63769,0.13964,0.13204,0.14062,0.81723,0.70735,0.7831,0.56235,0.75129,0.62488,0.66029,0.37497,1.19061,2.16376,1.12403,1.42146,0,0,0,0.000262603,0.000262603,0.000262603
417,5307.65,1.59137,2.63262,1.56053,1.61604,0.14043,0.12808,0.13895,0.83803,0.68978,0.78096,0.55324,0.7491,0.61047,0.64856,0.37745,1.1906,2.15946,1.13095,1.42523,0,0,0,0.000261229,0.000261229,0.000261229
418,5320.32,1.49635,2.61903,1.52901,1.62866,0.14132,0.13397,0.14418,0.80422,0.70992,0.7827,0.55602,0.70785,0.63975,0.65334,0.37532,1.18247,2.15591,1.13506,1.42263,0,0,0,0.000259854,0.000259854,0.000259854
419,5332.93,1.58463,2.57327,1.53193,1.6004,0.13293,0.12817,0.13671,0.76985,0.72363,0.78856,0.56134,0.67164,0.67978,0.66667,0.3761,1.18676,2.13422,1.13326,1.42323,0,0,0,0.00025848,0.00025848,0.00025848
420,5345.58,1.53245,2.5822,1.5638,1.64063,0.14064,0.13456,0.14325,0.73477,0.73094,0.78704,0.55904,0.66683,0.65846,0.65821,0.38044,1.18309,2.12936,1.12436,1.41852,0,0,0,0.000257105,0.000257105,0.000257105
421,5358.34,1.56992,2.55093,1.57598,1.62286,0.14352,0.13397,0.145,0.81299,0.70642,0.78771,0.55546,0.68809,0.64652,0.66092,0.37616,1.18729,2.12558,1.15117,1.41767,0,0,0,0.000255731,0.000255731,0.000255731
422,5370.87,1.55163,2.57289,1.53127,1.59588,0.13749,0.12843,0.1387,0.78086,0.72706,0.78556,0.55461,0.69732,0.65057,0.66077,0.3756,1.17162,2.12234,1.15506,1.4127,0,0,0,0.000254357,0.000254357,0.000254357
423,5383.38,1.54635,2.59401,1.54245,1.63333,0.13359,0.12245,0.13221,0.75889,0.73149,0.77855,0.54187,0.71477,0.62911,0.65731,0.37766,1.18331,2.14309,1.13755,1.42139,0,0,0,0.000252982,0.000252982,0.000252982
424,5396.04,1.54568,2.53139,1.57018,1.65226,0.13518,0.12693,0.13634,0.73196,0.72867,0.7792,0.54887,0.70727,0.61197,0.66586,0.38305,1.20812,2.16854,1.13764,1.42957,0,0,0,0.000251608,0.000251608,0.000251608
425,5408.63,1.57037,2.62868,1.5353,1.62905,0.14048,0.13262,0.1425,0.78858,0.725,0.79176,0.56428,0.68234,0.66283,0.68432,0.39975,1.19564,2.15286,1.14535,1.42102,0,0,0,0.000250233,0.000250233,0.000250233
426,5421.32,1.52788,2.59725,1.53121,1.60598,0.1364,0.12625,0.13673,0.74897,0.73558,0.7909,0.56646,0.65525,0.68185,0.67751,0.39343,1.1861,2.15719,1.15682,1.41346,0,0,0,0.000248859,0.000248859,0.000248859
427,5434.22,1.61025,2.67237,1.5715,1.59867,0.13465,0.12624,0.13561,0.79533,0.70112,0.78962,0.5622,0.69774,0.627,0.66848,0.38253,1.20332,2.16522,1.13818,1.42089,0,0,0,0.000247484,0.000247484,0.000247484
428,5446.82,1.53109,2.50103,1.51082,1.60721,0.1328,0.12732,0.13626,0.80818,0.71058,0.78998,0.56713,0.66389,0.67877,0.67223,0.38591,1.18941,2.13277,1.13867,1.41262,0,0,0,0.00024611,0.00024611,0.00024611
429,5459.4,1.52886,2.5766,1.52969,1.59629,0.13962,0.13282,0.14282,0.81356,0.71282,0.78459,0.56149,0.70149,0.6413,0.65926,0.38352,1.19296,2.1278,1.11517,1.418,0,0,0,0.000244735,0.000244735,0.000244735
430,5472.1,1.52118,2.49109,1.50254,1.60916,0.13632,0.12863,0.1378,0.79532,0.69326,0.78741,0.56109,0.65684,0.6412,0.66723,0.38316,1.1939,2.13678,1.10778,1.42041,0,0,0,0.000243361,0.000243361,0.000243361
431,5484.68,1.58339,2.53743,1.53715,1.59995,0.12645,0.1184,0.12835,0.77402,0.67501,0.7759,0.54905,0.61782,0.64949,0.6583,0.38064,1.18294,2.12383,1.12241,1.42193,0,0,0,0.000241986,0.000241986,0.000241986
432,5497.25,1.51179,2.49836,1.49657,1.62724,0.1325,0.12496,0.13528,0.73652,0.71763,0.78665,0.55449,0.68716,0.62867,0.67469,0.38728,1.18134,2.11007,1.12381,1.42268,0,0,0,0.000240612,0.000240612,0.000240612
433,5510.04,1.51662,2.60485,1.52001,1.62072,0.14445,0.1303,0.14175,0.72486,0.74882,0.78809,0.56372,0.64398,0.68865,0.68516,0.39411,1.17513,2.1124,1.11528,1.41888,0,0,0,0.000239238,0.000239238,0.000239238
434,5522.64,1.51962,2.53385,1.53749,1.60883,0.1433,0.13082,0.13974,0.78153,0.71175,0.78871,0.57266,0.65315,0.65992,0.64642,0.37183,1.16995,2.12746,1.10958,1.40791,0,0,0,0.000237863,0.000237863,0.000237863
435,5535.1,1.46594,2.48867,1.4957,1.5822,0.13577,0.12548,0.13483,0.82325,0.69047,0.79485,0.5667,0.66304,0.64468,0.65453,0.37711,1.1795,2.13637,1.10845,1.40685,0,0,0,0.000236489,0.000236489,0.000236489
436,5547.78,1.5062,2.53078,1.49381,1.60891,0.13581,0.12802,0.13711,0.79709,0.71831,0.79629,0.56438,0.68767,0.65929,0.66168,0.37949,1.17294,2.11105,1.11762,1.40383,0,0,0,0.000235114,0.000235114,0.000235114
437,5560.28,1.51744,2.54647,1.53661,1.64784,0.13387,0.1241,0.13347,0.7672,0.71921,0.79484,0.56057,0.66292,0.68164,0.67205,0.37821,1.18177,2.0896,1.12271,1.41337,0,0,0,0.00023374,0.00023374,0.00023374
438,5572.92,1.56553,2.52012,1.54957,1.60728,0.12855,0.12199,0.13107,0.80768,0.68853,0.78726,0.55528,0.7194,0.63177,0.66055,0.38315,1.18409,2.08145,1.13042,1.4169,0,0,0,0.000232365,0.000232365,0.000232365
439,5585.59,1.50769,2.57203,1.55779,1.62842,0.13962,0.13027,0.14113,0.84301,0.68018,0.7882,0.55814,0.76472,0.6279,0.66746,0.38321,1.18663,2.11035,1.13887,1.41524,0,0,0,0.000230991,0.000230991,0.000230991
440,5598.11,1.48722,2.61079,1.5057,1.60779,0.1337,0.12453,0.13482,0.77707,0.73918,0.78264,0.54785,0.73407,0.62265,0.66945,0.37712,1.19051,2.1249,1.13192,1.41717,0,0,0,0.000229616,0.000229616,0.000229616
441,5610.61,1.46998,2.50213,1.48154,1.59424,0.14018,0.13294,0.143,0.77207,0.73313,0.78313,0.55111,0.71387,0.63865,0.66287,0.37672,1.19547,2.11586,1.12779,1.41839,0,0,0,0.000228242,0.000228242,0.000228242
442,5623.22,1.45735,2.58676,1.54458,1.60467,0.14103,0.12936,0.14004,0.82414,0.69614,0.79718,0.55427,0.75886,0.61744,0.66715,0.3801,1.19018,2.10946,1.12202,1.4173,0,0,0,0.000226868,0.000226868,0.000226868
443,5635.72,1.52638,2.56096,1.5034,1.60749,0.13689,0.12994,0.13923,0.81547,0.72669,0.79228,0.55609,0.72729,0.65952,0.67502,0.38981,1.18592,2.12673,1.12892,1.41332,0,0,0,0.000225493,0.000225493,0.000225493
444,5648.24,1.50614,2.59976,1.54583,1.6251,0.14564,0.13365,0.14397,0.78566,0.73078,0.79949,0.56422,0.69983,0.6473,0.68188,0.39983,1.18299,2.11605,1.13702,1.40794,0,0,0,0.000224119,0.000224119,0.000224119
445,5661.12,1.49204,2.58411,1.51057,1.59002,0.14273,0.13405,0.14463,0.79077,0.72248,0.79321,0.57035,0.69825,0.64736,0.67619,0.39045,1.16516,2.09536,1.11445,1.39737,0,0,0,0.000222744,0.000222744,0.000222744
446,5673.7,1.49573,2.55525,1.52863,1.61968,0.138,0.1322,0.14224,0.7861,0.72771,0.79399,0.56181,0.67745,0.64588,0.67835,0.39091,1.16162,2.08416,1.10467,1.40019,0,0,0,0.00022137,0.00022137,0.00022137
447,5686.33,1.5059,2.53802,1.48756,1.53848,0.13831,0.13268,0.14109,0.81288,0.69288,0.78712,0.55427,0.70636,0.60482,0.6527,0.37907,1.18552,2.08779,1.12113,1.40906,0,0,0,0.000219995,0.000219995,0.000219995
448,5699.2,1.59331,2.52838,1.53615,1.58017,0.1302,0.12335,0.13243,0.78611,0.7043,0.79184,0.5564,0.67876,0.63586,0.65978,0.38151,1.18735,2.08658,1.13282,1.4035,0,0,0,0.000218621,0.000218621,0.000218621
449,5711.85,1.53883,2.47753,1.49686,1.59463,0.12745,0.1242,0.13302,0.74111,0.73614,0.78551,0.54994,0.68748,0.63681,0.65913,0.38507,1.17856,2.06538,1.12455,1.39994,0,0,0,0.000217246,0.000217246,0.000217246
450,5724.24,1.4723,2.44701,1.49946,1.61061,0.13441,0.12296,0.13347,0.73359,0.73824,0.79006,0.56294,0.67367,0.65977,0.6638,0.39487,1.16128,2.05719,1.11787,1.39009,0,0,0,0.000215872,0.000215872,0.000215872
451,5736.99,1.48584,2.53332,1.46792,1.59323,0.13167,0.12922,0.13764,0.77026,0.71835,0.78754,0.56693,0.69112,0.646,0.66567,0.40174,1.16063,2.07202,1.11804,1.3905,0,0,0,0.000214497,0.000214497,0.000214497
452,5749.92,1.58639,2.59999,1.53096,1.60414,0.13556,0.12997,0.13819,0.75575,0.75139,0.79555,0.56364,0.70505,0.63193,0.66431,0.40034,1.16885,2.08698,1.11877,1.39899,0,0,0,0.000213123,0.000213123,0.000213123
453,5762.42,1.51264,2.59438,1.54018,1.62172,0.13648,0.12964,0.13847,0.7926,0.71184,0.79962,0.56017,0.68994,0.62262,0.65547,0.38532,1.16737,2.08319,1.10975,1.39981,0,0,0,0.000211749,0.000211749,0.000211749
454,5775.04,1.49016,2.57232,1.49798,1.59139,0.13732,0.13084,0.14016,0.786,0.72577,0.80467,0.56144,0.71642,0.62215,0.66721,0.38839,1.16203,2.06643,1.09414,1.3969,0,0,0,0.000210374,0.000210374,0.000210374
455,5787.5,1.4451,2.47712,1.44729,1.5594,0.1354,0.13214,0.14202,0.81156,0.7092,0.7985,0.5602,0.73601,0.63819,0.67372,0.39067,1.15784,2.05285,1.07907,1.38986,0,0,0,0.000209,0.000209,0.000209
456,5800.08,1.48498,2.46796,1.45028,1.58185,0.14507,0.13721,0.14671,0.80795,0.7056,0.79537,0.56033,0.71544,0.64834,0.67549,0.3879,1.1581,2.03844,1.08907,1.38893,0,0,0,0.000207625,0.000207625,0.000207625
457,5812.55,1.44818,2.49067,1.43543,1.55986,0.13196,0.12756,0.13736,0.808,0.70178,0.79286,0.56303,0.72745,0.63393,0.67296,0.3899,1.14747,2.03496,1.10673,1.38487,0,0,0,0.000206251,0.000206251,0.000206251
458,5825.26,1.44927,2.48087,1.43186,1.58192,0.13794,0.13018,0.1412,0.78,0.71448,0.79407,0.56565,0.70604,0.62804,0.67187,0.39994,1.13692,2.02799,1.0998,1.37849,0,0,0,0.000204876,0.000204876,0.000204876
459,5837.76,1.50219,2.51245,1.49824,1.58898,0.13279,0.1255,0.13433,0.78286,0.71154,0.7961,0.55934,0.70089,0.62443,0.67052,0.39967,1.14212,2.0368,1.09361,1.38079,0,0,0,0.000203502,0.000203502,0.000203502
460,5850.58,1.58478,2.55373,1.50251,1.57908,0.13135,0.12701,0.13616,0.77505,0.74127,0.79561,0.56699,0.67954,0.65791,0.65989,0.39349,1.13595,2.03582,1.10667,1.37628,0,0,0,0.000202127,0.000202127,0.000202127
461,5863.4,1.50485,2.54628,1.44673,1.54929,0.13233,0.12438,0.13407,0.77279,0.74966,0.7992,0.56512,0.77223,0.61208,0.66554,0.39331,1.15581,2.05215,1.11387,1.38393,0,0,0,0.000200753,0.000200753,0.000200753
462,5876.08,1.56656,2.5835,1.49722,1.57165,0.12825,0.12468,0.13391,0.76417,0.74234,0.79732,0.57229,0.67781,0.66342,0.67845,0.40118,1.14337,2.05193,1.09133,1.37946,0,0,0,0.000199379,0.000199379,0.000199379
463,5888.95,1.49863,2.59924,1.5039,1.57208,0.13104,0.12412,0.13394,0.82642,0.7288,0.79637,0.57329,0.73859,0.63798,0.67825,0.39939,1.12942,2.03379,1.07342,1.37485,0,0,0,0.000198004,0.000198004,0.000198004
464,5901.59,1.43846,2.5225,1.5162,1.60348,0.12999,0.12425,0.13355,0.81443,0.72616,0.79772,0.57512,0.71131,0.63054,0.67002,0.39914,1.12593,2.02698,1.07703,1.37041,0,0,0,0.00019663,0.00019663,0.00019663
465,5914.39,1.537,2.50605,1.53712,1.60244,0.1329,0.12285,0.13261,0.75072,0.75366,0.79568,0.56781,0.65665,0.67113,0.6698,0.39391,1.13862,2.03056,1.08472,1.37113,0,0,0,0.000195255,0.000195255,0.000195255
466,5926.86,1.51386,2.49633,1.519,1.60633,0.13539,0.1265,0.1366,0.76996,0.74545,0.79583,0.56922,0.66992,0.66249,0.67005,0.39275,1.15936,2.03699,1.09435,1.37797,0,0,0,0.000193881,0.000193881,0.000193881
467,5939.56,1.50469,2.56205,1.53406,1.62185,0.13156,0.12648,0.13661,0.78204,0.72788,0.80081,0.57269,0.65379,0.67851,0.66222,0.39341,1.15689,2.03662,1.09824,1.3756,0,0,0,0.000192506,0.000192506,0.000192506
468,5952.18,1.51074,2.54083,1.54367,1.58187,0.13143,0.12421,0.13395,0.80956,0.72074,0.80208,0.5775,0.6792,0.6499,0.66792,0.39863,1.14821,2.03504,1.09011,1.37406,0,0,0,0.000191132,0.000191132,0.000191132
469,5965.01,1.49724,2.52842,1.49675,1.5919,0.12486,0.12184,0.13016,0.81155,0.72205,0.80401,0.5886,0.68858,0.65835,0.67222,0.40915,1.14149,2.03555,1.07356,1.37297,0,0,0,0.000189757,0.000189757,0.000189757
470,5978.06,1.48221,2.51251,1.45649,1.55376,0.13073,0.12749,0.13645,0.79955,0.73595,0.80558,0.58737,0.69362,0.66271,0.6708,0.40465,1.14089,2.03836,1.07429,1.37416,0,0,0,0.000188383,0.000188383,0.000188383
471,5990.65,1.47757,2.47185,1.4378,1.57114,0.12555,0.12571,0.13343,0.80832,0.73407,0.80354,0.57712,0.70256,0.65353,0.66537,0.39464,1.1283,2.02822,1.06962,1.36993,0,0,0,0.000187008,0.000187008,0.000187008
472,6003.11,1.51386,2.46905,1.50412,1.59132,0.12224,0.11759,0.12634,0.79605,0.74835,0.80728,0.57665,0.69734,0.67188,0.67223,0.39662,1.12531,2.03633,1.08401,1.36894,0,0,0,0.000185634,0.000185634,0.000185634
473,6015.85,1.42754,2.44005,1.4371,1.55839,0.12629,0.1227,0.13334,0.77572,0.73395,0.8065,0.58062,0.68081,0.64481,0.67747,0.39711,1.12039,2.02931,1.07815,1.36697,0,0,0,0.00018426,0.00018426,0.00018426
474,6028.4,1.412,2.41968,1.44337,1.57046,0.12832,0.12385,0.13272,0.79622,0.72212,0.8069,0.58458,0.67549,0.64707,0.66575,0.40108,1.116,2.02396,1.07084,1.3682,0,0,0,0.000182885,0.000182885,0.000182885
475,6040.97,1.52029,2.57095,1.53032,1.60736,0.14449,0.13385,0.14404,0.78294,0.73418,0.80555,0.57757,0.68319,0.66354,0.66708,0.39662,1.12158,2.01458,1.06647,1.37387,0,0,0,0.000181511,0.000181511,0.000181511
476,6053.61,1.46375,2.48734,1.46189,1.58129,0.1369,0.12868,0.13832,0.79406,0.74794,0.80558,0.58172,0.70563,0.66564,0.6635,0.39618,1.12703,2.01363,1.07207,1.37597,0,0,0,0.000180136,0.000180136,0.000180136
477,6066.23,1.55102,2.49014,1.53732,1.60912,0.13217,0.1205,0.13173,0.79606,0.75791,0.80747,0.58047,0.70416,0.6681,0.66737,0.39727,1.13175,2.01249,1.08103,1.37217,0,0,0,0.000178762,0.000178762,0.000178762
478,6078.8,1.46798,2.47527,1.45015,1.54203,0.12828,0.12514,0.13344,0.79758,0.7641,0.80706,0.57989,0.6966,0.66197,0.67364,0.3995,1.13206,2.01699,1.07951,1.37146,0,0,0,0.000177387,0.000177387,0.000177387
479,6091.54,1.49308,2.44878,1.43664,1.56695,0.11818,0.11894,0.12678,0.81991,0.75673,0.81376,0.59242,0.71789,0.66363,0.6758,0.4033,1.12713,2.01816,1.06591,1.36706,0,0,0,0.000176013,0.000176013,0.000176013
480,6104.07,1.4353,2.41148,1.44483,1.59088,0.12847,0.12281,0.13162,0.84398,0.73524,0.8157,0.59537,0.70754,0.67243,0.68585,0.40761,1.1152,2.01573,1.05266,1.35781,0,0,0,0.000174638,0.000174638,0.000174638
481,6117.34,1.51965,2.50122,1.47162,1.56757,0.13414,0.13236,0.14252,0.82888,0.7398,0.81361,0.57837,0.69452,0.6629,0.68347,0.40424,1.12386,2.01499,1.06345,1.36082,0,0,0,0.000173264,0.000173264,0.000173264
482,6129.97,1.50263,2.44661,1.44264,1.55309,0.13367,0.12637,0.13481,0.76775,0.75863,0.80707,0.57471,0.67426,0.66742,0.6779,0.4013,1.12377,2.00359,1.07636,1.36054,0,0,0,0.00017189,0.00017189,0.00017189
483,6142.55,1.4109,2.36399,1.36468,1.548,0.12844,0.12563,0.13442,0.78462,0.7358,0.81015,0.58327,0.69552,0.65031,0.68105,0.40926,1.12705,1.98958,1.07935,1.36186,0,0,0,0.000170515,0.000170515,0.000170515
484,6155.35,1.48619,2.52716,1.43373,1.56362,0.12657,0.1257,0.13419,0.77861,0.76057,0.81095,0.59145,0.66166,0.67117,0.67944,0.41589,1.11818,1.98342,1.07076,1.35698,0,0,0,0.000169141,0.000169141,0.000169141
485,6168.14,1.49278,2.42674,1.47558,1.58875,0.13326,0.12803,0.13967,0.76429,0.76662,0.811,0.58465,0.6711,0.67385,0.68394,0.4125,1.11611,1.99668,1.06754,1.3597,0,0,0,0.000167766,0.000167766,0.000167766
486,6180.84,1.53952,2.54,1.49275,1.59123,0.13821,0.13624,0.14497,0.80124,0.74333,0.80597,0.58969,0.71013,0.6672,0.67931,0.41241,1.1097,2.00153,1.07642,1.35419,0,0,0,0.000166392,0.000166392,0.000166392
487,6193.63,1.52448,2.51085,1.44508,1.55213,0.13048,0.1262,0.13521,0.78652,0.74782,0.80225,0.58652,0.70185,0.66423,0.68362,0.41302,1.11229,1.99295,1.06367,1.35367,0,0,0,0.000165017,0.000165017,0.000165017
488,6206.21,1.43533,2.46046,1.44544,1.55998,0.13718,0.13029,0.14069,0.7971,0.76791,0.81184,0.58831,0.70218,0.67802,0.69071,0.41199,1.11333,1.99054,1.05989,1.3541,0,0,0,0.000163643,0.000163643,0.000163643
489,6218.7,1.46947,2.41214,1.40135,1.5215,0.12724,0.12389,0.13264,0.80649,0.75116,0.81366,0.5828,0.71025,0.6653,0.69635,0.41406,1.11336,1.98241,1.04483,1.35531,0,0,0,0.000162268,0.000162268,0.000162268
490,6231.2,1.40479,2.42479,1.39391,1.55775,0.12615,0.12252,0.13189,0.79618,0.75611,0.81096,0.58097,0.70266,0.66992,0.68906,0.41315,1.11788,1.9728,1.0413,1.35899,0,0,0,0.000160894,0.000160894,0.000160894
491,6243.8,1.47886,2.52744,1.46363,1.56083,0.13017,0.1271,0.13546,0.78778,0.77799,0.81274,0.59115,0.69574,0.69433,0.69422,0.41043,1.10943,1.96932,1.04645,1.35336,0,0,0,0.00015952,0.00015952,0.00015952
492,6256.32,1.43891,2.35592,1.41074,1.56658,0.12823,0.12592,0.13521,0.83409,0.73939,0.81181,0.58826,0.72283,0.66934,0.68487,0.41426,1.10188,1.97087,1.04357,1.35116,0,0,0,0.000158145,0.000158145,0.000158145
493,6269.1,1.46163,2.46815,1.42947,1.54088,0.12871,0.12778,0.13494,0.85462,0.72797,0.81582,0.59001,0.77612,0.63737,0.69049,0.41291,1.09881,1.97495,1.04382,1.3496,0,0,0,0.000156771,0.000156771,0.000156771
494,6281.53,1.43936,2.39276,1.4386,1.51954,0.13066,0.12431,0.13265,0.8098,0.75326,0.81417,0.58444,0.71407,0.66354,0.68347,0.40928,1.10392,1.97813,1.05059,1.35049,0,0,0,0.000155396,0.000155396,0.000155396
495,6294,1.48505,2.45549,1.46177,1.56599,0.13272,0.12513,0.13437,0.81012,0.74401,0.81398,0.5854,0.71202,0.65952,0.68137,0.41079,1.10625,1.97445,1.05293,1.34982,0,0,0,0.000154022,0.000154022,0.000154022
496,6306.7,1.41644,2.41513,1.43682,1.57521,0.12551,0.12508,0.13416,0.80986,0.73416,0.8153,0.59358,0.71089,0.66757,0.68422,0.4089,1.10455,1.97093,1.05772,1.35,0,0,0,0.000152647,0.000152647,0.000152647
497,6319.15,1.43253,2.44663,1.46364,1.56668,0.12086,0.11863,0.12758,0.82555,0.71422,0.81274,0.59308,0.70016,0.62879,0.66908,0.40501,1.09445,1.97196,1.07011,1.34658,0,0,0,0.000151273,0.000151273,0.000151273
498,6331.73,1.41084,2.43755,1.41199,1.5595,0.13928,0.13406,0.14366,0.81083,0.71963,0.80934,0.59084,0.70148,0.64147,0.67361,0.41255,1.09921,1.97554,1.06747,1.347,0,0,0,0.000149898,0.000149898,0.000149898
499,6344.42,1.43885,2.51975,1.43427,1.5764,0.13769,0.13195,0.13983,0.83216,0.7082,0.80752,0.59349,0.7347,0.63712,0.67725,0.41319,1.10616,1.97945,1.0667,1.35049,0,0,0,0.000148524,0.000148524,0.000148524
500,6356.88,1.4292,2.39385,1.36374,1.54736,0.1282,0.12238,0.1315,0.8004,0.72784,0.80879,0.59207,0.7155,0.65281,0.68496,0.41222,1.1009,1.98563,1.05091,1.34636,0,0,0,0.000147149,0.000147149,0.000147149
501,6369.33,1.44806,2.44018,1.4144,1.54443,0.13626,0.131,0.14067,0.81233,0.73864,0.80753,0.59138,0.72968,0.66526,0.68745,0.41463,1.10351,1.98246,1.04076,1.34555,0,0,0,0.000145775,0.000145775,0.000145775
502,6381.96,1.43733,2.44274,1.4169,1.58781,0.13136,0.13224,0.13935,0.82056,0.73529,0.80813,0.59315,0.74114,0.66423,0.68871,0.42263,1.09965,1.96661,1.03884,1.34652,0,0,0,0.000144401,0.000144401,0.000144401
503,6394.71,1.45028,2.41242,1.42704,1.55718,0.13261,0.13024,0.13768,0.79765,0.75242,0.81172,0.59876,0.70617,0.66529,0.68599,0.42176,1.08412,1.95254,1.03844,1.33972,0,0,0,0.000143026,0.000143026,0.000143026
504,6407.44,1.42912,2.3793,1.43163,1.55617,0.12931,0.12526,0.13435,0.78673,0.7594,0.81523,0.60209,0.71562,0.66718,0.68943,0.42593,1.08276,1.94216,1.04722,1.33647,0,0,0,0.000141652,0.000141652,0.000141652
505,6420.27,1.40786,2.41163,1.44051,1.55285,0.12761,0.12618,0.13444,0.77176,0.76171,0.81692,0.6036,0.68182,0.6739,0.69058,0.42338,1.10102,1.94077,1.03737,1.3448,0,0,0,0.000140277,0.000140277,0.000140277
506,6432.84,1.42948,2.41655,1.42997,1.56214,0.12981,0.12729,0.13618,0.75223,0.78149,0.81662,0.60039,0.66798,0.6942,0.68741,0.4185,1.10792,1.94103,1.0253,1.34906,0,0,0,0.000138903,0.000138903,0.000138903
507,6445.29,1.43301,2.42498,1.40256,1.56063,0.12869,0.12794,0.13655,0.79623,0.73789,0.81487,0.58995,0.68502,0.66292,0.69192,0.41701,1.09022,1.93554,1.02122,1.34142,0,0,0,0.000137528,0.000137528,0.000137528
508,6458.09,1.46804,2.42294,1.41264,1.55957,0.13741,0.13323,0.14324,0.82999,0.72375,0.81259,0.58653,0.69639,0.66839,0.70085,0.41342,1.08068,1.9404,1.0527,1.33604,0,0,0,0.000136154,0.000136154,0.000136154
509,6470.59,1.41482,2.39084,1.39237,1.54214,0.13197,0.13054,0.1391,0.8215,0.72335,0.80824,0.58542,0.73087,0.63871,0.68602,0.40274,1.08292,1.94858,1.07178,1.3338,0,0,0,0.000134779,0.000134779,0.000134779
510,6483.34,1.4428,2.46693,1.40504,1.5706,0.13283,0.13071,0.13836,0.81172,0.72399,0.8096,0.58442,0.71797,0.63629,0.69185,0.40801,1.08578,1.95249,1.04696,1.33035,0,0,0,0.000133405,0.000133405,0.000133405
511,6495.93,1.43198,2.48037,1.43414,1.56459,0.12814,0.12339,0.13247,0.78911,0.73628,0.81118,0.59042,0.67496,0.65847,0.68358,0.41247,1.07896,1.94209,1.02749,1.3277,0,0,0,0.000132031,0.000132031,0.000132031
512,6508.49,1.4882,2.3846,1.45243,1.55887,0.13851,0.13248,0.14099,0.79837,0.75521,0.81425,0.59529,0.68697,0.67448,0.69152,0.42094,1.08017,1.93946,1.02715,1.33183,0,0,0,0.000130656,0.000130656,0.000130656
513,6521.02,1.39919,2.40866,1.42109,1.54217,0.1326,0.12864,0.13765,0.79238,0.76163,0.81406,0.59473,0.69012,0.67514,0.68861,0.41821,1.07514,1.93001,1.0407,1.333,0,0,0,0.000129282,0.000129282,0.000129282
514,6533.59,1.41591,2.41683,1.37411,1.52934,0.12303,0.12454,0.13185,0.81085,0.75933,0.81737,0.5937,0.70717,0.66405,0.69529,0.41249,1.08104,1.93012,1.04743,1.33355,0,0,0,0.000127907,0.000127907,0.000127907
515,6546.27,1.46272,2.43349,1.41237,1.54653,0.12799,0.12114,0.13032,0.80028,0.75666,0.81955,0.59793,0.65369,0.7048,0.69785,0.41511,1.08277,1.93237,1.04229,1.3299,0,0,0,0.000126533,0.000126533,0.000126533
516,6558.95,1.46963,2.42372,1.43116,1.54832,0.13249,0.1327,0.14124,0.81589,0.74832,0.82053,0.6005,0.69046,0.69011,0.7023,0.426,1.07824,1.92814,1.04073,1.32824,0,0,0,0.000125158,0.000125158,0.000125158
517,6571.54,1.44624,2.44279,1.45333,1.54198,0.12723,0.1229,0.13251,0.78873,0.75962,0.81632,0.60218,0.74797,0.63903,0.69463,0.4225,1.0836,1.93231,1.04275,1.33366,0,0,0,0.000123784,0.000123784,0.000123784
518,6584.18,1.40657,2.37786,1.41338,1.54947,0.12045,0.11773,0.12758,0.79084,0.75309,0.8156,0.5985,0.71291,0.66103,0.69113,0.41909,1.09552,1.93478,1.04439,1.33767,0,0,0,0.000122409,0.000122409,0.000122409
519,6596.65,1.42563,2.47504,1.37701,1.5253,0.12608,0.12595,0.13426,0.8059,0.74291,0.81356,0.59967,0.7284,0.67222,0.70296,0.41676,1.08738,1.92621,1.04032,1.33393,0,0,0,0.000121035,0.000121035,0.000121035
520,6609.4,1.45251,2.40354,1.37927,1.52844,0.13122,0.12725,0.13632,0.81209,0.73977,0.81603,0.59683,0.72418,0.66413,0.70059,0.41715,1.08287,1.92947,1.03493,1.33063,0,0,0,0.00011966,0.00011966,0.00011966
521,6622.03,1.41325,2.45554,1.41969,1.53997,0.13207,0.13154,0.14126,0.82874,0.72433,0.81428,0.59879,0.7312,0.64411,0.69336,0.42136,1.08218,1.93532,1.03308,1.33012,0,0,0,0.000118286,0.000118286,0.000118286
522,6634.63,1.4521,2.44588,1.41439,1.52993,0.13162,0.12561,0.13499,0.8362,0.73234,0.81883,0.60253,0.74286,0.64863,0.70219,0.42179,1.07842,1.9263,1.03611,1.32982,0,0,0,0.000116912,0.000116912,0.000116912
523,6647.19,1.45122,2.43455,1.47463,1.54547,0.12637,0.12313,0.13268,0.81491,0.76929,0.821,0.60256,0.73214,0.65984,0.70279,0.43369,1.08165,1.91909,1.02835,1.33105,0,0,0,0.000115537,0.000115537,0.000115537
524,6660.25,1.49863,2.45987,1.43085,1.53077,0.12756,0.12747,0.13533,0.77988,0.75912,0.8189,0.59971,0.72144,0.65258,0.69384,0.42328,1.08265,1.91177,1.02809,1.33338,0,0,0,0.000114163,0.000114163,0.000114163
525,6672.87,1.50711,2.43091,1.42894,1.53732,0.13352,0.1288,0.1383,0.83257,0.72887,0.82064,0.60627,0.75705,0.63679,0.69343,0.42583,1.0779,1.90859,1.03035,1.33305,0,0,0,0.000112788,0.000112788,0.000112788
526,6685.44,1.43888,2.41103,1.37966,1.51634,0.12425,0.12281,0.13157,0.80487,0.75332,0.82252,0.60627,0.71512,0.65749,0.6944,0.43456,1.07348,1.90595,1.02844,1.32909,0,0,0,0.000111414,0.000111414,0.000111414
527,6698.3,1.46547,2.39046,1.42092,1.54796,0.1291,0.12819,0.13712,0.77147,0.76956,0.8246,0.6069,0.77492,0.61276,0.69736,0.43545,1.07222,1.91648,1.02487,1.32607,0,0,0,0.000110039,0.000110039,0.000110039
528,6711.05,1.43336,2.41648,1.39607,1.54456,0.12216,0.12115,0.1284,0.86135,0.70068,0.82346,0.60988,0.75105,0.62617,0.69685,0.4305,1.07206,1.92058,1.021,1.32689,0,0,0,0.000108665,0.000108665,0.000108665
529,6723.71,1.45929,2.38652,1.40075,1.53995,0.12955,0.12736,0.1373,0.86229,0.68476,0.82117,0.60303,0.7702,0.6222,0.69869,0.43246,1.07428,1.91974,1.01842,1.32776,0,0,0,0.00010729,0.00010729,0.00010729
530,6736.53,1.42193,2.40186,1.40885,1.52225,0.13322,0.12823,0.13787,0.83358,0.70403,0.81946,0.59978,0.76534,0.62165,0.68692,0.4284,1.07658,1.92138,1.02031,1.3289,0,0,0,0.000105916,0.000105916,0.000105916
531,6748.97,1.44801,2.38245,1.43173,1.5657,0.11921,0.11936,0.12732,0.82981,0.74665,0.81888,0.60204,0.7652,0.64165,0.69638,0.42644,1.07691,1.92454,1.01965,1.32906,0,0,0,0.000104542,0.000104542,0.000104542
532,6761.54,1.41775,2.41926,1.4188,1.54117,0.12735,0.1248,0.13455,0.85942,0.72373,0.82258,0.60504,0.77225,0.63558,0.6988,0.42306,1.0702,1.91863,1.01128,1.32681,0,0,0,0.000103167,0.000103167,0.000103167
533,6774.21,1.41979,2.37792,1.38294,1.5319,0.13006,0.12967,0.13845,0.82498,0.72204,0.82427,0.59809,0.77356,0.61869,0.69061,0.42451,1.06637,1.91348,1.01312,1.32664,0,0,0,0.000101793,0.000101793,0.000101793
534,6786.83,1.47286,2.50864,1.41706,1.52875,0.1345,0.13075,0.1388,0.82461,0.73346,0.8263,0.60606,0.68463,0.69744,0.69533,0.43464,1.06763,1.90957,1.02014,1.32729,0,0,0,0.000100418,0.000100418,0.000100418
535,6799.34,1.4435,2.42935,1.4584,1.557,0.13106,0.1268,0.13565,0.80473,0.75493,0.82709,0.60347,0.75957,0.6359,0.69957,0.43696,1.0655,1.90608,1.02124,1.32536,0,0,0,9.90437e-05,9.90437e-05,9.90437e-05
536,6812.09,1.47794,2.46258,1.4404,1.53698,0.12856,0.12667,0.13442,0.81597,0.74947,0.8287,0.60731,0.74286,0.65013,0.69249,0.43139,1.06158,1.89935,1.02063,1.32165,0,0,0,9.76692e-05,9.76692e-05,9.76692e-05
537,6824.68,1.46176,2.41205,1.4364,1.51653,0.12197,0.11969,0.12817,0.82457,0.74359,0.82692,0.60564,0.72589,0.6631,0.6977,0.42658,1.06261,1.89471,1.01947,1.31766,0,0,0,9.62948e-05,9.62948e-05,9.62948e-05
538,6837.1,1.38966,2.36555,1.39279,1.53339,0.13083,0.12378,0.13429,0.83038,0.72199,0.82315,0.60166,0.73769,0.63354,0.69282,0.42694,1.064,1.90304,1.01477,1.31881,0,0,0,9.49203e-05,9.49203e-05,9.49203e-05
539,6849.67,1.35573,2.34381,1.35415,1.51846,0.1261,0.12386,0.13278,0.79172,0.75211,0.82297,0.60789,0.70893,0.68224,0.69831,0.43206,1.05905,1.90511,1.01123,1.3197,0,0,0,9.35459e-05,9.35459e-05,9.35459e-05
540,6862.16,1.40084,2.30011,1.37995,1.53006,0.1313,0.12701,0.13591,0.80894,0.7467,0.82669,0.61057,0.73007,0.68422,0.70824,0.4344,1.05977,1.90243,1.0085,1.31995,0,0,0,9.21715e-05,9.21715e-05,9.21715e-05
541,6874.82,1.37625,2.35048,1.33106,1.51564,0.12692,0.12668,0.13579,0.85413,0.718,0.82591,0.60438,0.68988,0.69673,0.70882,0.43528,1.06019,1.89367,1.00567,1.31874,0,0,0,9.0797e-05,9.0797e-05,9.0797e-05
542,6887.53,1.45611,2.43434,1.37521,1.52782,0.12541,0.12324,0.13051,0.84612,0.72479,0.82552,0.6072,0.75123,0.6547,0.71117,0.43729,1.0647,1.88814,1.00283,1.32012,0,0,0,8.94226e-05,8.94226e-05,8.94226e-05
543,6900.03,1.45419,2.39856,1.41012,1.52525,0.11895,0.12099,0.12838,0.83412,0.74521,0.82413,0.60893,0.75501,0.66448,0.71197,0.43951,1.06423,1.88291,1.0033,1.31917,0,0,0,8.80481e-05,8.80481e-05,8.80481e-05
544,6912.61,1.38196,2.39236,1.39057,1.55533,0.12845,0.12782,0.1365,0.83581,0.74532,0.82283,0.60568,0.75681,0.66913,0.71777,0.44397,1.05786,1.88207,1.00354,1.31604,0,0,0,8.66736e-05,8.66736e-05,8.66736e-05
545,6925.47,1.40967,2.34668,1.34255,1.52071,0.12005,0.11994,0.1286,0.86309,0.73098,0.82236,0.61072,0.77415,0.65769,0.71772,0.45111,1.05938,1.87521,1.00408,1.31577,0,0,0,8.52992e-05,8.52992e-05,8.52992e-05
546,6938.25,1.42194,2.36796,1.4193,1.5238,0.12404,0.12104,0.12873,0.82708,0.74342,0.82662,0.61474,0.73521,0.67803,0.71279,0.4406,1.05875,1.87557,1.00073,1.31511,0,0,0,8.39248e-05,8.39248e-05,8.39248e-05
547,6950.66,1.3593,2.41668,1.37805,1.53703,0.12593,0.12588,0.13543,0.85921,0.73244,0.8266,0.61077,0.74742,0.65581,0.70515,0.43908,1.05957,1.88571,1.00134,1.31661,0,0,0,8.25503e-05,8.25503e-05,8.25503e-05
548,6963.5,1.42347,2.44632,1.3615,1.51784,0.13493,0.13178,0.14051,0.876,0.7173,0.82534,0.61165,0.75337,0.64692,0.70233,0.43565,1.06011,1.89133,1.00358,1.31525,0,0,0,8.11759e-05,8.11759e-05,8.11759e-05
549,6976.02,1.45761,2.39348,1.4124,1.52807,0.14005,0.13405,0.14499,0.85379,0.71944,0.82409,0.61012,0.70419,0.67753,0.70335,0.43684,1.05715,1.8894,1.00608,1.31249,0,0,0,7.98014e-05,7.98014e-05,7.98014e-05
550,6988.49,1.42185,2.35133,1.39295,1.50322,0.12827,0.12567,0.13522,0.87456,0.70584,0.82484,0.60999,0.76965,0.62782,0.70127,0.43162,1.05624,1.89288,1.01369,1.31135,0,0,0,7.84269e-05,7.84269e-05,7.84269e-05
551,7001.17,1.38364,2.26575,1.37158,1.51505,0.12359,0.12089,0.12976,0.86645,0.71121,0.82539,0.60979,0.74676,0.63318,0.69707,0.42928,1.05801,1.89332,1.01302,1.31224,0,0,0,7.70525e-05,7.70525e-05,7.70525e-05
552,7013.61,1.3112,2.30877,1.30255,1.49015,0.11917,0.11977,0.12778,0.82699,0.71597,0.82504,0.60483,0.6575,0.71074,0.6984,0.42253,1.06263,1.89283,1.00889,1.31577,0,0,0,7.5678e-05,7.5678e-05,7.5678e-05
553,7026.07,1.37387,2.40656,1.36929,1.52351,0.13194,0.12892,0.138,0.84878,0.71665,0.82609,0.60256,0.72771,0.64593,0.69196,0.43055,1.06072,1.89407,1.00135,1.31526,0,0,0,7.43036e-05,7.43036e-05,7.43036e-05
554,7038.75,1.37716,2.36433,1.36317,1.51574,0.11902,0.11987,0.12746,0.84163,0.7322,0.82756,0.60086,0.72572,0.65296,0.6942,0.43177,1.0534,1.88667,0.99876,1.31219,0,0,0,7.29292e-05,7.29292e-05,7.29292e-05
555,7051.33,1.40766,2.39957,1.36855,1.50862,0.12695,0.12654,0.1346,0.82981,0.74013,0.8263,0.60204,0.7266,0.66716,0.6966,0.42922,1.04485,1.88287,0.99815,1.30857,0,0,0,7.15547e-05,7.15547e-05,7.15547e-05
556,7063.97,1.44552,2.36714,1.39233,1.51233,0.1217,0.12272,0.12961,0.85651,0.73698,0.82738,0.60715,0.72749,0.6686,0.70121,0.42829,1.04418,1.87969,0.9976,1.30986,0,0,0,7.01802e-05,7.01802e-05,7.01802e-05
557,7076.7,1.3667,2.30241,1.34036,1.51606,0.13029,0.12308,0.13249,0.85842,0.7352,0.82956,0.60568,0.71516,0.67417,0.69912,0.4326,1.04667,1.88044,0.99686,1.31119,0,0,0,6.88058e-05,6.88058e-05,6.88058e-05
558,7089.51,1.42929,2.4139,1.37472,1.53951,0.12723,0.1294,0.13729,0.83868,0.73792,0.83126,0.61096,0.72102,0.69049,0.71193,0.44165,1.04621,1.87761,0.99498,1.31126,0,0,0,6.74313e-05,6.74313e-05,6.74313e-05
559,7102.03,1.39421,2.33716,1.31828,1.48125,0.1265,0.13033,0.13684,0.82943,0.74069,0.82605,0.60429,0.70327,0.68425,0.71452,0.44097,1.0447,1.88236,0.99439,1.30989,0,0,0,6.60569e-05,6.60569e-05,6.60569e-05
560,7114.9,1.4596,2.42556,1.37691,1.5166,0.12676,0.12537,0.1339,0.83594,0.73786,0.82245,0.60763,0.7432,0.6719,0.71336,0.43863,1.04192,1.8773,0.9956,1.30736,0,0,0,6.46825e-05,6.46825e-05,6.46825e-05
561,7127.59,1.44986,2.46633,1.38351,1.51066,0.13656,0.13214,0.14023,0.84449,0.73481,0.82603,0.61662,0.75185,0.66078,0.71619,0.44053,1.04067,1.87479,0.99537,1.30538,0,0,0,6.3308e-05,6.3308e-05,6.3308e-05
562,7140.17,1.35084,2.32222,1.35871,1.51542,0.12932,0.12634,0.13522,0.80249,0.76481,0.83129,0.61277,0.72231,0.68803,0.71573,0.43953,1.03635,1.87518,0.99949,1.30405,0,0,0,6.19335e-05,6.19335e-05,6.19335e-05
563,7152.88,1.38721,2.36842,1.34822,1.49949,0.1214,0.12313,0.13151,0.816,0.76783,0.82957,0.61803,0.72874,0.69254,0.71597,0.44465,1.03403,1.87399,0.99582,1.30226,0,0,0,6.05591e-05,6.05591e-05,6.05591e-05
564,7165.67,1.40216,2.38492,1.3396,1.50795,0.13256,0.13194,0.13989,0.82075,0.76133,0.82809,0.6191,0.74264,0.69246,0.71247,0.44225,1.03696,1.8699,0.99317,1.30321,0,0,0,5.91846e-05,5.91846e-05,5.91846e-05
565,7178.33,1.43481,2.41771,1.40264,1.52168,0.12791,0.12736,0.135,0.82919,0.75591,0.82386,0.61858,0.73863,0.69602,0.7097,0.43842,1.03796,1.86788,0.99243,1.30348,0,0,0,5.78102e-05,5.78102e-05,5.78102e-05
566,7191.07,1.45111,2.41775,1.41884,1.53786,0.12247,0.12383,0.13104,0.83162,0.75357,0.82415,0.61965,0.73527,0.68649,0.70373,0.43807,1.03816,1.8655,0.9923,1.30261,0,0,0,5.64358e-05,5.64358e-05,5.64358e-05
567,7203.65,1.40523,2.35664,1.38716,1.52823,0.13278,0.12662,0.13543,0.82885,0.74459,0.82533,0.62399,0.72165,0.69235,0.70659,0.44186,1.03355,1.86353,0.99112,1.29975,0,0,0,5.50613e-05,5.50613e-05,5.50613e-05
568,7216.3,1.39541,2.32275,1.34479,1.50501,0.12591,0.12545,0.13375,0.8367,0.75741,0.82636,0.62368,0.74788,0.68761,0.71223,0.44395,1.03369,1.85857,0.98856,1.30016,0,0,0,5.36869e-05,5.36869e-05,5.36869e-05
569,7229.24,1.43165,2.38233,1.37663,1.53423,0.12925,0.12704,0.13565,0.82848,0.7593,0.82792,0.61776,0.73871,0.68389,0.71186,0.44176,1.03375,1.86032,0.99058,1.30045,0,0,0,5.23124e-05,5.23124e-05,5.23124e-05
570,7241.89,1.42366,2.34623,1.37969,1.50135,0.12839,0.12575,0.13564,0.82939,0.76437,0.83088,0.62166,0.73061,0.6744,0.70301,0.43828,1.03936,1.86105,0.99374,1.30088,0,0,0,5.09379e-05,5.09379e-05,5.09379e-05
571,7254.33,1.38032,2.25739,1.35289,1.52578,0.12185,0.1244,0.1317,0.82455,0.76968,0.83058,0.61783,0.72208,0.68064,0.70211,0.43751,1.03505,1.85554,0.99691,1.29931,0,0,0,4.95635e-05,4.95635e-05,4.95635e-05
572,7266.96,1.38671,2.33516,1.34836,1.4931,0.12897,0.12738,0.13585,0.81575,0.75312,0.82756,0.61887,0.69901,0.70528,0.70575,0.44035,1.02834,1.84929,0.99372,1.29773,0,0,0,4.81891e-05,4.81891e-05,4.81891e-05
573,7279.69,1.43252,2.36931,1.36555,1.48283,0.12111,0.1247,0.13104,0.83207,0.74807,0.82887,0.61944,0.70827,0.69988,0.70795,0.44398,1.02833,1.84667,0.98897,1.29802,0,0,0,4.68146e-05,4.68146e-05,4.68146e-05
574,7292.3,1.45609,2.3163,1.38041,1.50771,0.1279,0.12355,0.13245,0.81617,0.75628,0.82996,0.6276,0.70953,0.71571,0.70578,0.44424,1.02925,1.84371,0.98798,1.29741,0,0,0,4.54402e-05,4.54402e-05,4.54402e-05
575,7305.31,1.3905,2.35138,1.34516,1.52245,0.12549,0.12394,0.13086,0.82528,0.75451,0.83111,0.62695,0.69772,0.71239,0.70262,0.44086,1.02712,1.84326,0.9879,1.29742,0,0,0,4.40657e-05,4.40657e-05,4.40657e-05
576,7317.9,1.40625,2.37413,1.34112,1.51988,0.11894,0.12274,0.12885,0.85619,0.74673,0.8309,0.62622,0.71062,0.69471,0.7091,0.44305,1.02416,1.83944,0.98756,1.29629,0,0,0,4.26912e-05,4.26912e-05,4.26912e-05
577,7330.48,1.42854,2.38485,1.34784,1.50978,0.11418,0.11855,0.12536,0.84933,0.75311,0.83187,0.62845,0.75233,0.67579,0.71255,0.45119,1.02439,1.83635,0.98646,1.29617,0,0,0,4.13168e-05,4.13168e-05,4.13168e-05
578,7343.29,1.39335,2.32309,1.34686,1.50004,0.12244,0.12225,0.12957,0.85073,0.75808,0.82794,0.62478,0.75416,0.67942,0.71552,0.45209,1.0229,1.83979,0.98764,1.29713,0,0,0,3.99423e-05,3.99423e-05,3.99423e-05
579,7355.78,1.3119,2.22422,1.32642,1.49794,0.12762,0.12691,0.13517,0.82446,0.75726,0.82743,0.62482,0.73086,0.67922,0.71389,0.45251,1.02026,1.84066,0.98753,1.29723,0,0,0,3.85679e-05,3.85679e-05,3.85679e-05
580,7368.28,1.39558,2.3117,1.3801,1.52377,0.1263,0.1212,0.13013,0.80947,0.76272,0.82585,0.62796,0.71484,0.6758,0.70558,0.44634,1.01843,1.8422,0.98806,1.29658,0,0,0,3.71935e-05,3.71935e-05,3.71935e-05
581,7381,1.42289,2.28513,1.38654,1.50643,0.12693,0.1247,0.13387,0.81996,0.75949,0.82981,0.62821,0.68884,0.70691,0.70329,0.44344,1.01854,1.84204,0.9863,1.29623,0,0,0,3.5819e-05,3.5819e-05,3.5819e-05
582,7393.65,1.31792,2.25741,1.33113,1.48905,0.12746,0.12924,0.13735,0.80897,0.769,0.82877,0.62942,0.69465,0.70427,0.70485,0.44244,1.02038,1.84458,0.9864,1.29643,0,0,0,3.44445e-05,3.44445e-05,3.44445e-05
583,7406.29,1.45617,2.39252,1.36264,1.50721,0.12838,0.13016,0.138,0.81567,0.76771,0.83031,0.62847,0.69783,0.7119,0.70543,0.44173,1.02047,1.84525,0.98833,1.29525,0,0,0,3.30701e-05,3.30701e-05,3.30701e-05
584,7418.8,1.35753,2.26218,1.34836,1.50526,0.13122,0.12961,0.13759,0.79666,0.78114,0.83129,0.6275,0.69415,0.71044,0.70503,0.44302,1.02405,1.84621,0.9909,1.2956,0,0,0,3.16956e-05,3.16956e-05,3.16956e-05
585,7431.5,1.40368,2.30626,1.36552,1.52478,0.11924,0.11931,0.12698,0.77991,0.78959,0.83079,0.61618,0.69109,0.70893,0.70699,0.44216,1.02479,1.85099,0.98946,1.29446,0,0,0,3.03212e-05,3.03212e-05,3.03212e-05
586,7443.9,1.36575,2.2811,1.3402,1.51789,0.1164,0.12006,0.12729,0.80301,0.77856,0.83071,0.6165,0.70799,0.70168,0.70699,0.44289,1.0236,1.84925,0.98931,1.29339,0,0,0,2.89468e-05,2.89468e-05,2.89468e-05
587,7456.44,1.37043,2.2884,1.38179,1.52605,0.12851,0.12603,0.13365,0.82955,0.75765,0.83137,0.62527,0.73042,0.67691,0.70741,0.44179,1.02083,1.84627,0.9854,1.29153,0,0,0,2.75723e-05,2.75723e-05,2.75723e-05
588,7469.15,1.39173,2.35266,1.35232,1.52428,0.12055,0.12306,0.13039,0.81647,0.76194,0.83025,0.62522,0.70289,0.70799,0.70687,0.44233,1.01985,1.84251,0.98124,1.29088,0,0,0,2.61978e-05,2.61978e-05,2.61978e-05
589,7481.65,1.41315,2.42178,1.38323,1.53167,0.12106,0.11952,0.12766,0.81177,0.75168,0.82792,0.62765,0.70911,0.7061,0.70911,0.44379,1.0213,1.84142,0.97926,1.29028,0,0,0,2.48234e-05,2.48234e-05,2.48234e-05
590,7494.11,1.40127,2.37646,1.38252,1.52983,0.11805,0.11575,0.12401,0.807,0.7819,0.82786,0.62772,0.71529,0.69867,0.70697,0.44214,1.02367,1.8409,0.98085,1.29019,0,0,0,2.34489e-05,2.34489e-05,2.34489e-05
591,7510.57,1.42588,2.32178,1.3691,1.5507,0.0966,0.08141,0.09004,0.76493,0.78948,0.82455,0.61125,0.68377,0.71044,0.70743,0.44014,1.03585,1.85444,0.998,1.29349,0,0,0,2.20745e-05,2.20745e-05,2.20745e-05
592,7523.14,1.36976,2.29141,1.32619,1.50107,0.09462,0.08147,0.08835,0.7882,0.76144,0.82291,0.60383,0.70735,0.68593,0.70579,0.43643,1.05837,1.88665,1.02235,1.3041,0,0,0,2.07001e-05,2.07001e-05,2.07001e-05
593,7535.68,1.36611,2.35756,1.30619,1.5402,0.09131,0.07957,0.08682,0.80375,0.7489,0.82016,0.594,0.73064,0.66643,0.70173,0.4269,1.07404,1.91036,1.03701,1.31195,0,0,0,1.93256e-05,1.93256e-05,1.93256e-05
594,7548.47,1.36574,2.32238,1.28135,1.50726,0.08738,0.07947,0.08604,0.83542,0.72863,0.81888,0.59525,0.76381,0.65463,0.70044,0.42669,1.07946,1.92493,1.03662,1.3147,0,0,0,1.79512e-05,1.79512e-05,1.79512e-05
595,7561.07,1.32826,2.28206,1.27938,1.48887,0.0935,0.0802,0.08852,0.85173,0.72916,0.81739,0.59329,0.75915,0.64501,0.69556,0.42386,1.08532,1.93561,1.03575,1.31872,0,0,0,1.65767e-05,1.65767e-05,1.65767e-05
596,7573.6,1.33442,2.24369,1.2387,1.49999,0.08877,0.07968,0.08613,0.84098,0.73272,0.8206,0.5962,0.75496,0.65479,0.70085,0.42572,1.08143,1.93212,1.03162,1.31866,0,0,0,1.52022e-05,1.52022e-05,1.52022e-05
597,7586.22,1.31642,2.20055,1.22653,1.46929,0.08488,0.07712,0.08332,0.83778,0.73387,0.81946,0.59119,0.75728,0.65759,0.70355,0.43121,1.0822,1.93128,1.02907,1.31922,0,0,0,1.38278e-05,1.38278e-05,1.38278e-05
598,7598.71,1.3305,2.28344,1.24762,1.48666,0.08686,0.07884,0.0849,0.83754,0.7371,0.8179,0.59547,0.73886,0.66476,0.6998,0.43038,1.08177,1.93017,1.02565,1.31948,0,0,0,1.24534e-05,1.24534e-05,1.24534e-05
599,7611.31,1.34729,2.21375,1.28153,1.4546,0.08656,0.07813,0.08414,0.83723,0.73436,0.81864,0.59735,0.74834,0.65836,0.69869,0.43012,1.08159,1.92973,1.02355,1.32014,0,0,0,1.10789e-05,1.10789e-05,1.10789e-05
600,7623.88,1.31258,2.16127,1.25422,1.4744,0.08612,0.07781,0.08384,0.82343,0.74222,0.81926,0.599,0.7241,0.67889,0.70252,0.43144,1.08277,1.926,1.02258,1.31939,0,0,0,9.70445e-06,9.70445e-06,9.70445e-06
