epoch,time,train/box_loss,train/seg_loss,train/cls_loss,train/dfl_loss,train/sem_loss,train/heat_loss,train/seed_loss,metrics/precision(B),metrics/recall(B),metrics/mAP50(B),metrics/mAP50-95(B),metrics/precision(M),metrics/recall(M),metrics/mAP50(M),metrics/mAP50-95(M),val/box_loss,val/seg_loss,val/cls_loss,val/dfl_loss,val/sem_loss,val/heat_loss,val/seed_loss,lr/pg0,lr/pg1,lr/pg2
1,43.6234,3.84739,6.98693,5.61936,4.19923,0.8439,0.84548,0.84401,0.0001,0.00277,0,0,3e-05,0.00092,0,0,4.05664,5.2318,5.0556,4.15431,0,0,0,0.000271356,0.000271356,0.000271356
2,80.1561,3.82177,5.14743,5.48567,4.13032,0.82036,0.82768,0.8253,0.00022,0.02703,2e-05,0,7e-05,0.00805,0,0,4.046,4.92328,4.83167,4.08535,0,0,0,0.000548117,0.000548117,0.000548117
3,116.963,3.70067,4.78763,5.3262,3.9898,0.77923,0.79152,0.78598,8e-05,0.0097,0,0,5e-05,0.00647,0,0,4.03177,4.93556,5.84075,4.08153,0,0,0,0.000823961,0.000823961,0.000823961
4,153.761,3.5664,4.69188,5.116,3.73596,0.73658,0.74742,0.74143,0.00017,0.01341,2e-05,0,9e-05,0.00831,1e-05,0,3.73852,10.2134,6.12183,3.78129,0,0,0,0.000828877,0.000828877,0.000828877
5,190.549,3.3358,4.62654,4.85914,3.51136,0.69302,0.70368,0.6987,0.60506,0.00323,0.00016,3e-05,0.60342,0.00277,0.00014,2e-05,3.55816,4.92772,5.03703,3.54401,0,0,0,0.000827502,0.000827502,0.000827502
6,227.561,3.22227,4.60152,4.75976,3.37292,0.65255,0.66191,0.65849,0.40098,0.00564,8e-05,2e-05,0.40125,0.00703,9e-05,2e-05,nan,nan,nan,nan,0,0,0,0.000826128,0.000826128,0.000826128
7,263.937,3.12885,4.5283,4.66659,3.29146,0.61941,0.62615,0.62383,0.00042,0.04028,0.0001,2e-05,0.00032,0.03187,8e-05,2e-05,3.36997,4.94438,5.86512,3.36085,0,0,0,0.000824753,0.000824753,0.000824753
8,300.445,3.06744,4.49108,4.58854,3.18472,0.59575,0.59962,0.59835,0.80902,0.00092,0.0008,0.00017,0.6011,0.00277,0.00075,0.00016,3.20337,5.04978,4.33606,3.22273,0,0,0,0.000823379,0.000823379,0.000823379
9,337.16,2.97349,4.44923,4.50085,3.12171,0.57651,0.57819,0.57763,0.8058,0.00185,0.00034,7e-05,0.80266,0.00323,0.0002,4e-05,3.18753,4.70257,4.26188,3.17588,0,0,0,0.000822004,0.000822004,0.000822004
10,373.858,2.90829,4.41931,4.44217,3.10149,0.56271,0.56226,0.56216,0.60647,0.00554,0.00076,0.00016,0.80742,0.00462,0.00079,0.00012,3.09419,4.6945,4.1738,3.1036,0,0,0,0.00082063,0.00082063,0.00082063
11,410.408,2.88772,4.37585,4.34991,3.02212,0.55297,0.55071,0.55094,0.62294,0.00231,0.00101,0.00018,0.61062,0.00462,0.00093,0.00017,3.10479,4.69702,4.39171,3.10527,0,0,0,0.000819255,0.000819255,0.000819255
12,447.192,2.85695,4.3312,4.30512,2.96156,0.5453,0.54198,0.54247,0.60274,0.00277,0.00072,0.00016,0.61052,0.00231,0.00073,0.00015,nan,nan,nan,nan,0,0,0,0.000817881,0.000817881,0.000817881
13,483.631,2.7807,4.31917,4.23011,2.9024,0.53893,0.5352,0.53584,0.20222,0.01524,0.00063,0.00014,0.20234,0.01293,0.00046,9e-05,3.01997,4.57696,4.2513,2.99106,0,0,0,0.000816507,0.000816507,0.000816507
14,520.158,2.78539,4.26933,4.24256,2.88497,0.53545,0.53036,0.53115,0.80718,0.0037,0.00123,0.00027,0.80896,0.00416,0.00128,0.00027,3.01621,4.5455,4.08494,2.98537,0,0,0,0.000815132,0.000815132,0.000815132
15,556.799,2.7091,4.23594,4.18377,2.82101,0.5325,0.52621,0.52726,0.00122,0.11129,0.00103,0.00028,0.00092,0.08306,0.00085,0.00019,2.97913,4.49428,4.11582,2.97043,0,0,0,0.000813758,0.000813758,0.000813758
16,593.194,2.68627,4.2358,4.18416,2.8267,0.52984,0.52313,0.52427,0.40512,0.006,0.00113,0.0003,0.40437,0.006,0.00081,0.00019,2.98642,4.48682,4.27726,2.9705,0,0,0,0.000812383,0.000812383,0.000812383
17,629.647,2.63593,4.17214,4.17111,2.77881,0.52778,0.52056,0.52167,0.20153,0.02448,0.00045,0.00014,0.20144,0.0404,0.00034,8e-05,nan,nan,nan,nan,0,0,0,0.000811009,0.000811009,0.000811009
18,665.847,2.64915,4.20189,4.12322,2.76659,0.52536,0.51828,0.51935,0.0132,0.00508,0.00174,0.00046,0.01245,0.00462,0.00158,0.00049,2.88158,4.45482,4.06729,2.92334,0,0,0,0.000809634,0.000809634,0.000809634
19,702.6,2.66336,4.17411,4.02835,2.74816,0.52375,0.51613,0.51723,0.6088,0.00785,0.00166,0.00045,0.61045,0.00831,0.00217,0.00052,2.91258,4.42036,4.17804,2.92442,0,0,0,0.00080826,0.00080826,0.00080826
20,739.273,2.60713,4.1596,4.03407,2.71949,0.52046,0.51403,0.51477,0.40797,0.01247,0.00226,0.0006,0.40874,0.00924,0.00217,0.00059,nan,nan,nan,nan,0,0,0,0.000806885,0.000806885,0.000806885
21,775.835,2.56719,4.14506,3.98741,2.70354,0.51835,0.51219,0.51303,0.0119,0.00955,0.00334,0.00088,0.01247,0.01002,0.0027,0.00079,nan,nan,nan,nan,0,0,0,0.000805511,0.000805511,0.000805511
22,812.69,2.56626,4.06557,3.86979,2.65306,0.5169,0.51081,0.51153,0.40895,0.0097,0.00185,0.00046,0.61133,0.00924,0.00179,0.00042,nan,nan,nan,nan,0,0,0,0.000804137,0.000804137,0.000804137
23,848.954,2.55867,4.07372,3.85933,2.65126,0.51553,0.50957,0.51026,0.61637,0.01219,0.00519,0.0013,0.62066,0.01016,0.00556,0.0014,nan,nan,nan,nan,0,0,0,0.000802762,0.000802762,0.000802762
24,885.566,2.5229,4.07089,3.84334,2.63795,0.51413,0.50803,0.50891,0.00177,0.14938,0.00093,0.00028,0.00135,0.11649,0.00067,0.00017,nan,nan,nan,nan,0,0,0,0.000801388,0.000801388,0.000801388
25,921.89,2.49946,4.01727,3.81283,2.61005,0.51219,0.50659,0.507,0.4226,0.01293,0.00624,0.00135,0.42438,0.01155,0.00619,0.00179,2.77451,4.38391,3.91741,2.91848,0,0,0,0.000800013,0.000800013,0.000800013
26,958.52,2.50638,4.05061,3.82883,2.60637,0.51117,0.50586,0.50639,0.61731,0.01432,0.00644,0.00207,0.62473,0.0157,0.00655,0.00227,2.73982,4.32376,3.86927,2.79179,0,0,0,0.000798639,0.000798639,0.000798639
27,994.94,2.47885,4.03483,3.77815,2.56535,0.51021,0.50477,0.50502,0.61269,0.01201,0.00412,0.00104,0.61549,0.0097,0.00387,0.00121,nan,nan,nan,nan,0,0,0,0.000797264,0.000797264,0.000797264
28,1031.17,2.47872,3.98562,3.71492,2.56304,0.50845,0.50343,0.50316,0.41799,0.01432,0.00395,0.00105,0.4214,0.01339,0.00355,0.00104,nan,nan,nan,nan,0,0,0,0.00079589,0.00079589,0.00079589
29,1067.52,2.45798,3.96471,3.66876,2.55316,0.50656,0.50203,0.50177,0.21304,0.01386,0.00341,0.00091,0.21362,0.01062,0.0028,0.00085,nan,nan,nan,nan,0,0,0,0.000794515,0.000794515,0.000794515
30,1103.73,2.41816,4.00801,3.65183,2.54359,0.50506,0.50063,0.50056,0.41785,0.01293,0.00515,0.00189,0.41748,0.01062,0.00543,0.00187,2.72823,4.34316,3.89852,2.7363,0,0,0,0.000793141,0.000793141,0.000793141
31,1140.01,2.40712,3.90514,3.60112,2.53912,0.50434,0.49993,0.49934,0.41593,0.01386,0.0045,0.00137,0.41646,0.01339,0.00442,0.00127,2.69582,4.27561,3.95031,2.69641,0,0,0,0.000791767,0.000791767,0.000791767
32,1176.19,2.42053,3.935,3.63067,2.52822,0.50497,0.49886,0.49879,0.217,0.01478,0.00782,0.00237,0.21795,0.01432,0.00719,0.0025,2.73479,4.24409,3.83112,2.68629,0,0,0,0.000790392,0.000790392,0.000790392
33,1212.75,2.39412,3.93453,3.55025,2.5204,0.50242,0.49761,0.4969,0.42089,0.01524,0.00695,0.00209,0.42161,0.01386,0.00593,0.00197,2.71501,4.25256,3.8914,2.67458,0,0,0,0.000789018,0.000789018,0.000789018
34,1248.97,2.38847,3.91159,3.52933,2.4884,0.49888,0.4953,0.49372,0.42084,0.01339,0.00689,0.00161,0.42078,0.01155,0.00692,0.00195,2.73743,4.24094,3.85968,2.74404,0,0,0,0.000787643,0.000787643,0.000787643
35,1285.33,2.38685,3.91484,3.49969,2.48938,0.49504,0.49248,0.4898,0.42516,0.01155,0.00547,0.00144,0.44101,0.01249,0.00601,0.00156,2.71336,4.25717,4.11171,2.75698,0,0,0,0.000786269,0.000786269,0.000786269
36,1321.65,2.34821,3.86105,3.52912,2.46679,0.49551,0.49134,0.48744,0.41391,0.01432,0.00699,0.00223,0.41837,0.01247,0.00705,0.00213,2.68671,4.23631,3.87797,2.70988,0,0,0,0.000784894,0.000784894,0.000784894
37,1358.04,2.35137,3.83683,3.41727,2.46158,0.48827,0.48746,0.47994,0.45822,0.01665,0.00899,0.00299,0.43453,0.01572,0.00795,0.00298,2.65673,4.1852,3.84672,2.66244,0,0,0,0.00078352,0.00078352,0.00078352
38,1394.46,2.31332,3.81634,3.46925,2.44466,0.48351,0.484,0.46959,0.41902,0.01617,0.00696,0.00231,0.41413,0.01201,0.00485,0.00183,2.66032,4.24256,3.82905,2.67954,0,0,0,0.000782145,0.000782145,0.000782145
39,1430.83,2.31832,3.8645,3.41839,2.44489,0.46878,0.47658,0.44964,0.42348,0.01755,0.00959,0.00308,0.62483,0.01524,0.00815,0.00303,2.62596,4.25439,3.89969,2.67108,0,0,0,0.000780771,0.000780771,0.000780771
40,1467.26,2.30647,3.8146,3.40294,2.41628,0.44614,0.46349,0.41912,0.42542,0.02042,0.01018,0.00294,0.43545,0.01339,0.00808,0.00277,2.63852,4.20938,3.81715,2.64725,0,0,0,0.000779396,0.000779396,0.000779396
41,1503.62,2.2872,3.81966,3.33033,2.39813,0.40552,0.43261,0.37226,0.42146,0.01715,0.01109,0.00364,0.42886,0.01201,0.01009,0.00368,2.66182,4.26798,3.88246,2.66919,0,0,0,0.000778022,0.000778022,0.000778022
42,1540.09,2.2642,3.80489,3.34932,2.39479,0.34564,0.37895,0.31647,0.41984,0.02267,0.00822,0.00213,0.4211,0.01942,0.00703,0.00195,2.64601,4.21474,3.82158,2.63914,0,0,0,0.000776648,0.000776648,0.000776648
43,1576.5,2.28086,3.78761,3.31166,2.39718,0.28525,0.31228,0.27278,0.42367,0.02082,0.00947,0.00269,0.4189,0.01757,0.00736,0.00234,2.62306,4.20239,3.84541,2.64901,0,0,0,0.000775273,0.000775273,0.000775273
44,1612.81,2.28029,3.77951,3.28215,2.37898,0.24651,0.2403,0.24044,0.41883,0.01757,0.00821,0.00292,0.41842,0.01572,0.0073,0.0026,2.60722,4.22601,3.85758,2.63152,0,0,0,0.000773899,0.000773899,0.000773899
45,1648.97,2.23597,3.80202,3.2871,2.36642,0.2326,0.20304,0.21788,0.42547,0.01524,0.01009,0.00298,0.43502,0.01432,0.00894,0.00295,2.58025,4.19325,3.91495,2.6064,0,0,0,0.000772524,0.000772524,0.000772524
46,1685.61,2.28162,3.75129,3.24159,2.35709,0.22494,0.17871,0.1982,0.41934,0.0204,0.00833,0.00257,0.41801,0.019,0.0075,0.00245,2.59693,4.19159,3.83642,2.63516,0,0,0,0.00077115,0.00077115,0.00077115
47,1722.04,2.26244,3.73732,3.21459,2.34441,0.21508,0.16413,0.18263,0.22762,0.02179,0.01132,0.00357,0.22276,0.01757,0.01026,0.00351,2.5906,4.16849,3.80311,2.62104,0,0,0,0.000769775,0.000769775,0.000769775
48,1758.41,2.25119,3.76047,3.24124,2.35494,0.22238,0.16539,0.18126,0.42885,0.0194,0.01027,0.00345,0.42681,0.01709,0.00743,0.0026,2.59529,4.1687,3.9043,2.61723,0,0,0,0.000768401,0.000768401,0.000768401
49,1794.52,2.18144,3.74035,3.25467,2.34664,0.21978,0.15817,0.17104,0.42576,0.0297,0.01102,0.00333,0.42547,0.024,0.01003,0.003,2.62537,4.17528,3.8256,2.641,0,0,0,0.000767026,0.000767026,0.000767026
50,1831.04,2.22889,3.76024,3.20381,2.32007,0.22294,0.16258,0.17296,0.41887,0.02735,0.00903,0.00288,0.41865,0.01803,0.00719,0.00224,2.63751,4.17919,3.86757,2.61502,0,0,0,0.000765652,0.000765652,0.000765652
51,1867.37,2.2547,3.74478,3.22117,2.33796,0.21991,0.16029,0.17047,0.42092,0.03568,0.018,0.00701,0.41743,0.02916,0.01632,0.00534,2.65062,4.16415,3.84562,2.60732,0,0,0,0.000764278,0.000764278,0.000764278
52,1903.9,2.19218,3.72186,3.17214,2.33022,0.21444,0.1559,0.16443,0.43326,0.0256,0.01868,0.00974,0.43299,0.02422,0.01708,0.0064,2.57266,4.21845,3.88826,2.59904,0,0,0,0.000762903,0.000762903,0.000762903
53,1940.41,2.205,3.66911,3.15766,2.3199,0.21578,0.15368,0.16226,0.4297,0.03052,0.01201,0.00402,0.42501,0.02504,0.01031,0.00336,2.57763,4.15705,3.88082,2.62531,0,0,0,0.000761529,0.000761529,0.000761529
54,1976.92,2.1529,3.64542,3.10014,2.29212,0.21798,0.15824,0.16758,0.41819,0.02818,0.01108,0.00288,0.41724,0.02309,0.00908,0.00305,2.59471,4.16804,3.91818,2.61271,0,0,0,0.000760154,0.000760154,0.000760154
55,2013.31,2.20168,3.69243,3.13337,2.29342,0.21865,0.15731,0.16692,0.41929,0.03107,0.01188,0.00426,0.42476,0.01912,0.01068,0.00384,2.52619,4.15642,3.84855,2.61275,0,0,0,0.00075878,0.00075878,0.00075878
56,2049.7,2.19135,3.69714,3.07699,2.29386,0.21207,0.15171,0.1597,0.43021,0.03173,0.01115,0.00384,0.432,0.02183,0.00924,0.00328,2.5869,4.17487,3.9844,2.60646,0,0,0,0.000757405,0.000757405,0.000757405
57,2086.25,2.20012,3.6787,3.10847,2.29694,0.21558,0.15538,0.16501,0.42526,0.04657,0.02296,0.00992,0.41776,0.04179,0.021,0.00707,2.61569,4.15399,3.88422,2.61168,0,0,0,0.000756031,0.000756031,0.000756031
58,2122.73,2.18237,3.66358,3.03665,2.2796,0.21335,0.15806,0.16608,0.30342,0.0358,0.02363,0.00978,0.35881,0.0259,0.02197,0.00681,2.56247,4.21299,3.87862,2.6185,0,0,0,0.000754656,0.000754656,0.000754656
59,2159.12,2.15531,3.68888,3.06096,2.27922,0.21238,0.15311,0.16206,0.42253,0.03717,0.01738,0.00892,0.41628,0.03054,0.01531,0.00575,2.5835,4.13612,3.90621,2.59749,0,0,0,0.000753282,0.000753282,0.000753282
60,2195.26,2.14077,3.58858,3.01261,2.28397,0.20896,0.14744,0.1562,0.43373,0.03111,0.01398,0.00454,0.43172,0.02034,0.01279,0.00391,2.55255,4.16711,3.86467,2.59361,0,0,0,0.000751907,0.000751907,0.000751907
61,2231.56,2.13355,3.61885,3.00072,2.2661,0.21315,0.15278,0.16174,0.42868,0.0334,0.01706,0.00556,0.42027,0.02729,0.01554,0.00454,2.58195,4.16431,3.84314,2.61663,0,0,0,0.000750533,0.000750533,0.000750533
62,2267.74,2.12277,3.6424,2.99744,2.26214,0.20977,0.15003,0.15727,0.42621,0.02589,0.01018,0.00348,0.42734,0.02127,0.00939,0.00304,2.57409,4.25217,3.90909,2.61382,0,0,0,0.000749159,0.000749159,0.000749159
63,2303.99,2.12113,3.58334,2.96474,2.23669,0.208,0.15066,0.15969,0.42996,0.02916,0.01256,0.00367,0.42842,0.02127,0.01075,0.00362,2.54151,4.14887,3.88256,2.57115,0,0,0,0.000747784,0.000747784,0.000747784
64,2340.14,2.11395,3.59299,2.92717,2.23889,0.21066,0.15304,0.1634,0.28009,0.0447,0.01564,0.00548,0.27563,0.03711,0.01495,0.00428,2.5558,4.23563,3.89453,2.59919,0,0,0,0.00074641,0.00074641,0.00074641
65,2376.29,2.1067,3.57515,2.89816,2.23694,0.20723,0.15013,0.15978,0.34715,0.0463,0.02084,0.00731,0.34088,0.04331,0.01827,0.00541,2.54655,4.1433,3.92975,2.59185,0,0,0,0.000745035,0.000745035,0.000745035
66,2412.78,2.12029,3.56483,2.89788,2.22255,0.20675,0.15262,0.16182,0.21716,0.03101,0.01131,0.00349,0.21562,0.02544,0.00941,0.00307,2.57706,4.20257,3.92853,2.59389,0,0,0,0.000743661,0.000743661,0.000743661
67,2449.23,2.11964,3.57552,2.95406,2.21487,0.21364,0.15463,0.16442,0.24139,0.04683,0.0132,0.00369,0.22326,0.0255,0.0086,0.00285,2.57019,4.14212,3.8491,2.5924,0,0,0,0.000742286,0.000742286,0.000742286
68,2485.27,2.09666,3.52136,2.90969,2.21244,0.2054,0.14843,0.15809,0.23803,0.0385,0.01207,0.00369,0.22839,0.0287,0.00948,0.00307,2.57643,4.17994,3.86109,2.60044,0,0,0,0.000740912,0.000740912,0.000740912
69,2521.41,2.06452,3.56921,2.9104,2.20655,0.20731,0.1518,0.16163,0.42712,0.03008,0.01434,0.00437,0.44038,0.01759,0.0118,0.0037,2.54287,4.18614,3.87602,2.56979,0,0,0,0.000739537,0.000739537,0.000739537
70,2557.71,2.10603,3.52038,2.84815,2.2136,0.20391,0.15104,0.16027,0.4312,0.03834,0.01788,0.00623,0.44135,0.02416,0.01635,0.00563,2.5734,4.15858,3.90955,2.63457,0,0,0,0.000738163,0.000738163,0.000738163
71,2593.99,2.0887,3.55331,2.83398,2.21215,0.20208,0.15219,0.16212,0.24511,0.03392,0.01287,0.00368,0.22186,0.02823,0.00844,0.00246,2.5312,4.1468,3.86467,2.57037,0,0,0,0.000736788,0.000736788,0.000736788
72,2630.38,2.08105,3.56124,2.84671,2.20675,0.19795,0.14971,0.15995,0.0206,0.02866,0.01397,0.00471,0.0183,0.02402,0.01174,0.00403,2.58272,4.12688,3.93032,2.60529,0,0,0,0.000735414,0.000735414,0.000735414
73,2666.76,2.11164,3.54331,2.80373,2.19099,0.18992,0.14648,0.15547,0.21969,0.04787,0.0098,0.0029,0.41779,0.02311,0.00814,0.00275,2.617,4.15475,4.03807,2.61176,0,0,0,0.00073404,0.00073404,0.00073404
74,2702.89,2.0778,3.50489,2.8494,2.20582,0.19203,0.14729,0.15768,0.23198,0.04034,0.01454,0.00449,0.22182,0.03004,0.01183,0.00397,2.5563,4.16929,3.83111,2.57571,0,0,0,0.000732665,0.000732665,0.000732665
75,2739.27,2.09629,3.54766,2.81735,2.18724,0.19545,0.15369,0.16478,0.03447,0.03482,0.01713,0.00531,0.02395,0.02729,0.01341,0.00472,2.58448,4.1544,3.88758,2.58992,0,0,0,0.000731291,0.000731291,0.000731291
76,2775.36,2.04966,3.47881,2.75344,2.17947,0.18814,0.14971,0.1588,0.43464,0.04706,0.01342,0.00403,0.4268,0.02408,0.00906,0.00276,2.55276,4.14436,3.97509,2.57707,0,0,0,0.000729916,0.000729916,0.000729916
77,2811.51,2.02856,3.43633,2.74286,2.15206,0.18806,0.14819,0.15867,0.22696,0.03476,0.01172,0.00403,0.22201,0.02735,0.00755,0.00244,2.55773,4.14362,3.9481,2.57351,0,0,0,0.000728542,0.000728542,0.000728542
78,2847.7,2.07264,3.49092,2.78235,2.18203,0.19058,0.14989,0.16075,0.03373,0.03197,0.01274,0.00393,0.02046,0.02679,0.00947,0.00333,2.58919,4.16684,3.96284,2.58601,0,0,0,0.000727167,0.000727167,0.000727167
79,2883.95,2.02898,3.47382,2.71834,2.17077,0.18486,0.15118,0.16025,0.02243,0.03896,0.00834,0.00271,0.22361,0.01851,0.00656,0.00199,2.65516,4.14075,4.04291,2.61689,0,0,0,0.000725793,0.000725793,0.000725793
80,2920.11,2.01958,3.43531,2.71869,2.1468,0.19042,0.1492,0.15982,0.25253,0.04348,0.01635,0.00505,0.22934,0.03581,0.01169,0.00375,2.56763,4.11663,3.90163,2.61805,0,0,0,0.000724418,0.000724418,0.000724418
81,2956.54,2.0389,3.4666,2.6587,2.14458,0.18686,0.14697,0.15764,0.04067,0.05504,0.01689,0.00525,0.02929,0.0349,0.01297,0.00425,2.60003,4.16999,3.92689,2.61465,0,0,0,0.000723044,0.000723044,0.000723044
82,2992.69,2.0047,3.44336,2.65928,2.14158,0.18116,0.14512,0.15518,0.03867,0.03956,0.01825,0.00607,0.44359,0.02412,0.01206,0.00449,2.55813,4.1232,3.85608,2.60017,0,0,0,0.00072167,0.00072167,0.00072167
83,3028.95,2.03191,3.4173,2.68613,2.17886,0.18604,0.14835,0.15873,0.22954,0.03521,0.01839,0.00596,0.22102,0.02914,0.0154,0.00543,2.58139,4.19967,3.88713,2.61308,0,0,0,0.000720295,0.000720295,0.000720295
84,3065.21,1.99266,3.39524,2.62335,2.12642,0.1815,0.14929,0.15931,0.23043,0.04414,0.01254,0.0036,0.22807,0.02317,0.0103,0.00303,2.59036,4.15893,3.95199,2.59655,0,0,0,0.000718921,0.000718921,0.000718921
85,3101.46,2.01923,3.41795,2.66926,2.12639,0.18763,0.14889,0.16104,0.22195,0.03705,0.00938,0.00264,0.22241,0.02362,0.00778,0.00223,2.62978,4.16565,4.00798,2.61753,0,0,0,0.000717546,0.000717546,0.000717546
86,3137.81,1.98521,3.44932,2.59809,2.12731,0.18179,0.14872,0.15764,0.23485,0.03199,0.01477,0.00512,0.22127,0.02402,0.01038,0.00358,2.61242,4.13526,3.97028,2.60445,0,0,0,0.000716172,0.000716172,0.000716172
87,3173.98,2.02046,3.45709,2.67416,2.14763,0.18627,0.14886,0.15806,0.24711,0.03119,0.01186,0.00403,0.2298,0.02504,0.00834,0.00266,2.56396,4.12406,3.96219,2.5781,0,0,0,0.000714797,0.000714797,0.000714797
88,3210.26,1.97569,3.43019,2.60213,2.09305,0.18092,0.14456,0.15417,0.04391,0.04201,0.01185,0.0036,0.23768,0.02978,0.00905,0.00263,2.56554,4.1789,3.95392,2.59907,0,0,0,0.000713423,0.000713423,0.000713423
89,3246.45,1.98594,3.41127,2.61567,2.12573,0.18301,0.14817,0.15855,0.04718,0.03629,0.01543,0.00519,0.03575,0.02601,0.01199,0.00382,2.57962,4.1569,3.90366,2.61293,0,0,0,0.000712048,0.000712048,0.000712048
90,3282.63,1.98939,3.36349,2.58794,2.11197,0.17778,0.14256,0.15133,0.25527,0.03869,0.01493,0.0049,0.24674,0.0246,0.011,0.00396,2.57289,4.1689,4.00154,2.6063,0,0,0,0.000710674,0.000710674,0.000710674
91,3318.84,1.9501,3.32701,2.53173,2.07822,0.18436,0.15286,0.16345,0.23337,0.02888,0.00984,0.00309,0.22479,0.01757,0.00827,0.00274,2.62622,4.18025,4.04886,2.63952,0,0,0,0.000709299,0.000709299,0.000709299
92,3355.06,1.97734,3.3397,2.59961,2.0899,0.18169,0.14401,0.15416,0.23424,0.03809,0.01024,0.00298,0.24157,0.03829,0.00908,0.00261,2.59686,4.13009,3.96784,2.6332,0,0,0,0.000707925,0.000707925,0.000707925
93,3391.28,2.01789,3.38709,2.63344,2.11595,0.18699,0.14853,0.15967,0.44892,0.04091,0.01331,0.00419,0.43355,0.02868,0.00953,0.00332,2.59013,4.19972,3.96321,2.59815,0,0,0,0.000706551,0.000706551,0.000706551
94,3427.4,1.95117,3.39961,2.54566,2.08268,0.1854,0.14597,0.15798,0.23501,0.04099,0.01256,0.00417,0.22302,0.03247,0.00995,0.00316,2.58643,4.20242,4.02238,2.60936,0,0,0,0.000705176,0.000705176,0.000705176
95,3463.52,1.92151,3.30794,2.47196,2.08213,0.17371,0.14039,0.15082,0.45679,0.03024,0.01606,0.00515,0.43424,0.02496,0.01311,0.0046,2.5649,4.17179,3.98909,2.62156,0,0,0,0.000703802,0.000703802,0.000703802
96,3499.75,1.95001,3.33265,2.52003,2.08968,0.18326,0.14427,0.15602,0.22689,0.02918,0.01017,0.00313,0.22411,0.02548,0.00762,0.00245,2.61677,4.21308,4.0725,2.66685,0,0,0,0.000702427,0.000702427,0.000702427
97,3535.91,1.96047,3.35334,2.5265,2.10265,0.18049,0.14416,0.15483,0.26483,0.03338,0.01373,0.0042,0.22815,0.02513,0.00922,0.00309,2.60421,4.16457,4.02458,2.61655,0,0,0,0.000701053,0.000701053,0.000701053
98,3572.19,1.97306,3.34254,2.52135,2.08103,0.18011,0.14164,0.15345,0.24387,0.02966,0.01206,0.00444,0.23518,0.0245,0.0094,0.00293,2.56102,4.14138,4.02787,2.58874,0,0,0,0.000699678,0.000699678,0.000699678
99,3608.35,1.9516,3.3482,2.50774,2.07656,0.18188,0.14724,0.15765,0.0261,0.02821,0.01224,0.0041,0.0273,0.0236,0.01019,0.00349,2.63117,4.16451,4.05494,2.62636,0,0,0,0.000698304,0.000698304,0.000698304
100,3644.57,1.94948,3.35855,2.54582,2.07965,0.18551,0.14547,0.15732,0.2482,0.03165,0.01114,0.00343,0.23527,0.02368,0.00829,0.00242,2.59042,4.2398,4.06396,2.61669,0,0,0,0.000696929,0.000696929,0.000696929
101,3680.85,1.96422,3.29409,2.45577,2.08332,0.17916,0.14925,0.15847,0.46751,0.03444,0.01621,0.00536,0.4471,0.02624,0.01075,0.0035,2.60524,4.18894,4.05368,2.6199,0,0,0,0.000695555,0.000695555,0.000695555
102,3717.16,1.93888,3.34155,2.50545,2.06283,0.17862,0.1456,0.15542,0.43193,0.03896,0.01155,0.00356,0.42749,0.03016,0.00856,0.00298,2.57185,4.15105,4.06513,2.61865,0,0,0,0.000694181,0.000694181,0.000694181
103,3753.39,1.92641,3.32772,2.46746,2.07071,0.17931,0.14273,0.15374,0.23919,0.03088,0.01367,0.00432,0.23428,0.02601,0.01144,0.00374,2.55788,4.15552,3.95395,2.62218,0,0,0,0.000692806,0.000692806,0.000692806
104,3789.84,1.93505,3.32443,2.43302,2.0492,0.17802,0.14106,0.15137,0.0554,0.03763,0.01225,0.00325,0.43191,0.02641,0.00906,0.00276,2.61459,4.147,4.05406,2.65036,0,0,0,0.000691432,0.000691432,0.000691432
105,3826.15,1.90558,3.31115,2.38393,2.0414,0.18011,0.15014,0.16006,0.22275,0.03707,0.00868,0.00275,0.22333,0.0334,0.00632,0.00183,2.63536,4.1783,4.06421,2.63975,0,0,0,0.000690057,0.000690057,0.000690057
106,3862.38,1.89615,3.23724,2.40076,2.03376,0.17901,0.14444,0.15476,0.03192,0.03209,0.01092,0.00343,0.02173,0.02366,0.00895,0.0027,2.60191,4.20856,4.00269,2.61359,0,0,0,0.000688683,0.000688683,0.000688683
107,3898.9,1.91834,3.22168,2.39909,1.99398,0.17582,0.14146,0.15213,0.04821,0.03211,0.01227,0.00406,0.24272,0.01998,0.00927,0.00357,2.59762,4.2247,4.03521,2.62315,0,0,0,0.000687308,0.000687308,0.000687308
108,3935.09,1.9003,3.26586,2.42164,2.03741,0.17939,0.14796,0.15639,0.23079,0.03382,0.01222,0.00357,0.23012,0.03037,0.01012,0.0032,2.62502,4.14779,4.06678,2.64531,0,0,0,0.000685934,0.000685934,0.000685934
109,3971.4,1.96282,3.28991,2.47072,2.05092,0.17749,0.14463,0.1556,0.03467,0.04231,0.01258,0.00399,0.03254,0.03859,0.0111,0.0037,2.59974,4.18388,4.05465,2.65431,0,0,0,0.000684559,0.000684559,0.000684559
110,4007.57,1.90879,3.27086,2.41637,2.04639,0.17551,0.13945,0.14979,0.23775,0.03436,0.01143,0.00342,0.22513,0.0241,0.00898,0.00284,2.60963,4.15393,4.15167,2.67307,0,0,0,0.000683185,0.000683185,0.000683185
111,4043.8,1.89384,3.2661,2.37098,2.03279,0.1788,0.14458,0.15585,0.22932,0.02731,0.00965,0.00278,0.23479,0.02131,0.00774,0.00235,2.63119,4.16408,4.14229,2.6634,0,0,0,0.00068181,0.00068181,0.00068181
112,4080.15,1.90083,3.2382,2.34152,2.02764,0.17217,0.14135,0.15104,0.03762,0.03118,0.01085,0.00308,0.03294,0.02608,0.00831,0.00253,2.63763,4.24887,4.06946,2.63102,0,0,0,0.000680436,0.000680436,0.000680436
113,4116.36,1.91997,3.22186,2.37417,2.04778,0.17531,0.1434,0.15434,0.23245,0.02555,0.0099,0.00283,0.23178,0.01667,0.00783,0.00251,2.67937,4.2488,4.262,2.67476,0,0,0,0.000679062,0.000679062,0.000679062
114,4152.51,1.92814,3.28638,2.37452,2.03506,0.17507,0.14182,0.15178,0.2231,0.03611,0.01492,0.00445,0.21928,0.03101,0.01238,0.00407,2.63078,4.22304,4.11183,2.66021,0,0,0,0.000677687,0.000677687,0.000677687
115,4188.64,1.9221,3.2557,2.35473,2.0312,0.17198,0.14261,0.15345,0.23393,0.0293,0.00975,0.00275,0.22992,0.02233,0.00733,0.00202,2.5971,4.25668,4.16477,2.62704,0,0,0,0.000676313,0.000676313,0.000676313
116,4224.9,1.87361,3.21064,2.33602,2.01584,0.17865,0.14722,0.15829,0.24702,0.02697,0.01421,0.00426,0.43952,0.02225,0.00924,0.00328,2.63302,4.21156,4.15534,2.67232,0,0,0,0.000674938,0.000674938,0.000674938
117,4261.08,1.88557,3.2067,2.32476,1.99744,0.17762,0.14182,0.15323,0.23765,0.03207,0.01152,0.00365,0.23349,0.02456,0.00965,0.00329,2.60851,4.23773,4.14119,2.63189,0,0,0,0.000673564,0.000673564,0.000673564
118,4297.39,1.89743,3.24121,2.34442,2.01592,0.18027,0.14529,0.15585,0.22934,0.03482,0.01109,0.00305,0.23286,0.01761,0.0071,0.00243,2.66432,4.23582,4.2166,2.67257,0,0,0,0.000672189,0.000672189,0.000672189
119,4333.6,1.89917,3.22724,2.36259,2.04108,0.17779,0.14415,0.15304,0.24033,0.03864,0.01397,0.00437,0.2378,0.02882,0.01156,0.00365,2.61642,4.21185,4.07922,2.63286,0,0,0,0.000670815,0.000670815,0.000670815
120,4369.88,1.8429,3.15334,2.28473,1.98323,0.17192,0.14402,0.15435,0.25696,0.03972,0.0146,0.00467,0.24522,0.03121,0.01165,0.00377,2.59565,4.26057,4.16398,2.6548,0,0,0,0.00066944,0.00066944,0.00066944
121,4405.93,1.84483,3.1469,2.27646,1.9654,0.17416,0.14173,0.15097,0.24481,0.03475,0.01451,0.00425,0.02673,0.02787,0.01029,0.00375,2.66245,4.19761,4.14552,2.6833,0,0,0,0.000668066,0.000668066,0.000668066
122,4442.09,1.83974,3.16704,2.27739,1.99864,0.1811,0.14526,0.15621,0.25761,0.03671,0.01736,0.00549,0.25159,0.03442,0.01145,0.00395,2.59902,4.22224,4.14244,2.64533,0,0,0,0.000666692,0.000666692,0.000666692
123,4478.24,1.85853,3.18215,2.30241,2.00999,0.17442,0.1436,0.15346,0.23342,0.02962,0.01391,0.00431,0.23348,0.02972,0.01219,0.00423,2.61589,4.23331,4.25252,2.6563,0,0,0,0.000665317,0.000665317,0.000665317
124,4514.39,1.81458,3.1924,2.27185,1.99786,0.17992,0.14869,0.15869,0.27845,0.0396,0.01301,0.00368,0.23116,0.02414,0.0077,0.00279,2.63186,4.21759,4.19498,2.65175,0,0,0,0.000663943,0.000663943,0.000663943
125,4550.62,1.86981,3.15849,2.31157,2.01683,0.17757,0.14733,0.15751,0.03059,0.04833,0.01058,0.00308,0.02487,0.03709,0.00915,0.00258,2.61837,4.26989,4.12337,2.6576,0,0,0,0.000662568,0.000662568,0.000662568
126,4586.65,1.8344,3.12459,2.25949,1.98733,0.16865,0.13992,0.15022,0.23084,0.03855,0.00987,0.00308,0.22717,0.02733,0.00806,0.00272,2.62571,4.32184,4.22193,2.67804,0,0,0,0.000661194,0.000661194,0.000661194
127,4622.99,1.86405,3.14156,2.22274,1.94879,0.17165,0.14283,0.15298,0.24677,0.03016,0.0146,0.00451,0.22998,0.03056,0.01003,0.00329,2.63663,4.20503,4.17588,2.67762,0,0,0,0.000659819,0.000659819,0.000659819
128,4659.16,1.89014,3.16046,2.28174,1.98236,0.17468,0.14266,0.15338,0.03214,0.03673,0.01192,0.00424,0.02574,0.02779,0.01016,0.00365,2.57949,4.2034,4.19533,2.64677,0,0,0,0.000658445,0.000658445,0.000658445
129,4695.41,1.84654,3.16162,2.21722,1.96159,0.17528,0.14505,0.15533,0.03428,0.02783,0.01514,0.00456,0.02186,0.02637,0.00965,0.00318,2.61009,4.21083,4.19562,2.66118,0,0,0,0.00065707,0.00065707,0.00065707
130,4731.77,1.86048,3.12556,2.2131,1.94503,0.1695,0.14221,0.15057,0.03961,0.03215,0.0117,0.00359,0.02753,0.02741,0.00816,0.00276,2.61608,4.20009,4.20196,2.65866,0,0,0,0.000655696,0.000655696,0.000655696
131,4767.86,1.82788,3.12582,2.21439,1.96517,0.17676,0.14709,0.15673,0.02512,0.02739,0.00811,0.00243,0.02162,0.02394,0.00624,0.00187,2.64342,4.23797,4.25295,2.6934,0,0,0,0.000654321,0.000654321,0.000654321
132,4803.78,1.81666,3.12201,2.19208,1.98014,0.17431,0.14112,0.15276,0.0319,0.039,0.01179,0.00353,0.02171,0.02311,0.00986,0.00331,2.68746,4.27831,4.28421,2.72041,0,0,0,0.000652947,0.000652947,0.000652947
133,4839.77,1.82029,3.09738,2.21617,1.96326,0.17337,0.13842,0.15187,0.03566,0.03862,0.01077,0.00344,0.24208,0.02649,0.00866,0.00266,2.63059,4.33884,4.20091,2.67999,0,0,0,0.000651573,0.000651573,0.000651573
134,4875.88,1.8471,3.17448,2.25732,1.9771,0.17537,0.14143,0.15224,0.04095,0.03862,0.01166,0.00336,0.03275,0.02972,0.00912,0.00282,2.67234,4.34913,4.18226,2.70599,0,0,0,0.000650198,0.000650198,0.000650198
135,4912.11,1.84629,3.11239,2.20982,1.95349,0.17334,0.14386,0.15454,0.02427,0.0296,0.01421,0.0052,0.02159,0.02591,0.0124,0.0043,2.6402,4.32114,4.18311,2.65585,0,0,0,0.000648824,0.000648824,0.000648824
136,4948.23,1.81291,3.10465,2.16312,1.9462,0.17656,0.14277,0.1537,0.23158,0.03382,0.01338,0.00443,0.22892,0.03753,0.01092,0.00394,2.60765,4.29773,4.27108,2.6639,0,0,0,0.000647449,0.000647449,0.000647449
137,4984.53,1.8626,3.12225,2.18906,1.94186,0.17213,0.14362,0.15387,0.43763,0.03347,0.00982,0.00302,0.42853,0.02737,0.00826,0.00248,2.63652,4.27689,4.30004,2.66773,0,0,0,0.000646075,0.000646075,0.000646075
138,5020.75,1.82666,3.12661,2.19721,1.96265,0.172,0.14436,0.15497,0.23593,0.03337,0.01234,0.00358,0.23682,0.02594,0.00984,0.00326,2.68528,4.28777,4.25944,2.69544,0,0,0,0.0006447,0.0006447,0.0006447
139,5056.95,1.82328,3.10782,2.20013,1.95885,0.17326,0.14095,0.15269,0.24033,0.03898,0.01276,0.0042,0.23865,0.03299,0.01065,0.0033,2.63189,4.33914,4.21786,2.63802,0,0,0,0.000643326,0.000643326,0.000643326
140,5093.3,1.81843,3.11346,2.19246,1.94668,0.17204,0.14321,0.15329,0.02827,0.03241,0.01033,0.00307,0.02273,0.0236,0.00819,0.00266,2.66998,4.29237,4.25549,2.70365,0,0,0,0.000641951,0.000641951,0.000641951
141,5129.45,1.84908,3.0454,2.17487,1.9434,0.16617,0.13916,0.15023,0.43753,0.02785,0.00954,0.00298,0.4289,0.02315,0.00794,0.00244,2.63927,4.26378,4.31248,2.66811,0,0,0,0.000640577,0.000640577,0.000640577
142,5165.55,1.78936,3.03059,2.14322,1.90785,0.16944,0.13905,0.14783,0.2341,0.02548,0.0105,0.00324,0.22849,0.02038,0.00793,0.00275,2.60989,4.23835,4.29524,2.65295,0,0,0,0.000639203,0.000639203,0.000639203
143,5201.59,1.77213,3.05635,2.14719,1.93247,0.17249,0.13854,0.14858,0.2615,0.03402,0.01452,0.00478,0.24278,0.03205,0.01126,0.0033,2.66099,4.26128,4.26133,2.68085,0,0,0,0.000637828,0.000637828,0.000637828
144,5237.86,1.78662,3.05718,2.11426,1.91671,0.16673,0.14191,0.15222,0.25295,0.03215,0.01237,0.00409,0.23601,0.02537,0.00983,0.00316,2.66394,4.24655,4.29384,2.70707,0,0,0,0.000636454,0.000636454,0.000636454
145,5273.94,1.80007,3.06114,2.14505,1.93235,0.17281,0.14029,0.15139,0.04514,0.03299,0.01171,0.00331,0.45815,0.0226,0.00948,0.00293,2.67753,4.31409,4.18651,2.69865,0,0,0,0.000635079,0.000635079,0.000635079
146,5310.16,1.78732,3.08672,2.15846,1.92228,0.16947,0.14124,0.15212,0.24762,0.03267,0.01295,0.00481,0.44626,0.02329,0.01039,0.00337,2.66514,4.26329,4.37682,2.68123,0,0,0,0.000633705,0.000633705,0.000633705
147,5346.43,1.79524,3.04443,2.13291,1.92169,0.17184,0.14105,0.15232,0.23761,0.02036,0.01011,0.00326,0.23584,0.01898,0.00844,0.00317,2.65909,4.2641,4.36137,2.67367,0,0,0,0.00063233,0.00063233,0.00063233
148,5382.62,1.7711,3.02224,2.04116,1.90153,0.16964,0.13957,0.15039,0.24616,0.03836,0.0127,0.00386,0.2321,0.02955,0.00968,0.00343,2.65096,4.27006,4.34047,2.71987,0,0,0,0.000630956,0.000630956,0.000630956
149,5418.88,1.79802,3.05586,2.12173,1.92419,0.17579,0.14409,0.15547,0.23652,0.03253,0.01345,0.00412,0.22754,0.0255,0.01143,0.00388,2.61428,4.22826,4.2858,2.67231,0,0,0,0.000629581,0.000629581,0.000629581
150,5454.92,1.79713,3.03837,2.1475,1.94977,0.17071,0.13641,0.14665,0.27299,0.03315,0.0147,0.00437,0.24343,0.02651,0.00812,0.00254,2.66103,4.28184,4.34277,2.69459,0,0,0,0.000628207,0.000628207,0.000628207
151,5490.96,1.77645,3.04809,2.09935,1.91677,0.16447,0.13671,0.14714,0.04456,0.03574,0.01063,0.00318,0.23668,0.01944,0.00927,0.00284,2.66155,4.25747,4.30742,2.7145,0,0,0,0.000626832,0.000626832,0.000626832
152,5527.04,1.76785,3.04385,2.09152,1.94189,0.16657,0.1422,0.15098,0.27627,0.0243,0.01205,0.00346,0.24962,0.02237,0.00805,0.0025,2.68043,4.27552,4.38771,2.66932,0,0,0,0.000625458,0.000625458,0.000625458
153,5563.6,1.77482,3.04655,2.06609,1.90228,0.17093,0.14504,0.15539,0.03593,0.02651,0.01152,0.00403,0.03714,0.02233,0.0105,0.00309,2.69446,4.30792,4.44826,2.70441,0,0,0,0.000624084,0.000624084,0.000624084
154,5599.75,1.78981,3.05608,2.08783,1.90745,0.17423,0.14287,0.15334,0.04128,0.04044,0.00951,0.00288,0.03504,0.03675,0.00821,0.00237,2.69073,4.2687,4.36986,2.68965,0,0,0,0.000622709,0.000622709,0.000622709
155,5636.07,1.77265,3.00698,2.07497,1.89373,0.16693,0.14054,0.15006,0.02848,0.04034,0.01266,0.00418,0.02677,0.03524,0.01037,0.0036,2.67409,4.28902,4.2998,2.69956,0,0,0,0.000621335,0.000621335,0.000621335
156,5672.18,1.78886,3.05462,2.07585,1.92177,0.16707,0.13912,0.14855,0.25242,0.04306,0.01371,0.00385,0.24156,0.02785,0.00971,0.00299,2.67117,4.2731,4.24784,2.69795,0,0,0,0.00061996,0.00061996,0.00061996
157,5708.27,1.7582,3.01788,2.08409,1.89062,0.16902,0.13967,0.15074,0.2261,0.03008,0.01124,0.00347,0.22621,0.02454,0.00881,0.00298,2.69359,4.28248,4.36305,2.70319,0,0,0,0.000618586,0.000618586,0.000618586
158,5744.32,1.75897,3.05632,2.06048,1.91956,0.16814,0.14596,0.15475,0.24039,0.03998,0.01384,0.0042,0.44303,0.03066,0.01221,0.00385,2.70168,4.24781,4.29772,2.7113,0,0,0,0.000617211,0.000617211,0.000617211
159,5780.66,1.78622,3.02661,2.03605,1.90355,0.16775,0.14184,0.15133,0.26894,0.03687,0.01263,0.00435,0.26054,0.03131,0.01041,0.00269,2.72195,4.35572,4.37366,2.74996,0,0,0,0.000615837,0.000615837,0.000615837
160,5816.68,1.73752,2.97307,2.01913,1.89911,0.16906,0.14361,0.15252,0.04103,0.02874,0.01116,0.00353,0.0418,0.02506,0.00942,0.00318,2.68721,4.29594,4.42139,2.71425,0,0,0,0.000614462,0.000614462,0.000614462
161,5852.77,1.76329,3.00444,2.03105,1.87726,0.16589,0.14067,0.15059,0.23574,0.03777,0.01098,0.00305,0.2361,0.02416,0.00867,0.00279,2.6627,4.31469,4.36315,2.67108,0,0,0,0.000613088,0.000613088,0.000613088
162,5888.9,1.73458,3.00699,2.03466,1.87615,0.16362,0.14127,0.15041,0.23083,0.0333,0.0126,0.00389,0.23839,0.01942,0.00863,0.00296,2.64905,4.31471,4.34976,2.70069,0,0,0,0.000611714,0.000611714,0.000611714
163,5924.93,1.76678,2.98289,2.04436,1.88989,0.171,0.14596,0.15463,0.04242,0.03821,0.01513,0.00397,0.03314,0.03068,0.00973,0.00289,2.72706,4.30029,4.32312,2.73583,0,0,0,0.000610339,0.000610339,0.000610339
164,5960.94,1.73943,2.93818,2.01804,1.87348,0.16356,0.13409,0.14399,0.03364,0.03201,0.01097,0.00315,0.03894,0.02458,0.00849,0.00267,2.69448,4.31365,4.40803,2.70047,0,0,0,0.000608965,0.000608965,0.000608965
165,5996.95,1.72953,3.03906,2.0618,1.89878,0.16649,0.13924,0.14907,0.24071,0.03614,0.01427,0.00445,0.24632,0.02608,0.0117,0.00325,2.69505,4.28983,4.34069,2.69935,0,0,0,0.00060759,0.00060759,0.00060759
166,6033.29,1.7721,2.97729,2.00271,1.87607,0.16954,0.14089,0.15178,0.03563,0.02639,0.01129,0.00316,0.02733,0.02129,0.00913,0.00305,2.67607,4.32786,4.46876,2.69256,0,0,0,0.000606216,0.000606216,0.000606216
167,6069.53,1.71723,2.93184,1.96419,1.86554,0.16329,0.1414,0.14938,0.25899,0.03819,0.01513,0.00441,0.24261,0.02743,0.01042,0.00342,2.68793,4.28538,4.41351,2.70879,0,0,0,0.000604841,0.000604841,0.000604841
168,6105.78,1.70158,2.97363,1.97923,1.85729,0.16379,0.13926,0.14832,0.24867,0.02978,0.01184,0.00322,0.23557,0.02514,0.00757,0.00232,2.70821,4.35432,4.41884,2.72044,0,0,0,0.000603467,0.000603467,0.000603467
169,6142.02,1.7351,2.99034,1.9926,1.87135,0.16352,0.13782,0.14836,0.24112,0.03484,0.01383,0.00407,0.2421,0.02878,0.01151,0.00355,2.65889,4.30612,4.40622,2.69102,0,0,0,0.000602092,0.000602092,0.000602092
170,6178.32,1.75494,3.00138,2.001,1.87308,0.16606,0.13854,0.14719,0.26042,0.02699,0.01291,0.00413,0.2557,0.02512,0.01103,0.0035,2.69441,4.31312,4.31179,2.70559,0,0,0,0.000600718,0.000600718,0.000600718
171,6214.42,1.74147,2.95303,2.01888,1.89085,0.16591,0.14023,0.14917,0.22473,0.03438,0.00855,0.00254,0.22427,0.02837,0.00696,0.00213,2.69573,4.29395,4.41067,2.69233,0,0,0,0.000599343,0.000599343,0.000599343
172,6250.77,1.74141,2.94591,1.96424,1.85232,0.16746,0.1392,0.14821,0.23189,0.03386,0.01159,0.00341,0.23141,0.02879,0.01039,0.00339,2.72845,4.32081,4.35266,2.72531,0,0,0,0.000597969,0.000597969,0.000597969
173,6287.05,1.70649,2.90157,1.941,1.83501,0.16268,0.14039,0.14899,0.26899,0.0364,0.01343,0.0043,0.27005,0.03409,0.012,0.00362,2.70474,4.31658,4.38611,2.70559,0,0,0,0.000596595,0.000596595,0.000596595
174,6323.1,1.72664,2.95452,1.992,1.86472,0.16839,0.14142,0.15084,0.04944,0.04096,0.01343,0.00441,0.25691,0.03305,0.01135,0.00359,2.69746,4.34317,4.34342,2.73852,0,0,0,0.00059522,0.00059522,0.00059522
175,6359.3,1.73722,2.92702,1.97191,1.84725,0.16435,0.13711,0.14655,0.05116,0.02785,0.01056,0.00341,0.04403,0.02082,0.00797,0.00281,2.70723,4.3165,4.4713,2.73109,0,0,0,0.000593846,0.000593846,0.000593846
176,6395.62,1.73932,2.93543,1.93792,1.83192,0.16364,0.14037,0.14907,0.4518,0.03334,0.0102,0.00318,0.44869,0.02778,0.00836,0.00267,2.69751,4.33543,4.50058,2.71932,0,0,0,0.000592471,0.000592471,0.000592471
177,6431.74,1.73016,2.93113,1.96812,1.87751,0.16863,0.14338,0.15313,0.43042,0.03155,0.01146,0.00353,0.42857,0.0241,0.00953,0.00345,2.71833,4.36049,4.51558,2.73211,0,0,0,0.000591097,0.000591097,0.000591097
178,6468.17,1.73023,2.95552,1.96467,1.85531,0.16856,0.14467,0.15496,0.24499,0.03159,0.01143,0.00338,0.45291,0.01807,0.00837,0.00287,2.7368,4.36744,4.53722,2.72585,0,0,0,0.000589722,0.000589722,0.000589722
179,6504.24,1.74537,2.98534,1.98538,1.86978,0.16822,0.14327,0.15382,0.42873,0.03389,0.01217,0.00351,0.46682,0.01952,0.01127,0.00348,2.75381,4.33153,4.44018,2.76378,0,0,0,0.000588348,0.000588348,0.000588348
180,6540.39,1.71719,2.92748,1.9176,1.84302,0.16315,0.13912,0.14914,0.24658,0.03679,0.01265,0.00401,0.23552,0.02882,0.00881,0.0032,2.71404,4.306,4.44428,2.74013,0,0,0,0.000586973,0.000586973,0.000586973
181,6576.53,1.6972,2.92227,1.94914,1.85114,0.16367,0.13946,0.14948,0.25865,0.03311,0.01175,0.00366,0.24058,0.03867,0.00907,0.00307,2.70382,4.34522,4.4057,2.70599,0,0,0,0.000585599,0.000585599,0.000585599
182,6612.69,1.69825,2.94222,1.94895,1.84758,0.1647,0.1395,0.14909,0.26003,0.03675,0.01396,0.00409,0.23908,0.03068,0.01016,0.00343,2.70624,4.3185,4.35482,2.72008,0,0,0,0.000584225,0.000584225,0.000584225
183,6648.88,1.70732,2.9525,1.96406,1.8435,0.16054,0.13457,0.14337,0.04412,0.04566,0.01307,0.00373,0.03242,0.03392,0.0101,0.00342,2.72674,4.31131,4.52006,2.70515,0,0,0,0.00058285,0.00058285,0.00058285
184,6685.1,1.70462,2.86282,1.92043,1.84386,0.16225,0.13718,0.14606,0.24995,0.03809,0.01592,0.00517,0.23676,0.02789,0.01248,0.00451,2.69559,4.36434,4.4126,2.7301,0,0,0,0.000581476,0.000581476,0.000581476
185,6721.27,1.68804,2.88001,1.94585,1.82846,0.15841,0.13379,0.1429,0.23079,0.02981,0.01057,0.00322,0.23168,0.02781,0.00967,0.00339,2.71894,4.30375,4.46906,2.71767,0,0,0,0.000580101,0.000580101,0.000580101
186,6757.29,1.70484,2.89722,1.93336,1.84925,0.16357,0.13666,0.14723,0.24445,0.03249,0.01441,0.00477,0.24359,0.02831,0.01167,0.00399,2.72318,4.39538,4.44199,2.74126,0,0,0,0.000578727,0.000578727,0.000578727
187,6793.45,1.72142,2.91259,1.99075,1.86686,0.16302,0.13317,0.14383,0.23059,0.02924,0.01237,0.00454,0.23204,0.026,0.00992,0.00392,2.72669,4.31679,4.52,2.75651,0,0,0,0.000577352,0.000577352,0.000577352
188,6829.42,1.70334,2.86716,1.93725,1.84327,0.16145,0.13538,0.14529,0.25807,0.03867,0.01318,0.00376,0.24276,0.03022,0.00984,0.00312,2.72423,4.31878,4.43536,2.73699,0,0,0,0.000575978,0.000575978,0.000575978
189,6865.57,1.70712,2.94075,1.91926,1.82854,0.1667,0.1401,0.15072,0.45914,0.03118,0.01393,0.00431,0.44948,0.02558,0.01153,0.00391,2.76518,4.35363,4.4897,2.75365,0,0,0,0.000574603,0.000574603,0.000574603
190,6901.55,1.68314,2.8395,1.90131,1.82814,0.15486,0.13046,0.14041,0.04358,0.04096,0.01523,0.00428,0.05166,0.02512,0.01183,0.00372,2.74005,4.33871,4.54803,2.75014,0,0,0,0.000573229,0.000573229,0.000573229
191,6937.72,1.66766,2.8573,1.91297,1.84499,0.15893,0.13521,0.14558,0.03676,0.03299,0.01451,0.00458,0.25529,0.02133,0.01206,0.00401,2.7225,4.30076,4.35589,2.72785,0,0,0,0.000571854,0.000571854,0.000571854
192,6973.8,1.6823,2.86377,1.89399,1.82665,0.16433,0.13508,0.14568,0.02945,0.03508,0.01101,0.00354,0.02925,0.03324,0.00941,0.00298,2.71324,4.37278,4.47953,2.72206,0,0,0,0.00057048,0.00057048,0.00057048
193,7010.1,1.68664,2.85254,1.88562,1.79927,0.16071,0.1354,0.14552,0.25657,0.03833,0.01183,0.00339,0.24793,0.0299,0.00918,0.00282,2.72936,4.31252,4.53501,2.74652,0,0,0,0.000569106,0.000569106,0.000569106
194,7046.39,1.68473,2.86738,1.88448,1.8057,0.15886,0.13348,0.14358,0.24007,0.03958,0.01118,0.00338,0.23994,0.03404,0.00882,0.00302,2.76053,4.36149,4.5221,2.7443,0,0,0,0.000567731,0.000567731,0.000567731
195,7082.47,1.69336,2.86509,1.89943,1.81105,0.16467,0.13779,0.1486,0.25152,0.03681,0.01301,0.00409,0.2532,0.02982,0.01087,0.00317,2.73101,4.36092,4.49259,2.74868,0,0,0,0.000566357,0.000566357,0.000566357
196,7118.78,1.65674,2.84686,1.8954,1.80702,0.16199,0.1365,0.14638,0.23816,0.03345,0.01176,0.00366,0.23848,0.03163,0.00956,0.00299,2.7167,4.36623,4.47668,2.7403,0,0,0,0.000564982,0.000564982,0.000564982
197,7154.98,1.66257,2.84222,1.85026,1.80277,0.16314,0.1377,0.14773,0.24027,0.04386,0.01316,0.00388,0.23636,0.03215,0.01048,0.00358,2.77358,4.33331,4.54988,2.81517,0,0,0,0.000563608,0.000563608,0.000563608
198,7191.16,1.66073,2.82228,1.8602,1.7969,0.15797,0.13364,0.14296,0.04156,0.03488,0.01238,0.00355,0.25183,0.02699,0.00902,0.00322,2.751,4.36959,4.60818,2.78373,0,0,0,0.000562233,0.000562233,0.000562233
199,7227.31,1.67331,2.84046,1.88125,1.80146,0.16104,0.13844,0.14867,0.25379,0.03303,0.01411,0.00414,0.25456,0.03167,0.01148,0.00385,2.75549,4.35286,4.53466,2.79398,0,0,0,0.000560859,0.000560859,0.000560859
200,7263.66,1.68738,2.85841,1.85609,1.80134,0.15481,0.13454,0.14312,0.23682,0.02922,0.01293,0.00392,0.23289,0.02412,0.00996,0.00352,2.75725,4.30459,4.49785,2.81322,0,0,0,0.000559484,0.000559484,0.000559484
201,7299.89,1.67974,2.85529,1.83247,1.78757,0.15985,0.13653,0.14682,0.23269,0.03582,0.01041,0.00342,0.22709,0.02924,0.00934,0.0029,2.7578,4.34794,4.55597,2.77568,0,0,0,0.00055811,0.00055811,0.00055811
202,7336.24,1.67016,2.85202,1.85388,1.81716,0.15832,0.13627,0.1458,0.24918,0.03786,0.01432,0.00432,0.25506,0.02524,0.01203,0.00378,2.73587,4.33672,4.47937,2.76623,0,0,0,0.000556736,0.000556736,0.000556736
203,7372.38,1.65035,2.78918,1.82949,1.7988,0.15851,0.1317,0.1412,0.2355,0.02926,0.01288,0.00364,0.2303,0.02924,0.0109,0.00352,2.75839,4.36537,4.49891,2.77345,0,0,0,0.000555361,0.000555361,0.000555361
204,7408.51,1.64866,2.8449,1.83381,1.78606,0.16062,0.13568,0.14614,0.03706,0.02795,0.01049,0.00283,0.24338,0.02139,0.00797,0.00226,2.77577,4.41406,4.66789,2.79217,0,0,0,0.000553987,0.000553987,0.000553987
205,7444.77,1.66368,2.82284,1.82149,1.78685,0.15576,0.13132,0.14129,0.24665,0.03586,0.01032,0.00319,0.23006,0.03066,0.00864,0.00277,2.7796,4.36301,4.57355,2.82421,0,0,0,0.000552612,0.000552612,0.000552612
206,7480.86,1.65544,2.79843,1.85076,1.79541,0.15923,0.13266,0.14369,0.43289,0.03339,0.01128,0.00343,0.42895,0.03062,0.00909,0.00302,2.79192,4.38382,4.66245,2.81017,0,0,0,0.000551238,0.000551238,0.000551238
207,7517.02,1.66418,2.81973,1.81825,1.78067,0.15974,0.13639,0.14701,0.0216,0.03337,0.01183,0.00334,0.43833,0.01884,0.00846,0.00278,2.77769,4.41475,4.62359,2.79408,0,0,0,0.000549863,0.000549863,0.000549863
208,7553.16,1.62471,2.82593,1.81789,1.78127,0.15494,0.13364,0.14302,0.2396,0.0344,0.01493,0.00482,0.23585,0.03114,0.01267,0.00431,2.80242,4.38204,4.50986,2.81428,0,0,0,0.000548489,0.000548489,0.000548489
209,7589.26,1.66646,2.81554,1.8463,1.79686,0.15889,0.13389,0.14408,0.4446,0.02737,0.01522,0.00442,0.43645,0.02271,0.01243,0.00419,2.77148,4.40291,4.528,2.78601,0,0,0,0.000547114,0.000547114,0.000547114
210,7625.42,1.66234,2.81529,1.82059,1.79641,0.15648,0.13494,0.1453,0.24228,0.03205,0.01326,0.00382,0.23723,0.02175,0.01018,0.00352,2.79886,4.4161,4.53017,2.80463,0,0,0,0.00054574,0.00054574,0.00054574
211,7661.59,1.67939,2.83615,1.83899,1.78408,0.15138,0.13393,0.14261,0.25492,0.03161,0.01256,0.00396,0.44584,0.02319,0.01125,0.00356,2.77957,4.38165,4.56413,2.82258,0,0,0,0.000544365,0.000544365,0.000544365
212,7697.78,1.60998,2.77307,1.78868,1.77077,0.15203,0.13393,0.14325,0.02775,0.03428,0.01206,0.00389,0.02441,0.02966,0.01008,0.00345,2.75817,4.445,4.44915,2.78728,0,0,0,0.000542991,0.000542991,0.000542991
213,7733.81,1.6514,2.79572,1.8027,1.77367,0.1502,0.1324,0.14245,0.23423,0.03715,0.01204,0.00381,0.22433,0.02918,0.0092,0.00312,2.76323,4.40847,4.57822,2.79391,0,0,0,0.000541617,0.000541617,0.000541617
214,7770.02,1.65337,2.79402,1.82772,1.79243,0.14743,0.12947,0.13823,0.22833,0.02364,0.00877,0.00261,0.23038,0.01946,0.00778,0.00233,2.79959,4.38281,4.64242,2.79468,0,0,0,0.000540242,0.000540242,0.000540242
215,7806.35,1.67158,2.84725,1.84246,1.80786,0.15249,0.13751,0.14695,0.24659,0.02922,0.01563,0.00554,0.24472,0.02693,0.01322,0.00425,2.77799,4.43615,4.49395,2.78131,0,0,0,0.000538868,0.000538868,0.000538868
216,7842.49,1.61573,2.75883,1.76727,1.76773,0.14798,0.12985,0.14029,0.2401,0.03526,0.01712,0.00538,0.22824,0.0236,0.01174,0.00401,2.75672,4.41878,4.65594,2.79361,0,0,0,0.000537493,0.000537493,0.000537493
217,7878.52,1.64351,2.77422,1.81222,1.80589,0.1522,0.13252,0.14307,0.03964,0.03024,0.01224,0.00381,0.02897,0.03586,0.00974,0.00339,2.78858,4.44392,4.626,2.79979,0,0,0,0.000536119,0.000536119,0.000536119
218,7914.82,1.65852,2.77423,1.80465,1.78317,0.15058,0.13115,0.14133,0.24031,0.02739,0.01115,0.00344,0.24049,0.02651,0.00922,0.00319,2.81276,4.45384,4.62137,2.82179,0,0,0,0.000534744,0.000534744,0.000534744
219,7950.98,1.64728,2.77797,1.82628,1.79211,0.14804,0.13103,0.14085,0.25605,0.03396,0.01285,0.00383,0.25667,0.03028,0.01091,0.00347,2.79012,4.44023,4.62358,2.81183,0,0,0,0.00053337,0.00053337,0.00053337
220,7987.39,1.65902,2.79151,1.7921,1.7664,0.14917,0.13167,0.14267,0.24032,0.02552,0.0098,0.00304,0.22923,0.02879,0.0089,0.00307,2.78793,4.39686,4.6411,2.78893,0,0,0,0.000531995,0.000531995,0.000531995
221,8023.5,1.5887,2.77933,1.77677,1.75667,0.14631,0.12905,0.13908,0.25306,0.02504,0.01271,0.00388,0.24749,0.02271,0.01037,0.00346,2.75514,4.40944,4.63706,2.76756,0,0,0,0.000530621,0.000530621,0.000530621
222,8059.59,1.62129,2.75359,1.77772,1.76898,0.1496,0.13295,0.14348,0.04742,0.02829,0.01129,0.00341,0.04909,0.02088,0.00956,0.00315,2.7615,4.43174,4.66066,2.77852,0,0,0,0.000529247,0.000529247,0.000529247
223,8095.66,1.58693,2.68878,1.73331,1.73435,0.14137,0.12453,0.13429,0.23296,0.02916,0.01129,0.00342,0.22906,0.02502,0.0093,0.00329,2.79945,4.43897,4.76435,2.79738,0,0,0,0.000527872,0.000527872,0.000527872
224,8131.85,1.63445,2.82784,1.79835,1.76765,0.15006,0.13097,0.14171,0.25712,0.02974,0.01265,0.00389,0.25886,0.02651,0.01087,0.00365,2.80217,4.43681,4.62281,2.82499,0,0,0,0.000526498,0.000526498,0.000526498
225,8168.07,1.60412,2.82849,1.79792,1.7618,0.14831,0.13006,0.14006,0.25913,0.04,0.01484,0.00423,0.25475,0.03413,0.01198,0.00395,2.74632,4.41177,4.67311,2.7965,0,0,0,0.000525123,0.000525123,0.000525123
226,8204.25,1.64672,2.82088,1.81338,1.78486,0.14967,0.13065,0.14115,0.2333,0.02924,0.00959,0.00262,0.23377,0.02042,0.00813,0.00245,2.81358,4.40918,4.5915,2.823,0,0,0,0.000523749,0.000523749,0.000523749
227,8240.41,1.58809,2.77327,1.78668,1.76325,0.14998,0.13243,0.1427,0.25263,0.02082,0.01166,0.00364,0.24185,0.02317,0.01012,0.00331,2.77862,4.40795,4.65199,2.79952,0,0,0,0.000522374,0.000522374,0.000522374
228,8276.56,1.62511,2.74389,1.78891,1.77649,0.14762,0.13111,0.14198,0.44017,0.03821,0.01107,0.00321,0.43055,0.03201,0.00925,0.00283,2.81104,4.39649,4.72599,2.82922,0,0,0,0.000521,0.000521,0.000521
229,8312.69,1.6177,2.74982,1.81154,1.76319,0.14906,0.13229,0.14307,0.24607,0.03635,0.01278,0.0037,0.23753,0.02506,0.0094,0.00317,2.80009,4.4372,4.73794,2.80927,0,0,0,0.000519625,0.000519625,0.000519625
230,8348.89,1.61405,2.75439,1.77706,1.75192,0.1453,0.12939,0.13893,0.46226,0.0293,0.0129,0.00352,0.43749,0.02273,0.00881,0.0029,2.77235,4.38994,4.5974,2.8097,0,0,0,0.000518251,0.000518251,0.000518251
231,8384.93,1.626,2.79553,1.81436,1.75873,0.14369,0.12847,0.13833,0.44099,0.03163,0.01299,0.00402,0.45225,0.02281,0.01102,0.00361,2.78155,4.40937,4.63392,2.76623,0,0,0,0.000516877,0.000516877,0.000516877
232,8421.25,1.61987,2.74739,1.7522,1.74692,0.14347,0.12909,0.13902,0.24997,0.02601,0.01192,0.00377,0.24805,0.02372,0.01043,0.00358,2.79835,4.42714,4.73334,2.78082,0,0,0,0.000515502,0.000515502,0.000515502
233,8457.41,1.59405,2.76568,1.75338,1.75967,0.14866,0.13196,0.14246,0.24462,0.03396,0.01316,0.00417,0.22676,0.02737,0.00973,0.00315,2.78251,4.45105,4.6913,2.79225,0,0,0,0.000514128,0.000514128,0.000514128
234,8493.4,1.5579,2.71821,1.77008,1.76259,0.14491,0.12985,0.13964,0.2305,0.03159,0.01019,0.00314,0.22387,0.02785,0.00803,0.00276,2.78801,4.43322,4.74285,2.78804,0,0,0,0.000512753,0.000512753,0.000512753
235,8529.59,1.59894,2.72457,1.73397,1.74856,0.14914,0.13247,0.14277,0.44543,0.03486,0.01297,0.00387,0.43898,0.0302,0.01059,0.00347,2.78013,4.44451,4.65409,2.80677,0,0,0,0.000511379,0.000511379,0.000511379
236,8565.97,1.60281,2.68492,1.72341,1.72538,0.14501,0.13015,0.13924,0.23604,0.02365,0.01066,0.00318,0.23695,0.02133,0.00935,0.00318,2.82263,4.43152,4.69913,2.83213,0,0,0,0.000510004,0.000510004,0.000510004
237,8602,1.5852,2.71157,1.73242,1.74089,0.14526,0.12883,0.13896,0.03624,0.03763,0.0132,0.00351,0.02469,0.02829,0.00976,0.00302,2.79419,4.43364,4.63029,2.8445,0,0,0,0.00050863,0.00050863,0.00050863
238,8638.23,1.59749,2.71752,1.73912,1.75284,0.1436,0.12896,0.13879,0.2418,0.03297,0.01252,0.00401,0.24356,0.03209,0.01063,0.00367,2.82995,4.47092,4.57196,2.8543,0,0,0,0.000507255,0.000507255,0.000507255
239,8674.48,1.61052,2.70321,1.73566,1.74057,0.14203,0.12807,0.13791,0.23891,0.03481,0.01311,0.00384,0.25163,0.02793,0.01151,0.00396,2.79616,4.48092,4.7021,2.85795,0,0,0,0.000505881,0.000505881,0.000505881
240,8710.55,1.58541,2.69536,1.74053,1.76573,0.1469,0.13156,0.14135,0.45715,0.03118,0.01131,0.00307,0.4566,0.02654,0.00931,0.00275,2.8122,4.43321,4.69291,2.80311,0,0,0,0.000504506,0.000504506,0.000504506
241,8746.61,1.59325,2.71557,1.73649,1.74559,0.1443,0.12823,0.13899,0.03862,0.03159,0.01165,0.00356,0.03433,0.02884,0.00907,0.00281,2.82235,4.49922,4.76541,2.82196,0,0,0,0.000503132,0.000503132,0.000503132
242,8782.75,1.59386,2.73703,1.75077,1.72779,0.15038,0.13384,0.14509,0.26066,0.02797,0.01276,0.00412,0.24553,0.02884,0.01103,0.00377,2.844,4.48544,4.83536,2.86307,0,0,0,0.000501758,0.000501758,0.000501758
243,8818.99,1.60637,2.68374,1.72706,1.73502,0.14867,0.13189,0.14236,0.05754,0.03542,0.01155,0.00352,0.04129,0.03167,0.00901,0.00281,2.8234,4.46626,4.74344,2.85074,0,0,0,0.000500383,0.000500383,0.000500383
244,8855.03,1.59489,2.73316,1.72633,1.75739,0.14777,0.12993,0.14032,0.04404,0.03992,0.01331,0.00418,0.03879,0.03582,0.01137,0.00357,2.80365,4.46943,4.62998,2.82195,0,0,0,0.000499009,0.000499009,0.000499009
245,8891.18,1.57984,2.69848,1.71033,1.73628,0.14167,0.12588,0.13646,0.03326,0.0397,0.01398,0.00405,0.02857,0.03434,0.01103,0.0035,2.81536,4.44853,4.67809,2.84105,0,0,0,0.000497634,0.000497634,0.000497634
246,8927.45,1.58814,2.71445,1.71043,1.7282,0.14867,0.13367,0.14431,0.22942,0.03384,0.01234,0.0035,0.22647,0.02458,0.00971,0.00321,2.82197,4.51128,4.77785,2.84535,0,0,0,0.00049626,0.00049626,0.00049626
247,8963.56,1.55766,2.71166,1.70933,1.72043,0.14604,0.12906,0.14024,0.23077,0.03108,0.01244,0.00375,0.23661,0.02504,0.01051,0.00349,2.78999,4.42738,4.71862,2.85195,0,0,0,0.000494885,0.000494885,0.000494885
248,8999.73,1.59573,2.68849,1.71853,1.72944,0.13905,0.12373,0.1345,0.43463,0.0297,0.01151,0.00342,0.43292,0.02952,0.01044,0.00321,2.77956,4.45033,4.73249,2.80658,0,0,0,0.000493511,0.000493511,0.000493511
249,9035.93,1.58016,2.68758,1.70775,1.72145,0.14462,0.12735,0.1379,0.0315,0.03245,0.01405,0.00403,0.03136,0.03247,0.01228,0.00367,2.77569,4.47517,4.68747,2.8043,0,0,0,0.000492136,0.000492136,0.000492136
250,9072.28,1.60598,2.7254,1.69763,1.71909,0.13501,0.12313,0.13179,0.24762,0.03389,0.01318,0.00358,0.23563,0.02826,0.01028,0.00329,2.78809,4.45437,4.73293,2.83215,0,0,0,0.000490762,0.000490762,0.000490762
251,9108.49,1.58896,2.69948,1.7352,1.73879,0.14126,0.12811,0.13738,0.04014,0.04554,0.01602,0.00447,0.03392,0.03906,0.01316,0.00405,2.81266,4.46575,4.64362,2.85623,0,0,0,0.000489387,0.000489387,0.000489387
252,9144.66,1.58256,2.69873,1.68266,1.72894,0.14651,0.13197,0.14177,0.02849,0.03014,0.01079,0.00302,0.02462,0.02739,0.00729,0.00242,2.87382,4.5307,4.7329,2.86555,0,0,0,0.000488013,0.000488013,0.000488013
253,9180.91,1.54435,2.61758,1.68591,1.71525,0.1398,0.12688,0.13512,0.04138,0.03492,0.01591,0.00397,0.04177,0.03357,0.01021,0.00331,2.83334,4.49364,4.698,2.82032,0,0,0,0.000486639,0.000486639,0.000486639
254,9217.36,1.61044,2.72573,1.69764,1.70862,0.13963,0.12656,0.1359,0.25566,0.03203,0.01483,0.00445,0.26841,0.02323,0.0129,0.00413,2.85299,4.49521,4.68286,2.87588,0,0,0,0.000485264,0.000485264,0.000485264
255,9253.63,1.57109,2.71927,1.70487,1.71035,0.14028,0.12622,0.13654,0.26129,0.03532,0.01604,0.00449,0.2617,0.03116,0.01349,0.00407,2.81395,4.4268,4.59501,2.83992,0,0,0,0.00048389,0.00048389,0.00048389
256,9289.7,1.53109,2.68377,1.69303,1.72123,0.14477,0.12852,0.13861,0.28473,0.02701,0.01422,0.00426,0.27869,0.02422,0.01168,0.00384,2.83004,4.5118,4.69932,2.84075,0,0,0,0.000482515,0.000482515,0.000482515
257,9325.76,1.54239,2.66233,1.68085,1.7198,0.14415,0.12806,0.13955,0.05399,0.03721,0.01344,0.00374,0.04553,0.03353,0.01199,0.0036,2.85172,4.5039,4.70114,2.8572,0,0,0,0.000481141,0.000481141,0.000481141
258,9362.01,1.55049,2.62852,1.64348,1.69909,0.13681,0.12208,0.13174,0.25638,0.0345,0.01291,0.00391,0.25298,0.02749,0.01066,0.00329,2.8226,4.4823,4.82387,2.82049,0,0,0,0.000479766,0.000479766,0.000479766
259,9398.32,1.56285,2.63446,1.68126,1.71817,0.13976,0.12689,0.13701,0.27456,0.03452,0.01465,0.00426,0.26198,0.0308,0.01234,0.00354,2.83994,4.46905,4.7307,2.86602,0,0,0,0.000478392,0.000478392,0.000478392
260,9434.61,1.56758,2.66617,1.66939,1.70841,0.14106,0.12917,0.13832,0.26649,0.03369,0.01508,0.00455,0.06344,0.03353,0.01235,0.00376,2.81445,4.48189,4.64408,2.83737,0,0,0,0.000477017,0.000477017,0.000477017
261,9470.66,1.56168,2.64421,1.68958,1.70246,0.14239,0.12955,0.13904,0.2424,0.03305,0.01348,0.00379,0.03378,0.0358,0.0121,0.00355,2.8314,4.49103,4.72635,2.86296,0,0,0,0.000475643,0.000475643,0.000475643
262,9506.67,1.56281,2.67543,1.68073,1.73257,0.14292,0.13029,0.14049,0.03594,0.03337,0.01512,0.00468,0.03231,0.02968,0.01183,0.00404,2.79838,4.5098,4.73784,2.83233,0,0,0,0.000474269,0.000474269,0.000474269
263,9542.85,1.53664,2.63099,1.67246,1.70938,0.14411,0.12896,0.13909,0.04141,0.04275,0.01715,0.0054,0.03554,0.03725,0.01413,0.00476,2.78751,4.53633,4.68922,2.80613,0,0,0,0.000472894,0.000472894,0.000472894
264,9579.02,1.54729,2.65962,1.67946,1.70212,0.14066,0.12411,0.1344,0.0454,0.02456,0.01378,0.00424,0.03308,0.02412,0.01125,0.00377,2.8051,4.51828,4.9191,2.82363,0,0,0,0.00047152,0.00047152,0.00047152
265,9615.18,1.54766,2.61471,1.652,1.69524,0.13987,0.12854,0.13769,0.04402,0.03681,0.01347,0.0042,0.0425,0.0345,0.01086,0.00366,2.78507,4.55307,4.70303,2.82999,0,0,0,0.000470145,0.000470145,0.000470145
266,9651.39,1.52779,2.62135,1.67028,1.70162,0.14077,0.12671,0.13708,0.24169,0.02414,0.01231,0.00364,0.23312,0.02414,0.00979,0.0032,2.78544,4.51785,4.79975,2.80625,0,0,0,0.000468771,0.000468771,0.000468771
267,9687.55,1.5235,2.58443,1.63852,1.6805,0.13525,0.12462,0.13383,0.24035,0.02735,0.01078,0.00306,0.23487,0.02273,0.0082,0.00261,2.79042,4.51799,4.85177,2.81721,0,0,0,0.000467396,0.000467396,0.000467396
268,9723.73,1.52856,2.55005,1.62854,1.65912,0.13667,0.12554,0.13479,0.44253,0.02504,0.01241,0.00393,0.27835,0.03621,0.01465,0.00408,2.82179,4.45786,4.82914,2.82301,0,0,0,0.000466022,0.000466022,0.000466022
269,9759.82,1.53693,2.62543,1.62685,1.69538,0.13775,0.12588,0.13519,0.0502,0.04239,0.01588,0.00458,0.0452,0.03869,0.01342,0.00396,2.81391,4.51701,4.72094,2.82733,0,0,0,0.000464647,0.000464647,0.000464647
270,9796.06,1.55024,2.65431,1.63997,1.6951,0.1385,0.12581,0.13559,0.05123,0.03391,0.01417,0.00396,0.23918,0.02645,0.01178,0.00362,2.81721,4.49422,4.77891,2.83539,0,0,0,0.000463273,0.000463273,0.000463273
271,9832.18,1.52975,2.60052,1.66272,1.69269,0.13786,0.12595,0.13474,0.03168,0.0297,0.01185,0.0032,0.03025,0.03586,0.00933,0.00308,2.81315,4.51363,4.72264,2.80279,0,0,0,0.000461898,0.000461898,0.000461898
272,9868.25,1.54731,2.61746,1.65661,1.69573,0.13886,0.12577,0.13529,0.45527,0.02367,0.01231,0.00352,0.44808,0.02227,0.01057,0.00332,2.81548,4.49814,4.76384,2.83053,0,0,0,0.000460524,0.000460524,0.000460524
273,9904.42,1.55562,2.6085,1.66331,1.69633,0.14186,0.12629,0.13652,0.25188,0.0405,0.0131,0.00376,0.24093,0.03161,0.01062,0.0032,2.8399,4.56693,4.75025,2.86401,0,0,0,0.00045915,0.00045915,0.00045915
274,9940.5,1.54701,2.67528,1.66721,1.70827,0.13901,0.12552,0.13598,0.24854,0.03817,0.01384,0.00402,0.23826,0.0302,0.0103,0.00347,2.8299,4.5117,4.78275,2.82224,0,0,0,0.000457775,0.000457775,0.000457775
275,9976.69,1.54928,2.60323,1.66182,1.69631,0.1425,0.12743,0.13831,0.2295,0.02922,0.01121,0.00354,0.23731,0.02181,0.01061,0.00354,2.83714,4.55665,4.8066,2.86062,0,0,0,0.000456401,0.000456401,0.000456401
276,10012.8,1.53667,2.62737,1.65377,1.68837,0.13569,0.12343,0.13238,0.25937,0.03544,0.0148,0.00436,0.22849,0.03297,0.01202,0.00382,2.81578,4.53042,4.84125,2.84324,0,0,0,0.000455026,0.000455026,0.000455026
277,10048.9,1.50598,2.63987,1.64656,1.6803,0.14078,0.12739,0.13688,0.24058,0.03398,0.01636,0.00411,0.24276,0.03353,0.01484,0.0038,2.82296,4.52823,4.83861,2.83069,0,0,0,0.000453652,0.000453652,0.000453652
278,10085.2,1.55009,2.60792,1.64248,1.68767,0.13703,0.12485,0.13425,0.23206,0.03209,0.01025,0.0027,0.23047,0.0298,0.00915,0.00269,2.82605,4.55827,4.86114,2.85873,0,0,0,0.000452277,0.000452277,0.000452277
279,10121.2,1.51872,2.58639,1.63888,1.69562,0.13783,0.12511,0.13504,0.04095,0.03767,0.01517,0.00496,0.04833,0.03746,0.01342,0.00412,2.7991,4.47844,4.72239,2.85613,0,0,0,0.000450903,0.000450903,0.000450903
280,10157.4,1.53431,2.6381,1.63673,1.68931,0.14051,0.12962,0.13829,0.25876,0.03446,0.01312,0.00367,0.25773,0.03309,0.01257,0.00361,2.81749,4.51378,4.80608,2.84273,0,0,0,0.000449528,0.000449528,0.000449528
281,10193.6,1.54343,2.61864,1.61956,1.6771,0.13849,0.1284,0.13675,0.44785,0.02225,0.01246,0.00342,0.02611,0.02877,0.0127,0.00374,2.82407,4.52941,4.92204,2.85393,0,0,0,0.000448154,0.000448154,0.000448154
282,10229.6,1.53898,2.6061,1.66145,1.70084,0.13852,0.12432,0.13422,0.03403,0.03432,0.01226,0.00376,0.064,0.03489,0.0127,0.00364,2.82342,4.53254,4.95831,2.84596,0,0,0,0.00044678,0.00044678,0.00044678
283,10265.7,1.53223,2.56405,1.62041,1.66677,0.14134,0.12837,0.13831,0.06251,0.04093,0.01406,0.00393,0.02939,0.03478,0.01262,0.00364,2.80843,4.48935,4.79046,2.87085,0,0,0,0.000445405,0.000445405,0.000445405
284,10301.8,1.48302,2.57657,1.60508,1.66879,0.13895,0.1261,0.13567,0.04511,0.03343,0.01418,0.004,0.02866,0.02922,0.0122,0.00387,2.8327,4.49846,4.9069,2.84369,0,0,0,0.000444031,0.000444031,0.000444031
285,10338,1.55181,2.64468,1.65077,1.67536,0.14348,0.12975,0.13993,0.43923,0.02454,0.01367,0.00417,0.43319,0.01992,0.01138,0.00383,2.84608,4.49841,4.87902,2.86272,0,0,0,0.000442656,0.000442656,0.000442656
286,10374.1,1.51841,2.59295,1.60938,1.68828,0.13887,0.12601,0.13536,0.45897,0.02649,0.01197,0.00364,0.22944,0.03161,0.0095,0.00272,2.84118,4.53233,4.87646,2.85231,0,0,0,0.000441282,0.000441282,0.000441282
287,10410.1,1.49931,2.5995,1.61076,1.6706,0.13299,0.12151,0.13034,0.24694,0.0349,0.01358,0.00416,0.03917,0.03538,0.01224,0.00385,2.85296,4.55191,4.89525,2.86691,0,0,0,0.000439907,0.000439907,0.000439907
288,10446.3,1.54798,2.61633,1.61607,1.69386,0.14268,0.12864,0.13941,0.47278,0.03034,0.01388,0.00456,0.22449,0.02972,0.0108,0.00346,2.85062,4.54864,4.88245,2.8622,0,0,0,0.000438533,0.000438533,0.000438533
289,10482.6,1.53902,2.62655,1.64289,1.69073,0.1362,0.12383,0.13426,0.23549,0.0409,0.08106,0.01101,0.28187,0.03659,0.01559,0.00459,2.81089,4.56161,4.71207,2.83394,0,0,0,0.000437158,0.000437158,0.000437158
290,10518.6,1.53392,2.58238,1.61399,1.68255,0.13708,0.12597,0.13557,0.47178,0.03313,0.01626,0.00553,0.28761,0.04292,0.01549,0.00467,2.81559,4.57432,4.69198,2.85712,0,0,0,0.000435784,0.000435784,0.000435784
291,10554.8,1.5189,2.56487,1.61714,1.67999,0.13545,0.12651,0.13493,0.45711,0.03281,0.01483,0.00445,0.44121,0.03721,0.01269,0.00408,2.82119,4.58122,4.71236,2.85849,0,0,0,0.000434409,0.000434409,0.000434409
292,10590.9,1.49371,2.55705,1.67452,1.69137,0.14005,0.1257,0.13639,0.23067,0.03615,0.01585,0.00503,0.23452,0.03622,0.01348,0.00457,2.83242,4.61521,4.93905,2.85767,0,0,0,0.000433035,0.000433035,0.000433035
293,10627.1,1.54007,2.56089,1.64556,1.68058,0.13394,0.12353,0.13259,0.23205,0.03757,0.02099,0.00645,0.30442,0.03387,0.02025,0.00597,2.86431,4.56033,4.831,2.87725,0,0,0,0.000431661,0.000431661,0.000431661
294,10663.4,1.53175,2.57387,1.60089,1.67902,0.13471,0.12409,0.13411,0.14917,0.04787,0.02586,0.00576,0.14622,0.04325,0.02341,0.00736,2.87743,4.57348,4.8203,2.88928,0,0,0,0.000430286,0.000430286,0.000430286
295,10699.6,1.52653,2.60581,1.61276,1.66062,0.13995,0.12836,0.13784,0.2315,0.03434,0.04863,0.00765,0.44293,0.02554,0.01233,0.00417,2.88291,4.54092,4.92972,2.87694,0,0,0,0.000428912,0.000428912,0.000428912
296,10735.8,1.50054,2.57328,1.59101,1.64118,0.13518,0.12431,0.13388,0.25232,0.0298,0.01439,0.00422,0.25067,0.02424,0.01071,0.00374,2.86322,4.52048,4.93657,2.86609,0,0,0,0.000427537,0.000427537,0.000427537
297,10771.9,1.51952,2.5495,1.60397,1.66512,0.13812,0.12705,0.13666,0.44368,0.0353,0.01788,0.00486,0.43982,0.03253,0.01797,0.00418,2.85106,4.53521,4.82046,2.90212,0,0,0,0.000426163,0.000426163,0.000426163
298,10808.1,1.48382,2.5593,1.60175,1.64592,0.12957,0.12082,0.12876,0.27389,0.04175,0.01554,0.00422,0.2661,0.04361,0.0159,0.00437,2.84461,4.56497,4.77084,2.91378,0,0,0,0.000424788,0.000424788,0.000424788
299,10844.1,1.53098,2.60712,1.61123,1.67433,0.13267,0.12393,0.1321,0.05144,0.04094,0.01409,0.00384,0.0414,0.03595,0.01232,0.00402,2.84446,4.5265,4.75455,2.90456,0,0,0,0.000423414,0.000423414,0.000423414
300,10880.3,1.5217,2.58819,1.59651,1.67924,0.13476,0.12273,0.13241,0.04541,0.04518,0.01661,0.00466,0.23871,0.03863,0.01365,0.00396,2.84721,4.48782,4.75545,2.89927,0,0,0,0.000422039,0.000422039,0.000422039
301,10916.6,1.5119,2.58548,1.57137,1.668,0.13713,0.12546,0.13528,0.27448,0.03309,0.01433,0.00446,0.06345,0.03783,0.0137,0.00363,2.84228,4.51764,4.87992,2.89991,0,0,0,0.000420665,0.000420665,0.000420665
302,10952.7,1.4903,2.50104,1.56267,1.64773,0.12775,0.11906,0.12869,0.25739,0.034,0.01523,0.00473,0.32807,0.039,0.01518,0.00425,2.82141,4.54543,4.9125,2.86562,0,0,0,0.000419291,0.000419291,0.000419291
303,10988.7,1.51779,2.52077,1.59525,1.67749,0.13264,0.12154,0.13196,0.35331,0.04138,0.01702,0.00451,0.34617,0.03465,0.01476,0.00414,2.82318,4.55741,4.93993,2.859,0,0,0,0.000417916,0.000417916,0.000417916
304,11024.8,1.47655,2.54204,1.53588,1.62794,0.13268,0.12275,0.13231,0.03336,0.03436,0.01549,0.00418,0.22387,0.02548,0.01072,0.00365,2.86008,4.5389,4.93513,2.87888,0,0,0,0.000416542,0.000416542,0.000416542
305,11060.9,1.50054,2.56845,1.59242,1.63879,0.13046,0.11922,0.12835,0.24029,0.03115,0.01069,0.0031,0.22636,0.0255,0.0111,0.00301,2.88797,4.5312,4.98623,2.90176,0,0,0,0.000415167,0.000415167,0.000415167
306,11097.2,1.53032,2.58489,1.55487,1.65404,0.13461,0.1247,0.13399,0.03496,0.0362,0.01485,0.00413,0.03166,0.03203,0.01277,0.00392,2.87377,4.51672,4.90916,2.88832,0,0,0,0.000413793,0.000413793,0.000413793
307,11133.4,1.47911,2.54332,1.56181,1.6406,0.13524,0.12394,0.13436,0.04979,0.03862,0.01618,0.00529,0.03586,0.03297,0.01384,0.00473,2.85033,4.55984,4.8947,2.86885,0,0,0,0.000412418,0.000412418,0.000412418
308,11169.4,1.53183,2.55808,1.61098,1.68221,0.13684,0.1239,0.13364,0.44835,0.02315,0.01557,0.00437,0.0762,0.03665,0.01981,0.00544,2.86236,4.59059,4.89433,2.8785,0,0,0,0.000411044,0.000411044,0.000411044
309,11205.7,1.5071,2.5444,1.59564,1.6724,0.13311,0.12308,0.13153,0.23767,0.03151,0.01402,0.00382,0.23444,0.02596,0.01071,0.00352,2.88108,4.5736,4.87543,2.92563,0,0,0,0.000409669,0.000409669,0.000409669
310,11241.7,1.49585,2.60346,1.5938,1.66226,0.13548,0.1264,0.1349,0.23045,0.03293,0.01415,0.004,0.23158,0.02693,0.01085,0.00376,2.85695,4.54001,4.88484,2.90679,0,0,0,0.000408295,0.000408295,0.000408295
311,11277.8,1.46781,2.49777,1.57811,1.65328,0.13164,0.12083,0.12992,0.24133,0.03207,0.01494,0.00483,0.44323,0.02418,0.01111,0.00356,2.8773,4.55919,4.9155,2.89621,0,0,0,0.00040692,0.00040692,0.00040692
312,11314.1,1.49494,2.59705,1.56136,1.64768,0.13738,0.12637,0.13662,0.27463,0.02466,0.01543,0.00491,0.04349,0.03305,0.01407,0.00443,2.86743,4.59954,4.85018,2.92434,0,0,0,0.000405546,0.000405546,0.000405546
313,11350.1,1.48545,2.5233,1.58783,1.65856,0.13191,0.12475,0.13273,0.03749,0.03345,0.01437,0.00414,0.03615,0.03349,0.01164,0.00371,2.86663,4.58865,4.86784,2.90068,0,0,0,0.000404172,0.000404172,0.000404172
314,11386.3,1.46349,2.51235,1.52737,1.62786,0.12727,0.12043,0.12888,0.04517,0.03915,0.01553,0.00434,0.04224,0.035,0.01221,0.0039,2.87635,4.61276,4.88471,2.89298,0,0,0,0.000402797,0.000402797,0.000402797
315,11422.2,1.46162,2.50567,1.55989,1.628,0.13808,0.12585,0.1359,0.26302,0.02651,0.01267,0.0038,0.25907,0.02374,0.01011,0.00323,2.88461,4.66476,4.99361,2.8958,0,0,0,0.000401423,0.000401423,0.000401423
316,11458.4,1.49312,2.47247,1.55946,1.63157,0.12833,0.11934,0.12731,0.23137,0.03012,0.01332,0.00443,0.22828,0.02876,0.01179,0.00412,2.88702,4.6701,4.99477,2.9132,0,0,0,0.000400048,0.000400048,0.000400048
317,11494.6,1.47108,2.55547,1.56126,1.64277,0.13581,0.12513,0.13528,0.43766,0.02968,0.01317,0.00413,0.42628,0.03203,0.01249,0.00417,2.89128,4.56642,4.85328,2.91745,0,0,0,0.000398674,0.000398674,0.000398674
318,11530.6,1.45897,2.46237,1.52574,1.63767,0.12638,0.11879,0.12727,0.23282,0.02689,0.01294,0.00376,0.2233,0.02968,0.01029,0.00353,2.8736,4.53049,4.88715,2.91167,0,0,0,0.000397299,0.000397299,0.000397299
319,11567,1.47082,2.49833,1.56772,1.63697,0.1326,0.12303,0.13175,0.24136,0.04141,0.0133,0.00368,0.22999,0.03207,0.01348,0.00391,2.88022,4.52474,4.82132,2.91222,0,0,0,0.000395925,0.000395925,0.000395925
320,11603.2,1.49731,2.52705,1.56374,1.66482,0.1325,0.12515,0.13263,0.43202,0.02783,0.01183,0.00336,0.42698,0.0246,0.0091,0.00298,2.86788,4.55928,5.04618,2.90637,0,0,0,0.00039455,0.00039455,0.00039455
321,11639.2,1.49047,2.55964,1.56289,1.64159,0.13012,0.1197,0.12932,0.44735,0.03725,0.01313,0.00367,0.24463,0.03465,0.01459,0.00382,2.85731,4.5692,4.90447,2.94527,0,0,0,0.000393176,0.000393176,0.000393176
322,11675.4,1.47889,2.5197,1.5397,1.61291,0.12697,0.11883,0.12726,0.44492,0.03534,0.0142,0.00399,0.43163,0.02317,0.01032,0.00359,2.85017,4.53542,4.88259,2.92442,0,0,0,0.000391802,0.000391802,0.000391802
323,11711.5,1.44565,2.48157,1.51,1.62244,0.13311,0.12441,0.1332,0.44447,0.02685,0.01364,0.00396,0.44313,0.0241,0.01089,0.00358,2.8735,4.52565,4.96367,2.92492,0,0,0,0.000390427,0.000390427,0.000390427
324,11747.7,1.46477,2.47991,1.54352,1.62706,0.12741,0.12191,0.13052,0.24126,0.03861,0.01318,0.00412,0.23665,0.03446,0.01222,0.00414,2.86265,4.57546,4.96201,2.91402,0,0,0,0.000389053,0.000389053,0.000389053
325,11783.8,1.47625,2.50739,1.56367,1.6458,0.13033,0.12218,0.13097,0.43564,0.02548,0.01231,0.0039,0.43038,0.02086,0.01035,0.00363,2.89468,4.64522,4.95843,2.90948,0,0,0,0.000387678,0.000387678,0.000387678
326,11819.8,1.45816,2.49243,1.53209,1.63719,0.13431,0.12419,0.13283,0.4365,0.03157,0.01348,0.00426,0.43851,0.02697,0.0106,0.00375,2.87935,4.62685,4.98613,2.90824,0,0,0,0.000386304,0.000386304,0.000386304
327,11855.9,1.4773,2.54546,1.54847,1.6329,0.13086,0.11961,0.12887,0.22982,0.0354,0.013,0.00379,0.22754,0.02317,0.00995,0.0033,2.89872,4.57267,4.89621,2.92116,0,0,0,0.000384929,0.000384929,0.000384929
328,11892.4,1.4959,2.50093,1.54587,1.61066,0.12792,0.12014,0.12962,0.04212,0.03018,0.01245,0.00418,0.03337,0.0255,0.01179,0.00398,2.9001,4.59882,4.98088,2.91007,0,0,0,0.000383555,0.000383555,0.000383555
329,11928.5,1.49563,2.55114,1.55742,1.65119,0.13391,0.12518,0.13352,0.44446,0.03115,0.01394,0.00456,0.45591,0.01798,0.01101,0.00402,2.9003,4.64348,5.03435,2.92869,0,0,0,0.00038218,0.00038218,0.00038218
330,11964.7,1.47266,2.51128,1.52847,1.63248,0.13272,0.12237,0.13174,0.24924,0.02835,0.01197,0.004,0.24716,0.02558,0.0109,0.0036,2.89018,4.61081,4.9645,2.92539,0,0,0,0.000380806,0.000380806,0.000380806
331,12001,1.45558,2.48581,1.52449,1.62411,0.13078,0.12053,0.12971,0.26645,0.03446,0.01496,0.00462,0.44111,0.02315,0.01146,0.00405,2.87717,4.59275,4.9386,2.90383,0,0,0,0.000379431,0.000379431,0.000379431
332,12037.2,1.49783,2.54523,1.5665,1.65321,0.13405,0.12292,0.13193,0.43253,0.03568,0.01693,0.00508,0.32287,0.04219,0.02466,0.0057,2.86255,4.56349,4.85009,2.90887,0,0,0,0.000378057,0.000378057,0.000378057
333,12073.2,1.50372,2.47328,1.54548,1.62996,0.12947,0.12052,0.12971,0.43559,0.0306,0.01387,0.00479,0.43604,0.02643,0.01173,0.00413,2.84392,4.60609,4.93368,2.86429,0,0,0,0.000376683,0.000376683,0.000376683
334,12109.6,1.46233,2.51327,1.48981,1.60595,0.13035,0.12261,0.13104,0.46848,0.02601,0.01382,0.00447,0.46693,0.0237,0.0118,0.00422,2.87074,4.57291,4.91362,2.88654,0,0,0,0.000375308,0.000375308,0.000375308
335,12145.6,1.43429,2.4931,1.53017,1.62943,0.13045,0.12098,0.13026,0.45356,0.02713,0.01202,0.00365,0.46152,0.02139,0.01064,0.00349,2.88393,4.5879,4.93523,2.9003,0,0,0,0.000373934,0.000373934,0.000373934
336,12181.8,1.45829,2.47153,1.52276,1.61411,0.12652,0.11919,0.12682,0.47031,0.0251,0.01407,0.00475,0.43677,0.03113,0.01379,0.00429,2.8612,4.59722,4.95579,2.89096,0,0,0,0.000372559,0.000372559,0.000372559
337,12218.2,1.47781,2.50549,1.52607,1.61685,0.13174,0.12389,0.13247,0.23865,0.0339,0.01654,0.00452,0.23428,0.03161,0.01705,0.00444,2.8493,4.56977,4.95002,2.8889,0,0,0,0.000371185,0.000371185,0.000371185
338,12254.4,1.45561,2.45216,1.50791,1.6117,0.13073,0.12376,0.13209,0.23991,0.03948,0.02163,0.0052,0.23702,0.03442,0.01791,0.00412,2.86112,4.58704,4.97627,2.8694,0,0,0,0.00036981,0.00036981,0.00036981
339,12290.6,1.46564,2.52077,1.54517,1.6255,0.13207,0.12254,0.13249,0.46647,0.03627,0.01985,0.00575,0.442,0.02783,0.01224,0.00425,2.8485,4.61075,4.91008,2.8723,0,0,0,0.000368436,0.000368436,0.000368436
340,12326.7,1.45917,2.49514,1.53591,1.63799,0.13077,0.12138,0.13064,0.42692,0.03335,0.01612,0.00532,0.42286,0.02498,0.01306,0.00445,2.84227,4.59402,4.91425,2.86812,0,0,0,0.000367061,0.000367061,0.000367061
341,12362.7,1.45418,2.42935,1.51945,1.6134,0.12722,0.12011,0.12851,0.24303,0.03809,0.0179,0.00572,0.23586,0.03205,0.01417,0.00452,2.86122,4.5584,4.92442,2.88915,0,0,0,0.000365687,0.000365687,0.000365687
342,12398.9,1.46064,2.4844,1.54309,1.62682,0.13121,0.12149,0.13106,0.45253,0.03251,0.01629,0.00499,0.44146,0.03113,0.01301,0.00448,2.85336,4.52931,4.92467,2.89267,0,0,0,0.000364313,0.000364313,0.000364313
343,12435,1.45184,2.48483,1.52174,1.61528,0.12948,0.1214,0.13019,0.47434,0.02928,0.01555,0.00495,0.22706,0.03012,0.01464,0.00439,2.83412,4.53738,4.88963,2.87893,0,0,0,0.000362938,0.000362938,0.000362938
344,12471.3,1.46312,2.47542,1.50684,1.621,0.13603,0.12601,0.13563,0.05495,0.03392,0.01572,0.00509,0.04869,0.03769,0.01447,0.00429,2.87146,4.5716,4.89989,2.90875,0,0,0,0.000361564,0.000361564,0.000361564
345,12507.4,1.43909,2.43032,1.49787,1.63684,0.12655,0.11967,0.12796,0.44481,0.03486,0.01438,0.00489,0.4356,0.02831,0.01158,0.00386,2.87628,4.5712,4.8903,2.91687,0,0,0,0.000360189,0.000360189,0.000360189
346,12543.6,1.52249,2.52438,1.59562,1.65648,0.13023,0.12093,0.12972,0.03012,0.03526,0.01578,0.00444,0.02397,0.02831,0.01256,0.00398,2.8912,4.58089,4.91592,2.89949,0,0,0,0.000358815,0.000358815,0.000358815
347,12579.7,1.47025,2.44403,1.50984,1.63145,0.12454,0.11627,0.12552,0.24331,0.02829,0.01407,0.00421,0.23405,0.02598,0.01051,0.00359,2.86557,4.58744,5.01186,2.89154,0,0,0,0.00035744,0.00035744,0.00035744
348,12615.8,1.4842,2.47715,1.52551,1.613,0.13156,0.12086,0.1312,0.43541,0.03391,0.01317,0.00366,0.42778,0.02691,0.00998,0.00325,2.87696,4.59925,4.94908,2.90237,0,0,0,0.000356066,0.000356066,0.000356066
349,12651.9,1.43273,2.44779,1.50454,1.60912,0.12821,0.12241,0.13113,0.26432,0.02835,0.0125,0.00358,0.23817,0.02365,0.01031,0.00332,2.89584,4.59328,5.01384,2.91097,0,0,0,0.000354691,0.000354691,0.000354691
350,12688.1,1.44194,2.42271,1.48583,1.60861,0.1295,0.1213,0.12984,0.22984,0.03116,0.01443,0.00391,0.23485,0.02364,0.00985,0.00339,2.90482,4.58287,4.99431,2.92424,0,0,0,0.000353317,0.000353317,0.000353317
351,12723.9,1.42422,2.45189,1.46867,1.60507,0.12531,0.11826,0.12675,0.23208,0.0306,0.01275,0.00368,0.22763,0.0256,0.00938,0.00304,2.89722,4.58671,4.97509,2.92306,0,0,0,0.000351942,0.000351942,0.000351942
352,12760,1.43328,2.46777,1.49359,1.60236,0.13069,0.12364,0.1311,0.45007,0.02966,0.01291,0.00377,0.44867,0.02456,0.00953,0.00296,2.87424,4.60349,5.00616,2.9293,0,0,0,0.000350568,0.000350568,0.000350568
353,12796.4,1.46504,2.47793,1.51134,1.61127,0.12443,0.11796,0.12717,0.4481,0.02641,0.01334,0.00382,0.4433,0.02643,0.00997,0.00315,2.87461,4.56991,4.97886,2.9003,0,0,0,0.000349194,0.000349194,0.000349194
354,12832.7,1.47124,2.46251,1.5214,1.61617,0.12113,0.11611,0.12348,0.46399,0.02781,0.01537,0.00463,0.14983,0.03836,0.02047,0.00477,2.84936,4.56789,4.88523,2.89743,0,0,0,0.000347819,0.000347819,0.000347819
355,12868.8,1.44996,2.45426,1.47855,1.60536,0.12686,0.12246,0.13015,0.24894,0.02781,0.01248,0.00329,0.02373,0.03056,0.01167,0.0031,2.86193,4.54786,4.8971,2.86436,0,0,0,0.000346445,0.000346445,0.000346445
356,12904.9,1.43064,2.44387,1.48531,1.59522,0.12664,0.12134,0.12952,0.44076,0.02317,0.01247,0.0038,0.17984,0.0357,0.01893,0.00484,2.86388,4.60701,4.95577,2.85211,0,0,0,0.00034507,0.00034507,0.00034507
357,12941.1,1.42821,2.45033,1.46978,1.57858,0.12999,0.12237,0.13095,0.23547,0.02827,0.0137,0.00396,0.22181,0.02594,0.02063,0.00455,2.84783,4.59991,4.966,2.85554,0,0,0,0.000343696,0.000343696,0.000343696
358,12977.1,1.41701,2.41143,1.47559,1.60791,0.13029,0.12133,0.1305,0.24316,0.03387,0.01414,0.0042,0.23024,0.02689,0.01119,0.00353,2.84089,4.61262,4.92377,2.89149,0,0,0,0.000342321,0.000342321,0.000342321
359,13013.2,1.44185,2.44627,1.49394,1.59529,0.12993,0.12023,0.12943,0.44973,0.0292,0.01489,0.0045,0.44506,0.02084,0.01192,0.00394,2.85204,4.54483,4.97753,2.88227,0,0,0,0.000340947,0.000340947,0.000340947
360,13049.3,1.46116,2.48995,1.53111,1.63116,0.1282,0.1189,0.12757,0.2325,0.02874,0.01395,0.00406,0.22614,0.02364,0.00923,0.0032,2.86482,4.59354,5.01081,2.87117,0,0,0,0.000339572,0.000339572,0.000339572
361,13085.3,1.40354,2.39373,1.48403,1.59518,0.12707,0.1201,0.1282,0.47134,0.04002,0.01551,0.00492,0.24321,0.03205,0.01226,0.00382,2.85385,4.6346,4.96168,2.86259,0,0,0,0.000338198,0.000338198,0.000338198
362,13121.5,1.43837,2.47511,1.46818,1.59704,0.12656,0.12268,0.12977,0.47385,0.0302,0.01626,0.00494,0.44233,0.02362,0.01363,0.00425,2.87106,4.63067,5.00453,2.90987,0,0,0,0.000336824,0.000336824,0.000336824
363,13157.7,1.42614,2.45194,1.43844,1.57873,0.12393,0.11929,0.1263,0.28788,0.03631,0.0149,0.00456,0.26304,0.03586,0.01366,0.00375,2.88337,4.59927,5.01657,2.91116,0,0,0,0.000335449,0.000335449,0.000335449
364,13193.9,1.41126,2.42658,1.47353,1.59481,0.13018,0.12291,0.13123,0.25763,0.03484,0.01604,0.00474,0.45737,0.02271,0.014,0.00386,2.87957,4.63347,5.02911,2.91894,0,0,0,0.000334075,0.000334075,0.000334075
365,13229.9,1.4172,2.41442,1.47109,1.59755,0.12663,0.11971,0.12763,0.18571,0.0403,0.0249,0.00569,0.18232,0.03518,0.02092,0.00564,2.88066,4.57833,5.09229,2.91126,0,0,0,0.0003327,0.0003327,0.0003327
366,13266,1.42824,2.44404,1.49259,1.60413,0.12517,0.11896,0.12678,0.28806,0.03615,0.01959,0.00596,0.28457,0.03289,0.0167,0.00572,2.88718,4.59429,5.04516,2.91332,0,0,0,0.000331326,0.000331326,0.000331326
367,13302,1.45127,2.46299,1.49554,1.6102,0.12869,0.12156,0.13025,0.04463,0.03483,0.01606,0.00416,0.04016,0.03287,0.01392,0.00388,2.87523,4.59932,4.97616,2.90202,0,0,0,0.000329951,0.000329951,0.000329951
368,13338.1,1.41617,2.41664,1.44578,1.57716,0.13099,0.12384,0.13267,0.45241,0.0241,0.01539,0.00447,0.45001,0.02271,0.01202,0.00392,2.87714,4.64343,4.98437,2.91003,0,0,0,0.000328577,0.000328577,0.000328577
369,13374.1,1.43266,2.42612,1.46045,1.59073,0.12965,0.12054,0.12909,0.4372,0.02315,0.01409,0.00356,0.43671,0.02038,0.01114,0.00339,2.91152,4.66201,5.0376,2.93116,0,0,0,0.000327202,0.000327202,0.000327202
370,13410.3,1.41701,2.41345,1.44834,1.57228,0.1268,0.12027,0.12851,0.44687,0.02872,0.01267,0.00317,0.23315,0.02827,0.00984,0.00282,2.89795,4.63683,5.02681,2.93503,0,0,0,0.000325828,0.000325828,0.000325828
371,13446.5,1.4536,2.42659,1.48668,1.60408,0.12109,0.1139,0.12228,0.46428,0.03207,0.01279,0.00376,0.46446,0.02953,0.01063,0.00333,2.9019,4.63438,5.07348,2.92508,0,0,0,0.000324453,0.000324453,0.000324453
372,13482.6,1.4237,2.42049,1.47132,1.59161,0.12719,0.12057,0.12818,0.45819,0.03328,0.01346,0.00367,0.46071,0.03292,0.01067,0.00331,2.93275,4.61705,4.96723,2.94959,0,0,0,0.000323079,0.000323079,0.000323079
373,13518.9,1.41281,2.41107,1.43429,1.5639,0.12633,0.12004,0.12777,0.45707,0.03439,0.0132,0.00364,0.45844,0.0307,0.01159,0.00324,2.92058,4.64452,5.00254,2.93332,0,0,0,0.000321705,0.000321705,0.000321705
374,13555,1.44248,2.45689,1.47107,1.57563,0.1258,0.11943,0.12766,0.45254,0.0344,0.01539,0.00482,0.4609,0.02791,0.01421,0.00397,2.9107,4.66553,4.95239,2.93448,0,0,0,0.00032033,0.00032033,0.00032033
375,13591.1,1.35946,2.36853,1.44847,1.56598,0.12448,0.11661,0.12566,0.46369,0.0396,0.01526,0.0049,0.43962,0.02598,0.01135,0.00369,2.89514,4.63994,4.93712,2.92351,0,0,0,0.000318956,0.000318956,0.000318956
376,13627.3,1.45241,2.4259,1.47257,1.58452,0.12589,0.12042,0.12937,0.46847,0.02791,0.0138,0.00429,0.44952,0.02088,0.00998,0.00331,2.88312,4.64592,5.01141,2.91065,0,0,0,0.000317581,0.000317581,0.000317581
377,13663.2,1.39335,2.41639,1.46802,1.59907,0.12042,0.11344,0.12229,0.49401,0.02749,0.01522,0.00466,0.44986,0.02088,0.01184,0.00355,2.87498,4.62377,5.01194,2.91494,0,0,0,0.000316207,0.000316207,0.000316207
378,13699.3,1.40975,2.36728,1.43407,1.57707,0.12444,0.11958,0.12677,0.46943,0.03578,0.0146,0.00452,0.43252,0.0306,0.01591,0.00417,2.87777,4.60918,5.00391,2.89257,0,0,0,0.000314832,0.000314832,0.000314832
379,13735.8,1.43249,2.44565,1.45487,1.58107,0.12587,0.12101,0.12956,0.45588,0.03904,0.02517,0.00605,0.44835,0.03396,0.0214,0.00681,2.86319,4.62343,5.02128,2.86734,0,0,0,0.000313458,0.000313458,0.000313458
380,13772,1.42749,2.40019,1.45213,1.56771,0.12526,0.11668,0.12474,0.35216,0.05036,0.02399,0.00632,0.33104,0.04145,0.01745,0.00569,2.87008,4.66115,4.98739,2.89849,0,0,0,0.000312083,0.000312083,0.000312083
381,13808.3,1.43924,2.44782,1.48859,1.5738,0.12715,0.1203,0.12845,0.31747,0.04373,0.02549,0.00612,0.31216,0.03863,0.02229,0.00494,2.90443,4.6163,5.00534,2.91258,0,0,0,0.000310709,0.000310709,0.000310709
382,13844.4,1.3736,2.33484,1.42709,1.57402,0.12148,0.11562,0.12332,0.36496,0.04128,0.02403,0.00564,0.33706,0.03616,0.02059,0.00464,2.88161,4.64441,5.09818,2.90405,0,0,0,0.000309335,0.000309335,0.000309335
383,13880.7,1.42475,2.41137,1.46323,1.57261,0.12692,0.11931,0.12759,0.24688,0.03767,0.01549,0.00488,0.26064,0.03254,0.01429,0.00412,2.88458,4.6532,5.05374,2.9101,0,0,0,0.00030796,0.00030796,0.00030796
384,13916.9,1.40183,2.3969,1.4386,1.56112,0.12345,0.11702,0.12539,0.23162,0.02874,0.01536,0.00425,0.23263,0.02829,0.01343,0.00389,2.88029,4.62544,5.12457,2.91651,0,0,0,0.000306586,0.000306586,0.000306586
385,13953.1,1.40813,2.39668,1.45272,1.57415,0.1214,0.11553,0.12393,0.43008,0.02966,0.01422,0.00382,0.44221,0.02412,0.01201,0.00354,2.90474,4.63706,5.08823,2.93241,0,0,0,0.000305211,0.000305211,0.000305211
386,13989.5,1.42565,2.43356,1.46185,1.56999,0.12652,0.12223,0.13001,0.47038,0.02741,0.01392,0.00387,0.46842,0.0251,0.0113,0.00332,2.92089,4.66471,5.0383,2.95001,0,0,0,0.000303837,0.000303837,0.000303837
387,14025.5,1.40999,2.41356,1.46549,1.59098,0.12598,0.11911,0.12776,0.46155,0.03299,0.0143,0.00384,0.47098,0.02556,0.00874,0.00301,2.91246,4.67681,5.06274,2.93452,0,0,0,0.000302462,0.000302462,0.000302462
388,14061.6,1.40561,2.3799,1.4165,1.56025,0.12745,0.12107,0.12961,0.24674,0.02737,0.01165,0.00339,0.2345,0.02223,0.00891,0.0028,2.91721,4.73037,5.10595,2.9224,0,0,0,0.000301088,0.000301088,0.000301088
389,14098,1.40926,2.39137,1.43095,1.57473,0.12518,0.11823,0.12733,0.24732,0.03578,0.01692,0.00441,0.23829,0.02084,0.01034,0.00316,2.88019,4.65242,5.06825,2.90136,0,0,0,0.000299713,0.000299713,0.000299713
390,14134,1.3938,2.35637,1.42902,1.56196,0.12187,0.11777,0.1253,0.22989,0.03386,0.0159,0.00459,0.22969,0.03108,0.01238,0.00402,2.85974,4.61894,5.01305,2.88993,0,0,0,0.000298339,0.000298339,0.000298339
391,14170.1,1.40728,2.43733,1.4417,1.57521,0.12391,0.11954,0.12765,0.45125,0.02552,0.01403,0.00382,0.44243,0.02284,0.01077,0.00351,2.86624,4.6357,5.05922,2.90512,0,0,0,0.000296964,0.000296964,0.000296964
392,14206.4,1.42893,2.41412,1.44729,1.56112,0.1238,0.11597,0.12436,0.26489,0.03353,0.01299,0.00374,0.23709,0.02368,0.00934,0.0031,2.86913,4.64066,5.07031,2.91944,0,0,0,0.00029559,0.00029559,0.00029559
393,14242.5,1.37531,2.35147,1.40653,1.56089,0.12307,0.11687,0.12536,0.28117,0.03022,0.01461,0.00426,0.23524,0.02504,0.0104,0.00338,2.86875,4.65165,5.09741,2.91171,0,0,0,0.000294216,0.000294216,0.000294216
394,14278.7,1.42363,2.40309,1.4453,1.56726,0.12395,0.11868,0.12593,0.24685,0.03159,0.01287,0.00359,0.23373,0.02645,0.00982,0.00316,2.874,4.66887,5.12086,2.91074,0,0,0,0.000292841,0.000292841,0.000292841
395,14314.9,1.39186,2.4114,1.43143,1.58003,0.12166,0.11654,0.12519,0.24446,0.026,0.01397,0.00358,0.24147,0.02367,0.0114,0.00353,2.89292,4.68176,5.09156,2.93077,0,0,0,0.000291467,0.000291467,0.000291467
396,14351.1,1.43175,2.45304,1.4549,1.59983,0.13196,0.12483,0.13408,0.23178,0.03339,0.01411,0.00446,0.22835,0.02876,0.01182,0.00365,2.89959,4.66789,5.06009,2.92573,0,0,0,0.000290092,0.000290092,0.000290092
397,14387.2,1.40608,2.41448,1.42962,1.57838,0.12559,0.12051,0.129,0.23701,0.02502,0.01324,0.00384,0.22773,0.02783,0.01091,0.00323,2.9069,4.60873,5.06366,2.92883,0,0,0,0.000288718,0.000288718,0.000288718
398,14423.2,1.36155,2.30845,1.39797,1.56075,0.12343,0.11763,0.12549,0.23762,0.02783,0.01055,0.00305,0.22885,0.02594,0.00791,0.00261,2.92698,4.62002,5.10899,2.94756,0,0,0,0.000287343,0.000287343,0.000287343
399,14459.3,1.39586,2.38561,1.43037,1.56965,0.12987,0.12239,0.13116,0.2424,0.02689,0.01179,0.00343,0.23586,0.02639,0.01008,0.00319,2.9174,4.60866,5.12017,2.92887,0,0,0,0.000285969,0.000285969,0.000285969
400,14495.5,1.41996,2.42301,1.45912,1.56332,0.11953,0.11507,0.12232,0.2394,0.02594,0.01168,0.00349,0.23938,0.02364,0.01063,0.00346,2.89447,4.64972,5.10816,2.90006,0,0,0,0.000284594,0.000284594,0.000284594
401,14531.7,1.38732,2.38185,1.41773,1.5558,0.1224,0.11806,0.12589,0.24467,0.02874,0.01455,0.00432,0.2401,0.02781,0.01218,0.00387,2.89162,4.64618,5.05152,2.89457,0,0,0,0.00028322,0.00028322,0.00028322
402,14567.9,1.39236,2.37745,1.43252,1.56599,0.12639,0.11857,0.12729,0.23448,0.02733,0.01317,0.00412,0.22986,0.03199,0.01104,0.00349,2.87097,4.68786,5.14694,2.89605,0,0,0,0.000281846,0.000281846,0.000281846
403,14604.2,1.39799,2.38084,1.42105,1.53872,0.12583,0.11924,0.12737,0.23642,0.02971,0.01439,0.00453,0.22764,0.02594,0.01094,0.00362,2.86143,4.66875,5.12652,2.88182,0,0,0,0.000280471,0.000280471,0.000280471
404,14640.3,1.38532,2.38637,1.42776,1.57736,0.12472,0.12034,0.12811,0.26554,0.03773,0.01523,0.00463,0.25382,0.03309,0.01224,0.00416,2.86985,4.67944,5.11311,2.88796,0,0,0,0.000279097,0.000279097,0.000279097
405,14676.5,1.37242,2.34875,1.3955,1.55242,0.12472,0.11952,0.12767,0.45251,0.03165,0.01274,0.00363,0.44552,0.02088,0.00976,0.00322,2.90608,4.67234,5.09683,2.9122,0,0,0,0.000277722,0.000277722,0.000277722
406,14712.6,1.37656,2.34006,1.40399,1.54472,0.11947,0.11577,0.12383,0.44307,0.03388,0.01275,0.00399,0.43768,0.0255,0.0103,0.00336,2.90677,4.67103,5.12805,2.9308,0,0,0,0.000276348,0.000276348,0.000276348
407,14748.7,1.3704,2.34958,1.41644,1.54433,0.12611,0.12064,0.1295,0.43644,0.03151,0.01031,0.00328,0.43492,0.03012,0.00909,0.0029,2.90732,4.678,5.13419,2.93775,0,0,0,0.000274973,0.000274973,0.000274973
408,14784.8,1.39734,2.38143,1.44306,1.57344,0.1217,0.11712,0.12586,0.451,0.02735,0.01262,0.00364,0.43621,0.02364,0.00969,0.00307,2.89667,4.70461,5.10494,2.93731,0,0,0,0.000273599,0.000273599,0.000273599
409,14821,1.38662,2.4049,1.42159,1.57117,0.12584,0.11948,0.1284,0.44502,0.02596,0.01079,0.00344,0.43351,0.02458,0.00871,0.00296,2.8871,4.68107,5.13352,2.93049,0,0,0,0.000272224,0.000272224,0.000272224
410,14857.1,1.38864,2.32461,1.40221,1.55711,0.12135,0.11872,0.12549,0.24203,0.02506,0.01348,0.00425,0.24244,0.02229,0.01095,0.00355,2.8952,4.67575,5.12292,2.92822,0,0,0,0.00027085,0.00027085,0.00027085
411,14893.2,1.37655,2.28297,1.40814,1.54291,0.12215,0.11732,0.12463,0.43875,0.02348,0.01214,0.00355,0.43725,0.02088,0.00914,0.00284,2.87832,4.69554,5.17634,2.91016,0,0,0,0.000269475,0.000269475,0.000269475
412,14929.2,1.39186,2.38893,1.44029,1.58653,0.11929,0.11608,0.12335,0.24427,0.02641,0.0127,0.00353,0.23965,0.01855,0.00916,0.00294,2.87667,4.62225,5.18534,2.92113,0,0,0,0.000268101,0.000268101,0.000268101
413,14965.3,1.37402,2.32751,1.3942,1.55599,0.12704,0.11936,0.12911,0.24582,0.0255,0.0123,0.00344,0.22997,0.02598,0.00824,0.00259,2.86692,4.62919,5.11745,2.90637,0,0,0,0.000266727,0.000266727,0.000266727
414,15001.3,1.37469,2.37531,1.43431,1.5558,0.12734,0.12125,0.1306,0.2513,0.03134,0.01182,0.00355,0.24339,0.03115,0.00936,0.00275,2.89714,4.69464,5.17049,2.91115,0,0,0,0.000265352,0.000265352,0.000265352
415,15037.5,1.35608,2.30406,1.3835,1.53451,0.12261,0.11777,0.12533,0.25508,0.02456,0.01325,0.00373,0.24671,0.02364,0.01054,0.00348,2.92218,4.68806,5.14105,2.94135,0,0,0,0.000263978,0.000263978,0.000263978
416,15073.5,1.35363,2.31039,1.40309,1.53867,0.11953,0.11474,0.12248,0.24287,0.0241,0.01226,0.00365,0.24092,0.02227,0.0096,0.00334,2.90279,4.70521,5.18629,2.94017,0,0,0,0.000262603,0.000262603,0.000262603
417,15109.6,1.39732,2.37516,1.42004,1.54639,0.12194,0.11744,0.12511,0.23461,0.02735,0.01182,0.00403,0.25373,0.02414,0.00977,0.0035,2.897,4.67661,5.18689,2.93663,0,0,0,0.000261229,0.000261229,0.000261229
418,15145.8,1.36074,2.362,1.39807,1.53233,0.1205,0.11489,0.12304,0.23898,0.02827,0.01184,0.00386,0.24001,0.02315,0.0097,0.00323,2.88932,4.65892,5.17147,2.94396,0,0,0,0.000259854,0.000259854,0.000259854
419,15181.8,1.3373,2.30159,1.38233,1.52295,0.12072,0.11533,0.12388,0.44765,0.02365,0.01343,0.00391,0.44323,0.02271,0.01075,0.00363,2.91214,4.65575,5.17053,2.9398,0,0,0,0.00025848,0.00025848,0.00025848
420,15218,1.39247,2.34707,1.39424,1.54746,0.12222,0.11893,0.12628,0.46299,0.02319,0.01355,0.00408,0.45107,0.02038,0.01081,0.00356,2.90143,4.65621,5.16971,2.94596,0,0,0,0.000257105,0.000257105,0.000257105
421,15254.2,1.39368,2.35619,1.42414,1.5414,0.12155,0.11553,0.12532,0.44933,0.02365,0.01229,0.00368,0.42603,0.02408,0.00921,0.00326,2.87404,4.6492,5.22757,2.9093,0,0,0,0.000255731,0.000255731,0.000255731
422,15290.4,1.37195,2.33615,1.40668,1.54667,0.12785,0.12286,0.13063,0.44268,0.0241,0.01339,0.00408,0.43747,0.02317,0.01091,0.00372,2.88435,4.6681,5.17397,2.93654,0,0,0,0.000254357,0.000254357,0.000254357
423,15326.5,1.38254,2.36823,1.39203,1.55477,0.12214,0.11868,0.12696,0.44704,0.02548,0.01265,0.00396,0.43825,0.02269,0.00983,0.0035,2.90703,4.70741,5.17197,2.93777,0,0,0,0.000252982,0.000252982,0.000252982
424,15362.6,1.37522,2.34973,1.38969,1.54877,0.11681,0.11386,0.12135,0.44393,0.02596,0.01191,0.0038,0.43377,0.02689,0.00987,0.00346,2.9277,4.67061,5.15306,2.93879,0,0,0,0.000251608,0.000251608,0.000251608
425,15398.8,1.34972,2.30939,1.37952,1.54177,0.12005,0.11503,0.12284,0.4485,0.02968,0.01534,0.0049,0.44351,0.0255,0.0116,0.00431,2.91138,4.67294,5.05834,2.95565,0,0,0,0.000250233,0.000250233,0.000250233
426,15435,1.38405,2.33128,1.38144,1.53403,0.12256,0.11795,0.12623,0.45103,0.02829,0.01439,0.00439,0.44304,0.02319,0.0107,0.00397,2.92576,4.69432,5.0798,2.94302,0,0,0,0.000248859,0.000248859,0.000248859
427,15471.2,1.34953,2.36353,1.3902,1.53787,0.12139,0.11496,0.12314,0.47365,0.03438,0.01547,0.00489,0.43822,0.02225,0.01045,0.00388,2.92777,4.68663,5.11622,2.96151,0,0,0,0.000247484,0.000247484,0.000247484
428,15507.3,1.35732,2.32631,1.37099,1.54744,0.12353,0.12007,0.12742,0.47607,0.02745,0.01647,0.00568,0.46718,0.0242,0.01324,0.00441,2.89922,4.66666,5.13486,2.94217,0,0,0,0.00024611,0.00024611,0.00024611
429,15543.5,1.37059,2.30801,1.38234,1.52633,0.11897,0.11714,0.12457,0.47329,0.02606,0.01462,0.00509,0.47377,0.02468,0.01342,0.00461,2.90777,4.6614,5.13487,2.94875,0,0,0,0.000244735,0.000244735,0.000244735
430,15579.4,1.35935,2.36695,1.40865,1.56984,0.124,0.11883,0.12694,0.45357,0.03207,0.01389,0.00405,0.44994,0.02886,0.01072,0.00381,2.91298,4.67102,5.1569,2.94852,0,0,0,0.000243361,0.000243361,0.000243361
431,15615.3,1.36787,2.31394,1.41545,1.55024,0.11778,0.11535,0.12264,0.26458,0.03024,0.01308,0.00423,0.25922,0.02887,0.01148,0.00358,2.92195,4.68417,5.1217,2.9454,0,0,0,0.000241986,0.000241986,0.000241986
432,15651.6,1.37182,2.35326,1.39237,1.54844,0.12177,0.11787,0.1253,0.2472,0.03161,0.01499,0.00445,0.4572,0.02793,0.01212,0.00383,2.92834,4.67495,5.11404,2.95191,0,0,0,0.000240612,0.000240612,0.000240612
433,15687.7,1.35843,2.28993,1.38168,1.54199,0.11603,0.11328,0.12065,0.47391,0.03022,0.01603,0.0046,0.46862,0.02793,0.01292,0.00411,2.92936,4.64152,5.09718,2.95195,0,0,0,0.000239238,0.000239238,0.000239238
434,15723.8,1.35418,2.35924,1.38893,1.54113,0.1212,0.11648,0.1246,0.47086,0.03347,0.01737,0.00505,0.45936,0.03072,0.01431,0.00407,2.91095,4.64032,5.13258,2.93555,0,0,0,0.000237863,0.000237863,0.000237863
435,15760.1,1.34077,2.31788,1.36062,1.50563,0.11879,0.11381,0.1219,0.45803,0.02645,0.01603,0.00467,0.45047,0.02367,0.01088,0.00353,2.92799,4.66229,5.16181,2.95018,0,0,0,0.000236489,0.000236489,0.000236489
436,15796.1,1.3729,2.34926,1.38875,1.54845,0.12382,0.11927,0.12765,0.45731,0.02515,0.01466,0.00453,0.4487,0.02227,0.01117,0.00378,2.9169,4.64572,5.17102,2.94573,0,0,0,0.000235114,0.000235114,0.000235114
437,15832.3,1.37537,2.30907,1.39026,1.54121,0.1216,0.11875,0.12485,0.44914,0.02506,0.01451,0.00433,0.44056,0.02088,0.01048,0.00358,2.90714,4.68484,5.17379,2.92416,0,0,0,0.00023374,0.00023374,0.00023374
438,15868.5,1.37947,2.32629,1.37842,1.52742,0.12122,0.11673,0.12483,0.24663,0.02458,0.01308,0.004,0.24989,0.02273,0.01013,0.00332,2.91434,4.71907,5.1546,2.94751,0,0,0,0.000232365,0.000232365,0.000232365
439,15904.6,1.36029,2.27953,1.39401,1.53202,0.11917,0.11556,0.12351,0.03839,0.03291,0.01462,0.00425,0.24832,0.02319,0.01029,0.00337,2.90131,4.71983,5.19725,2.9333,0,0,0,0.000230991,0.000230991,0.000230991
440,15940.8,1.36238,2.28811,1.36134,1.52691,0.11687,0.11321,0.12134,0.45738,0.02874,0.01669,0.0045,0.44797,0.0241,0.00982,0.0034,2.89388,4.72914,5.1732,2.92455,0,0,0,0.000229616,0.000229616,0.000229616
441,15977.2,1.3601,2.32771,1.39693,1.5399,0.1225,0.11751,0.12553,0.23639,0.03058,0.01772,0.00484,0.45523,0.02319,0.0108,0.00347,2.90826,4.73531,5.22578,2.92474,0,0,0,0.000228242,0.000228242,0.000228242
442,16013.3,1.33112,2.27795,1.36339,1.52532,0.12087,0.11742,0.12492,0.3158,0.03523,0.01723,0.00422,0.23843,0.0241,0.00938,0.00302,2.93336,4.73979,5.2145,2.93428,0,0,0,0.000226868,0.000226868,0.000226868
443,16049.4,1.32362,2.29223,1.34623,1.51581,0.12199,0.11806,0.12651,0.43672,0.02733,0.01188,0.00365,0.43459,0.02458,0.01055,0.00338,2.92608,4.68441,5.21589,2.93537,0,0,0,0.000225493,0.000225493,0.000225493
444,16085.4,1.34922,2.30689,1.37959,1.53504,0.1188,0.11423,0.12139,0.24757,0.03297,0.01206,0.00346,0.24762,0.02716,0.00838,0.00275,2.91592,4.69634,5.24432,2.92854,0,0,0,0.000224119,0.000224119,0.000224119
445,16121.6,1.37929,2.31363,1.38031,1.5322,0.12206,0.1183,0.12579,0.45514,0.03066,0.0122,0.00362,0.44488,0.02319,0.0093,0.003,2.91999,4.70233,5.25423,2.95288,0,0,0,0.000222744,0.000222744,0.000222744
446,16157.8,1.37296,2.33976,1.38561,1.54257,0.12239,0.11674,0.12454,0.44169,0.02827,0.01324,0.00386,0.43805,0.02552,0.01066,0.00321,2.90494,4.69673,5.19621,2.95931,0,0,0,0.00022137,0.00022137,0.00022137
447,16193.6,1.33522,2.2682,1.37034,1.52604,0.12046,0.11753,0.12493,0.44653,0.02801,0.01188,0.00359,0.43338,0.02273,0.00973,0.0031,2.91187,4.67077,5.17934,2.94334,0,0,0,0.000219995,0.000219995,0.000219995
448,16229.7,1.32349,2.29623,1.33815,1.51827,0.12017,0.11613,0.12345,0.43384,0.02548,0.01136,0.00358,0.44787,0.02697,0.00914,0.00313,2.92039,4.69697,5.19489,2.95327,0,0,0,0.000218621,0.000218621,0.000218621
449,16265.9,1.30966,2.27477,1.34167,1.52071,0.11881,0.11645,0.12386,0.23961,0.02779,0.01294,0.00383,0.2346,0.02559,0.00914,0.00284,2.91561,4.70596,5.21847,2.95561,0,0,0,0.000217246,0.000217246,0.000217246
450,16302,1.3537,2.32133,1.38819,1.54015,0.11555,0.11232,0.12015,0.2574,0.03345,0.01397,0.00394,0.25837,0.03163,0.00991,0.0032,2.93261,4.70935,5.19864,2.95855,0,0,0,0.000215872,0.000215872,0.000215872
451,16338.1,1.32309,2.29473,1.34998,1.52353,0.11715,0.11488,0.12279,0.47983,0.03542,0.01359,0.00384,0.4464,0.02271,0.00906,0.00311,2.92979,4.72126,5.2186,2.94003,0,0,0,0.000214497,0.000214497,0.000214497
452,16374.3,1.3528,2.30674,1.38308,1.53606,0.12162,0.11583,0.12465,0.23594,0.02966,0.01285,0.00382,0.45888,0.02552,0.01022,0.00352,2.92902,4.7295,5.20182,2.94188,0,0,0,0.000213123,0.000213123,0.000213123
453,16410.5,1.34926,2.30934,1.38854,1.53519,0.11912,0.11568,0.12351,0.4378,0.02781,0.01176,0.00343,0.44356,0.02737,0.00961,0.00334,2.9452,4.7195,5.24611,2.95015,0,0,0,0.000211749,0.000211749,0.000211749
454,16446.5,1.3308,2.27882,1.35752,1.52366,0.11846,0.11535,0.12306,0.23961,0.03012,0.01327,0.00389,0.24697,0.02922,0.01083,0.00382,2.92888,4.6803,5.18627,2.9451,0,0,0,0.000210374,0.000210374,0.000210374
455,16482.8,1.36464,2.30982,1.36691,1.53092,0.11918,0.11459,0.12188,0.45701,0.03068,0.01307,0.00405,0.47906,0.03313,0.01252,0.00397,2.9248,4.67933,5.16888,2.94115,0,0,0,0.000209,0.000209,0.000209
456,16518.9,1.31328,2.30322,1.37201,1.53645,0.12126,0.11669,0.12468,0.4603,0.03022,0.01258,0.0038,0.45316,0.02978,0.01094,0.00354,2.94216,4.66716,5.14103,2.9554,0,0,0,0.000207625,0.000207625,0.000207625
457,16555,1.3653,2.32901,1.38127,1.5404,0.12485,0.12114,0.12879,0.46629,0.03207,0.01359,0.00416,0.44646,0.02689,0.01172,0.00387,2.94423,4.6971,5.13732,2.97487,0,0,0,0.000206251,0.000206251,0.000206251
458,16591.1,1.33113,2.31663,1.3566,1.5189,0.11878,0.11713,0.12388,0.46276,0.03149,0.01247,0.00365,0.44949,0.03022,0.01133,0.00335,2.94463,4.73419,5.18477,2.95826,0,0,0,0.000204876,0.000204876,0.000204876
459,16627.2,1.3136,2.30126,1.35711,1.514,0.12272,0.11986,0.12736,0.45852,0.03207,0.01267,0.00374,0.44929,0.0293,0.01069,0.00325,2.93967,4.74072,5.20199,2.96474,0,0,0,0.000203502,0.000203502,0.000203502
460,16663.1,1.3053,2.28429,1.35195,1.50573,0.12222,0.11673,0.12512,0.44002,0.02781,0.01252,0.00382,0.45378,0.0293,0.01166,0.00338,2.9426,4.7187,5.20215,2.94618,0,0,0,0.000202127,0.000202127,0.000202127
461,16699.4,1.35027,2.29706,1.34908,1.52839,0.12053,0.11864,0.12698,0.44333,0.02874,0.01451,0.0045,0.43841,0.02735,0.01253,0.00373,2.93886,4.72717,5.18219,2.95962,0,0,0,0.000200753,0.000200753,0.000200753
462,16735.4,1.35148,2.29667,1.35777,1.52853,0.11503,0.11377,0.12127,0.45262,0.02781,0.01402,0.0042,0.4401,0.02643,0.01105,0.00364,2.95471,4.73705,5.24968,2.97565,0,0,0,0.000199379,0.000199379,0.000199379
463,16771.5,1.32067,2.26632,1.3155,1.4924,0.11893,0.11721,0.12426,0.45283,0.02621,0.01379,0.00409,0.45015,0.02133,0.01039,0.00353,2.96689,4.74665,5.22222,2.97416,0,0,0,0.000198004,0.000198004,0.000198004
464,16807.8,1.3546,2.32951,1.37567,1.51909,0.1225,0.11792,0.12539,0.4547,0.02643,0.01314,0.00396,0.44836,0.02273,0.00986,0.00331,2.9452,4.73688,5.21563,2.96344,0,0,0,0.00019663,0.00019663,0.00019663
465,16844,1.35023,2.29874,1.366,1.51355,0.11269,0.11037,0.11709,0.44822,0.02594,0.01249,0.00382,0.44689,0.02458,0.00964,0.00343,2.93597,4.72998,5.28217,2.95977,0,0,0,0.000195255,0.000195255,0.000195255
466,16880,1.30574,2.20103,1.32055,1.50183,0.11389,0.11207,0.11931,0.44482,0.02827,0.01191,0.0039,0.44339,0.02552,0.00939,0.00335,2.92563,4.71683,5.22523,2.9491,0,0,0,0.000193881,0.000193881,0.000193881
467,16916.2,1.36087,2.27777,1.35908,1.51385,0.11651,0.11383,0.12129,0.43761,0.03058,0.01586,0.00402,0.45076,0.02598,0.00977,0.00324,2.91409,4.75347,5.24916,2.92799,0,0,0,0.000192506,0.000192506,0.000192506
468,16952.3,1.34269,2.27709,1.35199,1.51405,0.11676,0.11534,0.12359,0.27019,0.0321,0.01488,0.00374,0.45347,0.02351,0.00935,0.00302,2.91167,4.7475,5.21974,2.93453,0,0,0,0.000191132,0.000191132,0.000191132
469,16988.6,1.34283,2.31795,1.32946,1.50126,0.11737,0.11381,0.12161,0.32964,0.03661,0.01651,0.00413,0.25046,0.02135,0.00937,0.00298,2.92957,4.76266,5.2401,2.9465,0,0,0,0.000189757,0.000189757,0.000189757
470,17024.6,1.32675,2.25226,1.36885,1.52755,0.11562,0.11444,0.12161,0.23357,0.03151,0.01553,0.00416,0.24301,0.01948,0.00936,0.00319,2.93458,4.73941,5.19287,2.94684,0,0,0,0.000188383,0.000188383,0.000188383
471,17060.7,1.32874,2.26855,1.3573,1.51841,0.12073,0.11698,0.1258,0.24201,0.03211,0.015,0.00403,0.22813,0.02177,0.00903,0.00301,2.93986,4.73977,5.2165,2.95096,0,0,0,0.000187008,0.000187008,0.000187008
472,17096.6,1.33295,2.31325,1.37187,1.511,0.11841,0.1165,0.12402,0.31704,0.03784,0.01917,0.00485,0.23559,0.02365,0.0111,0.00334,2.95014,4.7658,5.19215,2.95804,0,0,0,0.000185634,0.000185634,0.000185634
473,17132.9,1.30919,2.2677,1.32186,1.48679,0.11949,0.11553,0.12397,0.24828,0.0297,0.01395,0.00441,0.2433,0.02693,0.01109,0.0033,2.94052,4.78521,5.18097,2.96916,0,0,0,0.00018426,0.00018426,0.00018426
474,17169.1,1.34462,2.27187,1.33357,1.50253,0.11677,0.1154,0.12259,0.25075,0.02801,0.01366,0.00424,0.25124,0.02693,0.01014,0.00324,2.94543,4.78923,5.20805,2.98439,0,0,0,0.000182885,0.000182885,0.000182885
475,17205.3,1.33166,2.27404,1.34174,1.51233,0.11927,0.11791,0.12513,0.23759,0.02737,0.01121,0.00352,0.23992,0.0255,0.00869,0.00265,2.94701,4.77389,5.22362,2.9721,0,0,0,0.000181511,0.000181511,0.000181511
476,17241.6,1.32084,2.23325,1.31641,1.49906,0.11139,0.11061,0.11717,0.23458,0.02641,0.01202,0.00386,0.23525,0.02456,0.00965,0.00325,2.95173,4.76788,5.2609,2.97848,0,0,0,0.000180136,0.000180136,0.000180136
477,17277.8,1.35561,2.30255,1.42416,1.55571,0.12105,0.11682,0.12466,0.23773,0.02546,0.01219,0.00375,0.23168,0.02362,0.00956,0.00331,2.9634,4.75317,5.25048,2.99926,0,0,0,0.000178762,0.000178762,0.000178762
478,17313.9,1.30028,2.27257,1.32016,1.49578,0.12163,0.11816,0.12628,0.24775,0.02737,0.01289,0.00381,0.23913,0.02412,0.0096,0.00317,2.97034,4.78606,5.23973,3.00167,0,0,0,0.000177387,0.000177387,0.000177387
479,17350,1.3317,2.26504,1.35209,1.5151,0.12265,0.11952,0.12732,0.25225,0.02598,0.01188,0.00351,0.24598,0.02319,0.00868,0.00289,2.95839,4.78218,5.22792,2.98307,0,0,0,0.000176013,0.000176013,0.000176013
480,17386.4,1.34118,2.29943,1.32462,1.49565,0.11831,0.11594,0.12319,0.24201,0.02458,0.01166,0.00343,0.24321,0.02369,0.00882,0.00281,2.97176,4.80778,5.26435,2.99575,0,0,0,0.000174638,0.000174638,0.000174638
481,17422.4,1.32465,2.23894,1.3498,1.50615,0.11502,0.11214,0.11954,0.24443,0.02179,0.01176,0.00366,0.25034,0.0209,0.00931,0.00289,2.96556,4.80451,5.25809,2.99078,0,0,0,0.000173264,0.000173264,0.000173264
482,17458.5,1.33155,2.2782,1.33768,1.5105,0.11835,0.11613,0.12408,0.25105,0.02317,0.01286,0.00384,0.23699,0.02271,0.00975,0.00314,2.97371,4.80743,5.29208,2.99247,0,0,0,0.00017189,0.00017189,0.00017189
483,17494.7,1.31037,2.19164,1.3319,1.51048,0.11658,0.11475,0.12112,0.31339,0.03581,0.01828,0.00451,0.24724,0.02319,0.01081,0.00332,2.97649,4.81626,5.28447,2.98806,0,0,0,0.000170515,0.000170515,0.000170515
484,17530.7,1.27229,2.18655,1.29869,1.48826,0.11533,0.11229,0.11978,0.31373,0.03499,0.01701,0.00428,0.24264,0.02086,0.00959,0.00317,2.9634,4.84405,5.28964,2.96743,0,0,0,0.000169141,0.000169141,0.000169141
485,17566.9,1.32524,2.22769,1.31672,1.49708,0.11785,0.11581,0.12317,0.33391,0.03895,0.01903,0.00482,0.23846,0.02273,0.00955,0.00327,2.96863,4.84184,5.25687,2.98207,0,0,0,0.000167766,0.000167766,0.000167766
486,17602.9,1.32416,2.27416,1.3426,1.49971,0.12149,0.1193,0.12756,0.3331,0.03872,0.01811,0.0045,0.24846,0.02229,0.00973,0.00322,2.95942,4.80414,5.25746,2.98686,0,0,0,0.000166392,0.000166392,0.000166392
487,17638.9,1.29735,2.23836,1.31167,1.48883,0.1151,0.11488,0.12204,0.26229,0.03207,0.01367,0.00427,0.26171,0.02042,0.01027,0.00329,2.94783,4.80547,5.25382,2.98007,0,0,0,0.000165017,0.000165017,0.000165017
488,17674.9,1.31534,2.26344,1.35071,1.52122,0.11554,0.11313,0.11986,0.2679,0.02976,0.01465,0.00449,0.24642,0.02227,0.01031,0.00326,2.94247,4.79848,5.3131,2.96996,0,0,0,0.000163643,0.000163643,0.000163643
489,17711.1,1.30129,2.2304,1.31368,1.49948,0.1134,0.11306,0.12003,0.24586,0.02643,0.01495,0.00432,0.24112,0.02275,0.01049,0.00323,2.95706,4.76671,5.26025,2.97916,0,0,0,0.000162268,0.000162268,0.000162268
490,17747,1.31359,2.2581,1.3416,1.49584,0.11609,0.11442,0.12213,0.24194,0.02456,0.01401,0.00396,0.2369,0.0221,0.00971,0.0032,2.95655,4.76264,5.26143,2.98977,0,0,0,0.000160894,0.000160894,0.000160894
491,17783.2,1.31114,2.21727,1.33996,1.49634,0.11712,0.11472,0.12316,0.24436,0.02456,0.01334,0.00374,0.23086,0.02412,0.0083,0.00284,2.9698,4.772,5.21634,2.99594,0,0,0,0.00015952,0.00015952,0.00015952
492,17819.3,1.31884,2.23338,1.32763,1.50181,0.11672,0.11305,0.12076,0.24626,0.02504,0.01202,0.0034,0.24523,0.01994,0.00873,0.00273,2.95632,4.78594,5.24112,2.97469,0,0,0,0.000158145,0.000158145,0.000158145
493,17855.5,1.30987,2.2162,1.32683,1.50356,0.11805,0.11627,0.12286,0.32793,0.03661,0.01731,0.00406,0.22957,0.02177,0.00837,0.00265,2.96849,4.80528,5.24715,2.98467,0,0,0,0.000156771,0.000156771,0.000156771
494,17891.8,1.30182,2.21328,1.30217,1.47117,0.11819,0.11689,0.12403,0.23742,0.03153,0.01537,0.00387,0.25076,0.02181,0.00878,0.00278,2.97433,4.79392,5.20355,2.97778,0,0,0,0.000155396,0.000155396,0.000155396
495,17928,1.3052,2.26145,1.3239,1.50267,0.11375,0.11191,0.1202,0.34945,0.03642,0.01808,0.00414,0.25084,0.02029,0.00924,0.00301,2.97389,4.78793,5.27182,2.9725,0,0,0,0.000154022,0.000154022,0.000154022
496,17964.4,1.3377,2.28465,1.35029,1.49322,0.11565,0.11582,0.12227,0.25476,0.03113,0.01568,0.00372,0.22679,0.02175,0.00792,0.00264,2.98296,4.79069,5.26976,2.99044,0,0,0,0.000152647,0.000152647,0.000152647
497,18000.5,1.32067,2.27619,1.33266,1.50075,0.11743,0.11536,0.12239,0.34912,0.0379,0.01821,0.00415,0.23262,0.02269,0.00871,0.0029,2.97332,4.80815,5.3069,2.98673,0,0,0,0.000151273,0.000151273,0.000151273
498,18036.6,1.31014,2.27108,1.3163,1.49269,0.11279,0.11349,0.12048,0.23477,0.02827,0.01425,0.00374,0.23892,0.02133,0.00836,0.00296,2.9752,4.79353,5.30941,2.99702,0,0,0,0.000149898,0.000149898,0.000149898
499,18072.7,1.28758,2.19523,1.28073,1.47268,0.11196,0.11248,0.11994,0.28799,0.02791,0.01229,0.0034,0.25411,0.02416,0.00903,0.00293,2.98311,4.7944,5.28144,2.99441,0,0,0,0.000148524,0.000148524,0.000148524
500,18108.8,1.28634,2.22461,1.32136,1.4919,0.11555,0.11335,0.12089,0.28727,0.02837,0.01282,0.00345,0.24844,0.02273,0.009,0.0029,2.97738,4.8142,5.2829,2.99469,0,0,0,0.000147149,0.000147149,0.000147149
501,18145,1.29676,2.20855,1.30821,1.47502,0.11352,0.11347,0.12008,0.26791,0.02976,0.01201,0.00334,0.24909,0.02086,0.0081,0.00267,2.98526,4.81502,5.29778,3.0086,0,0,0,0.000145775,0.000145775,0.000145775
502,18181.2,1.29426,2.23767,1.2813,1.48038,0.11183,0.11165,0.11875,0.2584,0.02928,0.01056,0.00311,0.24672,0.02086,0.00775,0.00266,2.99666,4.8216,5.33528,3.02545,0,0,0,0.000144401,0.000144401,0.000144401
503,18217.5,1.30651,2.22586,1.3023,1.4743,0.11445,0.11552,0.12269,0.25035,0.03052,0.01176,0.00342,0.24406,0.01992,0.00829,0.00288,2.98937,4.81128,5.32748,3.00838,0,0,0,0.000143026,0.000143026,0.000143026
504,18253.8,1.34895,2.30237,1.33815,1.49489,0.12023,0.11803,0.12617,0.23845,0.02874,0.01209,0.00335,0.23945,0.0199,0.00828,0.00267,2.994,4.81278,5.30658,3.00979,0,0,0,0.000141652,0.000141652,0.000141652
505,18289.9,1.26174,2.19486,1.27082,1.45926,0.11469,0.1156,0.12166,0.32328,0.03663,0.0176,0.00404,0.23447,0.02271,0.00867,0.00287,2.98678,4.81963,5.2836,2.99892,0,0,0,0.000140277,0.000140277,0.000140277
506,18326,1.30562,2.22804,1.30832,1.48778,0.11492,0.11445,0.12091,0.32288,0.03665,0.01872,0.00445,0.23661,0.02365,0.00953,0.00321,2.98348,4.83095,5.28517,3.00569,0,0,0,0.000138903,0.000138903,0.000138903
507,18362.1,1.31109,2.19694,1.31514,1.50069,0.11529,0.11319,0.12019,0.0609,0.03358,0.01507,0.00366,0.24349,0.02321,0.00946,0.00303,2.98199,4.81452,5.28991,3.01161,0,0,0,0.000137528,0.000137528,0.000137528
508,18398.1,1.29235,2.24588,1.31144,1.50461,0.11939,0.11625,0.124,0.0378,0.03012,0.01481,0.00385,0.24489,0.0204,0.00873,0.00296,2.97742,4.82029,5.30987,3.00987,0,0,0,0.000136154,0.000136154,0.000136154
509,18434.2,1.30652,2.20775,1.33443,1.49868,0.11543,0.1138,0.12144,0.03374,0.02825,0.0139,0.00371,0.24805,0.019,0.00835,0.00294,2.97071,4.80662,5.31716,3.00285,0,0,0,0.000134779,0.000134779,0.000134779
510,18470.5,1.30744,2.22804,1.30153,1.46955,0.1166,0.11425,0.12173,0.02904,0.02685,0.01379,0.00373,0.03227,0.02317,0.00846,0.00294,2.98775,4.8431,5.30006,3.01023,0,0,0,0.000133405,0.000133405,0.000133405
511,18506.4,1.26351,2.2192,1.30715,1.48168,0.11195,0.11011,0.11815,0.03202,0.02641,0.01471,0.00417,0.23452,0.02271,0.00882,0.00303,3.00398,4.84007,5.3153,3.02701,0,0,0,0.000132031,0.000132031,0.000132031
512,18542.5,1.32194,2.24106,1.34131,1.50952,0.11369,0.11417,0.12033,0.05619,0.04867,0.01656,0.00465,0.03391,0.02596,0.00954,0.00318,2.99298,4.82376,5.27184,3.02788,0,0,0,0.000130656,0.000130656,0.000130656
513,18578.6,1.30753,2.25411,1.32089,1.50166,0.11067,0.11033,0.11764,0.01694,0.1217,0.01755,0.00487,0.0288,0.02084,0.00905,0.00314,2.99389,4.82661,5.27871,3.03541,0,0,0,0.000129282,0.000129282,0.000129282
514,18614.6,1.27809,2.18211,1.2934,1.47313,0.11563,0.11116,0.11934,0.35024,0.03796,0.02038,0.0049,0.24708,0.0237,0.00906,0.00308,2.99382,4.82082,5.29028,3.03173,0,0,0,0.000127907,0.000127907,0.000127907
515,18650.6,1.25977,2.15813,1.27366,1.46307,0.11395,0.11438,0.12029,0.34829,0.03759,0.0198,0.0048,0.25308,0.02604,0.00975,0.00322,2.99638,4.83177,5.28984,3.02365,0,0,0,0.000126533,0.000126533,0.000126533
516,18686.9,1.29082,2.21539,1.29993,1.48747,0.10853,0.11121,0.11667,0.35372,0.03856,0.01827,0.00452,0.25817,0.02558,0.00939,0.0031,2.98962,4.83887,5.28732,3.0126,0,0,0,0.000125158,0.000125158,0.000125158
517,18723,1.29692,2.20849,1.31957,1.50244,0.11751,0.11637,0.12461,0.3558,0.03795,0.01847,0.00427,0.26373,0.02512,0.00931,0.00283,2.9951,4.84702,5.30369,3.01972,0,0,0,0.000123784,0.000123784,0.000123784
518,18759.2,1.30385,2.21545,1.31476,1.49194,0.11798,0.11738,0.12434,0.32632,0.0343,0.01866,0.00438,0.24172,0.01994,0.01043,0.00297,2.99152,4.85861,5.30512,3.02125,0,0,0,0.000122409,0.000122409,0.000122409
519,18795.5,1.3122,2.22967,1.30259,1.49326,0.11774,0.11834,0.12507,0.33398,0.03616,0.0191,0.00419,0.25245,0.02135,0.01034,0.00299,2.98911,4.84778,5.27368,3.02409,0,0,0,0.000121035,0.000121035,0.000121035
520,18831.7,1.27534,2.16217,1.27333,1.46913,0.1119,0.11133,0.11912,0.34084,0.03628,0.019,0.00424,0.24799,0.02275,0.00941,0.00309,3.00076,4.8374,5.25908,3.03359,0,0,0,0.00011966,0.00011966,0.00011966
521,18867.8,1.30244,2.24819,1.32046,1.49803,0.11541,0.11607,0.12256,0.33284,0.0394,0.02059,0.00483,0.25279,0.02275,0.01006,0.00332,2.98507,4.81667,5.28497,3.02428,0,0,0,0.000118286,0.000118286,0.000118286
522,18903.8,1.28451,2.18421,1.27838,1.47722,0.11671,0.1139,0.121,0.33222,0.0394,0.01997,0.00514,0.23924,0.02319,0.01003,0.00325,2.97791,4.81564,5.26387,3.01946,0,0,0,0.000116912,0.000116912,0.000116912
523,18939.9,1.26591,2.23087,1.33074,1.48116,0.12195,0.11838,0.12546,0.33388,0.03975,0.01917,0.00482,0.23597,0.02552,0.01014,0.00321,2.9739,4.80694,5.27311,3.00737,0,0,0,0.000115537,0.000115537,0.000115537
524,18976,1.28426,2.25457,1.31132,1.48786,0.11591,0.11524,0.12283,0.32169,0.03478,0.01849,0.00435,0.2326,0.02317,0.0096,0.00305,2.98477,4.81111,5.28812,3.01299,0,0,0,0.000114163,0.000114163,0.000114163
525,19012,1.28534,2.18665,1.28874,1.48828,0.11142,0.11422,0.12069,0.32561,0.03762,0.0185,0.00415,0.23204,0.02364,0.00944,0.00293,2.99743,4.82904,5.30319,3.02216,0,0,0,0.000112788,0.000112788,0.000112788
526,19048.2,1.30194,2.2268,1.29041,1.48047,0.11121,0.11328,0.11968,0.23301,0.02779,0.01556,0.00416,0.23361,0.02317,0.00918,0.00299,2.97143,4.82211,5.30778,2.99429,0,0,0,0.000111414,0.000111414,0.000111414
527,19084.2,1.30066,2.23981,1.30556,1.47851,0.11358,0.11402,0.12045,0.23449,0.02827,0.01529,0.00393,0.23561,0.02365,0.00944,0.00298,2.97258,4.80644,5.30436,2.9958,0,0,0,0.000110039,0.000110039,0.000110039
528,19120.2,1.28101,2.19094,1.30454,1.49301,0.11772,0.11596,0.12301,0.2387,0.03014,0.01679,0.00418,0.23579,0.02596,0.00936,0.00294,2.96721,4.81177,5.28115,2.99464,0,0,0,0.000108665,0.000108665,0.000108665
529,19156.5,1.29226,2.20819,1.28701,1.45931,0.11616,0.11633,0.12289,0.2382,0.02968,0.0172,0.00417,0.23405,0.02456,0.00941,0.00306,2.97125,4.82516,5.26341,3.00045,0,0,0,0.00010729,0.00010729,0.00010729
530,19192.6,1.2612,2.19275,1.27563,1.46567,0.11199,0.11161,0.11923,0.23702,0.0292,0.01448,0.00376,0.23602,0.02458,0.00969,0.00295,2.97838,4.84257,5.29299,3.01149,0,0,0,0.000105916,0.000105916,0.000105916
531,19228.7,1.29005,2.2072,1.30079,1.49148,0.11484,0.11441,0.1218,0.23886,0.02779,0.01192,0.00357,0.23405,0.02412,0.00983,0.00305,2.97844,4.84577,5.26349,3.01284,0,0,0,0.000104542,0.000104542,0.000104542
532,19264.8,1.29085,2.19892,1.26914,1.45673,0.11261,0.11437,0.12129,0.25261,0.02737,0.01375,0.00394,0.23098,0.02271,0.00894,0.00302,2.97961,4.83044,5.27911,3.00565,0,0,0,0.000103167,0.000103167,0.000103167
533,19300.9,1.28481,2.17259,1.28315,1.46658,0.11682,0.11612,0.12294,0.2512,0.02458,0.01291,0.00385,0.24004,0.02086,0.00899,0.0031,2.98063,4.82962,5.29565,3.01107,0,0,0,0.000101793,0.000101793,0.000101793
534,19336.9,1.28098,2.16035,1.27001,1.46407,0.11373,0.11268,0.11999,0.26004,0.02645,0.01276,0.00369,0.24961,0.02181,0.00869,0.00293,2.98365,4.82621,5.31296,3.01625,0,0,0,0.000100418,0.000100418,0.000100418
535,19373.1,1.28816,2.23013,1.26635,1.47073,0.11469,0.11449,0.12177,0.26115,0.02605,0.01342,0.00358,0.25533,0.02321,0.00909,0.00295,2.98445,4.85173,5.28807,3.01302,0,0,0,9.90437e-05,9.90437e-05,9.90437e-05
536,19409.1,1.25586,2.17641,1.28461,1.46527,0.11031,0.10973,0.11709,0.25997,0.02412,0.01256,0.00352,0.25143,0.02313,0.00863,0.00274,2.98623,4.86654,5.30176,3.00349,0,0,0,9.76692e-05,9.76692e-05,9.76692e-05
537,19445.2,1.29639,2.2352,1.29729,1.46857,0.11144,0.11206,0.11925,0.25789,0.02458,0.01255,0.00355,0.2523,0.02181,0.00916,0.00299,2.98503,4.87063,5.27255,3.00977,0,0,0,9.62948e-05,9.62948e-05,9.62948e-05
538,19481.3,1.26047,2.15041,1.25925,1.45432,0.11594,0.11484,0.12229,0.2631,0.02365,0.01256,0.00365,0.25746,0.02135,0.00954,0.00316,2.9789,4.8568,5.25451,3.01721,0,0,0,9.49203e-05,9.49203e-05,9.49203e-05
539,19517.5,1.29203,2.17853,1.28479,1.47025,0.11204,0.1128,0.11896,0.25601,0.02317,0.01278,0.0037,0.25466,0.02088,0.00966,0.00309,2.97849,4.87232,5.29849,3.01061,0,0,0,9.35459e-05,9.35459e-05,9.35459e-05
540,19553.8,1.28068,2.14401,1.26885,1.44389,0.1134,0.11415,0.12136,0.32543,0.0343,0.01695,0.00378,0.25854,0.02088,0.00982,0.00301,2.98888,4.87621,5.28201,3.02986,0,0,0,9.21715e-05,9.21715e-05,9.21715e-05
541,19590,1.2893,2.18814,1.28566,1.47098,0.11527,0.11443,0.12246,0.32474,0.03497,0.01819,0.00411,0.24522,0.02275,0.0091,0.00294,2.99071,4.86947,5.31077,3.0273,0,0,0,9.0797e-05,9.0797e-05,9.0797e-05
542,19626.2,1.27766,2.2456,1.29627,1.47898,0.10968,0.11096,0.11779,0.23617,0.0306,0.0173,0.004,0.23297,0.02365,0.00885,0.00292,2.9907,4.87195,5.33153,3.02516,0,0,0,8.94226e-05,8.94226e-05,8.94226e-05
543,19662.3,1.2777,2.17422,1.28419,1.47697,0.11709,0.11523,0.12234,0.23491,0.02908,0.01717,0.00424,0.2597,0.02042,0.00957,0.00304,2.988,4.87087,5.32983,3.02065,0,0,0,8.80481e-05,8.80481e-05,8.80481e-05
544,19698.6,1.28972,2.21394,1.31163,1.47721,0.1172,0.11522,0.12227,0.23395,0.02827,0.01537,0.00386,0.23249,0.02365,0.00908,0.00288,2.99525,4.88419,5.33534,3.02739,0,0,0,8.66736e-05,8.66736e-05,8.66736e-05
545,19734.8,1.29072,2.20555,1.30035,1.47682,0.11129,0.11241,0.12012,0.259,0.02552,0.01222,0.0034,0.2367,0.02552,0.0093,0.00299,2.9913,4.8813,5.33143,3.03912,0,0,0,8.52992e-05,8.52992e-05,8.52992e-05
546,19770.9,1.2868,2.15268,1.27849,1.45564,0.10915,0.10815,0.11581,0.29572,0.02932,0.01435,0.00386,0.24938,0.02319,0.0091,0.00299,2.99491,4.89299,5.31459,3.03676,0,0,0,8.39248e-05,8.39248e-05,8.39248e-05
547,19807,1.24875,2.15564,1.24172,1.45223,0.11569,0.11598,0.12367,0.35537,0.0407,0.01981,0.00438,0.23691,0.02552,0.00912,0.00288,2.99686,4.8819,5.31939,3.03347,0,0,0,8.25503e-05,8.25503e-05,8.25503e-05
548,19843,1.29439,2.17055,1.30962,1.49204,0.11079,0.10879,0.11599,0.29531,0.02793,0.01376,0.00351,0.2478,0.02042,0.00852,0.00275,2.99476,4.87649,5.3431,3.0265,0,0,0,8.11759e-05,8.11759e-05,8.11759e-05
549,19879.1,1.25527,2.21336,1.27212,1.45604,0.11087,0.11187,0.11865,0.29593,0.02701,0.01576,0.00368,0.25448,0.02042,0.00846,0.00269,2.99294,4.85629,5.33858,3.0349,0,0,0,7.98014e-05,7.98014e-05,7.98014e-05
550,19915.2,1.27338,2.18519,1.29829,1.47618,0.11737,0.11418,0.1228,0.26739,0.03396,0.01973,0.00412,0.24615,0.02088,0.00884,0.00269,3.01108,4.82768,5.34674,3.03963,0,0,0,7.84269e-05,7.84269e-05,7.84269e-05
551,19951.5,1.27006,2.2174,1.28291,1.45555,0.11319,0.11332,0.1204,0.28959,0.02793,0.01746,0.00405,0.27358,0.02375,0.00939,0.00283,3.01205,4.8253,5.33155,3.04172,0,0,0,7.70525e-05,7.70525e-05,7.70525e-05
552,19987.8,1.23619,2.14013,1.26992,1.46702,0.1135,0.11513,0.12189,0.26589,0.03534,0.01663,0.00377,0.26234,0.02745,0.00918,0.00276,3.00705,4.82333,5.3369,3.03567,0,0,0,7.5678e-05,7.5678e-05,7.5678e-05
553,20024,1.26061,2.11154,1.26851,1.46,0.11174,0.11119,0.11812,0.28622,0.03072,0.01484,0.00366,0.27283,0.02468,0.00957,0.00283,3.00492,4.82183,5.3354,3.03605,0,0,0,7.43036e-05,7.43036e-05,7.43036e-05
554,20059.9,1.26327,2.19847,1.29645,1.47827,0.11727,0.11349,0.12149,0.36724,0.03837,0.01818,0.00414,0.28127,0.02514,0.0097,0.00283,2.99401,4.83229,5.357,3.03788,0,0,0,7.29292e-05,7.29292e-05,7.29292e-05
555,20096,1.26546,2.20524,1.27887,1.46873,0.11284,0.11294,0.12068,0.30179,0.03026,0.01615,0.00392,0.25637,0.02181,0.00929,0.00288,2.99849,4.84104,5.3408,3.04093,0,0,0,7.15547e-05,7.15547e-05,7.15547e-05
556,20132,1.26051,2.20534,1.25981,1.47378,0.11025,0.1098,0.1173,0.30105,0.03072,0.0159,0.00376,0.25909,0.02416,0.00946,0.00293,2.99989,4.8512,5.32928,3.03613,0,0,0,7.01802e-05,7.01802e-05,7.01802e-05
557,20168.3,1.28243,2.19528,1.26703,1.45021,0.11312,0.11507,0.12115,0.26607,0.02552,0.01266,0.00342,0.24911,0.02321,0.00916,0.00284,2.99248,4.85256,5.32846,3.02224,0,0,0,6.88058e-05,6.88058e-05,6.88058e-05
558,20204.4,1.25448,2.15593,1.27788,1.44737,0.11341,0.11254,0.11847,0.26409,0.02552,0.01349,0.00366,0.25153,0.02367,0.00981,0.00287,2.99167,4.84292,5.33837,3.0188,0,0,0,6.74313e-05,6.74313e-05,6.74313e-05
559,20240.4,1.27675,2.14507,1.27195,1.45206,0.11304,0.11209,0.11986,0.26486,0.0246,0.01251,0.00354,0.26471,0.0209,0.00946,0.00272,2.99437,4.85319,5.34732,3.03144,0,0,0,6.60569e-05,6.60569e-05,6.60569e-05
560,20276.6,1.25063,2.18237,1.26826,1.46059,0.11141,0.1121,0.11948,0.26331,0.0253,0.0142,0.00373,0.26051,0.02183,0.00954,0.00269,2.9959,4.85367,5.34838,3.04063,0,0,0,6.46825e-05,6.46825e-05,6.46825e-05
561,20312.7,1.27974,2.1701,1.26802,1.46198,0.11082,0.11191,0.11762,0.27117,0.02506,0.01438,0.0037,0.2661,0.02229,0.0098,0.00283,2.99977,4.84322,5.34747,3.03942,0,0,0,6.3308e-05,6.3308e-05,6.3308e-05
562,20348.9,1.27074,2.219,1.28521,1.46235,0.11414,0.11461,0.12053,0.28676,0.02932,0.01517,0.00383,0.29691,0.02562,0.01151,0.003,3.00398,4.84195,5.34186,3.04295,0,0,0,6.19335e-05,6.19335e-05,6.19335e-05
563,20385,1.26814,2.19454,1.26367,1.45571,0.11142,0.11437,0.12059,0.29068,0.02886,0.01382,0.00363,0.28743,0.0247,0.01055,0.00295,3.00357,4.84399,5.35484,3.04399,0,0,0,6.05591e-05,6.05591e-05,6.05591e-05
564,20421.2,1.2657,2.20847,1.27539,1.46554,0.11101,0.11135,0.11773,0.29434,0.02932,0.01385,0.00362,0.25231,0.02183,0.00969,0.0029,3.0078,4.85487,5.34426,3.04305,0,0,0,5.91846e-05,5.91846e-05,5.91846e-05
565,20457.2,1.26852,2.21624,1.29347,1.47726,0.11765,0.11598,0.12423,0.29489,0.02978,0.01441,0.00377,0.25512,0.02229,0.00987,0.00299,3.01161,4.85324,5.34291,3.04386,0,0,0,5.78102e-05,5.78102e-05,5.78102e-05
566,20493.5,1.25919,2.18837,1.24905,1.46001,0.11474,0.1153,0.12192,0.28617,0.02978,0.01424,0.00373,0.25051,0.02229,0.00998,0.00286,3.0144,4.87047,5.34761,3.04287,0,0,0,5.64358e-05,5.64358e-05,5.64358e-05
567,20529.5,1.25886,2.17822,1.26973,1.45356,0.10849,0.10916,0.11684,0.28269,0.02978,0.01368,0.00354,0.24915,0.02229,0.00981,0.00282,3.01289,4.87954,5.35117,3.04003,0,0,0,5.50613e-05,5.50613e-05,5.50613e-05
568,20565.9,1.25394,2.18031,1.25364,1.45406,0.11111,0.11076,0.11861,0.28337,0.02932,0.01342,0.00337,0.2507,0.02183,0.0096,0.00271,3.01621,4.87722,5.36046,3.03366,0,0,0,5.36869e-05,5.36869e-05,5.36869e-05
569,20602,1.25307,2.19485,1.27667,1.45583,0.10873,0.10893,0.11532,0.28467,0.0307,0.01382,0.00348,0.2519,0.02183,0.00954,0.00273,3.01901,4.87736,5.34142,3.04059,0,0,0,5.23124e-05,5.23124e-05,5.23124e-05
570,20637.9,1.238,2.14931,1.2738,1.46616,0.11197,0.1127,0.11848,0.25608,0.02737,0.01241,0.00331,0.25802,0.02367,0.01014,0.00286,3.01163,4.85626,5.34881,3.03639,0,0,0,5.09379e-05,5.09379e-05,5.09379e-05
571,20674.2,1.26741,2.18855,1.28549,1.46867,0.11503,0.11504,0.12226,0.25423,0.02737,0.01273,0.00343,0.24972,0.02227,0.0099,0.00283,3.0245,4.85272,5.35356,3.05075,0,0,0,4.95635e-05,4.95635e-05,4.95635e-05
572,20710.1,1.23679,2.12851,1.25077,1.44342,0.11142,0.11235,0.11951,0.23918,0.02968,0.01579,0.00358,0.24809,0.02181,0.00976,0.00278,3.01953,4.86159,5.35302,3.04925,0,0,0,4.81891e-05,4.81891e-05,4.81891e-05
573,20746.2,1.25086,2.15638,1.27971,1.45954,0.11481,0.11541,0.12296,0.25558,0.02645,0.01283,0.00345,0.24865,0.02088,0.00918,0.0027,3.02622,4.86902,5.3552,3.05535,0,0,0,4.68146e-05,4.68146e-05,4.68146e-05
574,20782.4,1.27406,2.14851,1.26993,1.46042,0.11192,0.11126,0.11769,0.25651,0.02645,0.01387,0.00357,0.28273,0.02516,0.01008,0.00284,3.01828,4.86368,5.34283,3.04335,0,0,0,4.54402e-05,4.54402e-05,4.54402e-05
575,20818.5,1.24175,2.17185,1.25626,1.44523,0.11191,0.11388,0.12119,0.25105,0.02691,0.01366,0.00364,0.2765,0.02468,0.01009,0.00282,3.01724,4.87047,5.32231,3.04217,0,0,0,4.40657e-05,4.40657e-05,4.40657e-05
576,20854.4,1.24544,2.15634,1.2679,1.46089,0.11715,0.11422,0.12273,0.25289,0.02785,0.01383,0.00364,0.24368,0.02273,0.00982,0.00279,3.01505,4.87841,5.32181,3.0344,0,0,0,4.26912e-05,4.26912e-05,4.26912e-05
577,20890.6,1.27704,2.18529,1.26877,1.45416,0.11372,0.1137,0.12062,0.25282,0.02924,0.01355,0.00358,0.27903,0.02839,0.01034,0.00276,3.01654,4.87157,5.33798,3.0294,0,0,0,4.13168e-05,4.13168e-05,4.13168e-05
578,20926.7,1.27105,2.1663,1.26096,1.44688,0.1105,0.11076,0.11771,0.25073,0.02737,0.01377,0.00373,0.27334,0.02699,0.01016,0.00293,3.01378,4.86393,5.34273,3.02711,0,0,0,3.99423e-05,3.99423e-05,3.99423e-05
579,20962.9,1.23163,2.15022,1.24821,1.44477,0.11641,0.11638,0.12356,0.25161,0.02829,0.01399,0.00384,0.24233,0.02412,0.00955,0.00284,3.01205,4.86859,5.33904,3.02902,0,0,0,3.85679e-05,3.85679e-05,3.85679e-05
580,20999.1,1.22728,2.12109,1.23561,1.44716,0.10978,0.11219,0.11929,0.2506,0.02643,0.01303,0.00373,0.25891,0.02367,0.00955,0.00287,3.01772,4.87388,5.35073,3.03118,0,0,0,3.71935e-05,3.71935e-05,3.71935e-05
581,21035.1,1.23115,2.1589,1.24606,1.45955,0.11272,0.11195,0.11915,0.2626,0.02645,0.01436,0.00391,0.25623,0.02321,0.00992,0.00289,3.01757,4.87421,5.34113,3.02823,0,0,0,3.5819e-05,3.5819e-05,3.5819e-05
582,21071.3,1.25839,2.15554,1.26355,1.45348,0.11004,0.10994,0.11715,0.26535,0.02645,0.01433,0.00393,0.25837,0.02275,0.00986,0.003,3.02117,4.87996,5.33463,3.03259,0,0,0,3.44445e-05,3.44445e-05,3.44445e-05
583,21107.5,1.26368,2.21314,1.27251,1.45259,0.11344,0.11385,0.12026,0.26632,0.02691,0.01449,0.00396,0.25498,0.02227,0.00953,0.00305,3.01854,4.87779,5.33454,3.03389,0,0,0,3.30701e-05,3.30701e-05,3.30701e-05
584,21143.6,1.23245,2.15061,1.24335,1.44958,0.11305,0.11157,0.11962,0.2961,0.02978,0.01492,0.004,0.25526,0.02319,0.00921,0.00303,3.01491,4.86533,5.34627,3.03209,0,0,0,3.16956e-05,3.16956e-05,3.16956e-05
585,21179.7,1.23644,2.11728,1.2532,1.44473,0.11312,0.11404,0.12112,0.29354,0.03116,0.01504,0.00405,0.25399,0.02319,0.00948,0.00305,3.01601,4.85856,5.34331,3.03795,0,0,0,3.03212e-05,3.03212e-05,3.03212e-05
586,21215.9,1.26128,2.13987,1.25062,1.45195,0.11131,0.11255,0.1186,0.29219,0.03116,0.01521,0.00401,0.25177,0.02319,0.00963,0.003,3.01547,4.86113,5.34056,3.03931,0,0,0,2.89468e-05,2.89468e-05,2.89468e-05
587,21252,1.24259,2.11976,1.2534,1.45599,0.11371,0.11368,0.11955,0.2892,0.0307,0.01515,0.00409,0.25258,0.02319,0.00975,0.00306,3.01827,4.86304,5.3369,3.04142,0,0,0,2.75723e-05,2.75723e-05,2.75723e-05
588,21288.2,1.23924,2.15617,1.26465,1.44737,0.11133,0.11333,0.12025,0.28558,0.03116,0.01537,0.00414,0.24966,0.02227,0.00953,0.00293,3.01935,4.86767,5.33414,3.04554,0,0,0,2.61978e-05,2.61978e-05,2.61978e-05
589,21324.3,1.25899,2.163,1.25817,1.43245,0.11406,0.11402,0.12097,0.2875,0.03024,0.01525,0.004,0.24926,0.02227,0.00952,0.00291,3.01931,4.8678,5.34415,3.0436,0,0,0,2.48234e-05,2.48234e-05,2.48234e-05
590,21360.4,1.22669,2.14583,1.24834,1.44237,0.11254,0.11299,0.12041,0.28914,0.02932,0.01499,0.00395,0.25114,0.02132,0.00953,0.00291,3.01538,4.87872,5.34594,3.04194,0,0,0,2.34489e-05,2.34489e-05,2.34489e-05
591,21399.7,1.33203,2.18056,1.27354,1.53212,0.09287,0.08113,0.08948,0.30371,0.02818,0.01506,0.00402,0.25821,0.02159,0.01062,0.00301,3.00893,4.89083,5.30994,3.04823,0,0,0,2.20745e-05,2.20745e-05,2.20745e-05
592,21435.8,1.302,2.12305,1.24472,1.49578,0.08899,0.07918,0.08712,0.37751,0.03871,0.02086,0.00474,0.23361,0.0255,0.01051,0.00313,2.99338,4.91695,5.27932,3.05602,0,0,0,2.07001e-05,2.07001e-05,2.07001e-05
593,21471.9,1.25216,2.08033,1.18023,1.46255,0.08479,0.0771,0.08445,0.30531,0.04183,0.02169,0.00498,0.23092,0.02319,0.01051,0.00325,2.99682,4.93089,5.28016,3.06884,0,0,0,1.93256e-05,1.93256e-05,1.93256e-05
594,21508,1.23367,2.12966,1.18941,1.47574,0.08242,0.07587,0.08305,0.30527,0.04183,0.02149,0.00486,0.23144,0.02367,0.01034,0.00314,2.99621,4.96565,5.28237,3.08403,0,0,0,1.79512e-05,1.79512e-05,1.79512e-05
595,21544.1,1.23004,2.08056,1.16554,1.45455,0.08258,0.07615,0.08332,0.31416,0.0409,0.02045,0.00458,0.23175,0.02367,0.00995,0.00301,2.9983,4.96678,5.29013,3.09459,0,0,0,1.65767e-05,1.65767e-05,1.65767e-05
596,21580.2,1.23547,2.04027,1.16263,1.45295,0.08089,0.07594,0.08226,0.31926,0.03952,0.0201,0.00455,0.22954,0.02227,0.01026,0.003,3,4.96666,5.30282,3.10052,0,0,0,1.52022e-05,1.52022e-05,1.52022e-05
597,21616.2,1.20483,2.01287,1.12923,1.431,0.0808,0.07631,0.08238,0.31495,0.03857,0.01927,0.0044,0.22994,0.02227,0.00993,0.00294,3.00286,4.95189,5.30618,3.10185,0,0,0,1.38278e-05,1.38278e-05,1.38278e-05
598,21652.3,1.22027,2.04867,1.15738,1.45332,0.08093,0.07539,0.08162,0.31344,0.03793,0.01997,0.0045,0.22849,0.02133,0.01006,0.00299,3.00717,4.94504,5.3018,3.10278,0,0,0,1.24534e-05,1.24534e-05,1.24534e-05
599,21688.4,1.21284,2.02005,1.15706,1.43915,0.08081,0.07459,0.08182,0.3138,0.03837,0.01943,0.00445,0.22833,0.02133,0.00963,0.00293,3.00501,4.93576,5.30181,3.10037,0,0,0,1.10789e-05,1.10789e-05,1.10789e-05
600,21724.5,1.23179,2.042,1.13339,1.45298,0.07823,0.07446,0.08045,0.2542,0.03024,0.01981,0.00448,0.2527,0.01835,0.00984,0.00313,3.00277,4.93894,5.29364,3.10024,0,0,0,9.70445e-06,9.70445e-06,9.70445e-06
