epoch,time,train/box_loss,train/seg_loss,train/cls_loss,train/dfl_loss,train/sem_loss,train/heat_loss,train/seed_loss,metrics/precision(B),metrics/recall(B),metrics/mAP50(B),metrics/mAP50-95(B),metrics/precision(M),metrics/recall(M),metrics/mAP50(M),metrics/mAP50-95(M),val/box_loss,val/seg_loss,val/cls_loss,val/dfl_loss,val/sem_loss,val/heat_loss,val/seed_loss,lr/pg0,lr/pg1,lr/pg2
1,62.8093,3.81844,6.00457,5.36867,4.18219,0.34407,0.82826,0.83811,0.00014,0.01426,1e-05,0,0.00019,0.02132,2e-05,0,3.79749,5.15707,5.54275,4.14634,0.26002,0,0,0.000271356,0.000271356,0.000271356
2,109.094,3.80251,4.86371,5.12213,4.09587,0.27489,0.80245,0.81407,0.00016,0.01535,1e-05,0,0.00025,0.01982,1e-05,0,3.77301,4.86789,5.40564,4.09273,0.1977,0,0,0.000548117,0.000548117,0.000548117
3,156.083,3.53518,4.5709,4.94824,3.92801,0.23067,0.76163,0.77375,0.00043,0.0265,6e-05,1e-05,0.00026,0.01777,3e-05,1e-05,3.63064,4.6161,5.33399,3.89352,0.17286,0,0,0.000823961,0.000823961,0.000823961
4,202.85,3.38203,4.42678,4.78266,3.6454,0.17047,0.71773,0.72856,0.00152,0.06357,0.00048,5e-05,0.75223,0.00063,0.0001,2e-05,3.35071,4.60775,5.19939,3.63466,0.14602,0,0,0.000828877,0.000828877,0.000828877
5,249.685,3.22432,4.40762,4.6574,3.48968,0.1414,0.67597,0.68489,0.75213,0.00158,0.00022,5e-05,0.75243,0.00158,0.0002,4e-05,3.29314,4.56778,5.06188,3.48547,0.11835,0,0,0.000827502,0.000827502,0.000827502
6,295.867,3.20309,4.32476,4.6438,3.41825,0.12843,0.64127,0.64841,0.25343,0.00213,0.00032,5e-05,0.25475,0.0019,0.00038,6e-05,3.19444,4.43516,4.88989,3.3415,0.11981,0,0,0.000826128,0.000826128,0.000826128
7,342.59,3.16486,4.31383,4.52977,3.31491,0.12846,0.6137,0.61904,0.50565,0.00127,0.00033,6e-05,0.50826,0.00166,0.00094,0.00012,3.19137,4.45407,4.92984,3.31265,0.1163,0,0,0.000824753,0.000824753,0.000824753
8,389.057,3.09178,4.20869,4.50439,3.26836,0.12083,0.58963,0.59389,0.87752,0.00269,0.00051,0.0001,0.8805,0.00198,0.0004,7e-05,3.08013,4.33479,4.86797,3.20342,0.11207,0,0,0.000823379,0.000823379,0.000823379
9,435.49,3.07275,4.16929,4.44666,3.18981,0.12103,0.57163,0.5751,0.00153,0.06151,0.00053,0.0001,0.75181,0.00411,0.00065,0.00012,3.01027,4.24779,4.66043,3.14115,0.11148,0,0,0.000822004,0.000822004,0.000822004
10,482.039,3.03828,4.11403,4.42296,3.12224,0.1195,0.55823,0.56139,0.00208,0.08772,0.00157,0.00029,0.25699,0.00854,0.00183,0.0004,2.92883,4.20744,4.57033,3.08015,0.11094,0,0,0.00082063,0.00082063,0.00082063
11,528.709,2.95632,4.14603,4.34659,3.07928,0.12478,0.54807,0.55108,0.75919,0.00419,0.0019,0.00038,0.76124,0.00474,0.00204,0.00066,2.9126,4.23256,4.60305,3.0489,0.11111,0,0,0.000819255,0.000819255,0.000819255
12,575.464,2.89035,4.12307,4.30044,3.04852,0.12707,0.5406,0.54354,0.00267,0.10103,0.00243,0.00055,0.39542,0.02744,0.00197,0.00033,2.91966,4.20962,4.63117,3.01342,0.11109,0,0,0.000817881,0.000817881,0.000817881
13,622.005,2.87183,4.11539,4.30543,3.03039,0.12205,0.53485,0.53775,0.38999,0.0072,0.00348,0.00081,0.39527,0.00767,0.00439,0.00112,2.85731,4.15803,4.5254,2.97937,0.11216,0,0,0.000816507,0.000816507,0.000816507
14,668.69,2.83184,4.07763,4.28231,2.95734,0.12822,0.53052,0.5333,0.00512,0.12813,0.00353,0.00087,0.63631,0.00561,0.004,0.0009,2.82578,4.15807,4.47139,2.94798,0.11044,0,0,0.000815132,0.000815132,0.000815132
15,715.415,2.8317,4.07699,4.19403,2.93263,0.12765,0.52637,0.52911,0.63934,0.00523,0.0033,0.00086,0.6502,0.00649,0.00354,0.00103,2.81744,4.11069,4.53239,2.92817,0.11334,0,0,0.000813758,0.000813758,0.000813758
16,762.117,2.796,4.00899,4.11784,2.86938,0.1254,0.52289,0.52535,0.50628,0.00893,0.00497,0.00145,0.63711,0.00664,0.00553,0.00142,2.78558,4.0913,4.44061,2.88945,0.111,0,0,0.000812383,0.000812383,0.000812383
17,808.798,2.76337,3.98442,4.27757,2.81682,0.12121,0.5206,0.52288,0.51072,0.00933,0.00511,0.00138,0.51445,0.00838,0.00427,0.00123,2.77474,4.11316,4.4598,2.86601,0.11655,0,0,0.000811009,0.000811009,0.000811009
18,855.029,2.71777,3.99589,4.05844,2.81841,0.12568,0.51836,0.52083,0.00629,0.14342,0.00992,0.0038,0.00558,0.12501,0.00947,0.00289,2.77183,4.07546,4.30172,2.87744,0.11207,0,0,0.000809634,0.000809634,0.000809634
19,901.614,2.7259,4.03094,4.03023,2.78391,0.12375,0.51641,0.51879,0.76681,0.01614,0.00872,0.00242,0.76808,0.01624,0.00897,0.00211,2.71971,4.03321,4.44058,2.84244,0.11109,0,0,0.00080826,0.00080826,0.00080826
20,948.172,2.71063,3.9929,3.97226,2.75427,0.12319,0.51446,0.51663,0.66548,0.01061,0.01198,0.00354,0.66254,0.01005,0.00994,0.0029,2.69278,3.99838,4.14918,2.81154,0.11058,0,0,0.000806885,0.000806885,0.000806885
21,994.681,2.668,3.93659,3.9365,2.7288,0.12142,0.51279,0.51506,0.40777,0.0183,0.01023,0.00289,0.4065,0.01266,0.00948,0.0032,2.65718,3.98674,4.2294,2.7811,0.11018,0,0,0.000805511,0.000805511,0.000805511
22,1041.01,2.63667,3.89456,3.94885,2.71661,0.12222,0.51121,0.5137,0.28203,0.01338,0.00993,0.00308,0.28364,0.01409,0.01042,0.00307,2.61525,4.00137,4.05028,2.74264,0.10907,0,0,0.000804137,0.000804137,0.000804137
23,1087.47,2.61057,3.9061,3.86346,2.67756,0.12078,0.50993,0.51202,0.29803,0.01459,0.00948,0.00273,0.26738,0.01439,0.00811,0.00244,2.60911,3.93983,4.03838,2.72558,0.10804,0,0,0.000802762,0.000802762,0.000802762
24,1133.98,2.5659,3.90241,3.83009,2.6596,0.12521,0.50889,0.51089,0.28278,0.02209,0.00927,0.00263,0.27038,0.01495,0.00972,0.00287,2.62386,3.91518,4.21891,2.73224,0.11223,0,0,0.000801388,0.000801388,0.000801388
25,1180.71,2.56559,3.78965,3.79777,2.6247,0.12399,0.5076,0.50956,0.32762,0.01955,0.01771,0.0055,0.31147,0.01591,0.01259,0.00433,2.55955,3.90924,4.01843,2.67003,0.10596,0,0,0.000800013,0.000800013,0.000800013
26,1227.4,2.57409,3.86033,3.78189,2.60537,0.11915,0.50633,0.50797,0.5421,0.02276,0.01625,0.00619,0.52297,0.0178,0.01435,0.00487,2.57263,3.93305,4.01141,2.66735,0.1049,0,0,0.000798639,0.000798639,0.000798639
27,1273.88,2.58111,3.83817,3.85093,2.60044,0.11877,0.50546,0.50758,0.46044,0.03073,0.01607,0.00495,0.46694,0.02144,0.01421,0.00444,2.59102,3.895,3.99774,2.70939,0.10959,0,0,0.000797264,0.000797264,0.000797264
28,1320.56,2.53657,3.75288,3.73192,2.55827,0.12065,0.50461,0.50665,0.37621,0.02992,0.01688,0.0056,0.35925,0.02366,0.01451,0.0055,2.51691,3.84606,3.95499,2.60721,0.10525,0,0,0.00079589,0.00079589,0.00079589
29,1366.81,2.51994,3.8158,3.71368,2.57558,0.11861,0.50309,0.50523,0.45206,0.03071,0.0193,0.00696,0.4324,0.02329,0.01666,0.00557,2.54241,3.85712,3.86442,2.62302,0.10468,0,0,0.000794515,0.000794515,0.000794515
30,1413.29,2.51312,3.79382,3.7436,2.57661,0.12067,0.50209,0.50445,0.69773,0.02221,0.02006,0.00688,0.68313,0.02042,0.01694,0.0053,2.52399,3.8359,3.85723,2.60952,0.10431,0,0,0.000793141,0.000793141,0.000793141
31,1459.79,2.47791,3.73872,3.62145,2.52406,0.11985,0.50092,0.50328,0.58641,0.03647,0.03699,0.01558,0.57539,0.03442,0.03286,0.01297,2.52808,3.75797,3.75974,2.61864,0.10389,0,0,0.000791767,0.000791767,0.000791767
32,1506.51,2.48671,3.72803,3.6086,2.50138,0.12116,0.49936,0.50191,0.57474,0.03243,0.02448,0.00923,0.55695,0.02857,0.02311,0.0087,2.50654,3.76501,3.83125,2.54911,0.10272,0,0,0.000790392,0.000790392,0.000790392
33,1553.34,2.43766,3.69466,3.58929,2.48598,0.11782,0.49715,0.49991,0.55386,0.0394,0.02707,0.00978,0.53821,0.03468,0.02283,0.00743,2.47553,3.74423,3.85274,2.53761,0.10485,0,0,0.000789018,0.000789018,0.000789018
34,1599.71,2.43531,3.72702,3.54849,2.47568,0.11725,0.49619,0.49939,0.58485,0.04032,0.0372,0.01338,0.54945,0.03219,0.03126,0.01138,2.45729,3.74465,3.63958,2.52146,0.1019,0,0,0.000787643,0.000787643,0.000787643
35,1646.16,2.4517,3.7675,3.55569,2.48522,0.11794,0.49334,0.49729,0.56935,0.03575,0.03559,0.01242,0.54612,0.02834,0.02503,0.00851,2.44448,3.74851,3.60008,2.51756,0.10185,0,0,0.000786269,0.000786269,0.000786269
36,1692.79,2.40727,3.7379,3.54566,2.44644,0.11825,0.49073,0.49545,0.51107,0.06407,0.04389,0.02136,0.50535,0.0607,0.04151,0.01813,2.47282,3.71991,3.71864,2.52593,0.10313,0,0,0.000784894,0.000784894,0.000784894
37,1739.47,2.43761,3.65216,3.48596,2.42937,0.1169,0.48595,0.49203,0.54563,0.04119,0.03849,0.01645,0.53729,0.0363,0.03194,0.0123,2.43131,3.70647,3.62384,2.48272,0.10502,0,0,0.00078352,0.00078352,0.00078352
38,1786.06,2.41018,3.65838,3.4983,2.41976,0.11696,0.48045,0.48998,0.53189,0.07917,0.05201,0.02217,0.50268,0.06605,0.04327,0.01854,2.40456,3.6807,3.67096,2.47597,0.10363,0,0,0.000782145,0.000782145,0.000782145
39,1832.56,2.38128,3.68003,3.47471,2.4396,0.11861,0.46958,0.48513,0.56597,0.06854,0.05109,0.02155,0.55179,0.05834,0.041,0.0163,2.38721,3.64236,3.56301,2.4657,0.10268,0,0,0.000780771,0.000780771,0.000780771
40,1878.88,2.3764,3.67738,3.46274,2.42241,0.11745,0.44988,0.47802,0.55894,0.05462,0.04443,0.01676,0.54826,0.04981,0.04172,0.01429,2.41354,3.69517,3.47413,2.4698,0.10053,0,0,0.000779396,0.000779396,0.000779396
41,1925.5,2.41448,3.67856,3.41966,2.394,0.11785,0.41161,0.46419,0.56914,0.08326,0.05742,0.02324,0.5627,0.07648,0.05382,0.01944,2.37807,3.64146,3.61551,2.40903,0.10275,0,0,0.000778022,0.000778022,0.000778022
42,1972.11,2.3642,3.65839,3.42657,2.38033,0.11854,0.35409,0.43693,0.50444,0.09136,0.06417,0.03139,0.5007,0.09617,0.06141,0.02244,2.3698,3.62655,3.46571,2.40307,0.10107,0,0,0.000776648,0.000776648,0.000776648
43,2018.66,2.40972,3.64597,3.4265,2.37166,0.11343,0.27895,0.38593,0.50099,0.07599,0.06233,0.02689,0.48428,0.07159,0.05617,0.01902,2.35034,3.58833,3.36705,2.39964,0.10052,0,0,0.000775273,0.000775273,0.000775273
44,2065.15,2.35617,3.58902,3.38257,2.34438,0.11341,0.22572,0.319,0.61044,0.0724,0.06646,0.02611,0.58318,0.06658,0.06193,0.01936,2.33143,3.60672,3.45465,2.40417,0.09996,0,0,0.000773899,0.000773899,0.000773899
45,2111.55,2.33445,3.62573,3.31558,2.35448,0.12143,0.20227,0.26261,0.56735,0.07346,0.06165,0.02691,0.55891,0.06528,0.05341,0.01921,2.3369,3.56867,3.32893,2.38312,0.09973,0,0,0.000772524,0.000772524,0.000772524
46,2157.91,2.35349,3.59342,3.35513,2.34523,0.1142,0.17914,0.23028,0.2591,0.07088,0.05654,0.02446,0.24993,0.0635,0.05034,0.01953,2.35825,3.59082,3.36682,2.38652,0.10288,0,0,0.00077115,0.00077115,0.00077115
47,2204.46,2.34258,3.56613,3.32806,2.34104,0.11847,0.1708,0.21868,0.50982,0.07616,0.0802,0.0338,0.49594,0.07097,0.06841,0.02397,2.30411,3.54427,3.31114,2.38286,0.10079,0,0,0.000769775,0.000769775,0.000769775
48,2250.98,2.32461,3.5645,3.29511,2.31961,0.11671,0.16417,0.20894,0.48699,0.07973,0.07746,0.03411,0.47516,0.0719,0.06172,0.02641,2.37003,3.58012,3.42976,2.40924,0.1013,0,0,0.000768401,0.000768401,0.000768401
49,2297.56,2.3044,3.58357,3.26691,2.29867,0.11432,0.15863,0.20049,0.58814,0.0799,0.09178,0.0334,0.56842,0.0693,0.08209,0.02686,2.32182,3.53165,3.25874,2.34182,0.09842,0,0,0.000767026,0.000767026,0.000767026
50,2344.05,2.30678,3.53432,3.24861,2.28736,0.11297,0.1567,0.19242,0.44483,0.109,0.08022,0.03465,0.41438,0.09401,0.0659,0.02684,2.2949,3.52837,3.24303,2.31012,0.09774,0,0,0.000765652,0.000765652,0.000765652
51,2391.21,2.35582,3.56414,3.25006,2.29851,0.11758,0.16105,0.19313,0.58094,0.09205,0.06456,0.02588,0.55812,0.08724,0.05705,0.02064,2.29725,3.50147,3.47186,2.31994,0.09919,0,0,0.000764278,0.000764278,0.000764278
52,2437.52,2.3242,3.5145,3.26884,2.29612,0.12387,0.16465,0.19108,0.61959,0.07711,0.07048,0.02851,0.60482,0.06905,0.05428,0.01934,2.27479,3.50995,3.17344,2.30133,0.09938,0,0,0.000762903,0.000762903,0.000762903
53,2483.91,2.27816,3.50846,3.23521,2.28034,0.11375,0.15589,0.18035,0.48524,0.10473,0.08612,0.03735,0.48957,0.10088,0.07214,0.0268,2.26397,3.47598,3.23017,2.30237,0.09704,0,0,0.000761529,0.000761529,0.000761529
54,2530.41,2.29631,3.47672,3.15533,2.25191,0.11273,0.1561,0.17564,0.50156,0.08159,0.06757,0.02894,0.49359,0.07553,0.06168,0.02389,2.27967,3.48513,3.2161,2.30417,0.09836,0,0,0.000760154,0.000760154,0.000760154
55,2576.75,2.274,3.53185,3.17668,2.26546,0.12101,0.16283,0.17841,0.43021,0.1148,0.08041,0.03579,0.41509,0.10811,0.07734,0.02916,2.26021,3.47297,3.16072,2.28313,0.09829,0,0,0.00075878,0.00075878,0.00075878
56,2623.31,2.31423,3.49749,3.15179,2.24532,0.11411,0.15589,0.1686,0.41866,0.13469,0.08867,0.03817,0.38756,0.11229,0.07155,0.02743,2.22842,3.44096,3.15305,2.26948,0.09706,0,0,0.000757405,0.000757405,0.000757405
57,2669.61,2.26162,3.51613,3.11141,2.26552,0.11345,0.15701,0.16824,0.44332,0.13992,0.10628,0.04448,0.43676,0.1338,0.09317,0.03844,2.23489,3.44729,3.05657,2.24773,0.09682,0,0,0.000756031,0.000756031,0.000756031
58,2715.96,2.21127,3.46711,3.04986,2.22432,0.11683,0.15852,0.17039,0.27162,0.11801,0.08592,0.0345,0.26785,0.10592,0.06821,0.02437,2.2229,3.42496,3.02308,2.24704,0.09554,0,0,0.000754656,0.000754656,0.000754656
59,2762.67,2.28271,3.45645,3.12524,2.21381,0.11437,0.15808,0.16888,0.5163,0.1131,0.1094,0.04635,0.38587,0.10289,0.09228,0.03545,2.21073,3.42459,3.04781,2.25466,0.097,0,0,0.000753282,0.000753282,0.000753282
60,2809.55,2.21465,3.39775,3.04901,2.21877,0.11317,0.1543,0.16434,0.34403,0.14547,0.11064,0.04965,0.34142,0.12769,0.09943,0.03953,2.2282,3.43208,3.23448,2.22893,0.09901,0,0,0.000751907,0.000751907,0.000751907
61,2856.04,2.22579,3.45049,3.0457,2.20655,0.11545,0.15293,0.16497,0.36791,0.1426,0.10863,0.04585,0.35227,0.12792,0.09282,0.03607,2.19713,3.42675,3.01222,2.21754,0.09751,0,0,0.000750533,0.000750533,0.000750533
62,2902.58,2.282,3.4698,3.10484,2.20821,0.11556,0.15739,0.1679,0.43894,0.15401,0.11031,0.04568,0.41372,0.13351,0.09206,0.03477,2.22445,3.42473,2.99377,2.2328,0.09734,0,0,0.000749159,0.000749159,0.000749159
63,2949.06,2.18153,3.42129,2.9984,2.1804,0.11453,0.15507,0.16536,0.48411,0.13786,0.1269,0.05552,0.47348,0.12904,0.10883,0.04169,2.18202,3.38864,3.0454,2.21215,0.09363,0,0,0.000747784,0.000747784,0.000747784
64,2995.68,2.24037,3.43071,3.05107,2.21096,0.11417,0.15282,0.16334,0.3285,0.15169,0.1089,0.04739,0.31551,0.1385,0.09506,0.03666,2.2057,3.34584,2.98647,2.21967,0.09858,0,0,0.00074641,0.00074641,0.00074641
65,3042.21,2.23435,3.44315,3.04072,2.19132,0.11379,0.15531,0.16627,0.42645,0.1609,0.12217,0.05342,0.39816,0.13322,0.09941,0.0407,2.17783,3.35763,3.00718,2.22973,0.09809,0,0,0.000745035,0.000745035,0.000745035
66,3088.69,2.22528,3.46486,3.05168,2.20033,0.11583,0.15771,0.16783,0.3288,0.17934,0.13033,0.06048,0.30259,0.15654,0.11749,0.04765,2.14337,3.35764,2.8453,2.18238,0.09386,0,0,0.000743661,0.000743661,0.000743661
67,3135.44,2.21647,3.40842,3.00088,2.19214,0.11757,0.16158,0.17227,0.33854,0.16738,0.12392,0.05274,0.29904,0.14645,0.10708,0.04548,2.16301,3.31968,2.90582,2.16537,0.09497,0,0,0.000742286,0.000742286,0.000742286
68,3181.95,2.18286,3.37316,2.99484,2.16373,0.11179,0.15436,0.16533,0.33913,0.16624,0.1402,0.0646,0.27799,0.1371,0.10834,0.04509,2.14656,3.2851,2.87517,2.15555,0.09391,0,0,0.000740912,0.000740912,0.000740912
69,3228.52,2.15276,3.3841,2.97137,2.16497,0.11074,0.15361,0.16344,0.42598,0.16773,0.1432,0.06054,0.41403,0.14085,0.12088,0.04632,2.15552,3.29267,2.93058,2.15685,0.09308,0,0,0.000739537,0.000739537,0.000739537
70,3274.93,2.16825,3.35356,2.92378,2.13436,0.11289,0.15596,0.16623,0.43049,0.17344,0.15471,0.0696,0.41978,0.15905,0.13853,0.05836,2.12397,3.26006,2.74923,2.15448,0.09392,0,0,0.000738163,0.000738163,0.000738163
71,3321.6,2.19025,3.31114,2.93543,2.14502,0.113,0.15458,0.1655,0.34219,0.17837,0.14287,0.06346,0.32693,0.16424,0.13171,0.0517,2.15114,3.28604,2.76259,2.16374,0.09334,0,0,0.000736788,0.000736788,0.000736788
72,3368.24,2.19108,3.36626,2.92622,2.14262,0.11221,0.15419,0.16428,0.35758,0.2168,0.14505,0.06485,0.33066,0.19493,0.12128,0.04647,2.12654,3.26353,2.84458,2.16176,0.09186,0,0,0.000735414,0.000735414,0.000735414
73,3415.34,2.1816,3.38986,2.90627,2.15974,0.11441,0.15694,0.16805,0.34015,0.19747,0.11878,0.05227,0.34042,0.16726,0.10598,0.04362,2.14456,3.27699,3.12821,2.1354,0.09364,0,0,0.00073404,0.00073404,0.00073404
74,3461.59,2.16062,3.37476,2.90169,2.13517,0.11444,0.15349,0.16351,0.36953,0.15677,0.13985,0.06412,0.39405,0.13583,0.11965,0.05182,2.107,3.25107,2.71756,2.11903,0.0905,0,0,0.000732665,0.000732665,0.000732665
75,3507.99,2.14452,3.34236,2.86775,2.11205,0.11226,0.15529,0.16657,0.435,0.17676,0.17144,0.07924,0.4239,0.16116,0.15341,0.0638,2.07797,3.207,2.67389,2.12957,0.09003,0,0,0.000731291,0.000731291,0.000731291
76,3554.56,2.1125,3.36646,2.84773,2.12123,0.11064,0.1521,0.16257,0.37865,0.19831,0.20003,0.09267,0.36091,0.17804,0.17251,0.06565,2.04843,3.2172,2.66149,2.08614,0.09102,0,0,0.000729916,0.000729916,0.000729916
77,3601.22,2.13191,3.23704,3.04288,2.10941,0.11098,0.15353,0.16364,0.32345,0.2199,0.16565,0.07617,0.30315,0.20087,0.14206,0.05702,2.07369,3.20195,2.63303,2.10176,0.09093,0,0,0.000728542,0.000728542,0.000728542
78,3647.73,2.1456,3.33174,2.8549,2.09819,0.11198,0.15308,0.16399,0.34943,0.23023,0.22505,0.09974,0.3118,0.20153,0.19833,0.06693,2.05026,3.19698,2.63572,2.09591,0.09099,0,0,0.000727167,0.000727167,0.000727167
79,3694.01,2.11656,3.30383,2.81904,2.11023,0.10909,0.15126,0.16186,0.34601,0.2308,0.21644,0.0953,0.32795,0.20185,0.17538,0.06845,2.04886,3.19325,2.57282,2.06845,0.08885,0,0,0.000725793,0.000725793,0.000725793
80,3740.46,2.13947,3.32477,2.79108,2.09392,0.10977,0.15274,0.16412,0.38286,0.19865,0.17403,0.07902,0.32669,0.1826,0.14859,0.05943,2.03349,3.16415,2.59039,2.06283,0.09042,0,0,0.000724418,0.000724418,0.000724418
81,3786.98,2.14804,3.27091,2.7844,2.09301,0.1071,0.1503,0.16108,0.38644,0.22182,0.18395,0.08495,0.34192,0.18941,0.15031,0.06463,2.02748,3.16568,2.59134,2.06247,0.08935,0,0,0.000723044,0.000723044,0.000723044
82,3833.38,2.12466,3.2441,2.74989,2.08277,0.1072,0.1484,0.15907,0.42319,0.19981,0.22141,0.09051,0.37021,0.18099,0.19163,0.07058,2.03604,3.17232,2.65865,2.06186,0.09134,0,0,0.00072167,0.00072167,0.00072167
83,3879.78,2.11457,3.27056,2.77603,2.08175,0.10959,0.15047,0.16142,0.35351,0.25866,0.19587,0.08503,0.32728,0.19977,0.17098,0.06313,2.04342,3.16378,2.5997,2.05317,0.08882,0,0,0.000720295,0.000720295,0.000720295
84,3926.29,2.09985,3.28671,2.78656,2.09354,0.11262,0.15418,0.16516,0.25649,0.26924,0.25259,0.11038,0.20525,0.24157,0.20399,0.08108,2.0298,3.14644,2.54547,2.06951,0.08984,0,0,0.000718921,0.000718921,0.000718921
85,3972.82,2.08362,3.27215,2.72798,2.06444,0.11017,0.1519,0.16273,0.39588,0.22069,0.20425,0.09092,0.36856,0.20242,0.17856,0.07225,2.06596,3.15297,2.56173,2.06992,0.08806,0,0,0.000717546,0.000717546,0.000717546
86,4018.93,2.09389,3.24026,2.68443,2.06248,0.10751,0.1522,0.16322,0.37135,0.27424,0.2519,0.1161,0.35942,0.24247,0.21154,0.08377,2.02748,3.13014,2.47989,2.06675,0.08723,0,0,0.000716172,0.000716172,0.000716172
87,4065.54,2.12152,3.24417,2.75443,2.06198,0.11077,0.15263,0.16371,0.38342,0.24552,0.27829,0.13579,0.36711,0.24118,0.25696,0.09584,2.03333,3.11835,2.54658,2.04604,0.08879,0,0,0.000714797,0.000714797,0.000714797
88,4111.95,2.12132,3.23107,2.7086,2.07168,0.1093,0.14899,0.15991,0.40698,0.29667,0.26267,0.12624,0.39088,0.29022,0.24274,0.09579,2.01539,3.12683,2.44107,2.03298,0.0892,0,0,0.000713423,0.000713423,0.000713423
89,4158.62,2.08663,3.28043,2.69334,2.07014,0.10844,0.14961,0.16085,0.43811,0.25432,0.26341,0.13048,0.41266,0.21967,0.22291,0.09071,2.00547,3.10361,2.57021,2.02919,0.09165,0,0,0.000712048,0.000712048,0.000712048
90,4205.03,2.09764,3.20774,2.65645,2.03667,0.10619,0.14753,0.15862,0.41007,0.25662,0.26166,0.12672,0.36488,0.2746,0.23993,0.09152,1.98928,3.10543,2.43974,2.01933,0.09197,0,0,0.000710674,0.000710674,0.000710674
91,4251.44,2.08309,3.15815,2.63434,2.04015,0.11318,0.15268,0.16382,0.301,0.31978,0.259,0.12522,0.28292,0.29762,0.22847,0.08287,1.99465,3.10096,2.4084,2.014,0.08917,0,0,0.000709299,0.000709299,0.000709299
92,4297.88,2.05688,3.21921,2.66054,2.06389,0.11217,0.15267,0.16382,0.39237,0.28117,0.23482,0.1146,0.36538,0.25206,0.20319,0.08939,1.98022,3.08601,2.50302,2.01357,0.08944,0,0,0.000707925,0.000707925,0.000707925
93,4344.05,2.06073,3.19765,2.57298,2.0077,0.10952,0.15006,0.16112,0.35254,0.29613,0.2747,0.14544,0.34301,0.28311,0.25589,0.10376,1.96744,3.06431,2.37056,2.00203,0.08847,0,0,0.000706551,0.000706551,0.000706551
94,4390.51,2.06681,3.18515,2.64008,2.02071,0.10572,0.14956,0.16101,0.39029,0.38076,0.30228,0.14328,0.36106,0.34997,0.26734,0.10081,1.97173,3.05083,2.37415,2.00788,0.08776,0,0,0.000705176,0.000705176,0.000705176
95,4436.88,2.04611,3.16546,2.59592,2.03797,0.10738,0.14694,0.15805,0.31851,0.32987,0.27082,0.13568,0.28311,0.33136,0.24508,0.09847,1.97015,3.03543,2.31844,1.99095,0.08897,0,0,0.000703802,0.000703802,0.000703802
96,4483.06,2.04651,3.15082,2.60589,2.02658,0.10928,0.15192,0.16271,0.37587,0.3006,0.29595,0.14688,0.35849,0.28784,0.26792,0.10512,1.9741,3.03935,2.35319,1.99651,0.09045,0,0,0.000702427,0.000702427,0.000702427
97,4529.58,2.02621,3.16726,2.64156,2.02315,0.10729,0.14666,0.15677,0.37177,0.3172,0.28415,0.14242,0.37258,0.29687,0.26756,0.10959,1.92943,3.02704,2.45128,1.97709,0.0918,0,0,0.000701053,0.000701053,0.000701053
98,4576,2.03009,3.15786,2.60312,2.03334,0.10841,0.14779,0.15956,0.36401,0.32901,0.29098,0.13835,0.33642,0.28642,0.26249,0.10389,1.92333,3.00436,2.36026,1.97208,0.09023,0,0,0.000699678,0.000699678,0.000699678
99,4622.37,2.01797,3.18143,2.5757,2.01743,0.10821,0.15174,0.16316,0.36483,0.2876,0.28121,0.1309,0.34183,0.26552,0.25298,0.09886,1.94243,3.01588,2.34238,1.97483,0.09108,0,0,0.000698304,0.000698304,0.000698304
100,4668.86,2.05518,3.20494,2.61518,2.03203,0.10869,0.15104,0.16255,0.40936,0.29064,0.30697,0.1419,0.3834,0.27569,0.2801,0.11597,1.93271,3.00751,2.30537,1.95071,0.09257,0,0,0.000696929,0.000696929,0.000696929
101,4715.23,2.01637,3.18698,2.56902,1.99163,0.10918,0.1489,0.16163,0.41975,0.34337,0.32647,0.1527,0.31832,0.35309,0.28985,0.12131,1.88549,2.97565,2.24755,1.94305,0.08908,0,0,0.000695555,0.000695555,0.000695555
102,4761.72,2.01985,3.11315,2.48176,1.98119,0.10675,0.14842,0.15979,0.3259,0.34262,0.30801,0.15318,0.33838,0.26129,0.27461,0.11401,1.92458,2.97266,2.34146,1.94887,0.08985,0,0,0.000694181,0.000694181,0.000694181
103,4808.09,2.00759,3.14413,2.47036,1.98558,0.10739,0.14761,0.15968,0.46832,0.26593,0.30487,0.1534,0.34206,0.32076,0.28074,0.11877,1.89622,2.95858,2.26162,1.94042,0.08892,0,0,0.000692806,0.000692806,0.000692806
104,4854.53,2.01827,3.11051,2.5475,1.97824,0.10814,0.14695,0.15911,0.42868,0.29794,0.32396,0.16233,0.39914,0.27798,0.28714,0.12303,1.89567,2.97862,2.29774,1.92254,0.09117,0,0,0.000691432,0.000691432,0.000691432
105,4901,2.03383,3.19946,2.51316,2.01425,0.11021,0.14867,0.1609,0.4029,0.3213,0.34679,0.1802,0.35731,0.31181,0.32314,0.13119,1.90667,2.96546,2.19882,1.94538,0.09012,0,0,0.000690057,0.000690057,0.000690057
106,4947.54,2.00366,3.16821,2.49378,1.98213,0.10977,0.15098,0.16219,0.51322,0.33283,0.36133,0.18404,0.51676,0.3112,0.33546,0.14098,1.88722,2.93205,2.27526,1.91382,0.08977,0,0,0.000688683,0.000688683,0.000688683
107,4994.03,2.00349,3.09685,2.48077,1.95852,0.10987,0.15006,0.16202,0.41117,0.36957,0.33867,0.16695,0.39932,0.34528,0.31372,0.12792,1.90335,2.9283,2.17733,1.93983,0.08959,0,0,0.000687308,0.000687308,0.000687308
108,5040.46,2.01597,3.13837,2.452,1.99029,0.10804,0.15015,0.16161,0.39189,0.3723,0.34844,0.17505,0.37719,0.30672,0.31567,0.13093,1.8902,2.92699,2.19437,1.91985,0.0882,0,0,0.000685934,0.000685934,0.000685934
109,5086.97,1.98717,3.08709,2.43828,1.9595,0.10388,0.14471,0.15555,0.42773,0.33864,0.34557,0.16869,0.43335,0.27847,0.30675,0.12023,1.88982,2.96858,2.21506,1.90709,0.0891,0,0,0.000684559,0.000684559,0.000684559
110,5133.42,1.99881,3.12987,2.46889,1.94095,0.11005,0.1503,0.16278,0.41501,0.37306,0.33466,0.16325,0.39047,0.34523,0.30078,0.12445,1.84651,2.93236,2.17932,1.88991,0.08892,0,0,0.000683185,0.000683185,0.000683185
111,5179.94,1.99137,3.08288,2.38494,1.953,0.11288,0.15125,0.16407,0.41219,0.39701,0.3605,0.16638,0.39652,0.38634,0.33409,0.13128,1.86666,2.92248,2.20359,1.89753,0.08817,0,0,0.00068181,0.00068181,0.00068181
112,5226.63,2.00522,3.10679,2.4825,1.99271,0.10812,0.14568,0.15697,0.35877,0.39111,0.3499,0.17404,0.34384,0.37803,0.32295,0.13172,1.85463,2.91329,2.15975,1.89549,0.08881,0,0,0.000680436,0.000680436,0.000680436
113,5273.25,1.98578,3.05001,2.4658,1.95752,0.10777,0.14732,0.1605,0.35791,0.42647,0.37647,0.1725,0.32555,0.39611,0.32285,0.13401,1.85169,2.91391,2.21048,1.88492,0.09075,0,0,0.000679062,0.000679062,0.000679062
114,5319.87,1.9716,3.06516,2.38391,1.94214,0.11109,0.15364,0.1656,0.42345,0.38197,0.40859,0.1949,0.39133,0.36745,0.37201,0.15063,1.84858,2.8938,2.21442,1.87848,0.08869,0,0,0.000677687,0.000677687,0.000677687
115,5366.54,2.00064,3.06151,2.3773,1.92733,0.109,0.1509,0.16281,0.49972,0.34993,0.38447,0.19791,0.45639,0.33954,0.34476,0.15125,1.82383,2.86492,2.06128,1.86139,0.08876,0,0,0.000676313,0.000676313,0.000676313
116,5412.92,1.96077,3.0049,2.35728,1.92926,0.10937,0.15145,0.16437,0.45533,0.37851,0.40777,0.19737,0.44527,0.36596,0.37582,0.15592,1.8308,2.86316,2.09072,1.86922,0.08854,0,0,0.000674938,0.000674938,0.000674938
117,5459.18,1.93832,3.07342,2.37959,1.93584,0.10864,0.14894,0.16134,0.37391,0.44948,0.42276,0.21787,0.35467,0.42743,0.39005,0.16465,1.80434,2.84958,2.07745,1.85995,0.08772,0,0,0.000673564,0.000673564,0.000673564
118,5505.47,1.93766,3.04266,2.37691,1.94119,0.11023,0.15137,0.16333,0.43705,0.38557,0.38209,0.18961,0.4049,0.3699,0.35867,0.14834,1.82083,2.85827,2.05632,1.87146,0.08815,0,0,0.000672189,0.000672189,0.000672189
119,5551.83,1.95687,3.04807,2.40513,1.91951,0.10735,0.1444,0.1572,0.42827,0.40432,0.38924,0.19408,0.41122,0.38838,0.36705,0.14869,1.82901,2.83267,2.05228,1.87628,0.08679,0,0,0.000670815,0.000670815,0.000670815
120,5598.44,1.9648,3.04707,2.35529,1.91636,0.1055,0.14606,0.15839,0.44354,0.42641,0.4123,0.2196,0.41475,0.41625,0.37956,0.15285,1.79929,2.84617,2.08206,1.84503,0.08884,0,0,0.00066944,0.00066944,0.00066944
121,5644.88,1.9394,3.05974,2.3107,1.90699,0.10958,0.14944,0.1621,0.54883,0.3459,0.40036,0.216,0.53165,0.33539,0.37398,0.1591,1.80918,2.84635,2.04699,1.85184,0.08635,0,0,0.000668066,0.000668066,0.000668066
122,5691.4,1.96003,3.04416,2.34441,1.90186,0.10897,0.14986,0.16193,0.40811,0.42182,0.40948,0.20063,0.37843,0.40904,0.37367,0.15746,1.82898,2.84962,2.04177,1.85665,0.08648,0,0,0.000666692,0.000666692,0.000666692
123,5737.86,1.97019,2.99435,2.32648,1.91217,0.10483,0.14607,0.15869,0.45907,0.40508,0.4264,0.22275,0.43751,0.3837,0.38626,0.15257,1.80756,2.86842,2.01009,1.85267,0.08558,0,0,0.000665317,0.000665317,0.000665317
124,5784.62,1.96053,3.07506,2.33377,1.9354,0.10884,0.1507,0.16328,0.39137,0.44458,0.38531,0.20391,0.38324,0.42527,0.35325,0.15424,1.78381,2.81813,2.14024,1.82333,0.08543,0,0,0.000663943,0.000663943,0.000663943
125,5830.93,1.92718,3.0001,2.33236,1.91285,0.1056,0.14491,0.15793,0.47708,0.44412,0.42557,0.2288,0.44162,0.43022,0.38933,0.17188,1.79996,2.81916,1.97828,1.84607,0.08447,0,0,0.000662568,0.000662568,0.000662568
126,5877.55,1.97619,3.03043,2.31645,1.93166,0.10594,0.14746,0.15925,0.36585,0.48173,0.44998,0.24168,0.37814,0.45202,0.42068,0.19432,1.77113,2.80382,2.02472,1.83074,0.08483,0,0,0.000661194,0.000661194,0.000661194
127,5924.02,1.9248,3.0064,2.27049,1.87974,0.10726,0.14738,0.15994,0.44309,0.45974,0.41964,0.222,0.42633,0.42691,0.38968,0.16589,1.78109,2.79384,2.04571,1.8306,0.0868,0,0,0.000659819,0.000659819,0.000659819
128,5970.41,1.9584,2.99857,2.30892,1.87948,0.10213,0.14398,0.1555,0.5063,0.40873,0.42298,0.21123,0.48633,0.39217,0.39318,0.17205,1.77579,2.81408,1.9898,1.82965,0.08699,0,0,0.000658445,0.000658445,0.000658445
129,6016.65,1.93064,2.97676,2.24795,1.88469,0.10489,0.14644,0.15847,0.46913,0.43207,0.42328,0.23608,0.44783,0.42113,0.38563,0.17771,1.75452,2.76348,1.99404,1.81128,0.08597,0,0,0.00065707,0.00065707,0.00065707
130,6063.1,1.93058,3.01755,2.29459,1.88705,0.10957,0.15037,0.16225,0.46018,0.42648,0.42107,0.22982,0.43705,0.4077,0.38177,0.1767,1.76681,2.77197,2.0084,1.80916,0.08557,0,0,0.000655696,0.000655696,0.000655696
131,6109.48,1.90585,2.97593,2.28509,1.88909,0.10456,0.14546,0.15778,0.51304,0.39537,0.4335,0.23501,0.48732,0.37538,0.3989,0.1768,1.75459,2.76564,1.93122,1.80966,0.08456,0,0,0.000654321,0.000654321,0.000654321
132,6156.18,1.89449,2.96866,2.28909,1.88697,0.10412,0.14601,0.15766,0.51969,0.436,0.48491,0.25864,0.49735,0.42453,0.45054,0.18565,1.74268,2.79176,2.05372,1.79957,0.08525,0,0,0.000652947,0.000652947,0.000652947
133,6202.57,1.88315,2.95324,2.20306,1.88119,0.10548,0.14643,0.15881,0.4904,0.4654,0.47379,0.24769,0.49939,0.4491,0.44917,0.19364,1.75443,2.75444,1.9813,1.81157,0.08425,0,0,0.000651573,0.000651573,0.000651573
134,6248.96,1.89231,2.95361,2.22699,1.86986,0.10633,0.14608,0.15852,0.43986,0.41182,0.40898,0.21713,0.4141,0.39024,0.37359,0.16348,1.81244,2.75294,1.94881,1.83554,0.0834,0,0,0.000650198,0.000650198,0.000650198
135,6295.27,1.92686,2.94922,2.2492,1.8838,0.10128,0.14216,0.15459,0.52992,0.46028,0.46656,0.24285,0.49842,0.44461,0.41936,0.18454,1.75308,2.75371,1.94494,1.80218,0.08268,0,0,0.000648824,0.000648824,0.000648824
136,6341.5,1.89092,2.9499,2.28804,1.87048,0.10187,0.14331,0.15732,0.49896,0.42443,0.43358,0.24298,0.47295,0.40593,0.40289,0.18496,1.73212,2.74005,1.93538,1.78202,0.08267,0,0,0.000647449,0.000647449,0.000647449
137,6387.76,1.88662,2.95191,2.23935,1.87598,0.10373,0.14402,0.15578,0.44799,0.52069,0.46261,0.2251,0.46665,0.42079,0.4005,0.16754,1.75032,2.74491,1.98026,1.78612,0.08324,0,0,0.000646075,0.000646075,0.000646075
138,6434.04,1.89499,2.90566,2.20318,1.86138,0.10596,0.14584,0.15838,0.54013,0.39829,0.45548,0.24079,0.52544,0.37003,0.43012,0.18619,1.73206,2.73613,1.93936,1.79264,0.08311,0,0,0.0006447,0.0006447,0.0006447
139,6480.42,1.90212,2.96163,2.24187,1.87629,0.10303,0.14349,0.15579,0.49582,0.45613,0.47491,0.23091,0.51115,0.39436,0.42058,0.16856,1.73388,2.72985,1.97772,1.77735,0.08245,0,0,0.000643326,0.000643326,0.000643326
140,6526.83,1.91387,2.93344,2.24487,1.86865,0.10203,0.1434,0.15544,0.4427,0.47147,0.46511,0.25162,0.41965,0.44914,0.42827,0.1841,1.73965,2.7255,1.89467,1.78371,0.08269,0,0,0.000641951,0.000641951,0.000641951
141,6572.97,1.90719,2.95586,2.22974,1.8674,0.104,0.14556,0.15836,0.5315,0.42516,0.4854,0.27614,0.49556,0.41146,0.44329,0.20242,1.68952,2.70044,1.81944,1.77171,0.08277,0,0,0.000640577,0.000640577,0.000640577
142,6619.4,1.8882,2.94652,2.18526,1.85577,0.10264,0.14307,0.15552,0.44071,0.50192,0.48492,0.25782,0.40669,0.47252,0.44113,0.19909,1.70142,2.69177,1.86923,1.77263,0.08158,0,0,0.000639203,0.000639203,0.000639203
143,6665.82,1.91951,2.97745,2.19407,1.84936,0.10543,0.14865,0.15973,0.49545,0.47229,0.47635,0.25965,0.46773,0.43928,0.42821,0.19558,1.71891,2.72949,1.86818,1.76323,0.08278,0,0,0.000637828,0.000637828,0.000637828
144,6712.44,1.87767,2.89442,2.1259,1.82285,0.10344,0.14367,0.15585,0.57324,0.42004,0.45981,0.25266,0.54546,0.40245,0.42384,0.19322,1.71357,2.6908,1.89392,1.75542,0.08128,0,0,0.000636454,0.000636454,0.000636454
145,6758.9,1.8812,2.94214,2.16979,1.85483,0.10393,0.14385,0.15679,0.44383,0.45229,0.45785,0.24214,0.42922,0.43693,0.42875,0.19235,1.69313,2.70301,1.81436,1.76035,0.08403,0,0,0.000635079,0.000635079,0.000635079
146,6805.08,1.83397,2.89558,2.14526,1.8438,0.10403,0.14578,0.15764,0.56199,0.47126,0.49991,0.26894,0.53929,0.43765,0.46216,0.21458,1.67098,2.65013,1.8016,1.74358,0.08335,0,0,0.000633705,0.000633705,0.000633705
147,6851.34,1.86466,2.91996,2.18225,1.8496,0.10578,0.14631,0.1584,0.50931,0.49777,0.49737,0.28112,0.48832,0.47595,0.46438,0.21989,1.68103,2.65647,1.78162,1.74297,0.08365,0,0,0.00063233,0.00063233,0.00063233
148,6897.83,1.888,2.89605,2.1728,1.82357,0.10572,0.14477,0.15644,0.56382,0.42318,0.49408,0.28645,0.54871,0.40927,0.47232,0.2124,1.6825,2.6511,1.81967,1.73699,0.08591,0,0,0.000630956,0.000630956,0.000630956
149,6944.03,1.84572,2.89423,2.15961,1.85113,0.10373,0.14428,0.15677,0.46276,0.53902,0.49576,0.27377,0.43923,0.51175,0.44325,0.20518,1.66829,2.64834,1.77515,1.7327,0.08164,0,0,0.000629581,0.000629581,0.000629581
150,6990.26,1.87076,2.95107,2.14662,1.84299,0.10308,0.14239,0.15467,0.44314,0.53597,0.46705,0.26629,0.42721,0.51672,0.43258,0.20718,1.66628,2.66143,1.80662,1.74263,0.08113,0,0,0.000628207,0.000628207,0.000628207
151,7036.61,1.85481,2.89372,2.12813,1.82132,0.1019,0.14084,0.15506,0.5803,0.4298,0.4814,0.27082,0.56506,0.40775,0.44607,0.20678,1.67193,2.63746,1.78184,1.74297,0.07935,0,0,0.000626832,0.000626832,0.000626832
152,7082.73,1.82488,2.81183,2.07602,1.8133,0.10209,0.1444,0.15605,0.5385,0.51841,0.51698,0.29206,0.51947,0.51078,0.48416,0.22302,1.66541,2.62797,1.7714,1.73748,0.08104,0,0,0.000625458,0.000625458,0.000625458
153,7128.94,1.84073,2.88815,2.1177,1.82466,0.10123,0.14242,0.1548,0.54874,0.47894,0.51709,0.29505,0.51579,0.47166,0.48377,0.21698,1.66882,2.6461,1.77997,1.73825,0.07944,0,0,0.000624084,0.000624084,0.000624084
154,7175.17,1.86374,2.90694,2.11423,1.80444,0.10423,0.14766,0.15964,0.58059,0.47093,0.53164,0.30525,0.56157,0.45969,0.50924,0.23835,1.64841,2.61365,1.7862,1.72844,0.08274,0,0,0.000622709,0.000622709,0.000622709
155,7221.43,1.83078,2.84025,2.09205,1.82222,0.09927,0.13964,0.15104,0.53182,0.52182,0.52129,0.3044,0.51539,0.49557,0.48279,0.23299,1.65734,2.60558,1.78247,1.72316,0.07919,0,0,0.000621335,0.000621335,0.000621335
156,7267.78,1.8616,2.88622,2.12281,1.82888,0.10326,0.14523,0.15784,0.45849,0.49681,0.47074,0.26485,0.46725,0.50001,0.44733,0.19362,1.65571,2.61682,1.79672,1.71804,0.08097,0,0,0.00061996,0.00061996,0.00061996
157,7314.28,1.84322,2.86028,2.05711,1.78353,0.09935,0.14084,0.15287,0.42278,0.57976,0.51493,0.2841,0.41714,0.56323,0.49257,0.21942,1.60956,2.59046,1.72607,1.70057,0.07953,0,0,0.000618586,0.000618586,0.000618586
158,7360.63,1.83232,2.88769,2.09676,1.79705,0.10172,0.14279,0.15572,0.4539,0.49679,0.51339,0.29507,0.43467,0.4838,0.4814,0.22452,1.64574,2.59557,1.78048,1.71167,0.07963,0,0,0.000617211,0.000617211,0.000617211
159,7407.09,1.83613,2.86383,2.05967,1.78401,0.10615,0.14915,0.16195,0.47691,0.51051,0.50592,0.29352,0.46367,0.4988,0.47619,0.2182,1.63221,2.58917,1.72171,1.70011,0.08114,0,0,0.000615837,0.000615837,0.000615837
160,7453.21,1.84539,2.80434,2.10472,1.7886,0.1044,0.14585,0.15862,0.55029,0.52791,0.53559,0.30772,0.51165,0.50612,0.49641,0.23856,1.61081,2.57318,1.70734,1.69214,0.07897,0,0,0.000614462,0.000614462,0.000614462
161,7499.65,1.83003,2.81544,2.03959,1.81064,0.10212,0.14378,0.15483,0.56176,0.47361,0.5444,0.31484,0.52132,0.45895,0.50302,0.23862,1.6113,2.57921,1.70727,1.69328,0.07917,0,0,0.000613088,0.000613088,0.000613088
162,7546.1,1.82374,2.8318,2.05432,1.77595,0.10035,0.14201,0.15398,0.542,0.49558,0.54244,0.3101,0.51538,0.49042,0.51442,0.23687,1.63388,2.55581,1.69769,1.7041,0.07894,0,0,0.000611714,0.000611714,0.000611714
163,7592.5,1.82363,2.82236,2.04621,1.77929,0.10292,0.14502,0.15682,0.5315,0.50985,0.53833,0.30784,0.49651,0.50946,0.50488,0.22779,1.59755,2.57826,1.7715,1.67644,0.07892,0,0,0.000610339,0.000610339,0.000610339
164,7639.01,1.8129,2.8222,2.03236,1.77206,0.10352,0.14608,0.15794,0.50505,0.51174,0.52105,0.30029,0.48447,0.49836,0.48353,0.23575,1.61952,2.55324,1.69349,1.68207,0.08019,0,0,0.000608965,0.000608965,0.000608965
165,7685.19,1.81486,2.82551,2.0847,1.78904,0.09993,0.14217,0.15443,0.57159,0.474,0.52109,0.30245,0.5601,0.46089,0.50101,0.24239,1.62635,2.57474,1.74185,1.69527,0.07791,0,0,0.00060759,0.00060759,0.00060759
166,7731.64,1.85863,2.83058,2.07233,1.7758,0.1011,0.14166,0.15384,0.49261,0.5478,0.52586,0.3028,0.48995,0.53184,0.50645,0.23927,1.59399,2.54693,1.69498,1.66987,0.07873,0,0,0.000606216,0.000606216,0.000606216
167,7777.85,1.79951,2.8374,1.99688,1.76859,0.09994,0.14195,0.15466,0.48847,0.56819,0.51294,0.28799,0.48014,0.53556,0.49386,0.22436,1.61074,2.55903,1.65101,1.69243,0.07728,0,0,0.000604841,0.000604841,0.000604841
168,7823.92,1.79195,2.75092,1.97659,1.77321,0.10007,0.14314,0.15465,0.57059,0.48078,0.52972,0.29751,0.55429,0.47071,0.50471,0.23098,1.62777,2.57329,1.68041,1.69199,0.07768,0,0,0.000603467,0.000603467,0.000603467
169,7870.15,1.81038,2.79033,2.03872,1.78789,0.10222,0.14537,0.15721,0.52122,0.51439,0.50612,0.28404,0.5031,0.49775,0.48053,0.23048,1.62625,2.54254,1.69151,1.70123,0.07783,0,0,0.000602092,0.000602092,0.000602092
170,7916.28,1.7928,2.79287,2.0324,1.79771,0.10271,0.14442,0.15692,0.48222,0.52239,0.52392,0.30132,0.49011,0.49478,0.50053,0.23664,1.60608,2.54133,1.65174,1.67803,0.07733,0,0,0.000600718,0.000600718,0.000600718
171,7962.88,1.82177,2.82987,2.03374,1.79488,0.09986,0.14224,0.15372,0.48958,0.55397,0.5191,0.29284,0.46141,0.53734,0.48533,0.22576,1.6103,2.54591,1.73279,1.66622,0.07757,0,0,0.000599343,0.000599343,0.000599343
172,8009.1,1.7772,2.75677,1.9855,1.74028,0.09776,0.13746,0.14947,0.52069,0.5876,0.54858,0.31648,0.49686,0.56304,0.51129,0.23982,1.57913,2.50692,1.62632,1.65176,0.07725,0,0,0.000597969,0.000597969,0.000597969
173,8055.32,1.78999,2.74334,1.98791,1.78059,0.10189,0.14339,0.15566,0.54829,0.54005,0.55397,0.32803,0.52276,0.52094,0.51659,0.25015,1.5675,2.51407,1.62138,1.636,0.07617,0,0,0.000596595,0.000596595,0.000596595
174,8101.56,1.75873,2.81989,1.98773,1.77184,0.09854,0.13898,0.15127,0.56496,0.51324,0.53732,0.31473,0.56441,0.48718,0.50709,0.24402,1.58349,2.52016,1.63707,1.6499,0.07633,0,0,0.00059522,0.00059522,0.00059522
175,8147.6,1.78308,2.76414,1.9977,1.78607,0.09907,0.14071,0.15219,0.51719,0.52694,0.54844,0.3078,0.51746,0.49292,0.50096,0.24026,1.57302,2.52995,1.66443,1.6593,0.07689,0,0,0.000593846,0.000593846,0.000593846
176,8193.96,1.78036,2.77055,1.97904,1.77102,0.09986,0.14141,0.15282,0.45491,0.57713,0.5768,0.34012,0.50195,0.50051,0.54076,0.2655,1.59744,2.51089,1.64178,1.66034,0.07744,0,0,0.000592471,0.000592471,0.000592471
177,8240.38,1.8111,2.79733,1.97142,1.79143,0.10237,0.14258,0.15472,0.60354,0.51469,0.57883,0.34081,0.58522,0.52378,0.55062,0.27047,1.54974,2.48594,1.63084,1.64569,0.07731,0,0,0.000591097,0.000591097,0.000591097
178,8286.59,1.76688,2.7829,1.98384,1.77904,0.10276,0.14476,0.15761,0.51743,0.5416,0.52771,0.30224,0.49907,0.53718,0.51762,0.24348,1.58037,2.50152,1.61669,1.65144,0.07552,0,0,0.000589722,0.000589722,0.000589722
179,8332.87,1.74823,2.79486,1.99832,1.78276,0.09777,0.14045,0.15127,0.60717,0.4819,0.58207,0.35765,0.59325,0.47022,0.55619,0.28196,1.52974,2.47881,1.58489,1.62174,0.07522,0,0,0.000588348,0.000588348,0.000588348
180,8379.06,1.77119,2.77597,1.98284,1.73951,0.09617,0.1389,0.14982,0.45033,0.61036,0.55299,0.32948,0.44892,0.53897,0.50406,0.23205,1.58314,2.51318,1.61332,1.64568,0.07594,0,0,0.000586973,0.000586973,0.000586973
181,8425.36,1.75985,2.77313,1.9597,1.75837,0.09788,0.14189,0.15296,0.48151,0.56086,0.54574,0.32511,0.45861,0.53899,0.50269,0.2489,1.53422,2.48035,1.66067,1.62497,0.07574,0,0,0.000585599,0.000585599,0.000585599
182,8471.59,1.75232,2.74353,1.94837,1.73334,0.09958,0.14293,0.1547,0.58978,0.60297,0.60207,0.35867,0.63408,0.55816,0.57691,0.27683,1.5217,2.46604,1.59371,1.61466,0.07505,0,0,0.000584225,0.000584225,0.000584225
183,8517.74,1.74863,2.78489,1.95212,1.75679,0.10211,0.14142,0.15539,0.57303,0.56513,0.5979,0.34969,0.53658,0.5518,0.54597,0.26603,1.51775,2.47956,1.58264,1.60885,0.07471,0,0,0.00058285,0.00058285,0.00058285
184,8564.14,1.77022,2.78338,1.96594,1.74895,0.09848,0.14244,0.15394,0.50952,0.5614,0.57,0.35419,0.48153,0.55125,0.53897,0.27529,1.54541,2.46449,1.6209,1.61804,0.0753,0,0,0.000581476,0.000581476,0.000581476
185,8610.38,1.72472,2.7248,1.89634,1.73519,0.09811,0.14043,0.1528,0.5962,0.55088,0.58026,0.34805,0.58011,0.53911,0.54967,0.28332,1.54172,2.46162,1.575,1.62062,0.07456,0,0,0.000580101,0.000580101,0.000580101
186,8656.6,1.74258,2.74384,1.88118,1.72167,0.10073,0.14283,0.15523,0.57469,0.53282,0.5768,0.33815,0.57775,0.51853,0.56039,0.2606,1.53697,2.4591,1.55522,1.62185,0.07643,0,0,0.000578727,0.000578727,0.000578727
187,8702.85,1.78516,2.79002,1.95256,1.75767,0.09917,0.14228,0.15344,0.5288,0.61272,0.59327,0.35395,0.51179,0.59356,0.56691,0.28072,1.54185,2.44264,1.55922,1.61928,0.07488,0,0,0.000577352,0.000577352,0.000577352
188,8748.91,1.76213,2.77847,1.98484,1.75063,0.10102,0.14293,0.15596,0.64402,0.54028,0.59232,0.35888,0.6207,0.52532,0.55849,0.27656,1.53673,2.45189,1.57376,1.61939,0.07543,0,0,0.000575978,0.000575978,0.000575978
189,8795.27,1.77716,2.7378,1.92266,1.7415,0.09881,0.14079,0.15198,0.57806,0.54583,0.56506,0.35401,0.56548,0.53558,0.53354,0.26943,1.51485,2.45349,1.56128,1.6114,0.07566,0,0,0.000574603,0.000574603,0.000574603
190,8841.59,1.73334,2.72352,1.88449,1.7342,0.09712,0.13908,0.14948,0.54262,0.55921,0.56576,0.33681,0.55697,0.4939,0.52294,0.25226,1.53872,2.47289,1.62596,1.61721,0.07823,0,0,0.000573229,0.000573229,0.000573229
191,8888.02,1.73942,2.71854,1.89807,1.71966,0.09898,0.14037,0.15227,0.54546,0.58659,0.60169,0.36006,0.51244,0.55595,0.55068,0.2698,1.50891,2.42469,1.53413,1.59386,0.07532,0,0,0.000571854,0.000571854,0.000571854
192,8934.34,1.72224,2.71776,1.89278,1.72471,0.09826,0.14073,0.15279,0.54483,0.57092,0.61673,0.37047,0.50683,0.55441,0.57758,0.28704,1.50977,2.42468,1.53219,1.59702,0.07542,0,0,0.00057048,0.00057048,0.00057048
193,8980.52,1.71319,2.655,1.88475,1.73249,0.09893,0.1397,0.15168,0.56852,0.57935,0.59991,0.36138,0.54922,0.55814,0.57243,0.27833,1.50146,2.43171,1.54778,1.6035,0.07634,0,0,0.000569106,0.000569106,0.000569106
194,9026.68,1.72223,2.70718,1.89813,1.71176,0.09662,0.13767,0.14965,0.60066,0.56456,0.60135,0.34757,0.5798,0.54631,0.569,0.28271,1.50659,2.42093,1.5215,1.60535,0.07513,0,0,0.000567731,0.000567731,0.000567731
195,9072.79,1.73369,2.72841,1.88097,1.73101,0.09808,0.14041,0.15187,0.55845,0.5707,0.60344,0.38568,0.53968,0.55147,0.56706,0.28006,1.5159,2.43087,1.54913,1.60157,0.07535,0,0,0.000566357,0.000566357,0.000566357
196,9119.19,1.76724,2.74761,1.91653,1.73712,0.10234,0.14626,0.15916,0.59668,0.53814,0.60867,0.3734,0.55791,0.54791,0.57562,0.28397,1.51838,2.44926,1.55058,1.60577,0.07535,0,0,0.000564982,0.000564982,0.000564982
197,9165.34,1.7078,2.71908,1.86715,1.71599,0.09867,0.14324,0.15518,0.6752,0.57882,0.60637,0.36529,0.58308,0.5896,0.56309,0.28195,1.49313,2.41326,1.50563,1.59449,0.07441,0,0,0.000563608,0.000563608,0.000563608
198,9211.71,1.75113,2.69389,1.88369,1.70144,0.09709,0.13804,0.14978,0.67734,0.54058,0.60204,0.35576,0.57379,0.55335,0.55499,0.27846,1.51792,2.42676,1.52066,1.59525,0.07459,0,0,0.000562233,0.000562233,0.000562233
199,9258.05,1.75673,2.70699,1.89043,1.71196,0.09557,0.13691,0.14785,0.59075,0.5473,0.61651,0.35259,0.52533,0.56077,0.57732,0.27598,1.49923,2.40961,1.50552,1.59571,0.0738,0,0,0.000560859,0.000560859,0.000560859
200,9304.29,1.75739,2.78319,1.89582,1.73363,0.09917,0.1416,0.15271,0.52707,0.58061,0.60773,0.35913,0.52017,0.54767,0.57244,0.28744,1.53512,2.3929,1.54815,1.59945,0.07466,0,0,0.000559484,0.000559484,0.000559484
201,9350.65,1.72154,2.65679,1.84711,1.7039,0.09956,0.13915,0.15189,0.59998,0.57245,0.61083,0.37297,0.57447,0.55164,0.56841,0.29345,1.48736,2.40778,1.52694,1.58026,0.07419,0,0,0.00055811,0.00055811,0.00055811
202,9396.88,1.71573,2.7115,1.87255,1.7077,0.09805,0.1428,0.15295,0.65023,0.55797,0.61885,0.38128,0.6236,0.53258,0.57661,0.29422,1.46062,2.38433,1.48899,1.56266,0.07318,0,0,0.000556736,0.000556736,0.000556736
203,9443.13,1.69854,2.66813,1.86796,1.69158,0.10124,0.14107,0.15391,0.55986,0.58928,0.62969,0.37709,0.5335,0.57368,0.59319,0.29389,1.48323,2.38255,1.4849,1.58337,0.07336,0,0,0.000555361,0.000555361,0.000555361
204,9489.39,1.72495,2.68546,1.87883,1.70661,0.09887,0.13901,0.15066,0.56424,0.58753,0.60738,0.36498,0.54223,0.56804,0.57502,0.29087,1.49561,2.41808,1.53291,1.58306,0.07502,0,0,0.000553987,0.000553987,0.000553987
205,9535.51,1.69724,2.6683,1.84737,1.71101,0.1008,0.14269,0.15513,0.60279,0.57315,0.59968,0.3607,0.57735,0.55417,0.56982,0.28852,1.47424,2.37354,1.49953,1.56782,0.07551,0,0,0.000552612,0.000552612,0.000552612
206,9581.52,1.70687,2.67826,1.82836,1.72164,0.09658,0.13613,0.148,0.58324,0.52157,0.57291,0.34478,0.56482,0.50332,0.54466,0.27767,1.45551,2.36385,1.46731,1.56002,0.07391,0,0,0.000551238,0.000551238,0.000551238
207,9627.6,1.70214,2.65689,1.83875,1.73609,0.09857,0.14145,0.15312,0.52583,0.59578,0.58862,0.34723,0.50704,0.57679,0.56408,0.28508,1.4709,2.38024,1.53081,1.56589,0.07495,0,0,0.000549863,0.000549863,0.000549863
208,9673.64,1.69942,2.70382,1.88456,1.72561,0.09561,0.13737,0.14808,0.53421,0.60065,0.62217,0.38202,0.52365,0.58353,0.59964,0.30573,1.47112,2.37835,1.47904,1.56459,0.07337,0,0,0.000548489,0.000548489,0.000548489
209,9719.96,1.69679,2.69616,1.82029,1.69728,0.09774,0.13919,0.151,0.54638,0.62137,0.62597,0.38203,0.50637,0.63134,0.60383,0.30611,1.46375,2.36409,1.45219,1.56245,0.07324,0,0,0.000547114,0.000547114,0.000547114
210,9766.14,1.69856,2.64297,1.81214,1.68028,0.09557,0.13572,0.14635,0.5548,0.56528,0.6115,0.38119,0.53476,0.5462,0.58038,0.29447,1.44241,2.34886,1.43869,1.54443,0.07337,0,0,0.00054574,0.00054574,0.00054574
211,9812.41,1.72017,2.67971,1.85483,1.69297,0.09697,0.13594,0.14695,0.54421,0.61479,0.61604,0.39383,0.5542,0.57838,0.58772,0.30787,1.4674,2.36367,1.45058,1.56751,0.07295,0,0,0.000544365,0.000544365,0.000544365
212,9858.67,1.70348,2.68251,1.84601,1.7024,0.10038,0.13958,0.15021,0.53097,0.62616,0.61421,0.38158,0.52532,0.602,0.58701,0.30996,1.46722,2.34011,1.47254,1.56386,0.0735,0,0,0.000542991,0.000542991,0.000542991
213,9904.84,1.69602,2.68082,1.839,1.68275,0.09651,0.13736,0.14694,0.54443,0.5645,0.61339,0.38378,0.5247,0.53893,0.57363,0.30984,1.45012,2.35131,1.4561,1.55121,0.07313,0,0,0.000541617,0.000541617,0.000541617
214,9951.1,1.64922,2.61883,1.79017,1.66133,0.09323,0.13213,0.14252,0.64303,0.55492,0.62077,0.38257,0.64333,0.53035,0.58768,0.29963,1.48656,2.37525,1.48022,1.56551,0.07309,0,0,0.000540242,0.000540242,0.000540242
215,9997.32,1.69421,2.66417,1.83599,1.70424,0.09923,0.13999,0.15198,0.61693,0.5998,0.63339,0.3999,0.56998,0.59743,0.59631,0.30207,1.45911,2.33609,1.46625,1.55397,0.07284,0,0,0.000538868,0.000538868,0.000538868
216,10043.5,1.68675,2.6453,1.8168,1.67778,0.0978,0.13656,0.14757,0.56735,0.63102,0.62875,0.40512,0.55393,0.59717,0.59718,0.30972,1.44023,2.30989,1.4429,1.53098,0.07341,0,0,0.000537493,0.000537493,0.000537493
217,10089.7,1.68482,2.66049,1.80609,1.6818,0.09735,0.1386,0.14912,0.68564,0.53743,0.63587,0.38575,0.66198,0.51723,0.60424,0.30258,1.43959,2.32059,1.42197,1.54253,0.073,0,0,0.000536119,0.000536119,0.000536119
218,10136.1,1.6942,2.67495,1.79073,1.66455,0.09373,0.13304,0.1429,0.5316,0.63714,0.6182,0.38811,0.52181,0.57469,0.57669,0.30899,1.43083,2.31075,1.416,1.5341,0.07139,0,0,0.000534744,0.000534744,0.000534744
219,10182.5,1.70934,2.64896,1.80017,1.66058,0.09618,0.13713,0.14775,0.64589,0.60911,0.63282,0.40159,0.62744,0.58477,0.60279,0.32228,1.43422,2.3134,1.43768,1.53519,0.0718,0,0,0.00053337,0.00053337,0.00053337
220,10228.7,1.70006,2.67081,1.84754,1.69577,0.09712,0.13708,0.14732,0.56842,0.62931,0.62718,0.39172,0.54759,0.61502,0.60208,0.32245,1.42033,2.31658,1.45603,1.52091,0.07419,0,0,0.000531995,0.000531995,0.000531995
221,10275.1,1.6886,2.67629,1.78567,1.68312,0.09907,0.13959,0.15016,0.56716,0.58517,0.63265,0.38985,0.54541,0.56802,0.59809,0.31856,1.42584,2.30098,1.43098,1.52311,0.07243,0,0,0.000530621,0.000530621,0.000530621
222,10321.5,1.70359,2.67574,1.78525,1.6514,0.09733,0.13829,0.14924,0.66172,0.61123,0.64919,0.39517,0.6421,0.59205,0.62299,0.32109,1.43527,2.2955,1.44491,1.53187,0.07133,0,0,0.000529247,0.000529247,0.000529247
223,10367.7,1.702,2.6453,1.82125,1.6819,0.09515,0.13389,0.14481,0.62069,0.61679,0.6442,0.40414,0.60318,0.59549,0.60927,0.32665,1.42138,2.29584,1.40389,1.53196,0.0714,0,0,0.000527872,0.000527872,0.000527872
224,10413.9,1.66742,2.59424,1.79335,1.67118,0.09661,0.13598,0.14693,0.55415,0.64205,0.64472,0.41491,0.55509,0.60393,0.61227,0.32328,1.42335,2.28624,1.41774,1.53761,0.07255,0,0,0.000526498,0.000526498,0.000526498
225,10460,1.6569,2.58256,1.73382,1.66902,0.09403,0.13158,0.14181,0.59201,0.56591,0.63526,0.41378,0.5682,0.5477,0.60296,0.32959,1.42849,2.29323,1.41131,1.52774,0.07126,0,0,0.000525123,0.000525123,0.000525123
226,10506.3,1.65392,2.61416,1.77279,1.65608,0.09828,0.13695,0.14729,0.6007,0.62054,0.64578,0.40755,0.58863,0.59114,0.61148,0.32785,1.42015,2.29114,1.38794,1.52277,0.07111,0,0,0.000523749,0.000523749,0.000523749
227,10552.7,1.69124,2.66294,1.82427,1.66816,0.09654,0.13406,0.14489,0.60646,0.64806,0.64721,0.4079,0.58001,0.62693,0.61389,0.32316,1.4069,2.28105,1.37902,1.52903,0.07168,0,0,0.000522374,0.000522374,0.000522374
228,10599,1.66302,2.63633,1.78566,1.68327,0.09666,0.1345,0.14456,0.6128,0.63405,0.63282,0.39636,0.59748,0.62222,0.59336,0.32577,1.42517,2.27428,1.40532,1.52656,0.07158,0,0,0.000521,0.000521,0.000521
229,10645.4,1.6562,2.62544,1.73985,1.65169,0.09365,0.13084,0.14094,0.64994,0.61364,0.64357,0.41103,0.63306,0.59867,0.6146,0.32712,1.39634,2.26748,1.37007,1.51397,0.07148,0,0,0.000519625,0.000519625,0.000519625
230,10691.7,1.6128,2.55653,1.74704,1.63878,0.09645,0.13303,0.14254,0.6536,0.55981,0.64945,0.41318,0.63229,0.5425,0.61794,0.3393,1.38866,2.26369,1.40915,1.50233,0.07236,0,0,0.000518251,0.000518251,0.000518251
231,10738.3,1.66177,2.62168,1.75631,1.66269,0.09799,0.13492,0.14536,0.63387,0.57698,0.64494,0.41095,0.62498,0.55604,0.62059,0.33041,1.38437,2.2626,1.38883,1.49663,0.07173,0,0,0.000516877,0.000516877,0.000516877
232,10784.4,1.6668,2.61829,1.75782,1.65372,0.09916,0.1366,0.14676,0.64474,0.59948,0.65321,0.41019,0.61317,0.57102,0.61165,0.32085,1.40085,2.27084,1.3812,1.51173,0.07134,0,0,0.000515502,0.000515502,0.000515502
233,10830.4,1.66183,2.65238,1.77132,1.64685,0.09693,0.13286,0.1435,0.65415,0.57489,0.65365,0.41472,0.63026,0.55681,0.61698,0.33173,1.40613,2.29157,1.38621,1.51688,0.07298,0,0,0.000514128,0.000514128,0.000514128
234,10876.5,1.65411,2.56029,1.74061,1.65588,0.09651,0.13199,0.14177,0.61189,0.5599,0.64878,0.41868,0.59815,0.54497,0.6231,0.33773,1.38276,2.25296,1.35492,1.49753,0.07155,0,0,0.000512753,0.000512753,0.000512753
235,10922.7,1.62294,2.57913,1.71557,1.63337,0.09314,0.13037,0.13974,0.62746,0.60465,0.64984,0.42864,0.61337,0.59677,0.63196,0.34284,1.38295,2.25315,1.36659,1.49759,0.07196,0,0,0.000511379,0.000511379,0.000511379
236,10969.1,1.67555,2.6337,1.7684,1.6508,0.09595,0.13393,0.14477,0.61647,0.61624,0.66277,0.43529,0.61338,0.58393,0.63084,0.34264,1.3775,2.23701,1.35241,1.49678,0.07191,0,0,0.000510004,0.000510004,0.000510004
237,11015.2,1.63162,2.57526,1.71373,1.65963,0.09675,0.13292,0.14304,0.6199,0.5955,0.66977,0.42731,0.60667,0.58636,0.64782,0.34905,1.37783,2.25654,1.33508,1.49224,0.07223,0,0,0.00050863,0.00050863,0.00050863
238,11061.3,1.61099,2.53065,1.68311,1.61513,0.09544,0.13117,0.1416,0.62537,0.64537,0.66747,0.43725,0.60025,0.62506,0.63235,0.3503,1.37543,2.24359,1.33283,1.49111,0.07181,0,0,0.000507255,0.000507255,0.000507255
239,11107.6,1.62104,2.57389,1.70017,1.61382,0.09515,0.12814,0.13844,0.64063,0.59434,0.66086,0.43369,0.63007,0.57228,0.63931,0.34425,1.36674,2.233,1.33278,1.48288,0.07196,0,0,0.000505881,0.000505881,0.000505881
240,11153.9,1.64258,2.5695,1.69436,1.62205,0.09618,0.13067,0.14098,0.62897,0.60536,0.66917,0.42579,0.61084,0.58946,0.6406,0.34383,1.37692,2.245,1.34173,1.49485,0.07151,0,0,0.000504506,0.000504506,0.000504506
241,11200.1,1.61278,2.55695,1.67647,1.63892,0.10012,0.13478,0.14653,0.63289,0.60989,0.66915,0.41404,0.62703,0.58306,0.64598,0.33726,1.37872,2.22741,1.35093,1.48602,0.07047,0,0,0.000503132,0.000503132,0.000503132
242,11246.4,1.63373,2.54768,1.72385,1.64085,0.09715,0.13233,0.14283,0.63393,0.62434,0.67616,0.43952,0.62209,0.60458,0.64777,0.34396,1.3691,2.22685,1.3434,1.48367,0.07154,0,0,0.000501758,0.000501758,0.000501758
243,11292.5,1.63236,2.567,1.70817,1.64623,0.09363,0.13114,0.1421,0.60034,0.65579,0.66917,0.43771,0.57321,0.63497,0.64647,0.35363,1.36487,2.2291,1.32717,1.48041,0.07119,0,0,0.000500383,0.000500383,0.000500383
244,11339,1.63294,2.5614,1.71332,1.6439,0.0999,0.13768,0.14793,0.63437,0.63738,0.67504,0.43467,0.617,0.62238,0.64604,0.35073,1.37794,2.25451,1.36566,1.48072,0.07261,0,0,0.000499009,0.000499009,0.000499009
245,11385.2,1.61848,2.52478,1.67846,1.62504,0.09185,0.12455,0.13424,0.61515,0.65844,0.68089,0.43233,0.59244,0.62811,0.64106,0.34446,1.37768,2.23139,1.35381,1.47814,0.07068,0,0,0.000497634,0.000497634,0.000497634
246,11431.4,1.608,2.57032,1.66345,1.62906,0.09721,0.13199,0.14249,0.68799,0.59274,0.68556,0.44683,0.62128,0.58614,0.64873,0.3562,1.35012,2.2171,1.32427,1.46718,0.07088,0,0,0.00049626,0.00049626,0.00049626
247,11477.6,1.59115,2.56569,1.67076,1.623,0.09395,0.13028,0.14013,0.68067,0.63331,0.69851,0.45601,0.64561,0.61442,0.6586,0.36382,1.34242,2.20821,1.29398,1.46726,0.06989,0,0,0.000494885,0.000494885,0.000494885
248,11524,1.60443,2.53671,1.69694,1.6177,0.09195,0.12739,0.13784,0.63664,0.65593,0.67923,0.44356,0.61747,0.63309,0.64997,0.35703,1.35186,2.20033,1.3192,1.46644,0.06971,0,0,0.000493511,0.000493511,0.000493511
249,11570.2,1.59525,2.54791,1.67646,1.60456,0.09306,0.12818,0.13753,0.63004,0.61712,0.66466,0.43991,0.6109,0.59805,0.63337,0.33991,1.35204,2.22521,1.33221,1.46429,0.07035,0,0,0.000492136,0.000492136,0.000492136
250,11616.3,1.65984,2.57203,1.69794,1.62542,0.09581,0.12989,0.14018,0.58917,0.63011,0.66821,0.44579,0.57343,0.61482,0.6362,0.35849,1.34238,2.20903,1.32249,1.46571,0.07054,0,0,0.000490762,0.000490762,0.000490762
251,11662.5,1.62168,2.55538,1.692,1.61271,0.09412,0.13048,0.13901,0.58856,0.63877,0.67949,0.45046,0.56645,0.61712,0.64888,0.36129,1.33636,2.20703,1.32478,1.45799,0.06981,0,0,0.000489387,0.000489387,0.000489387
252,11708.8,1.5984,2.54533,1.65014,1.60536,0.09401,0.1292,0.13859,0.57883,0.61665,0.66218,0.42563,0.56452,0.59199,0.62549,0.34171,1.35692,2.22073,1.32722,1.47716,0.07269,0,0,0.000488013,0.000488013,0.000488013
253,11755.2,1.60207,2.54709,1.69903,1.59814,0.0926,0.12378,0.13413,0.64273,0.60765,0.6816,0.43944,0.63012,0.58269,0.64337,0.34811,1.34366,2.20326,1.31935,1.46028,0.07104,0,0,0.000486639,0.000486639,0.000486639
254,11801.3,1.61586,2.55161,1.68034,1.60644,0.09049,0.12474,0.13418,0.61205,0.63281,0.66448,0.4267,0.59009,0.61103,0.63606,0.34344,1.3632,2.20691,1.33381,1.47226,0.06956,0,0,0.000485264,0.000485264,0.000485264
255,11847.7,1.62652,2.56705,1.68525,1.62888,0.09375,0.1291,0.13921,0.61145,0.64318,0.67427,0.4386,0.59899,0.62925,0.64453,0.35354,1.33874,2.21034,1.32656,1.45256,0.07003,0,0,0.00048389,0.00048389,0.00048389
256,11893.8,1.59148,2.54023,1.69253,1.61235,0.09437,0.12925,0.13905,0.6694,0.62914,0.67082,0.44214,0.652,0.61004,0.63516,0.3478,1.34386,2.19598,1.29735,1.46372,0.06964,0,0,0.000482515,0.000482515,0.000482515
257,11940.1,1.60188,2.56291,1.65488,1.61016,0.09454,0.13027,0.13959,0.65121,0.64626,0.68412,0.4604,0.62826,0.62512,0.64468,0.35324,1.3265,2.1702,1.2776,1.44951,0.06918,0,0,0.000481141,0.000481141,0.000481141
258,11986.3,1.58713,2.55139,1.66085,1.60357,0.09752,0.13263,0.1426,0.61918,0.67441,0.68585,0.4449,0.59855,0.65242,0.64609,0.35362,1.33098,2.16231,1.29152,1.45551,0.0692,0,0,0.000479766,0.000479766,0.000479766
259,12032.6,1.61493,2.54648,1.67414,1.59367,0.09429,0.13032,0.13879,0.60931,0.65186,0.69002,0.45502,0.58256,0.63642,0.64922,0.35806,1.32827,2.17364,1.30578,1.45089,0.07069,0,0,0.000478392,0.000478392,0.000478392
260,12078.7,1.5903,2.48946,1.63147,1.60823,0.09365,0.12811,0.13708,0.62187,0.65384,0.68804,0.44849,0.59691,0.62917,0.64791,0.35617,1.33242,2.16372,1.29137,1.45472,0.06926,0,0,0.000477017,0.000477017,0.000477017
261,12124.8,1.58188,2.48219,1.63295,1.60407,0.09551,0.1275,0.13703,0.64679,0.67721,0.67831,0.44118,0.62425,0.65535,0.6403,0.35649,1.33928,2.17415,1.29778,1.45098,0.07172,0,0,0.000475643,0.000475643,0.000475643
262,12171,1.5484,2.48744,1.61176,1.57825,0.09542,0.1275,0.13742,0.65216,0.61943,0.68319,0.44775,0.62734,0.6028,0.64392,0.35597,1.33545,2.18483,1.30766,1.44855,0.07147,0,0,0.000474269,0.000474269,0.000474269
263,12217.1,1.5912,2.53248,1.65195,1.60934,0.09468,0.12852,0.13789,0.6263,0.65237,0.68519,0.44686,0.60103,0.63384,0.64871,0.36109,1.33484,2.17158,1.28792,1.44656,0.07045,0,0,0.000472894,0.000472894,0.000472894
264,12263.3,1.5602,2.49594,1.6829,1.59955,0.09426,0.12749,0.13784,0.65568,0.64291,0.67981,0.43747,0.63591,0.61954,0.642,0.35116,1.32452,2.15522,1.27753,1.4431,0.06933,0,0,0.00047152,0.00047152,0.00047152
265,12309.7,1.60328,2.5224,1.65533,1.58685,0.09384,0.12603,0.13526,0.63521,0.66741,0.6826,0.45247,0.60713,0.65922,0.65949,0.37131,1.3131,2.13495,1.27266,1.43595,0.07034,0,0,0.000470145,0.000470145,0.000470145
266,12356,1.57464,2.47694,1.62371,1.59065,0.09457,0.12694,0.13607,0.65738,0.62827,0.68261,0.45187,0.65362,0.60426,0.65636,0.3623,1.32498,2.15,1.28487,1.44103,0.06957,0,0,0.000468771,0.000468771,0.000468771
267,12402,1.56873,2.55333,1.64433,1.6238,0.09386,0.12585,0.13626,0.6485,0.63909,0.67599,0.45098,0.627,0.61971,0.64763,0.35469,1.30934,2.1589,1.25708,1.43678,0.0693,0,0,0.000467396,0.000467396,0.000467396
268,12448.3,1.60841,2.52798,1.68191,1.60805,0.09181,0.1264,0.13557,0.66362,0.67408,0.6831,0.46407,0.64487,0.65669,0.65429,0.36198,1.2996,2.14944,1.24982,1.43109,0.06854,0,0,0.000466022,0.000466022,0.000466022
269,12494.6,1.57441,2.49023,1.61047,1.57288,0.0944,0.12939,0.13843,0.61746,0.67645,0.68519,0.44899,0.59798,0.66646,0.6591,0.36607,1.30622,2.14031,1.27535,1.43311,0.0697,0,0,0.000464647,0.000464647,0.000464647
270,12540.8,1.57025,2.52491,1.62508,1.57068,0.09467,0.12699,0.13736,0.65124,0.63984,0.68793,0.45584,0.63211,0.62216,0.6615,0.36162,1.31492,2.14486,1.27826,1.43415,0.07016,0,0,0.000463273,0.000463273,0.000463273
271,12587.1,1.54164,2.47723,1.60397,1.56138,0.09106,0.12402,0.13213,0.65626,0.65598,0.68135,0.4437,0.64691,0.64282,0.6577,0.35797,1.31158,2.13952,1.26671,1.43518,0.06981,0,0,0.000461898,0.000461898,0.000461898
272,12633.3,1.59094,2.50349,1.63258,1.58035,0.09427,0.12824,0.13752,0.70085,0.5705,0.67046,0.43852,0.61736,0.61512,0.64656,0.35266,1.30108,2.13604,1.26,1.43245,0.07038,0,0,0.000460524,0.000460524,0.000460524
273,12679.5,1.54653,2.45953,1.58737,1.58095,0.09404,0.12703,0.13644,0.64933,0.63385,0.68108,0.45266,0.63382,0.62291,0.6485,0.36076,1.30084,2.1345,1.25811,1.43185,0.07029,0,0,0.00045915,0.00045915,0.00045915
274,12725.7,1.56313,2.46266,1.60379,1.56032,0.09359,0.13031,0.13893,0.6408,0.62877,0.68288,0.45404,0.59466,0.65097,0.65379,0.36746,1.29729,2.13633,1.25689,1.42565,0.07041,0,0,0.000457775,0.000457775,0.000457775
275,12771.7,1.5856,2.47914,1.63493,1.60463,0.09514,0.12974,0.14018,0.664,0.64844,0.69147,0.458,0.65611,0.63508,0.66271,0.37268,1.29144,2.13708,1.26474,1.42493,0.06838,0,0,0.000456401,0.000456401,0.000456401
276,12818,1.5902,2.50061,1.61445,1.58188,0.09618,0.13003,0.13858,0.68265,0.63582,0.70096,0.47346,0.68225,0.621,0.67072,0.38242,1.30416,2.14641,1.25363,1.43041,0.06917,0,0,0.000455026,0.000455026,0.000455026
277,12864,1.55448,2.47126,1.5792,1.58767,0.09483,0.12745,0.13588,0.67355,0.67762,0.69815,0.46795,0.6452,0.65568,0.66745,0.37157,1.28401,2.13258,1.23844,1.42188,0.06864,0,0,0.000453652,0.000453652,0.000453652
278,12910.2,1.58229,2.50323,1.62458,1.59529,0.09586,0.13125,0.1404,0.65323,0.68971,0.69912,0.46725,0.62213,0.67033,0.66384,0.37314,1.28569,2.12622,1.23473,1.41678,0.06793,0,0,0.000452277,0.000452277,0.000452277
279,12956.3,1.55307,2.47711,1.58409,1.56709,0.09548,0.12888,0.13726,0.64529,0.65782,0.68622,0.45056,0.62712,0.6481,0.66,0.36455,1.27829,2.11362,1.25238,1.40521,0.0693,0,0,0.000450903,0.000450903,0.000450903
280,13002.4,1.56722,2.48574,1.57974,1.56515,0.09246,0.12476,0.13453,0.65631,0.62413,0.68612,0.45454,0.63948,0.61172,0.65821,0.36612,1.29415,2.1222,1.25017,1.4176,0.06862,0,0,0.000449528,0.000449528,0.000449528
281,13048.6,1.56481,2.49935,1.62411,1.57974,0.09433,0.12836,0.13775,0.67214,0.64077,0.69293,0.46264,0.64972,0.62233,0.66334,0.36779,1.28782,2.11096,1.23535,1.42061,0.0682,0,0,0.000448154,0.000448154,0.000448154
282,13094.7,1.56488,2.46423,1.6287,1.58628,0.09184,0.12402,0.13354,0.67849,0.646,0.69173,0.46597,0.66291,0.62851,0.66366,0.37338,1.29597,2.11743,1.25838,1.42297,0.06936,0,0,0.00044678,0.00044678,0.00044678
283,13140.7,1.57633,2.51209,1.64176,1.58786,0.09315,0.12519,0.13479,0.662,0.63879,0.69855,0.47484,0.66187,0.62,0.66935,0.38131,1.28653,2.10729,1.24023,1.41724,0.06955,0,0,0.000445405,0.000445405,0.000445405
284,13187.1,1.57696,2.42463,1.59214,1.55715,0.09421,0.12729,0.13627,0.66106,0.62999,0.70288,0.45925,0.64671,0.6189,0.67758,0.3749,1.29611,2.10015,1.22718,1.4274,0.06887,0,0,0.000444031,0.000444031,0.000444031
285,13233,1.54219,2.41576,1.58206,1.57605,0.09189,0.12446,0.13371,0.58644,0.68053,0.70178,0.47603,0.59328,0.66162,0.67912,0.39365,1.26857,2.08821,1.21238,1.4107,0.06835,0,0,0.000442656,0.000442656,0.000442656
286,13279,1.51842,2.48531,1.59364,1.56588,0.09342,0.12717,0.13637,0.66961,0.6692,0.71007,0.47663,0.65256,0.65336,0.6765,0.39244,1.27237,2.08779,1.23636,1.4089,0.0688,0,0,0.000441282,0.000441282,0.000441282
287,13325,1.5246,2.44083,1.55168,1.55111,0.09466,0.13004,0.13845,0.64004,0.67903,0.70115,0.45517,0.63978,0.65963,0.67445,0.38106,1.27444,2.09532,1.22405,1.41047,0.06909,0,0,0.000439907,0.000439907,0.000439907
288,13371,1.51049,2.4222,1.54869,1.5597,0.09196,0.12516,0.13354,0.67148,0.63599,0.71175,0.47374,0.66854,0.62474,0.68721,0.39034,1.26849,2.09133,1.20013,1.41117,0.06799,0,0,0.000438533,0.000438533,0.000438533
289,13417.1,1.52493,2.46328,1.57505,1.57101,0.09636,0.12933,0.13872,0.6623,0.67886,0.71131,0.47958,0.65144,0.66862,0.68798,0.39011,1.26715,2.09019,1.19795,1.40605,0.0683,0,0,0.000437158,0.000437158,0.000437158
290,13463.3,1.54734,2.45006,1.58869,1.55935,0.0924,0.12274,0.13175,0.69589,0.64666,0.71565,0.4809,0.68309,0.63441,0.69106,0.38651,1.2752,2.09023,1.22564,1.40902,0.06858,0,0,0.000435784,0.000435784,0.000435784
291,13509.2,1.51667,2.42265,1.55144,1.56385,0.09514,0.12962,0.13777,0.67034,0.66488,0.71001,0.47368,0.65919,0.64995,0.67882,0.38372,1.27108,2.08528,1.20563,1.40137,0.06941,0,0,0.000434409,0.000434409,0.000434409
292,13555.4,1.56026,2.48051,1.56608,1.56957,0.09257,0.12549,0.13442,0.65067,0.65098,0.69924,0.45001,0.62775,0.65375,0.67356,0.37239,1.279,2.09768,1.2229,1.40241,0.06897,0,0,0.000433035,0.000433035,0.000433035
293,13601.5,1.58228,2.48277,1.60121,1.57201,0.09609,0.12845,0.13765,0.68727,0.61996,0.71121,0.47683,0.67703,0.61098,0.69601,0.39578,1.25075,2.0734,1.18724,1.38873,0.06852,0,0,0.000431661,0.000431661,0.000431661
294,13647.6,1.53126,2.45684,1.58093,1.55848,0.0949,0.12933,0.13767,0.6795,0.65609,0.71881,0.47703,0.66493,0.64003,0.68607,0.3897,1.26629,2.06805,1.19642,1.39183,0.0688,0,0,0.000430286,0.000430286,0.000430286
295,13693.8,1.57288,2.48517,1.58228,1.55204,0.0914,0.123,0.13221,0.65866,0.68477,0.69672,0.45805,0.63347,0.66242,0.66123,0.36801,1.28425,2.08446,1.20652,1.40259,0.06818,0,0,0.000428912,0.000428912,0.000428912
296,13740,1.50426,2.41817,1.58853,1.55189,0.0946,0.12651,0.13558,0.63028,0.68346,0.69988,0.46032,0.60883,0.65888,0.66159,0.37599,1.26089,2.0879,1.22951,1.38982,0.06876,0,0,0.000427537,0.000427537,0.000427537
297,13786.2,1.5452,2.49051,1.58094,1.55698,0.09074,0.1234,0.13136,0.63217,0.6736,0.69881,0.4739,0.60669,0.66272,0.66657,0.38448,1.26468,2.08241,1.20916,1.39963,0.06778,0,0,0.000426163,0.000426163,0.000426163
298,13832.3,1.55471,2.41772,1.62389,1.56386,0.09096,0.12349,0.13171,0.66609,0.69204,0.71326,0.48335,0.64751,0.67471,0.68502,0.38704,1.25765,2.07423,1.20564,1.39177,0.0677,0,0,0.000424788,0.000424788,0.000424788
299,13878.4,1.52064,2.44379,1.55751,1.54867,0.09111,0.12227,0.13093,0.65812,0.67774,0.71366,0.47804,0.64683,0.66719,0.6925,0.38626,1.26578,2.06846,1.19539,1.39249,0.06841,0,0,0.000423414,0.000423414,0.000423414
300,13924.4,1.53092,2.42161,1.54313,1.55434,0.08753,0.11801,0.12648,0.65938,0.69793,0.70521,0.47755,0.64791,0.68815,0.68906,0.39307,1.25876,2.06505,1.17937,1.38482,0.06729,0,0,0.000422039,0.000422039,0.000422039
301,13970.5,1.54223,2.45181,1.54554,1.55348,0.09454,0.12518,0.13426,0.68844,0.65586,0.71105,0.49022,0.69393,0.63683,0.69651,0.39462,1.25774,2.07206,1.19149,1.38591,0.06799,0,0,0.000420665,0.000420665,0.000420665
302,14016.8,1.51964,2.42564,1.54021,1.54578,0.08942,0.11981,0.12804,0.68098,0.65191,0.7001,0.47773,0.66619,0.63737,0.67469,0.39492,1.24504,2.0529,1.18674,1.38279,0.06728,0,0,0.000419291,0.000419291,0.000419291
303,14062.7,1.55611,2.40849,1.56783,1.56521,0.08963,0.12292,0.13139,0.66036,0.696,0.70024,0.46913,0.64224,0.67771,0.67595,0.38104,1.25407,2.06111,1.18297,1.38689,0.06729,0,0,0.000417916,0.000417916,0.000417916
304,14108.7,1.51234,2.45813,1.58899,1.54741,0.09256,0.12552,0.13443,0.67697,0.67044,0.70447,0.4816,0.66889,0.66266,0.68832,0.38851,1.24055,2.04637,1.19613,1.37745,0.06713,0,0,0.000416542,0.000416542,0.000416542
305,14154.5,1.50089,2.38608,1.50825,1.5293,0.08825,0.11981,0.12755,0.67135,0.66383,0.71072,0.48421,0.65973,0.65199,0.68651,0.39724,1.24605,2.04116,1.17835,1.3812,0.06769,0,0,0.000415167,0.000415167,0.000415167
306,14200.7,1.50164,2.39551,1.53591,1.54123,0.09644,0.12872,0.13804,0.66256,0.71484,0.717,0.48039,0.64576,0.69736,0.68739,0.39334,1.24518,2.05077,1.18788,1.38151,0.06895,0,0,0.000413793,0.000413793,0.000413793
307,14246.5,1.50331,2.40687,1.53371,1.54827,0.09329,0.1243,0.13309,0.68621,0.69474,0.72309,0.496,0.67896,0.68795,0.70576,0.40177,1.23838,2.03748,1.17389,1.37474,0.06854,0,0,0.000412418,0.000412418,0.000412418
308,14292.7,1.53952,2.45401,1.56237,1.54095,0.09074,0.12414,0.13221,0.63083,0.72206,0.72294,0.4928,0.62564,0.70999,0.70226,0.39745,1.23219,2.03834,1.18807,1.37776,0.06728,0,0,0.000411044,0.000411044,0.000411044
309,14338.7,1.52979,2.42135,1.55887,1.55204,0.09172,0.12445,0.13264,0.69598,0.66827,0.72235,0.48687,0.6875,0.6509,0.69798,0.40621,1.23133,2.04086,1.16777,1.37436,0.0673,0,0,0.000409669,0.000409669,0.000409669
310,14384.9,1.51293,2.41453,1.56053,1.55502,0.08802,0.11841,0.1256,0.63756,0.72126,0.71999,0.48341,0.62753,0.69812,0.69738,0.39835,1.24066,2.04063,1.19881,1.38374,0.06731,0,0,0.000408295,0.000408295,0.000408295
311,14431.2,1.51892,2.3913,1.50347,1.53477,0.09147,0.12375,0.13262,0.67195,0.67896,0.72553,0.48818,0.66622,0.66153,0.7027,0.40167,1.23671,2.03853,1.18832,1.37784,0.06718,0,0,0.00040692,0.00040692,0.00040692
312,14477.5,1.53575,2.42762,1.56468,1.549,0.0867,0.1185,0.1264,0.67718,0.66708,0.72732,0.49244,0.68619,0.65508,0.71023,0.40768,1.24186,2.04097,1.17569,1.38239,0.06686,0,0,0.000405546,0.000405546,0.000405546
313,14523.7,1.47162,2.3631,1.5121,1.5342,0.09039,0.1217,0.12964,0.65856,0.71208,0.73621,0.50089,0.64871,0.69493,0.71032,0.41535,1.21852,2.02242,1.15663,1.36817,0.06698,0,0,0.000404172,0.000404172,0.000404172
314,14570,1.51142,2.41205,1.49969,1.51479,0.09075,0.12305,0.13148,0.6855,0.69817,0.73098,0.50288,0.67492,0.68791,0.70956,0.40961,1.20666,2.00689,1.14946,1.35892,0.06762,0,0,0.000402797,0.000402797,0.000402797
315,14615.9,1.49778,2.41628,1.56843,1.55439,0.09191,0.12355,0.13185,0.63237,0.75172,0.74312,0.50319,0.61394,0.73114,0.71595,0.41589,1.22437,2.01813,1.16855,1.36933,0.06806,0,0,0.000401423,0.000401423,0.000401423
316,14662,1.50304,2.38816,1.52975,1.52511,0.09068,0.12286,0.13069,0.67364,0.69132,0.74205,0.50179,0.66227,0.68043,0.72068,0.41317,1.21965,2.02128,1.14526,1.36342,0.06744,0,0,0.000400048,0.000400048,0.000400048
317,14708.1,1.49089,2.36038,1.47968,1.53252,0.09024,0.12381,0.13221,0.67393,0.72675,0.72777,0.49707,0.66165,0.71106,0.70847,0.40862,1.2204,2.01248,1.14837,1.36179,0.06723,0,0,0.000398674,0.000398674,0.000398674
318,14754.1,1.47985,2.37031,1.4923,1.53091,0.09192,0.1242,0.13182,0.70562,0.68111,0.72791,0.50288,0.703,0.66672,0.71327,0.4095,1.21071,2.01389,1.15287,1.35607,0.06833,0,0,0.000397299,0.000397299,0.000397299
319,14800.2,1.51287,2.35725,1.54522,1.54502,0.08996,0.12089,0.12996,0.68318,0.68301,0.72122,0.49983,0.66925,0.66345,0.69969,0.40783,1.22665,2.01202,1.16664,1.3678,0.06776,0,0,0.000395925,0.000395925,0.000395925
320,14846.3,1.49895,2.38582,1.49246,1.54067,0.09233,0.12149,0.12937,0.68391,0.66559,0.72999,0.50517,0.66964,0.65375,0.70878,0.40728,1.22653,2.02589,1.1724,1.36751,0.0673,0,0,0.00039455,0.00039455,0.00039455
321,14892.2,1.49718,2.38296,1.48575,1.5234,0.09003,0.12115,0.12888,0.65399,0.68899,0.72971,0.49865,0.6447,0.68382,0.71575,0.4149,1.20826,2.00405,1.14708,1.35688,0.06683,0,0,0.000393176,0.000393176,0.000393176
322,14938.4,1.5139,2.3606,1.52508,1.51287,0.0929,0.12492,0.1347,0.66471,0.71198,0.73326,0.50167,0.65095,0.69707,0.71556,0.41791,1.2081,1.99791,1.15101,1.35384,0.06677,0,0,0.000391802,0.000391802,0.000391802
323,14984.3,1.48888,2.37371,1.48777,1.53314,0.08855,0.11814,0.12632,0.6516,0.73282,0.72942,0.50116,0.64385,0.72268,0.70998,0.4115,1.19396,2.00081,1.13024,1.34834,0.06753,0,0,0.000390427,0.000390427,0.000390427
324,15030.4,1.48985,2.41397,1.50967,1.53712,0.09,0.11984,0.12715,0.69819,0.69123,0.73575,0.50212,0.68496,0.6794,0.70659,0.40897,1.21164,2.01133,1.15757,1.3604,0.06778,0,0,0.000389053,0.000389053,0.000389053
325,15076.4,1.49039,2.37653,1.49255,1.52055,0.08932,0.11939,0.12787,0.67347,0.70075,0.73343,0.49288,0.65622,0.68354,0.69444,0.39881,1.21092,2.01548,1.15412,1.35745,0.0677,0,0,0.000387678,0.000387678,0.000387678
326,15122.5,1.49136,2.35507,1.5377,1.52529,0.08975,0.12269,0.13024,0.65877,0.70144,0.72196,0.48348,0.64403,0.68948,0.68846,0.39824,1.20101,2.00413,1.13036,1.35314,0.06678,0,0,0.000386304,0.000386304,0.000386304
327,15168.4,1.44157,2.36284,1.50693,1.52224,0.09012,0.12084,0.12869,0.69802,0.69768,0.72223,0.48262,0.68028,0.68812,0.69287,0.39539,1.19968,2.0003,1.12703,1.35072,0.06691,0,0,0.000384929,0.000384929,0.000384929
328,15214.7,1.55304,2.3646,1.49644,1.52927,0.09159,0.12506,0.13228,0.68977,0.70693,0.73077,0.5035,0.68682,0.67297,0.70949,0.40925,1.19892,1.99689,1.15764,1.35309,0.06691,0,0,0.000383555,0.000383555,0.000383555
329,15260.7,1.4993,2.33303,1.49824,1.52337,0.09117,0.12018,0.12938,0.71754,0.67445,0.73053,0.49988,0.70289,0.67278,0.70801,0.40601,1.19063,1.992,1.14219,1.35226,0.06794,0,0,0.00038218,0.00038218,0.00038218
330,15306.6,1.47109,2.33049,1.47885,1.51529,0.0922,0.1236,0.13221,0.63915,0.72631,0.72624,0.49372,0.63249,0.70691,0.7035,0.40506,1.18937,1.98868,1.12338,1.34386,0.0669,0,0,0.000380806,0.000380806,0.000380806
331,15353,1.48576,2.3626,1.49352,1.50916,0.09038,0.12109,0.12917,0.67094,0.72043,0.73317,0.50453,0.65338,0.70716,0.7053,0.41621,1.1879,1.99101,1.1337,1.34204,0.0664,0,0,0.000379431,0.000379431,0.000379431
332,15399.2,1.45471,2.33383,1.50244,1.51354,0.08777,0.11675,0.12464,0.70899,0.68724,0.73115,0.49812,0.69976,0.67524,0.70825,0.41612,1.18348,1.99453,1.12957,1.34126,0.0661,0,0,0.000378057,0.000378057,0.000378057
333,15445.3,1.51249,2.37121,1.5135,1.5081,0.08838,0.12004,0.12822,0.66929,0.72435,0.72344,0.49515,0.65719,0.71043,0.70038,0.40669,1.19636,1.99275,1.12605,1.34347,0.06616,0,0,0.000376683,0.000376683,0.000376683
334,15491.5,1.50536,2.35947,1.4903,1.52806,0.09085,0.11969,0.12766,0.68243,0.71057,0.72407,0.50063,0.66566,0.69133,0.69539,0.40718,1.19038,1.98959,1.13345,1.34233,0.06647,0,0,0.000375308,0.000375308,0.000375308
335,15537.7,1.49218,2.37033,1.48723,1.50232,0.09231,0.12405,0.13215,0.66486,0.70994,0.72827,0.49803,0.65273,0.69825,0.7031,0.41265,1.19033,1.98491,1.13162,1.34323,0.0662,0,0,0.000373934,0.000373934,0.000373934
336,15583.9,1.50195,2.36824,1.49477,1.51502,0.09138,0.12385,0.13154,0.67801,0.70869,0.72827,0.50813,0.65829,0.69935,0.70324,0.41584,1.20312,1.98038,1.14286,1.33991,0.0666,0,0,0.000372559,0.000372559,0.000372559
337,15629.9,1.49593,2.34117,1.48295,1.53411,0.09015,0.12186,0.12986,0.68103,0.70708,0.73482,0.51042,0.68009,0.69339,0.70912,0.41957,1.18895,1.98292,1.12362,1.33745,0.0661,0,0,0.000371185,0.000371185,0.000371185
338,15676.4,1.51459,2.38424,1.49071,1.5181,0.08973,0.12151,0.12941,0.6575,0.71541,0.73653,0.5101,0.6429,0.69879,0.70338,0.41706,1.17801,1.97306,1.10367,1.33812,0.06585,0,0,0.00036981,0.00036981,0.00036981
339,15722.5,1.47607,2.37014,1.47056,1.50627,0.09097,0.12308,0.13182,0.68552,0.70992,0.73191,0.49656,0.67498,0.69666,0.7025,0.41326,1.18045,1.96085,1.13878,1.33385,0.06661,0,0,0.000368436,0.000368436,0.000368436
340,15768.5,1.49014,2.37298,1.50042,1.52842,0.08885,0.12017,0.12833,0.68875,0.71207,0.72822,0.49732,0.6795,0.70224,0.70777,0.41554,1.18064,1.96909,1.11628,1.33139,0.06671,0,0,0.000367061,0.000367061,0.000367061
341,15814.5,1.46887,2.3363,1.45326,1.52412,0.08793,0.1186,0.12634,0.71401,0.69767,0.73645,0.50667,0.70422,0.68782,0.71449,0.42364,1.17106,1.9692,1.11896,1.32957,0.06606,0,0,0.000365687,0.000365687,0.000365687
342,15860.7,1.48213,2.33508,1.47522,1.49298,0.08529,0.11661,0.12346,0.71589,0.70693,0.74487,0.51108,0.70718,0.69393,0.7226,0.43087,1.16344,1.95317,1.10732,1.32522,0.06582,0,0,0.000364313,0.000364313,0.000364313
343,15906.8,1.47904,2.34259,1.48761,1.49745,0.09077,0.12375,0.1322,0.71487,0.69288,0.73499,0.50423,0.70423,0.68347,0.71315,0.42312,1.17097,1.95957,1.12081,1.32533,0.06592,0,0,0.000362938,0.000362938,0.000362938
344,15952.9,1.45744,2.31866,1.43535,1.49324,0.08894,0.11799,0.12601,0.71825,0.6933,0.74018,0.51377,0.70342,0.68097,0.71324,0.42388,1.16524,1.94943,1.11391,1.32142,0.06626,0,0,0.000361564,0.000361564,0.000361564
345,15999,1.5001,2.36605,1.51999,1.50079,0.08974,0.12124,0.12806,0.68275,0.71343,0.74067,0.50798,0.6801,0.69723,0.71428,0.42093,1.16804,1.95342,1.10377,1.32416,0.066,0,0,0.000360189,0.000360189,0.000360189
346,16045.1,1.45397,2.33217,1.46749,1.50041,0.08868,0.11962,0.12692,0.68697,0.71105,0.73975,0.51272,0.67714,0.69906,0.70994,0.42401,1.17341,1.96769,1.10897,1.33222,0.06636,0,0,0.000358815,0.000358815,0.000358815
347,16091.3,1.49629,2.32532,1.49618,1.51613,0.08783,0.11866,0.12607,0.69301,0.73266,0.73713,0.51512,0.67965,0.71867,0.70999,0.42435,1.1795,1.96195,1.10212,1.32916,0.06541,0,0,0.00035744,0.00035744,0.00035744
348,16137.5,1.50574,2.37146,1.47577,1.50999,0.08949,0.12216,0.13031,0.69438,0.72182,0.75152,0.51608,0.69934,0.69455,0.72716,0.41878,1.16393,1.95464,1.10932,1.32457,0.06522,0,0,0.000356066,0.000356066,0.000356066
349,16183.7,1.45076,2.35923,1.45407,1.50295,0.09062,0.12294,0.1305,0.69523,0.68371,0.74616,0.51103,0.6864,0.663,0.72071,0.41891,1.15713,1.95027,1.10512,1.32178,0.06556,0,0,0.000354691,0.000354691,0.000354691
350,16229.8,1.45119,2.29745,1.45412,1.47469,0.08963,0.11973,0.12827,0.68329,0.72837,0.75307,0.50941,0.68245,0.69034,0.72552,0.43232,1.15822,1.94912,1.09276,1.32081,0.0661,0,0,0.000353317,0.000353317,0.000353317
351,16275.8,1.43407,2.28793,1.42219,1.49135,0.08832,0.11963,0.12719,0.67372,0.72625,0.74845,0.51115,0.66431,0.68668,0.72717,0.4274,1.15848,1.93995,1.0982,1.32312,0.06555,0,0,0.000351942,0.000351942,0.000351942
352,16321.8,1.47459,2.29532,1.46208,1.50012,0.09203,0.12445,0.13263,0.67878,0.71176,0.7491,0.52414,0.66358,0.69182,0.71999,0.42492,1.15991,1.93936,1.09386,1.32435,0.06595,0,0,0.000350568,0.000350568,0.000350568
353,16367.8,1.43498,2.27372,1.43811,1.49729,0.08906,0.11866,0.12597,0.72395,0.68013,0.75958,0.52321,0.73474,0.65202,0.7314,0.43334,1.15719,1.94369,1.08297,1.32192,0.06597,0,0,0.000349194,0.000349194,0.000349194
354,16413.8,1.43263,2.28178,1.43236,1.49507,0.08788,0.12028,0.12789,0.70685,0.70097,0.76147,0.5209,0.69895,0.68993,0.73572,0.43861,1.15863,1.93736,1.09206,1.32044,0.06589,0,0,0.000347819,0.000347819,0.000347819
355,16459.8,1.46123,2.31673,1.45159,1.4943,0.08873,0.11975,0.12752,0.67052,0.71243,0.7523,0.51027,0.66178,0.69772,0.72858,0.42858,1.16452,1.94164,1.09233,1.31874,0.06596,0,0,0.000346445,0.000346445,0.000346445
356,16505.8,1.42627,2.3122,1.41442,1.47215,0.09089,0.12365,0.13048,0.68045,0.71798,0.76716,0.51019,0.67031,0.70688,0.74284,0.44411,1.15859,1.93711,1.09755,1.31377,0.0655,0,0,0.00034507,0.00034507,0.00034507
357,16551.9,1.47117,2.32551,1.45492,1.49264,0.08873,0.11881,0.12681,0.72993,0.68113,0.75444,0.51637,0.72062,0.66826,0.72613,0.44039,1.15961,1.93215,1.09326,1.31325,0.06549,0,0,0.000343696,0.000343696,0.000343696
358,16597.8,1.44926,2.30558,1.46363,1.49694,0.09043,0.12082,0.12846,0.73452,0.67541,0.75704,0.52771,0.72417,0.66643,0.73147,0.43165,1.15335,1.92659,1.08214,1.31189,0.06551,0,0,0.000342321,0.000342321,0.000342321
359,16643.9,1.41099,2.26804,1.39192,1.45066,0.08723,0.1166,0.12374,0.67405,0.73223,0.76158,0.52598,0.67753,0.70268,0.73989,0.43302,1.14866,1.92139,1.09835,1.30912,0.06516,0,0,0.000340947,0.000340947,0.000340947
360,16690,1.43551,2.27452,1.42914,1.47791,0.08837,0.11891,0.12684,0.70371,0.71245,0.76105,0.53111,0.69236,0.70159,0.74038,0.44377,1.14937,1.91723,1.08752,1.30805,0.06486,0,0,0.000339572,0.000339572,0.000339572
361,16736.1,1.45105,2.28951,1.46207,1.49505,0.09038,0.12179,0.13105,0.6573,0.75315,0.75951,0.5252,0.64613,0.70968,0.73222,0.43088,1.14537,1.92859,1.08227,1.306,0.06501,0,0,0.000338198,0.000338198,0.000338198
362,16782.4,1.45214,2.31096,1.42198,1.46602,0.08722,0.11723,0.12484,0.67721,0.70055,0.75584,0.5228,0.66958,0.67745,0.73386,0.43866,1.14682,1.93067,1.08849,1.30541,0.06654,0,0,0.000336824,0.000336824,0.000336824
363,16828.3,1.43949,2.28169,1.40897,1.47476,0.08942,0.11976,0.12715,0.68876,0.70929,0.76317,0.52775,0.6777,0.69766,0.7445,0.44537,1.13991,1.92279,1.06825,1.30566,0.06615,0,0,0.000335449,0.000335449,0.000335449
364,16874.4,1.42275,2.32317,1.40891,1.47173,0.08951,0.12061,0.12814,0.7291,0.66042,0.75953,0.526,0.71552,0.6405,0.73327,0.43642,1.1342,1.91461,1.07952,1.29962,0.06632,0,0,0.000334075,0.000334075,0.000334075
365,16920.5,1.43128,2.2715,1.44821,1.5009,0.09163,0.12286,0.13024,0.74623,0.64921,0.76226,0.5213,0.7266,0.63104,0.73192,0.43592,1.13908,1.91363,1.07677,1.30106,0.0656,0,0,0.0003327,0.0003327,0.0003327
366,16966.6,1.40033,2.29643,1.41896,1.49251,0.09029,0.1217,0.13027,0.71221,0.67194,0.75158,0.52066,0.69476,0.65591,0.72339,0.43119,1.13456,1.9066,1.08402,1.29731,0.06505,0,0,0.000331326,0.000331326,0.000331326
367,17012.5,1.40258,2.28698,1.42811,1.49182,0.0878,0.11819,0.12626,0.69549,0.69191,0.75888,0.52727,0.67966,0.67685,0.73506,0.43426,1.13145,1.90469,1.0716,1.30049,0.06508,0,0,0.000329951,0.000329951,0.000329951
368,17058.3,1.42691,2.30319,1.44165,1.49225,0.08501,0.11375,0.12137,0.71179,0.68562,0.7694,0.52076,0.68654,0.67216,0.73717,0.44084,1.13149,1.89973,1.06408,1.30013,0.06498,0,0,0.000328577,0.000328577,0.000328577
369,17104.2,1.44308,2.29441,1.42807,1.48545,0.08731,0.11675,0.1232,0.73325,0.68203,0.76206,0.5291,0.72372,0.66987,0.74091,0.44228,1.12784,1.90512,1.06014,1.29521,0.06467,0,0,0.000327202,0.000327202,0.000327202
370,17150.3,1.43077,2.27033,1.41654,1.49346,0.09184,0.12429,0.1327,0.7181,0.70902,0.75699,0.52622,0.70086,0.69256,0.72921,0.43892,1.13269,1.90479,1.07679,1.29737,0.0652,0,0,0.000325828,0.000325828,0.000325828
371,17196.3,1.42122,2.26608,1.41476,1.48464,0.08574,0.11702,0.12402,0.70671,0.70656,0.76739,0.52547,0.71336,0.69453,0.74605,0.44649,1.13211,1.90417,1.07026,1.29633,0.06471,0,0,0.000324453,0.000324453,0.000324453
372,17242.5,1.46136,2.34009,1.42375,1.48813,0.08938,0.12104,0.12757,0.70433,0.70948,0.76176,0.52534,0.70729,0.68152,0.73927,0.44426,1.1313,1.90152,1.06815,1.29714,0.0653,0,0,0.000323079,0.000323079,0.000323079
373,17288.5,1.3731,2.21592,1.3577,1.45644,0.08659,0.11857,0.12523,0.71492,0.71273,0.76991,0.52222,0.69808,0.69279,0.74108,0.44541,1.12891,1.8998,1.06914,1.29435,0.06523,0,0,0.000321705,0.000321705,0.000321705
374,17334.6,1.45014,2.31841,1.42368,1.48772,0.08693,0.11757,0.12523,0.70237,0.7278,0.76314,0.53094,0.68387,0.70603,0.72711,0.44034,1.14048,1.89875,1.07592,1.29975,0.06482,0,0,0.00032033,0.00032033,0.00032033
375,17380.7,1.42766,2.25208,1.39979,1.46605,0.08638,0.11582,0.12258,0.71464,0.69069,0.75996,0.5331,0.70418,0.68128,0.73014,0.44259,1.13322,1.89918,1.06516,1.2953,0.06461,0,0,0.000318956,0.000318956,0.000318956
376,17426.8,1.42635,2.27039,1.41072,1.4777,0.09151,0.12352,0.13019,0.67138,0.7442,0.76128,0.54431,0.66223,0.72498,0.72895,0.44648,1.12517,1.8976,1.0582,1.2936,0.06506,0,0,0.000317581,0.000317581,0.000317581
377,17473,1.43196,2.23542,1.40167,1.48174,0.08596,0.11586,0.12271,0.66376,0.75503,0.76703,0.53501,0.64978,0.73604,0.73736,0.44019,1.12957,1.88866,1.05581,1.29221,0.06512,0,0,0.000316207,0.000316207,0.000316207
378,17519.1,1.43623,2.2639,1.41057,1.46135,0.08922,0.11974,0.12713,0.69177,0.73786,0.77445,0.5445,0.6786,0.71943,0.74952,0.45001,1.12925,1.89027,1.06169,1.29588,0.06524,0,0,0.000314832,0.000314832,0.000314832
379,17565.2,1.45247,2.29006,1.43032,1.49534,0.08781,0.12003,0.12647,0.69015,0.74055,0.78073,0.54457,0.65881,0.73445,0.75941,0.4586,1.11836,1.8867,1.05025,1.2903,0.06487,0,0,0.000313458,0.000313458,0.000313458
380,17611.4,1.42077,2.31288,1.40948,1.48067,0.08897,0.11889,0.12632,0.70655,0.72356,0.78859,0.54922,0.68813,0.70509,0.76241,0.47447,1.12282,1.88368,1.06666,1.2899,0.06499,0,0,0.000312083,0.000312083,0.000312083
381,17657.4,1.41381,2.24967,1.39484,1.47334,0.08749,0.11804,0.12447,0.66764,0.75554,0.78584,0.54704,0.64653,0.7413,0.75553,0.46418,1.13005,1.88586,1.06888,1.29253,0.06539,0,0,0.000310709,0.000310709,0.000310709
382,17703.5,1.4137,2.26745,1.39798,1.46438,0.08758,0.11703,0.12406,0.68297,0.75785,0.78673,0.55411,0.67164,0.7437,0.76365,0.46681,1.122,1.87875,1.05961,1.29106,0.06463,0,0,0.000309335,0.000309335,0.000309335
383,17749.3,1.39711,2.267,1.39657,1.4809,0.09096,0.11942,0.12742,0.70934,0.71215,0.78821,0.55181,0.68526,0.68714,0.75703,0.46802,1.11979,1.88049,1.04896,1.29246,0.06481,0,0,0.00030796,0.00030796,0.00030796
384,17795.4,1.41332,2.26677,1.3736,1.46766,0.08923,0.11952,0.12772,0.71734,0.74382,0.79247,0.55273,0.70418,0.73388,0.77181,0.47799,1.12407,1.88407,1.05524,1.29201,0.0645,0,0,0.000306586,0.000306586,0.000306586
385,17841.4,1.40243,2.26788,1.39218,1.47187,0.08694,0.11592,0.12315,0.71601,0.74539,0.79366,0.55499,0.7063,0.73624,0.77719,0.47456,1.11427,1.87346,1.05046,1.2863,0.06457,0,0,0.000305211,0.000305211,0.000305211
386,17887.4,1.41468,2.25917,1.39127,1.46722,0.08622,0.11496,0.12182,0.71366,0.74451,0.78861,0.55157,0.70243,0.73173,0.76772,0.47148,1.10953,1.86816,1.0485,1.27969,0.06421,0,0,0.000303837,0.000303837,0.000303837
387,17933.4,1.41843,2.27677,1.37483,1.46165,0.08772,0.11789,0.12489,0.71004,0.73146,0.78746,0.55432,0.69119,0.71,0.76156,0.46732,1.11006,1.8651,1.04063,1.2781,0.06484,0,0,0.000302462,0.000302462,0.000302462
388,17979.3,1.41375,2.25651,1.39257,1.47543,0.08747,0.11728,0.12488,0.71782,0.72596,0.78607,0.55535,0.70397,0.69889,0.76251,0.47378,1.11054,1.86239,1.0373,1.27953,0.06492,0,0,0.000301088,0.000301088,0.000301088
389,18025.5,1.41621,2.28427,1.38424,1.46776,0.08825,0.11784,0.12537,0.70152,0.75365,0.78476,0.55493,0.68563,0.74387,0.76384,0.47055,1.11106,1.8653,1.04332,1.27832,0.06488,0,0,0.000299713,0.000299713,0.000299713
390,18071.6,1.414,2.26352,1.39227,1.4647,0.08647,0.11575,0.12279,0.69674,0.75249,0.79324,0.54917,0.70318,0.70462,0.76532,0.47399,1.10996,1.87248,1.04649,1.27987,0.06446,0,0,0.000298339,0.000298339,0.000298339
391,18117.7,1.38589,2.25646,1.3676,1.4645,0.08787,0.11886,0.12542,0.69204,0.74195,0.78656,0.55237,0.68023,0.71918,0.76127,0.46628,1.11764,1.87068,1.0382,1.28204,0.06448,0,0,0.000296964,0.000296964,0.000296964
392,18163.8,1.38554,2.21737,1.3523,1.44847,0.08559,0.11453,0.12148,0.68373,0.71131,0.78059,0.54979,0.67472,0.70386,0.76415,0.46894,1.10721,1.87126,1.04027,1.27724,0.06456,0,0,0.00029559,0.00029559,0.00029559
393,18209.8,1.42996,2.27923,1.38778,1.46795,0.08842,0.12008,0.12661,0.68799,0.70924,0.77354,0.54697,0.67494,0.6966,0.75071,0.45483,1.11381,1.87251,1.04427,1.2798,0.06443,0,0,0.000294216,0.000294216,0.000294216
394,18256,1.39672,2.23391,1.36913,1.44824,0.08948,0.12109,0.12838,0.68964,0.71405,0.77306,0.54443,0.68025,0.70506,0.74772,0.45661,1.10802,1.86157,1.04944,1.27754,0.06397,0,0,0.000292841,0.000292841,0.000292841
395,18302.3,1.39166,2.22996,1.37362,1.44653,0.0861,0.11629,0.12225,0.68254,0.73678,0.77788,0.5433,0.67361,0.70973,0.74917,0.45554,1.10834,1.85655,1.0337,1.27678,0.06392,0,0,0.000291467,0.000291467,0.000291467
396,18348.4,1.39888,2.26265,1.37433,1.46534,0.08909,0.12001,0.12741,0.73741,0.68359,0.781,0.54647,0.72339,0.67026,0.7595,0.45162,1.10836,1.85746,1.04218,1.27686,0.06411,0,0,0.000290092,0.000290092,0.000290092
397,18394.3,1.38117,2.29168,1.37867,1.45446,0.08629,0.11665,0.12321,0.67391,0.73728,0.78383,0.55154,0.65749,0.71693,0.75692,0.46189,1.10762,1.85884,1.04787,1.2769,0.06464,0,0,0.000288718,0.000288718,0.000288718
398,18440.4,1.40679,2.27641,1.35573,1.45355,0.09034,0.12209,0.12967,0.67992,0.74425,0.78003,0.54415,0.70716,0.69522,0.76245,0.46751,1.09983,1.85168,1.0291,1.27274,0.06424,0,0,0.000287343,0.000287343,0.000287343
399,18486.3,1.37999,2.20661,1.3538,1.45339,0.0867,0.1171,0.12367,0.7309,0.67582,0.77818,0.54354,0.72326,0.66772,0.75786,0.45803,1.10892,1.85634,1.02739,1.27754,0.06415,0,0,0.000285969,0.000285969,0.000285969
400,18532.3,1.38749,2.24531,1.3636,1.4541,0.08847,0.12046,0.12717,0.71288,0.70931,0.77328,0.54431,0.69974,0.69706,0.74585,0.45476,1.11432,1.85479,1.03216,1.27976,0.06473,0,0,0.000284594,0.000284594,0.000284594
401,18578.3,1.40974,2.27862,1.38157,1.4723,0.08422,0.11427,0.12008,0.72794,0.70411,0.78708,0.5509,0.71383,0.69084,0.7679,0.46892,1.10718,1.85342,1.03636,1.27953,0.06368,0,0,0.00028322,0.00028322,0.00028322
402,18624.1,1.37572,2.24332,1.34628,1.43789,0.08747,0.11861,0.12576,0.7139,0.71612,0.79323,0.55322,0.70051,0.7032,0.77217,0.46538,1.10819,1.85276,1.02974,1.27645,0.06382,0,0,0.000281846,0.000281846,0.000281846
403,18670,1.39199,2.25319,1.35658,1.44932,0.08499,0.11591,0.12211,0.75856,0.70664,0.80189,0.55698,0.74686,0.69459,0.78089,0.47272,1.09879,1.85554,1.01933,1.27196,0.06384,0,0,0.000280471,0.000280471,0.000280471
404,18716,1.42677,2.25579,1.3751,1.46781,0.09073,0.12223,0.12917,0.76653,0.69352,0.79793,0.55638,0.7342,0.69431,0.77929,0.47495,1.09335,1.85005,1.0215,1.27065,0.06378,0,0,0.000279097,0.000279097,0.000279097
405,18762.1,1.38553,2.22147,1.34607,1.44722,0.08577,0.11639,0.12224,0.74333,0.69255,0.78641,0.55533,0.73005,0.681,0.76719,0.46759,1.09258,1.84692,1.02634,1.26987,0.06411,0,0,0.000277722,0.000277722,0.000277722
406,18808.1,1.3957,2.24296,1.36701,1.44377,0.08834,0.11782,0.12533,0.70205,0.73467,0.79303,0.55844,0.69144,0.72408,0.7715,0.47481,1.08329,1.84342,1.01924,1.26676,0.0638,0,0,0.000276348,0.000276348,0.000276348
407,18854.1,1.3873,2.22482,1.34866,1.43876,0.08736,0.11912,0.12604,0.70026,0.73147,0.79365,0.56312,0.68842,0.71732,0.77007,0.48076,1.08573,1.83918,1.02567,1.26969,0.06378,0,0,0.000274973,0.000274973,0.000274973
408,18900.1,1.36285,2.2457,1.35591,1.45141,0.09005,0.12024,0.12755,0.73124,0.70942,0.79985,0.56444,0.71568,0.70424,0.77701,0.47702,1.09136,1.83837,1.02191,1.26771,0.06371,0,0,0.000273599,0.000273599,0.000273599
409,18946,1.35685,2.21172,1.33966,1.43971,0.08908,0.11886,0.12586,0.72796,0.72482,0.79317,0.5616,0.71677,0.71653,0.7707,0.47428,1.08653,1.83361,1.01541,1.26515,0.06363,0,0,0.000272224,0.000272224,0.000272224
410,18992,1.36298,2.20706,1.33549,1.43006,0.09303,0.12393,0.13057,0.70725,0.75455,0.79407,0.5659,0.69649,0.73972,0.77142,0.47892,1.08676,1.82544,1.02131,1.26544,0.06408,0,0,0.00027085,0.00027085,0.00027085
411,19038.1,1.37368,2.25386,1.34226,1.44384,0.08775,0.1181,0.12599,0.71834,0.77658,0.80375,0.56389,0.70651,0.75935,0.78494,0.49012,1.08497,1.82731,1.01301,1.2659,0.06386,0,0,0.000269475,0.000269475,0.000269475
412,19084.2,1.42327,2.24971,1.36875,1.45519,0.0869,0.11837,0.12486,0.70089,0.76884,0.79797,0.55061,0.68393,0.75073,0.77499,0.48348,1.08656,1.82643,1.01635,1.26692,0.06399,0,0,0.000268101,0.000268101,0.000268101
413,19130.3,1.41001,2.27899,1.36512,1.44354,0.08662,0.11632,0.12286,0.72675,0.77258,0.80946,0.56142,0.70591,0.75676,0.77995,0.48729,1.08657,1.82382,1.01747,1.26667,0.06416,0,0,0.000266727,0.000266727,0.000266727
414,19176.2,1.33178,2.17525,1.31547,1.42621,0.08631,0.11565,0.12201,0.70921,0.73148,0.80266,0.55645,0.69746,0.71951,0.78218,0.48139,1.07926,1.82192,1.0162,1.26273,0.06387,0,0,0.000265352,0.000265352,0.000265352
415,19222,1.32653,2.16415,1.30901,1.42091,0.08509,0.11424,0.12069,0.70792,0.74117,0.79589,0.55642,0.69377,0.72673,0.76944,0.47103,1.08353,1.82215,1.00934,1.26299,0.06431,0,0,0.000263978,0.000263978,0.000263978
416,19268,1.38784,2.21208,1.36065,1.43274,0.08728,0.11783,0.12365,0.71456,0.72247,0.79534,0.55434,0.70423,0.71321,0.77578,0.47741,1.08043,1.81356,1.01366,1.25872,0.06385,0,0,0.000262603,0.000262603,0.000262603
417,19313.9,1.37701,2.19284,1.3318,1.43149,0.08914,0.11956,0.12694,0.71233,0.74341,0.80045,0.56167,0.70864,0.72575,0.78226,0.48122,1.07543,1.80632,1.0059,1.25641,0.06346,0,0,0.000261229,0.000261229,0.000261229
418,19359.9,1.34687,2.16039,1.32545,1.43078,0.08627,0.11676,0.12349,0.6893,0.75774,0.797,0.56413,0.68546,0.73759,0.77485,0.47135,1.07848,1.81462,1.00903,1.25692,0.06376,0,0,0.000259854,0.000259854,0.000259854
419,19405.9,1.39713,2.2407,1.354,1.44063,0.08742,0.11821,0.12571,0.68198,0.76745,0.8027,0.55959,0.66977,0.7543,0.78153,0.47698,1.07968,1.82196,1.0026,1.2589,0.06368,0,0,0.00025848,0.00025848,0.00025848
420,19451.8,1.35746,2.22239,1.32023,1.41301,0.08565,0.11618,0.12319,0.70629,0.74685,0.80576,0.56905,0.6933,0.72904,0.78216,0.47941,1.07311,1.81683,0.99958,1.25904,0.06351,0,0,0.000257105,0.000257105,0.000257105
421,19497.6,1.34394,2.19987,1.33362,1.43371,0.08876,0.1196,0.12753,0.7289,0.72431,0.80616,0.5697,0.70963,0.71093,0.77938,0.48688,1.07318,1.81049,0.9982,1.25623,0.06347,0,0,0.000255731,0.000255731,0.000255731
422,19543.5,1.3342,2.19838,1.32049,1.423,0.0862,0.11562,0.12286,0.711,0.73343,0.8015,0.5712,0.69645,0.71584,0.77376,0.48222,1.07036,1.81131,1.00287,1.25244,0.06386,0,0,0.000254357,0.000254357,0.000254357
423,19589.8,1.43124,2.2942,1.40597,1.4378,0.08695,0.1187,0.1251,0.72011,0.77071,0.80896,0.5735,0.69893,0.75182,0.77823,0.47727,1.07611,1.81313,1.00846,1.25203,0.06403,0,0,0.000252982,0.000252982,0.000252982
424,19636.1,1.38301,2.2262,1.32827,1.42007,0.08736,0.11795,0.1254,0.70965,0.75252,0.80299,0.56807,0.69166,0.73075,0.77399,0.47758,1.07233,1.81042,1.00561,1.25054,0.06357,0,0,0.000251608,0.000251608,0.000251608
425,19682,1.35799,2.23666,1.33985,1.43686,0.08632,0.11639,0.12272,0.74247,0.71628,0.80514,0.57092,0.71915,0.69368,0.77035,0.47989,1.06511,1.80978,1.00513,1.2503,0.064,0,0,0.000250233,0.000250233,0.000250233
426,19727.9,1.36219,2.18634,1.31784,1.42367,0.08672,0.11758,0.12464,0.70316,0.76653,0.80743,0.56193,0.68333,0.75146,0.78372,0.489,1.07081,1.80304,1.00107,1.25452,0.06334,0,0,0.000248859,0.000248859,0.000248859
427,19773.9,1.37085,2.19806,1.33291,1.43706,0.08555,0.11631,0.12347,0.71368,0.79874,0.80668,0.56311,0.696,0.78111,0.77687,0.48533,1.06455,1.79902,0.99839,1.25013,0.06322,0,0,0.000247484,0.000247484,0.000247484
428,19820,1.35123,2.16794,1.3425,1.41734,0.08745,0.11774,0.12556,0.72399,0.77378,0.80703,0.56509,0.71573,0.75647,0.77632,0.48414,1.06876,1.80082,1.00356,1.24789,0.06342,0,0,0.00024611,0.00024611,0.00024611
429,19866.1,1.40587,2.23636,1.35971,1.44258,0.08595,0.11594,0.1225,0.7569,0.70204,0.80221,0.56036,0.74387,0.69155,0.77367,0.47746,1.07108,1.80156,1.00126,1.24977,0.06353,0,0,0.000244735,0.000244735,0.000244735
430,19912.4,1.36853,2.16218,1.32864,1.4187,0.08785,0.11569,0.12261,0.71578,0.72345,0.79477,0.56136,0.70717,0.7149,0.77644,0.46455,1.06965,1.79765,0.9955,1.24755,0.06325,0,0,0.000243361,0.000243361,0.000243361
431,19958.5,1.34234,2.17539,1.31784,1.41843,0.08562,0.11516,0.1227,0.70786,0.75007,0.79322,0.55849,0.69872,0.73465,0.77251,0.4794,1.06297,1.79305,0.99396,1.24579,0.06371,0,0,0.000241986,0.000241986,0.000241986
432,20004.6,1.37545,2.20785,1.31501,1.42477,0.08884,0.11877,0.1259,0.71998,0.75025,0.79934,0.56381,0.71794,0.73228,0.78399,0.47976,1.06124,1.80143,0.99066,1.24474,0.064,0,0,0.000240612,0.000240612,0.000240612
433,20050.8,1.40752,2.23253,1.36566,1.44961,0.08936,0.12055,0.12765,0.72499,0.74589,0.80139,0.57387,0.71275,0.73415,0.78007,0.46792,1.055,1.79473,0.99001,1.24256,0.06337,0,0,0.000239238,0.000239238,0.000239238
434,20096.8,1.37664,2.1926,1.3464,1.44441,0.08632,0.11662,0.12324,0.71523,0.74951,0.8023,0.56366,0.7055,0.73598,0.78225,0.46323,1.07213,1.7948,0.99849,1.24927,0.064,0,0,0.000237863,0.000237863,0.000237863
435,20142.9,1.38367,2.18665,1.34253,1.43913,0.08797,0.11713,0.12284,0.72978,0.75135,0.80429,0.57297,0.71637,0.73938,0.78073,0.46875,1.06842,1.7887,0.99461,1.24705,0.06323,0,0,0.000236489,0.000236489,0.000236489
436,20189.3,1.40508,2.21092,1.36438,1.45115,0.0848,0.11506,0.12233,0.70063,0.74705,0.79547,0.56911,0.70324,0.73215,0.77755,0.48391,1.06194,1.78345,0.99343,1.24578,0.06317,0,0,0.000235114,0.000235114,0.000235114
437,20235.4,1.36926,2.21151,1.33161,1.42388,0.08549,0.1148,0.12196,0.71522,0.78456,0.80371,0.57307,0.7065,0.77591,0.78513,0.49874,1.06092,1.78695,0.98529,1.24479,0.06346,0,0,0.00023374,0.00023374,0.00023374
438,20281.3,1.33283,2.14939,1.3217,1.41434,0.08298,0.11127,0.11824,0.70957,0.78953,0.80699,0.57443,0.70534,0.77762,0.78818,0.49993,1.05695,1.78797,0.9891,1.24293,0.06312,0,0,0.000232365,0.000232365,0.000232365
439,20327.2,1.34274,2.1796,1.3038,1.43674,0.08568,0.11299,0.11976,0.71379,0.78676,0.81221,0.57492,0.72803,0.75815,0.79231,0.49476,1.0564,1.78921,0.99001,1.24351,0.06282,0,0,0.000230991,0.000230991,0.000230991
440,20373.3,1.33503,2.15159,1.29886,1.40972,0.08573,0.11592,0.12253,0.74533,0.72993,0.80867,0.57672,0.73177,0.71684,0.78804,0.49667,1.05737,1.78662,0.99145,1.24326,0.06299,0,0,0.000229616,0.000229616,0.000229616
441,20419.4,1.40133,2.22645,1.35354,1.42151,0.08827,0.11863,0.12609,0.72532,0.73207,0.80674,0.57424,0.71068,0.71306,0.77655,0.48783,1.05105,1.78532,0.98302,1.24125,0.06332,0,0,0.000228242,0.000228242,0.000228242
442,20465.6,1.35036,2.14938,1.30049,1.40306,0.08529,0.11469,0.12113,0.72455,0.78528,0.8188,0.57351,0.7129,0.76501,0.79052,0.48564,1.0523,1.7836,0.98208,1.24068,0.06314,0,0,0.000226868,0.000226868,0.000226868
443,20511.6,1.33387,2.15084,1.29214,1.41419,0.08662,0.11478,0.12165,0.74604,0.76753,0.81746,0.57592,0.73149,0.75167,0.79366,0.47712,1.05365,1.77219,0.98342,1.23959,0.06309,0,0,0.000225493,0.000225493,0.000225493
444,20557.6,1.38164,2.19427,1.32579,1.41909,0.08669,0.11569,0.1228,0.7494,0.76463,0.81796,0.58229,0.73233,0.74523,0.7883,0.48475,1.05062,1.77379,0.98354,1.23941,0.06287,0,0,0.000224119,0.000224119,0.000224119
445,20603.7,1.35511,2.20941,1.31438,1.42032,0.08483,0.11406,0.12078,0.7323,0.78148,0.8155,0.58803,0.71715,0.76592,0.79059,0.49324,1.05241,1.77258,0.98424,1.23921,0.06309,0,0,0.000222744,0.000222744,0.000222744
446,20649.9,1.33551,2.15345,1.28917,1.40829,0.08712,0.1176,0.12443,0.73422,0.74606,0.8108,0.58619,0.71624,0.72736,0.78003,0.48771,1.04953,1.77348,0.99084,1.23739,0.0633,0,0,0.00022137,0.00022137,0.00022137
447,20695.7,1.31211,2.13493,1.28768,1.4057,0.08561,0.11398,0.12117,0.73271,0.75938,0.80544,0.5833,0.72105,0.74303,0.78441,0.48171,1.05568,1.77268,0.98479,1.23794,0.06323,0,0,0.000219995,0.000219995,0.000219995
448,20741.6,1.34223,2.15543,1.30312,1.40929,0.08651,0.11661,0.12296,0.73333,0.75579,0.8093,0.58473,0.71609,0.73838,0.78122,0.48166,1.05585,1.77432,0.97796,1.23852,0.0629,0,0,0.000218621,0.000218621,0.000218621
449,20787.6,1.33063,2.17826,1.2866,1.41503,0.087,0.11549,0.12315,0.73703,0.78884,0.82142,0.58702,0.72344,0.77415,0.79832,0.49552,1.04694,1.77441,0.98357,1.23616,0.06251,0,0,0.000217246,0.000217246,0.000217246
450,20833.5,1.34789,2.18173,1.30901,1.41524,0.08639,0.11611,0.12352,0.76356,0.72944,0.81083,0.58199,0.74185,0.71397,0.78449,0.47643,1.04171,1.77087,0.97874,1.23205,0.06278,0,0,0.000215872,0.000215872,0.000215872
451,20879.4,1.34759,2.18694,1.33987,1.42399,0.08633,0.11465,0.12207,0.72393,0.80386,0.81547,0.57841,0.72503,0.78074,0.79738,0.49412,1.04647,1.76426,0.97657,1.23335,0.06293,0,0,0.000214497,0.000214497,0.000214497
452,20925.5,1.33438,2.17176,1.27764,1.39644,0.08832,0.11467,0.12114,0.7276,0.79147,0.81834,0.57915,0.71394,0.77555,0.79797,0.49102,1.05168,1.76689,0.98106,1.23484,0.06297,0,0,0.000213123,0.000213123,0.000213123
453,20971.5,1.3557,2.16807,1.30707,1.41835,0.08517,0.115,0.12173,0.72502,0.79685,0.81983,0.58383,0.71293,0.77509,0.79578,0.48952,1.0508,1.76487,0.98439,1.23527,0.06268,0,0,0.000211749,0.000211749,0.000211749
454,21017.6,1.32908,2.13741,1.27668,1.41318,0.08486,0.11434,0.1212,0.72169,0.79964,0.81603,0.58051,0.70231,0.77837,0.78243,0.49139,1.03933,1.76517,0.96824,1.23222,0.06249,0,0,0.000210374,0.000210374,0.000210374
455,21063.6,1.34887,2.19012,1.3154,1.42875,0.08467,0.11424,0.12099,0.70462,0.764,0.81293,0.57968,0.69067,0.74902,0.78745,0.49374,1.04006,1.7649,0.97267,1.23324,0.06243,0,0,0.000209,0.000209,0.000209
456,21109.5,1.32311,2.16127,1.29992,1.41537,0.08398,0.1147,0.12101,0.6976,0.78691,0.81116,0.58071,0.68409,0.76693,0.78511,0.49418,1.0376,1.76723,0.96786,1.23151,0.0623,0,0,0.000207625,0.000207625,0.000207625
457,21155.6,1.31622,2.17187,1.28686,1.40221,0.08838,0.11918,0.12585,0.7294,0.74405,0.80951,0.58489,0.71469,0.72953,0.78405,0.48867,1.03563,1.76433,0.96999,1.23071,0.06234,0,0,0.000206251,0.000206251,0.000206251
458,21201.6,1.33559,2.15566,1.28875,1.39926,0.08313,0.11213,0.11892,0.70602,0.77423,0.81551,0.58644,0.68542,0.75903,0.78713,0.49489,1.03758,1.76377,0.97008,1.23185,0.06236,0,0,0.000204876,0.000204876,0.000204876
459,21247.7,1.32971,2.14077,1.31526,1.40439,0.08682,0.11722,0.12373,0.71719,0.8154,0.82228,0.58593,0.70215,0.79854,0.8003,0.49909,1.04133,1.76347,0.96863,1.23096,0.06218,0,0,0.000203502,0.000203502,0.000203502
460,21294.2,1.31782,2.13266,1.30159,1.40082,0.08818,0.11818,0.12442,0.72198,0.79572,0.81722,0.57893,0.70802,0.77292,0.7899,0.49607,1.04274,1.76055,0.97046,1.22999,0.06285,0,0,0.000202127,0.000202127,0.000202127
461,21340.4,1.33268,2.20856,1.29872,1.42415,0.08816,0.11879,0.12551,0.70244,0.77853,0.81274,0.58236,0.694,0.7615,0.79213,0.4973,1.03713,1.75811,0.96701,1.22823,0.06279,0,0,0.000200753,0.000200753,0.000200753
462,21386.7,1.32153,2.12091,1.28731,1.39939,0.08465,0.11371,0.12096,0.72192,0.75399,0.80909,0.58296,0.71307,0.74001,0.7882,0.49231,1.03851,1.7524,0.96504,1.22816,0.06269,0,0,0.000199379,0.000199379,0.000199379
463,21432.8,1.32728,2.19086,1.28128,1.40351,0.08908,0.12249,0.1291,0.70605,0.76384,0.80555,0.58254,0.69332,0.75004,0.78341,0.48685,1.03471,1.74977,0.96666,1.22436,0.06268,0,0,0.000198004,0.000198004,0.000198004
464,21478.8,1.32638,2.16721,1.27909,1.41015,0.08248,0.11481,0.12026,0.71101,0.77758,0.81321,0.58547,0.70565,0.74834,0.79187,0.49985,1.03156,1.74941,0.96238,1.22404,0.06245,0,0,0.00019663,0.00019663,0.00019663
465,21524.9,1.34421,2.15561,1.29311,1.40556,0.084,0.11247,0.11896,0.71348,0.79052,0.8214,0.58898,0.72197,0.75311,0.80258,0.50363,1.03006,1.74946,0.96441,1.22268,0.06245,0,0,0.000195255,0.000195255,0.000195255
466,21571,1.3194,2.12915,1.28792,1.40775,0.08676,0.11736,0.12408,0.68529,0.78151,0.8189,0.58619,0.67258,0.76738,0.79876,0.49911,1.02979,1.75174,0.9677,1.22194,0.06234,0,0,0.000193881,0.000193881,0.000193881
467,21617.2,1.3404,2.13815,1.28987,1.39883,0.0873,0.11761,0.12566,0.71387,0.75497,0.81897,0.5851,0.69676,0.74217,0.80031,0.49776,1.03111,1.75629,0.9634,1.22192,0.06266,0,0,0.000192506,0.000192506,0.000192506
468,21663.5,1.36154,2.15343,1.30236,1.41966,0.08573,0.11537,0.12184,0.71522,0.74584,0.82217,0.58744,0.70158,0.73168,0.80074,0.50001,1.02856,1.75635,0.95757,1.22118,0.06267,0,0,0.000191132,0.000191132,0.000191132
469,21709.7,1.34579,2.17133,1.3283,1.41614,0.08711,0.1177,0.12338,0.70846,0.75406,0.81544,0.59145,0.69447,0.73955,0.79529,0.4991,1.02484,1.75155,0.95697,1.22225,0.06247,0,0,0.000189757,0.000189757,0.000189757
470,21755.9,1.34611,2.16802,1.3152,1.43844,0.08593,0.11661,0.12266,0.74125,0.78923,0.82567,0.59924,0.72582,0.77697,0.80485,0.50969,1.02284,1.74848,0.95788,1.22191,0.06228,0,0,0.000188383,0.000188383,0.000188383
471,21802.2,1.33455,2.15321,1.28989,1.39096,0.0883,0.11768,0.1247,0.73684,0.77925,0.82901,0.60007,0.73172,0.7567,0.80751,0.50876,1.0268,1.74615,0.96135,1.22119,0.0624,0,0,0.000187008,0.000187008,0.000187008
472,21848.3,1.30513,2.15141,1.28846,1.39732,0.08261,0.11113,0.11769,0.71008,0.76032,0.82097,0.59612,0.69323,0.74205,0.79154,0.50491,1.0247,1.74484,0.95574,1.22035,0.06212,0,0,0.000185634,0.000185634,0.000185634
473,21894.4,1.32656,2.11769,1.29125,1.39811,0.0839,0.11178,0.11919,0.74203,0.73205,0.82183,0.60246,0.7289,0.7195,0.80106,0.50341,1.02471,1.7419,0.95823,1.21952,0.06166,0,0,0.00018426,0.00018426,0.00018426
474,21940.6,1.32986,2.14098,1.30459,1.40764,0.08223,0.11249,0.11855,0.71011,0.76395,0.81764,0.59456,0.6897,0.74289,0.78917,0.5015,1.0234,1.74064,0.95889,1.21722,0.06192,0,0,0.000182885,0.000182885,0.000182885
475,21986.8,1.3712,2.1352,1.32408,1.42755,0.08479,0.11288,0.11996,0.76558,0.7026,0.81868,0.59441,0.74719,0.68708,0.79331,0.48894,1.02514,1.7389,0.95976,1.21784,0.0617,0,0,0.000181511,0.000181511,0.000181511
476,22033.4,1.38321,2.17878,1.3167,1.40789,0.08708,0.11673,0.12377,0.7587,0.71303,0.81736,0.59675,0.74409,0.70518,0.79376,0.50714,1.02361,1.73959,0.96374,1.21525,0.06176,0,0,0.000180136,0.000180136,0.000180136
477,22079.7,1.28411,2.13047,1.26616,1.39473,0.08288,0.11165,0.11743,0.73973,0.79644,0.82552,0.59917,0.72879,0.78295,0.80286,0.51034,1.02146,1.73856,0.96254,1.21533,0.06196,0,0,0.000178762,0.000178762,0.000178762
478,22125.9,1.30571,2.15078,1.2901,1.39483,0.08405,0.11414,0.12058,0.70967,0.81737,0.82426,0.59334,0.70637,0.79218,0.80304,0.50359,1.02098,1.7414,0.95953,1.21555,0.06178,0,0,0.000177387,0.000177387,0.000177387
479,22172.3,1.35108,2.17067,1.30382,1.39926,0.08417,0.11461,0.12021,0.7192,0.80116,0.82414,0.59238,0.70852,0.78772,0.80351,0.50577,1.02084,1.74021,0.95563,1.2144,0.06177,0,0,0.000176013,0.000176013,0.000176013
480,22218.5,1.30005,2.10188,1.23431,1.3892,0.08535,0.11364,0.12015,0.74153,0.78148,0.82273,0.59542,0.72307,0.77099,0.79965,0.4994,1.01989,1.73401,0.95602,1.21212,0.0621,0,0,0.000174638,0.000174638,0.000174638
481,22264.6,1.30535,2.13534,1.26295,1.38659,0.08456,0.11178,0.11925,0.73817,0.7819,0.82287,0.59907,0.72356,0.77046,0.80036,0.50419,1.01852,1.73082,0.95154,1.21253,0.06183,0,0,0.000173264,0.000173264,0.000173264
482,22310.6,1.30051,2.09988,1.24702,1.409,0.08243,0.11021,0.11682,0.73083,0.78212,0.82356,0.59131,0.72162,0.77264,0.80281,0.48496,1.01615,1.73081,0.95194,1.2114,0.06158,0,0,0.00017189,0.00017189,0.00017189
483,22356.7,1.32473,2.10865,1.27347,1.38591,0.08405,0.11422,0.12001,0.7505,0.76448,0.82345,0.59444,0.73596,0.75198,0.80123,0.48495,1.01741,1.73175,0.95687,1.21122,0.06157,0,0,0.000170515,0.000170515,0.000170515
484,22402.8,1.29681,2.12719,1.24362,1.39246,0.08464,0.11583,0.12324,0.7427,0.78738,0.82544,0.59941,0.72669,0.77281,0.80097,0.48272,1.00956,1.73227,0.95196,1.20894,0.06166,0,0,0.000169141,0.000169141,0.000169141
485,22448.8,1.30905,2.13749,1.27014,1.39909,0.08435,0.11441,0.12106,0.73125,0.79709,0.82336,0.59773,0.71935,0.78399,0.80686,0.4893,1.01073,1.73053,0.95566,1.20767,0.0616,0,0,0.000167766,0.000167766,0.000167766
486,22494.9,1.32541,2.10639,1.27149,1.38219,0.08614,0.11583,0.12225,0.74953,0.7795,0.82401,0.60176,0.73159,0.77011,0.80479,0.48626,1.01056,1.72541,0.9551,1.2075,0.06162,0,0,0.000166392,0.000166392,0.000166392
487,22541.2,1.32763,2.11683,1.2769,1.39284,0.08718,0.11608,0.12253,0.73867,0.79973,0.82628,0.59691,0.72317,0.78391,0.80173,0.48638,1.00833,1.72367,0.95489,1.20883,0.06159,0,0,0.000165017,0.000165017,0.000165017
488,22587.5,1.33983,2.18246,1.29062,1.39571,0.08275,0.11404,0.12032,0.74013,0.77522,0.82386,0.5981,0.71934,0.75456,0.79448,0.48809,1.00541,1.72172,0.95703,1.20723,0.06163,0,0,0.000163643,0.000163643,0.000163643
489,22633.5,1.29479,2.1004,1.25818,1.38335,0.08404,0.11335,0.11991,0.72698,0.78658,0.82468,0.6023,0.71689,0.77401,0.80717,0.50706,1.00351,1.72013,0.94842,1.20521,0.06162,0,0,0.000162268,0.000162268,0.000162268
490,22679.5,1.29584,2.12931,1.29168,1.39328,0.08376,0.11424,0.12022,0.71319,0.77579,0.81882,0.59935,0.70346,0.76592,0.80079,0.50249,1.00535,1.72052,0.95104,1.20597,0.06181,0,0,0.000160894,0.000160894,0.000160894
491,22725.5,1.30698,2.10076,1.27763,1.3981,0.08213,0.1127,0.11931,0.70501,0.78085,0.82413,0.59914,0.6907,0.76528,0.80202,0.50744,1.00983,1.72111,0.9505,1.20874,0.06143,0,0,0.00015952,0.00015952,0.00015952
492,22771.6,1.30582,2.10877,1.24322,1.38906,0.08618,0.11715,0.12485,0.71514,0.80547,0.83147,0.60377,0.70294,0.79151,0.80957,0.51321,1.01026,1.71844,0.94959,1.20915,0.06139,0,0,0.000158145,0.000158145,0.000158145
493,22817.7,1.27425,2.05407,1.24277,1.37439,0.08507,0.11568,0.12151,0.72382,0.78916,0.83069,0.60436,0.70364,0.77093,0.80673,0.5086,1.0122,1.71762,0.94721,1.20922,0.06143,0,0,0.000156771,0.000156771,0.000156771
494,22863.8,1.2932,2.10106,1.27261,1.38256,0.08561,0.11508,0.12181,0.70744,0.76486,0.82275,0.59987,0.68855,0.7452,0.7962,0.50379,1.01283,1.71926,0.94349,1.20928,0.06135,0,0,0.000155396,0.000155396,0.000155396
495,22909.8,1.28606,2.10475,1.27515,1.39298,0.08409,0.11366,0.11936,0.75197,0.76158,0.82758,0.59944,0.73557,0.74468,0.80543,0.50444,1.01397,1.71936,0.94838,1.20909,0.06132,0,0,0.000154022,0.000154022,0.000154022
496,22955.9,1.30316,2.11705,1.234,1.36921,0.08243,0.11024,0.11596,0.75078,0.78744,0.82843,0.6011,0.73341,0.76657,0.80589,0.50731,1.01235,1.72012,0.94441,1.20732,0.06136,0,0,0.000152647,0.000152647,0.000152647
497,23001.9,1.31038,2.15719,1.29731,1.39298,0.08558,0.11505,0.12091,0.74912,0.78077,0.82765,0.59656,0.73065,0.76754,0.80509,0.50237,1.00717,1.71734,0.94116,1.20563,0.06174,0,0,0.000151273,0.000151273,0.000151273
498,23047.9,1.27143,2.11151,1.23747,1.3687,0.08289,0.11089,0.11764,0.71796,0.8216,0.82537,0.59824,0.70376,0.806,0.8041,0.50058,1.00619,1.71492,0.93947,1.20648,0.06189,0,0,0.000149898,0.000149898,0.000149898
499,23094,1.30886,2.11228,1.25862,1.38978,0.08259,0.11184,0.11799,0.71952,0.80802,0.82449,0.59903,0.70962,0.79238,0.80315,0.50151,1.00324,1.71403,0.9403,1.20677,0.06206,0,0,0.000148524,0.000148524,0.000148524
500,23140,1.30231,2.08769,1.25609,1.37217,0.08352,0.11287,0.11934,0.71898,0.81397,0.82669,0.60107,0.69999,0.79259,0.80055,0.50511,0.99942,1.71088,0.94141,1.20453,0.06209,0,0,0.000147149,0.000147149,0.000147149
501,23186.2,1.30861,2.13095,1.27081,1.38964,0.08383,0.11432,0.12041,0.71828,0.8109,0.82673,0.60965,0.70481,0.79531,0.80583,0.50727,0.99581,1.71334,0.94678,1.20189,0.06207,0,0,0.000145775,0.000145775,0.000145775
502,23232.3,1.28997,2.09041,1.23417,1.37172,0.08256,0.11389,0.12014,0.72338,0.82508,0.82567,0.6055,0.71413,0.80333,0.80742,0.5049,0.99647,1.71389,0.94134,1.20263,0.06184,0,0,0.000144401,0.000144401,0.000144401
503,23278.5,1.3137,2.12592,1.28759,1.39043,0.08702,0.1161,0.12186,0.73388,0.81619,0.82599,0.60554,0.72699,0.79044,0.80698,0.50519,0.99766,1.71303,0.9411,1.20233,0.062,0,0,0.000143026,0.000143026,0.000143026
504,23324.7,1.30298,2.15129,1.24631,1.40344,0.08619,0.11595,0.12225,0.74467,0.80054,0.82909,0.60718,0.73432,0.78214,0.81039,0.50616,0.9955,1.71111,0.93876,1.20134,0.06203,0,0,0.000141652,0.000141652,0.000141652
505,23370.9,1.31579,2.11827,1.26549,1.38775,0.08558,0.11733,0.12368,0.75142,0.78536,0.82749,0.60621,0.73652,0.76952,0.80683,0.50717,0.99805,1.70957,0.93895,1.20249,0.06211,0,0,0.000140277,0.000140277,0.000140277
506,23416.9,1.28411,2.07879,1.25989,1.38217,0.08447,0.11404,0.12039,0.7374,0.80659,0.82965,0.60713,0.72227,0.79016,0.80669,0.50739,0.99615,1.70783,0.93681,1.20227,0.06198,0,0,0.000138903,0.000138903,0.000138903
507,23463.1,1.31483,2.14868,1.26877,1.38966,0.08232,0.11069,0.11712,0.72468,0.81016,0.82909,0.60629,0.70946,0.79347,0.80619,0.51406,0.99445,1.7075,0.93548,1.20101,0.06174,0,0,0.000137528,0.000137528,0.000137528
508,23509.4,1.28044,2.11372,1.23862,1.37564,0.08876,0.1195,0.12567,0.73033,0.80248,0.83038,0.60617,0.70515,0.78472,0.8012,0.51049,0.99686,1.70724,0.94006,1.20076,0.06191,0,0,0.000136154,0.000136154,0.000136154
509,23555.5,1.2738,2.06564,1.21978,1.35999,0.08112,0.10852,0.11496,0.7222,0.81062,0.83298,0.6095,0.70267,0.78923,0.80312,0.51016,0.99622,1.70737,0.93416,1.20128,0.06163,0,0,0.000134779,0.000134779,0.000134779
510,23601.6,1.26456,2.05923,1.21354,1.36653,0.08284,0.11231,0.1191,0.73208,0.80067,0.83106,0.60553,0.71721,0.78848,0.80856,0.51291,0.99275,1.70594,0.93353,1.19972,0.06131,0,0,0.000133405,0.000133405,0.000133405
511,23647.5,1.28702,2.09005,1.24505,1.39081,0.08488,0.11539,0.1221,0.73923,0.78674,0.83446,0.60642,0.73028,0.77094,0.81339,0.5156,0.99321,1.70412,0.93164,1.19989,0.06123,0,0,0.000132031,0.000132031,0.000132031
512,23693.7,1.28154,2.05135,1.23568,1.36439,0.08223,0.10864,0.11493,0.74029,0.78164,0.82997,0.60721,0.72868,0.77004,0.80944,0.51227,0.99141,1.70106,0.93515,1.19869,0.0612,0,0,0.000130656,0.000130656,0.000130656
513,23739.9,1.27415,2.09452,1.24775,1.3644,0.08596,0.11566,0.12245,0.73308,0.79276,0.8346,0.61371,0.72199,0.77333,0.8128,0.51665,0.99134,1.69895,0.93521,1.19633,0.0612,0,0,0.000129282,0.000129282,0.000129282
514,23785.9,1.28652,2.08042,1.21726,1.37608,0.08632,0.11664,0.12261,0.73884,0.79255,0.83287,0.61265,0.72486,0.77251,0.81158,0.5087,0.99371,1.69857,0.9345,1.19748,0.06131,0,0,0.000127907,0.000127907,0.000127907
515,23832.1,1.25148,2.08788,1.2159,1.36651,0.0865,0.11797,0.12522,0.73302,0.81,0.83366,0.60721,0.72027,0.79405,0.81359,0.51434,0.99008,1.69925,0.92975,1.19574,0.0615,0,0,0.000126533,0.000126533,0.000126533
516,23878.2,1.26384,2.06834,1.21932,1.36596,0.08409,0.11321,0.11926,0.73499,0.80414,0.83434,0.61002,0.72019,0.78839,0.81452,0.52194,0.98685,1.6944,0.92861,1.19494,0.06148,0,0,0.000125158,0.000125158,0.000125158
517,23924.3,1.26533,2.08014,1.22519,1.3702,0.08349,0.11344,0.11927,0.72987,0.80921,0.83587,0.61045,0.72476,0.7857,0.81579,0.51632,0.98683,1.6942,0.92689,1.19533,0.06133,0,0,0.000123784,0.000123784,0.000123784
518,23970.3,1.28133,2.08439,1.25087,1.37463,0.08233,0.11136,0.11695,0.73815,0.80484,0.83564,0.60787,0.72482,0.79075,0.81378,0.51631,0.98788,1.69498,0.92702,1.19607,0.06129,0,0,0.000122409,0.000122409,0.000122409
519,24016.5,1.28904,2.10597,1.23456,1.37414,0.08463,0.1139,0.11932,0.72975,0.81026,0.83385,0.60866,0.71773,0.79712,0.8123,0.51858,0.98771,1.69255,0.92652,1.19526,0.0611,0,0,0.000121035,0.000121035,0.000121035
520,24062.8,1.29537,2.12576,1.24504,1.36878,0.08448,0.11572,0.12236,0.72576,0.81478,0.83834,0.60945,0.71212,0.80034,0.81904,0.51503,0.98967,1.69012,0.92768,1.19557,0.0612,0,0,0.00011966,0.00011966,0.00011966
521,24108.8,1.28765,2.08001,1.26752,1.39044,0.08526,0.11602,0.12239,0.73086,0.81946,0.83798,0.60943,0.71734,0.80424,0.81808,0.51474,0.98594,1.68841,0.9217,1.19411,0.06126,0,0,0.000118286,0.000118286,0.000118286
522,24154.8,1.28399,2.06439,1.23623,1.37775,0.08235,0.11185,0.11725,0.72717,0.82209,0.84245,0.61451,0.71447,0.80761,0.82084,0.51749,0.98361,1.68805,0.91897,1.19335,0.06137,0,0,0.000116912,0.000116912,0.000116912
523,24201.1,1.24574,2.05634,1.20043,1.35736,0.08458,0.11369,0.11969,0.73856,0.79436,0.84019,0.61322,0.72674,0.78596,0.81891,0.51572,0.98386,1.68615,0.92222,1.19232,0.06146,0,0,0.000115537,0.000115537,0.000115537
524,24247.2,1.30047,2.08676,1.24732,1.38116,0.0851,0.11559,0.12185,0.74932,0.7863,0.84023,0.61287,0.73365,0.77597,0.81808,0.50914,0.98482,1.68403,0.92248,1.19105,0.06149,0,0,0.000114163,0.000114163,0.000114163
525,24293.4,1.22396,2.03955,1.21999,1.35375,0.08256,0.11176,0.11812,0.74138,0.796,0.8382,0.61081,0.72983,0.77789,0.81273,0.51443,0.98526,1.68439,0.9255,1.19079,0.0614,0,0,0.000112788,0.000112788,0.000112788
526,24339.4,1.27681,2.08295,1.25703,1.37623,0.08245,0.1111,0.11743,0.72803,0.81977,0.84081,0.61136,0.70721,0.80713,0.81317,0.51225,0.98644,1.68583,0.92646,1.19148,0.06133,0,0,0.000111414,0.000111414,0.000111414
527,24385.4,1.24753,2.05764,1.21513,1.3622,0.08173,0.11065,0.11662,0.74406,0.80565,0.84371,0.61514,0.72711,0.78769,0.81621,0.51492,0.98446,1.6893,0.92511,1.19167,0.06132,0,0,0.000110039,0.000110039,0.000110039
528,24431.5,1.26595,2.04117,1.24532,1.36624,0.08392,0.11341,0.11936,0.73646,0.81131,0.84343,0.6169,0.72322,0.79768,0.81999,0.5114,0.98246,1.68677,0.92111,1.19199,0.06128,0,0,0.000108665,0.000108665,0.000108665
529,24477.7,1.25275,2.06575,1.22728,1.35634,0.08263,0.11335,0.11909,0.74026,0.8013,0.8428,0.61658,0.72739,0.78058,0.81902,0.51415,0.97971,1.68325,0.91851,1.19108,0.06121,0,0,0.00010729,0.00010729,0.00010729
530,24523.7,1.24831,2.05569,1.20773,1.35577,0.08258,0.11239,0.11807,0.73375,0.81511,0.84215,0.61391,0.7233,0.79834,0.8194,0.51685,0.98187,1.68344,0.92073,1.19144,0.06105,0,0,0.000105916,0.000105916,0.000105916
531,24569.7,1.2643,2.08105,1.22761,1.36922,0.0827,0.11109,0.11725,0.73467,0.81435,0.84119,0.61396,0.72335,0.80023,0.81967,0.51845,0.97863,1.68312,0.9191,1.1908,0.06105,0,0,0.000104542,0.000104542,0.000104542
532,24615.8,1.23793,2.01635,1.183,1.35758,0.08499,0.11422,0.12095,0.7279,0.81993,0.84075,0.61473,0.71543,0.80043,0.81566,0.51346,0.97914,1.68218,0.91945,1.1904,0.06103,0,0,0.000103167,0.000103167,0.000103167
533,24662.2,1.28406,2.0842,1.23712,1.38161,0.08455,0.11511,0.12148,0.72297,0.82659,0.84264,0.61595,0.71018,0.81173,0.81695,0.51211,0.98081,1.68154,0.92006,1.19105,0.06117,0,0,0.000101793,0.000101793,0.000101793
534,24708.2,1.29531,2.08777,1.23646,1.38318,0.08504,0.11525,0.12148,0.75296,0.80365,0.84456,0.61888,0.74309,0.79308,0.82471,0.51322,0.97976,1.67983,0.91791,1.19117,0.06142,0,0,0.000100418,0.000100418,0.000100418
535,24754.4,1.27721,2.07692,1.2268,1.36995,0.08612,0.11458,0.12071,0.75444,0.79862,0.8395,0.61453,0.75103,0.78538,0.82051,0.51229,0.98022,1.67958,0.92212,1.19058,0.06124,0,0,9.90437e-05,9.90437e-05,9.90437e-05
536,24800.3,1.25765,2.04496,1.20876,1.35965,0.0809,0.10993,0.11569,0.76489,0.79017,0.83876,0.61278,0.75399,0.77825,0.81972,0.51,0.97984,1.68157,0.92525,1.19007,0.06137,0,0,9.76692e-05,9.76692e-05,9.76692e-05
537,24846.4,1.26074,2.05672,1.20592,1.35397,0.0841,0.11275,0.11862,0.74414,0.80637,0.84193,0.61386,0.73502,0.78319,0.82165,0.51114,0.97711,1.67954,0.9199,1.1892,0.06132,0,0,9.62948e-05,9.62948e-05,9.62948e-05
538,24892.5,1.25835,2.05165,1.20956,1.35943,0.08243,0.11147,0.11717,0.72976,0.81971,0.83993,0.61534,0.73566,0.79072,0.8201,0.51427,0.97228,1.67519,0.91519,1.18671,0.06117,0,0,9.49203e-05,9.49203e-05,9.49203e-05
539,24938.7,1.29336,2.12879,1.24084,1.3849,0.08254,0.11103,0.117,0.74797,0.79592,0.84013,0.61466,0.73731,0.78296,0.81916,0.5142,0.97257,1.67315,0.91689,1.18557,0.06122,0,0,9.35459e-05,9.35459e-05,9.35459e-05
540,24984.9,1.28205,2.09255,1.24413,1.36804,0.08183,0.11078,0.11662,0.74331,0.80348,0.84011,0.61554,0.73672,0.77982,0.81776,0.52029,0.97119,1.67092,0.91578,1.18526,0.06108,0,0,9.21715e-05,9.21715e-05,9.21715e-05
541,25031.2,1.29953,2.08805,1.23578,1.36373,0.08374,0.11206,0.11863,0.73749,0.81652,0.84022,0.61587,0.74137,0.7729,0.81876,0.52048,0.97478,1.66951,0.91731,1.18547,0.06103,0,0,9.0797e-05,9.0797e-05,9.0797e-05
542,25077.4,1.26603,2.03722,1.19885,1.36378,0.08392,0.11265,0.11861,0.73792,0.81537,0.83777,0.61336,0.73199,0.79679,0.81738,0.5197,0.97157,1.6691,0.9158,1.18398,0.061,0,0,8.94226e-05,8.94226e-05,8.94226e-05
543,25123.5,1.25342,2.05487,1.22367,1.36668,0.08077,0.11005,0.11643,0.74657,0.8139,0.84241,0.62218,0.73405,0.79414,0.82174,0.52039,0.96918,1.66745,0.9148,1.18363,0.0609,0,0,8.80481e-05,8.80481e-05,8.80481e-05
544,25169.5,1.2455,2.06532,1.2344,1.36629,0.08333,0.11384,0.11974,0.72379,0.84035,0.83528,0.61439,0.71192,0.819,0.81416,0.52047,0.96986,1.66879,0.91423,1.18355,0.06076,0,0,8.66736e-05,8.66736e-05,8.66736e-05
545,25215.5,1.24246,2.04068,1.19654,1.37445,0.08278,0.11321,0.11848,0.74111,0.81869,0.83918,0.61233,0.76028,0.76766,0.8197,0.51854,0.9679,1.67054,0.91445,1.18234,0.06069,0,0,8.52992e-05,8.52992e-05,8.52992e-05
546,25261.5,1.24152,2.02655,1.20103,1.35576,0.08222,0.1098,0.11544,0.75247,0.79985,0.84191,0.62044,0.75769,0.77395,0.82101,0.52321,0.96446,1.67125,0.917,1.18091,0.06074,0,0,8.39248e-05,8.39248e-05,8.39248e-05
547,25307.7,1.26845,2.07258,1.21588,1.37013,0.08296,0.11309,0.1193,0.77024,0.78567,0.84161,0.62054,0.75863,0.7732,0.82076,0.51971,0.96276,1.66967,0.91799,1.1801,0.06078,0,0,8.25503e-05,8.25503e-05,8.25503e-05
548,25353.8,1.26781,2.06856,1.22594,1.36896,0.0808,0.11094,0.11636,0.75666,0.7966,0.84285,0.62197,0.75178,0.78057,0.82429,0.52057,0.96373,1.6711,0.91596,1.18143,0.06085,0,0,8.11759e-05,8.11759e-05,8.11759e-05
549,25400.3,1.25322,2.0612,1.24367,1.36344,0.08145,0.11072,0.11655,0.75117,0.80621,0.83859,0.61887,0.74427,0.79236,0.8192,0.51843,0.96336,1.66859,0.91034,1.18208,0.06092,0,0,7.98014e-05,7.98014e-05,7.98014e-05
550,25446.5,1.29364,2.1112,1.2221,1.3636,0.08347,0.11338,0.11964,0.76026,0.80199,0.84056,0.61721,0.75325,0.78872,0.8205,0.51925,0.96305,1.66696,0.9114,1.18147,0.06107,0,0,7.84269e-05,7.84269e-05,7.84269e-05
551,25492.7,1.26628,2.08111,1.20941,1.35175,0.08571,0.11742,0.12416,0.75141,0.82047,0.84304,0.61829,0.73866,0.80503,0.82227,0.51981,0.96161,1.66572,0.91182,1.17977,0.06129,0,0,7.70525e-05,7.70525e-05,7.70525e-05
552,25538.7,1.29707,2.08218,1.22255,1.36435,0.08207,0.11187,0.11736,0.74889,0.8118,0.84253,0.61832,0.73724,0.79581,0.82238,0.50866,0.96188,1.66603,0.91515,1.17919,0.06135,0,0,7.5678e-05,7.5678e-05,7.5678e-05
553,25584.6,1.25958,2.11284,1.25417,1.38195,0.08432,0.11392,0.1209,0.7446,0.82118,0.84089,0.61843,0.73747,0.80033,0.82088,0.50827,0.96114,1.66603,0.91156,1.1787,0.06105,0,0,7.43036e-05,7.43036e-05,7.43036e-05
554,25630.9,1.25821,2.08523,1.21657,1.35131,0.0829,0.1117,0.11847,0.75147,0.81883,0.84368,0.62001,0.74289,0.80024,0.82319,0.50954,0.96346,1.66532,0.91185,1.17971,0.06094,0,0,7.29292e-05,7.29292e-05,7.29292e-05
555,25676.8,1.23333,2.03381,1.19543,1.35523,0.08296,0.11322,0.1194,0.75471,0.81919,0.84407,0.62176,0.74459,0.79103,0.82322,0.52641,0.96466,1.66217,0.91057,1.1797,0.06092,0,0,7.15547e-05,7.15547e-05,7.15547e-05
556,25722.9,1.24945,2.07202,1.22917,1.35261,0.08218,0.10993,0.11637,0.75955,0.80578,0.84412,0.6225,0.75584,0.78566,0.8247,0.52619,0.96511,1.66109,0.90909,1.17972,0.06091,0,0,7.01802e-05,7.01802e-05,7.01802e-05
557,25769.2,1.25405,2.05937,1.19797,1.35303,0.08432,0.11507,0.12073,0.75694,0.79966,0.84316,0.61883,0.74805,0.7873,0.82446,0.52969,0.96329,1.66049,0.90837,1.17906,0.06081,0,0,6.88058e-05,6.88058e-05,6.88058e-05
558,25815.2,1.24381,2.01726,1.20152,1.36186,0.08331,0.11422,0.12133,0.73953,0.83185,0.84444,0.61853,0.7276,0.8178,0.82575,0.531,0.96081,1.6603,0.90403,1.17853,0.06073,0,0,6.74313e-05,6.74313e-05,6.74313e-05
559,25861.3,1.24822,2.04812,1.20909,1.35239,0.08497,0.11501,0.12122,0.74785,0.82639,0.846,0.62216,0.73688,0.80621,0.82674,0.52929,0.96044,1.65929,0.90725,1.17877,0.06069,0,0,6.60569e-05,6.60569e-05,6.60569e-05
560,25907.4,1.24558,2.02274,1.19192,1.34818,0.0824,0.11285,0.11848,0.74114,0.81805,0.8441,0.61929,0.73156,0.80695,0.82588,0.52379,0.95991,1.65911,0.90652,1.17871,0.0606,0,0,6.46825e-05,6.46825e-05,6.46825e-05
561,25953.6,1.26684,2.04425,1.21558,1.35862,0.08335,0.11131,0.11753,0.74145,0.8155,0.84346,0.6193,0.74204,0.79126,0.82514,0.52506,0.96141,1.65937,0.90777,1.17919,0.06047,0,0,6.3308e-05,6.3308e-05,6.3308e-05
562,25999.6,1.28666,2.05462,1.23802,1.36375,0.08298,0.11264,0.11927,0.74375,0.81895,0.84605,0.62199,0.73816,0.79522,0.82677,0.52619,0.96116,1.65844,0.90554,1.17927,0.06047,0,0,6.19335e-05,6.19335e-05,6.19335e-05
563,26045.7,1.26535,2.04144,1.21336,1.36278,0.07976,0.10861,0.11469,0.75792,0.80677,0.84639,0.6209,0.74678,0.79418,0.82664,0.52675,0.96213,1.65937,0.9068,1.17996,0.06056,0,0,6.05591e-05,6.05591e-05,6.05591e-05
564,26091.6,1.24131,1.99427,1.207,1.35375,0.08016,0.10846,0.11438,0.76314,0.79641,0.84695,0.62363,0.7551,0.77934,0.82739,0.52549,0.96225,1.66022,0.90806,1.1798,0.06057,0,0,5.91846e-05,5.91846e-05,5.91846e-05
565,26137.5,1.25725,2.07718,1.21086,1.35882,0.08078,0.10965,0.11559,0.76219,0.80622,0.84856,0.6237,0.75652,0.77897,0.82733,0.53062,0.96193,1.65952,0.90511,1.17913,0.06059,0,0,5.78102e-05,5.78102e-05,5.78102e-05
566,26183.7,1.26046,2.04672,1.21212,1.34607,0.08518,0.1152,0.12116,0.7448,0.82339,0.84869,0.6255,0.74679,0.78384,0.82649,0.52932,0.96179,1.65984,0.905,1.17882,0.06061,0,0,5.64358e-05,5.64358e-05,5.64358e-05
567,26229.8,1.22503,2.03651,1.20478,1.35777,0.08271,0.11291,0.11881,0.7479,0.8136,0.84498,0.62302,0.73719,0.79805,0.82348,0.53008,0.96206,1.66157,0.90763,1.17884,0.06059,0,0,5.50613e-05,5.50613e-05,5.50613e-05
568,26275.9,1.23991,2.0089,1.19479,1.3466,0.08049,0.10845,0.1138,0.75067,0.81243,0.84598,0.62381,0.74463,0.79228,0.82669,0.52912,0.96008,1.6596,0.90278,1.17737,0.06038,0,0,5.36869e-05,5.36869e-05,5.36869e-05
569,26322,1.26291,2.0739,1.223,1.37859,0.08186,0.11066,0.11611,0.74992,0.8072,0.84709,0.6246,0.74209,0.78437,0.82709,0.52499,0.96002,1.65897,0.90375,1.17714,0.06033,0,0,5.23124e-05,5.23124e-05,5.23124e-05
570,26368.2,1.22427,2.03172,1.17247,1.34421,0.08111,0.11043,0.11636,0.73997,0.81353,0.84555,0.62409,0.73182,0.79302,0.82666,0.52423,0.95899,1.65757,0.90393,1.1764,0.06026,0,0,5.09379e-05,5.09379e-05,5.09379e-05
571,26414.3,1.26173,2.03818,1.21794,1.34522,0.08094,0.10845,0.11474,0.7456,0.81519,0.84518,0.62202,0.74371,0.79242,0.82625,0.52282,0.95741,1.65477,0.90242,1.17553,0.06026,0,0,4.95635e-05,4.95635e-05,4.95635e-05
572,26460.5,1.2714,2.03634,1.22921,1.3584,0.08455,0.11278,0.11994,0.75648,0.80625,0.84646,0.62421,0.76137,0.78033,0.82744,0.52742,0.95567,1.65319,0.89976,1.17478,0.06048,0,0,4.81891e-05,4.81891e-05,4.81891e-05
573,26506.6,1.26246,2.05432,1.2088,1.35284,0.08051,0.10801,0.11325,0.76723,0.80414,0.84607,0.62332,0.75857,0.78657,0.82676,0.53099,0.95378,1.65245,0.90292,1.17408,0.06055,0,0,4.68146e-05,4.68146e-05,4.68146e-05
574,26552.8,1.28525,2.06234,1.22281,1.35357,0.08441,0.11461,0.12052,0.75263,0.79937,0.84617,0.62403,0.74547,0.7813,0.8275,0.52228,0.95342,1.6512,0.90366,1.17358,0.0604,0,0,4.54402e-05,4.54402e-05,4.54402e-05
575,26598.8,1.23166,2.01744,1.19678,1.34239,0.08547,0.11585,0.1221,0.74483,0.81304,0.84726,0.62387,0.75694,0.7794,0.82834,0.52463,0.95358,1.6511,0.90083,1.17344,0.0604,0,0,4.40657e-05,4.40657e-05,4.40657e-05
576,26644.7,1.23746,2.02392,1.1776,1.34572,0.0832,0.11377,0.11961,0.73758,0.83367,0.84473,0.62227,0.73334,0.81454,0.82511,0.52239,0.95419,1.65078,0.89942,1.17357,0.0605,0,0,4.26912e-05,4.26912e-05,4.26912e-05
577,26690.9,1.29386,2.05866,1.23588,1.36557,0.08185,0.11059,0.11655,0.73615,0.83635,0.84347,0.62202,0.73258,0.81879,0.82416,0.52893,0.95313,1.64896,0.8988,1.17316,0.06054,0,0,4.13168e-05,4.13168e-05,4.13168e-05
578,26737.2,1.2437,2.0006,1.19266,1.33378,0.08269,0.11257,0.11883,0.74338,0.83036,0.84554,0.62241,0.73478,0.81515,0.82655,0.53048,0.95246,1.64762,0.90249,1.17269,0.0606,0,0,3.99423e-05,3.99423e-05,3.99423e-05
579,26783.2,1.25388,2.06091,1.21606,1.36257,0.08465,0.1143,0.12058,0.74226,0.82693,0.84273,0.62237,0.73263,0.81296,0.82299,0.52974,0.95126,1.64701,0.90123,1.17235,0.06053,0,0,3.85679e-05,3.85679e-05,3.85679e-05
580,26829.4,1.23665,2.01267,1.19585,1.34228,0.08561,0.11397,0.12006,0.74302,0.82715,0.84303,0.62324,0.74158,0.79152,0.82115,0.525,0.95014,1.64634,0.9003,1.17175,0.06051,0,0,3.71935e-05,3.71935e-05,3.71935e-05
581,26875.5,1.21193,2.01167,1.1758,1.33602,0.08342,0.11335,0.11954,0.73574,0.8312,0.84214,0.62106,0.73855,0.80064,0.8201,0.52697,0.94967,1.64508,0.90105,1.17132,0.0606,0,0,3.5819e-05,3.5819e-05,3.5819e-05
582,26921.5,1.23522,2.01719,1.21029,1.34377,0.0825,0.11173,0.11766,0.7392,0.81937,0.84223,0.62077,0.73718,0.79242,0.82066,0.52523,0.94984,1.64374,0.90053,1.17136,0.06063,0,0,3.44445e-05,3.44445e-05,3.44445e-05
583,26967.4,1.24888,2.02731,1.20061,1.35533,0.08295,0.11344,0.11876,0.7576,0.80424,0.84358,0.61999,0.74605,0.77721,0.82172,0.52885,0.95025,1.64364,0.90126,1.17123,0.06061,0,0,3.30701e-05,3.30701e-05,3.30701e-05
584,27013.5,1.27114,2.0346,1.21399,1.37273,0.08205,0.11011,0.11643,0.76211,0.79648,0.84818,0.6242,0.75123,0.77786,0.82645,0.52715,0.95027,1.64367,0.90393,1.17118,0.06059,0,0,3.16956e-05,3.16956e-05,3.16956e-05
585,27059.4,1.238,2.01829,1.20825,1.34515,0.08068,0.10895,0.1151,0.73007,0.82503,0.84792,0.62342,0.75112,0.77906,0.82648,0.52692,0.95031,1.64375,0.90299,1.1713,0.06053,0,0,3.03212e-05,3.03212e-05,3.03212e-05
586,27105.5,1.2599,2.10369,1.21474,1.3487,0.08042,0.10948,0.11535,0.72876,0.83506,0.84861,0.62458,0.7443,0.77962,0.82788,0.53013,0.94921,1.64348,0.90096,1.17103,0.06047,0,0,2.89468e-05,2.89468e-05,2.89468e-05
587,27151.7,1.24941,2.05131,1.23934,1.35997,0.08045,0.1093,0.11559,0.75596,0.80927,0.84846,0.62517,0.74396,0.79306,0.82763,0.53145,0.94846,1.64233,0.90003,1.17067,0.06044,0,0,2.75723e-05,2.75723e-05,2.75723e-05
588,27198.2,1.25738,2.07199,1.19401,1.33754,0.08043,0.11005,0.11524,0.76525,0.80325,0.85022,0.62624,0.75507,0.7853,0.82823,0.53236,0.94823,1.64221,0.89926,1.17055,0.06043,0,0,2.61978e-05,2.61978e-05,2.61978e-05
589,27244.3,1.25371,2.03345,1.1904,1.34923,0.08266,0.11034,0.11597,0.73167,0.83088,0.84796,0.62496,0.75741,0.77683,0.82599,0.52907,0.9485,1.64405,0.89991,1.17043,0.06043,0,0,2.48234e-05,2.48234e-05,2.48234e-05
590,27290.5,1.23584,2.06102,1.18481,1.35134,0.08343,0.11239,0.11883,0.74891,0.81714,0.84521,0.62148,0.7376,0.79249,0.81965,0.52551,0.94788,1.6441,0.90045,1.17023,0.06042,0,0,2.34489e-05,2.34489e-05,2.34489e-05
591,27342.3,1.29429,2.08644,1.20029,1.36907,0.06218,0.07755,0.08306,0.75086,0.82159,0.84049,0.61626,0.74256,0.80277,0.8171,0.52323,0.95644,1.65306,0.90691,1.17233,0.0606,0,0,2.20745e-05,2.20745e-05,2.20745e-05
592,27388.5,1.22538,1.9989,1.14165,1.35101,0.0612,0.07503,0.07947,0.75434,0.79059,0.83525,0.60602,0.74081,0.7733,0.81088,0.51469,0.97167,1.67428,0.9116,1.17907,0.06101,0,0,2.07001e-05,2.07001e-05,2.07001e-05
593,27434.7,1.24684,2.01164,1.14508,1.34,0.06253,0.07552,0.08048,0.75455,0.7862,0.83538,0.60351,0.74001,0.77175,0.81223,0.51411,0.98562,1.6954,0.91717,1.18671,0.06129,0,0,1.93256e-05,1.93256e-05,1.93256e-05
594,27481,1.21168,1.96591,1.10084,1.334,0.06064,0.07254,0.07748,0.76366,0.76453,0.83281,0.59698,0.75084,0.75245,0.81084,0.51093,0.99686,1.7119,0.92503,1.19313,0.06151,0,0,1.79512e-05,1.79512e-05,1.79512e-05
595,27527.1,1.19496,1.96911,1.11004,1.33338,0.06031,0.07262,0.07711,0.74617,0.74104,0.82467,0.59172,0.73243,0.73086,0.80427,0.5038,1.00376,1.72216,0.93018,1.19695,0.06156,0,0,1.65767e-05,1.65767e-05,1.65767e-05
596,27573.3,1.21762,1.96879,1.10891,1.32216,0.06081,0.07354,0.07726,0.74906,0.73294,0.82282,0.58876,0.73676,0.72245,0.80715,0.50519,1.00508,1.72421,0.93072,1.1979,0.06145,0,0,1.52022e-05,1.52022e-05,1.52022e-05
597,27619.5,1.21733,1.97213,1.11612,1.31788,0.06013,0.07409,0.07847,0.76424,0.76228,0.8282,0.59235,0.75242,0.75101,0.81244,0.50772,1.00489,1.72417,0.92974,1.19792,0.06135,0,0,1.38278e-05,1.38278e-05,1.38278e-05
598,27665.6,1.19782,1.97671,1.07994,1.30709,0.06043,0.07242,0.07714,0.76186,0.76619,0.82765,0.5972,0.74999,0.75481,0.81196,0.51432,1.00445,1.72441,0.92934,1.19801,0.06128,0,0,1.24534e-05,1.24534e-05,1.24534e-05
599,27711.9,1.17387,1.91133,1.08774,1.31581,0.05996,0.07381,0.07774,0.76556,0.76509,0.82762,0.5975,0.75247,0.75478,0.81149,0.51485,1.00253,1.72178,0.92746,1.19736,0.06119,0,0,1.10789e-05,1.10789e-05,1.10789e-05
600,27758.3,1.19662,1.95273,1.06011,1.30956,0.05886,0.07288,0.07773,0.76678,0.76444,0.82755,0.59447,0.7544,0.75284,0.81081,0.51397,1.00103,1.72046,0.9264,1.19712,0.06116,0,0,9.70445e-06,9.70445e-06,9.70445e-06
