epoch,time,train/box_loss,train/seg_loss,train/cls_loss,train/dfl_loss,train/sem_loss,train/heat_loss,train/seed_loss,metrics/precision(B),metrics/recall(B),metrics/mAP50(B),metrics/mAP50-95(B),metrics/precision(M),metrics/recall(M),metrics/mAP50(M),metrics/mAP50-95(M),val/box_loss,val/seg_loss,val/cls_loss,val/dfl_loss,val/sem_loss,val/heat_loss,val/seed_loss,lr/pg0,lr/pg1,lr/pg2
1,116.168,3.88761,6.91415,6.11319,4.21155,0.41141,0.84851,0.83841,0.00011,0.10362,2e-05,0,0.00017,0.08402,2e-05,0,3.40049,4.20383,4.14766,3.67742,nan,0,0,0.000274475,0.000274475,0.000274475
2,229.219,3.75217,5.52849,5.71978,4.16202,0.38327,0.82731,0.81658,0.00016,0.10807,5e-05,1e-05,0.00016,0.07889,6e-05,1e-05,3.36274,4.03966,4.02392,3.62528,nan,0,0,0.000551231,0.000551231,0.000551231
3,342.028,3.68816,4.58469,5.71633,4.02203,0.34664,0.79015,0.77749,0.00014,0.08274,8e-05,2e-05,0.00014,0.04479,1e-05,0,3.22018,4.5034,11.4094,3.47105,nan,0,0,0.00082707,0.00082707,0.00082707
4,454.71,3.44855,4.41187,5.45041,3.77079,0.29802,0.74375,0.73111,0.00024,0.08352,0.00011,1e-05,0.00017,0.01644,3e-05,0,3.05496,4.41611,5.46332,3.31823,nan,0,0,0.000828877,0.000828877,0.000828877
5,566.947,3.29995,4.26691,5.29003,3.56051,0.25681,0.69673,0.68545,0.00022,0.05079,0.00041,0.00014,0.00022,0.01803,9e-05,2e-05,2.90186,3.62586,4.34404,3.07701,nan,0,0,0.000827502,0.000827502,0.000827502
6,679.576,3.18948,4.27986,5.17265,3.41143,0.23115,0.65363,0.64389,0.00015,0.02342,7e-05,1e-05,0.00013,0.02019,6e-05,1e-05,2.90027,3.53792,5.08572,3.1562,nan,0,0,0.000826128,0.000826128,0.000826128
7,792.108,3.11578,4.20976,5.00189,3.33495,0.20862,0.62103,0.61329,0.00064,0.02703,0.0001,3e-05,0.00014,0.02159,7e-05,2e-05,2.84874,3.53826,4.80863,2.91624,nan,0,0,0.000824753,0.000824753,0.000824753
8,904.374,3.05046,4.15444,5.00516,3.28906,0.19018,0.59641,0.59013,0.00032,0.03238,0.00079,0.00029,0.00024,0.02688,0.00082,0.00029,2.80368,3.47538,4.46394,2.81395,nan,0,0,0.000823379,0.000823379,0.000823379
9,1017,3.03015,4.21186,4.94006,3.17907,0.18682,0.57434,0.56973,0.00068,0.03517,0.00013,3e-05,0.00059,0.03167,0.00011,2e-05,2.78792,3.45271,14.9523,2.81813,nan,0,0,0.000822004,0.000822004,0.000822004
10,1129.55,3.01187,4.21663,4.83431,3.1517,0.18717,0.55862,0.55549,0.6254,0.02213,0.00024,5e-05,0.62539,0.02127,0.00024,5e-05,2.70479,3.41872,6.00911,2.71577,nan,0,0,0.00082063,0.00082063,0.00082063
11,1241.88,3.03289,4.20858,4.82904,3.08396,0.18121,0.54776,0.54548,0.12754,0.00378,0.00093,0.00018,0.13482,0.00076,0.00091,0.00033,2.71932,3.38475,4.87737,2.7064,nan,0,0,0.000819255,0.000819255,0.000819255
12,1354.17,2.94074,4.12963,4.77217,3.07237,0.18014,0.5395,0.53812,0.25321,0.00151,0.00039,0.00011,0.25459,0.00216,0.00043,9e-05,2.61741,3.39037,5.05894,2.67799,nan,0,0,0.000817881,0.000817881,0.000817881
13,1466.48,2.90872,4.10383,4.73352,3.05424,0.18172,0.53334,0.53271,0.12687,0.0054,0.00096,0.00051,0.12879,0.00227,0.00095,0.00053,2.65202,3.33844,6.00532,2.65604,nan,0,0,0.000816507,0.000816507,0.000816507
14,1578.9,2.95854,4.05986,4.76136,2.99844,0.17751,0.52855,0.52827,0.25588,0.00281,0.00113,0.00048,0.2552,0.00248,0.00108,0.00042,2.63409,3.36331,4.66872,2.65917,nan,0,0,0.000815132,0.000815132,0.000815132
15,1691.14,2.89088,4.09928,4.63066,2.97064,0.18058,0.52445,0.52465,0.25787,0.00065,0.00123,0.00052,0.25787,0.00065,0.00121,0.00039,2.60816,3.35383,4.82992,2.64071,nan,0,0,0.000813758,0.000813758,0.000813758
16,1803.22,2.84306,3.99863,4.70482,2.98672,0.17818,0.52153,0.52209,0.00056,0.04801,0.00113,0.00056,0.00047,0.04256,0.00111,0.0004,2.61363,3.33909,4.45641,2.6164,nan,0,0,0.000812383,0.000812383,0.000812383
17,1915.62,2.9076,4.01157,4.61788,2.96511,0.17601,0.5188,0.51953,0.88007,0.00313,0.00133,0.0005,0.88013,0.00313,0.00127,0.0006,2.58825,3.32136,6.52621,2.60066,nan,0,0,0.000811009,0.000811009,0.000811009
18,2028.12,2.84145,3.99205,4.64374,2.92472,0.17293,0.51676,0.51742,0.25203,0.00291,0.00103,0.00022,0.25309,0.00281,0.00102,0.00021,2.59404,3.2976,5.39238,2.65575,nan,0,0,0.000809634,0.000809634,0.000809634
19,2140.32,2.88619,3.95961,4.64689,2.94087,0.16618,0.5152,0.51621,0.2576,0.00302,0.00137,0.00047,0.25904,0.00345,0.00152,0.0004,2.52589,3.30984,4.85837,2.58913,nan,0,0,0.00080826,0.00080826,0.00080826
20,2252.65,2.82689,3.95626,4.56839,2.92301,0.1524,0.51331,0.51435,0.37971,0.00237,0.00087,0.00024,0.38008,0.00248,0.00107,0.00028,2.52441,3.27566,6.50836,2.59028,nan,0,0,0.000806885,0.000806885,0.000806885
21,2364.87,2.80652,3.93436,4.52108,2.90518,0.14651,0.51172,0.51264,0.38318,0.00313,0.00179,0.0005,0.38491,0.00291,0.00158,0.00048,2.5225,3.24791,5.0542,2.5722,nan,0,0,0.000805511,0.000805511,0.000805511
22,2477.26,2.77161,3.93631,4.48113,2.86785,0.15009,0.51122,0.51248,0.26339,0.00378,0.00247,0.00058,0.26447,0.00399,0.00239,0.00058,nan,nan,nan,nan,nan,0,0,0.000804137,0.000804137,0.000804137
23,2589.85,2.77683,3.95745,4.50052,2.88796,0.14649,0.50988,0.5111,0.25569,0.00853,0.0025,0.00065,0.26596,0.00215,0.00223,0.0006,2.45652,3.22783,4.79917,2.54899,nan,0,0,0.000802762,0.000802762,0.000802762
24,2702.55,2.78892,3.93337,4.44805,2.82756,0.14273,0.50783,0.50888,0.25827,0.00443,0.00229,0.0006,0.2582,0.0041,0.00194,0.00054,2.49374,3.22501,6.14846,2.52813,nan,0,0,0.000801388,0.000801388,0.000801388
25,2814.73,2.72864,3.89532,4.49315,2.82952,0.14475,0.50744,0.50864,0.26137,0.00637,0.0032,0.00099,0.26252,0.00702,0.00304,0.00097,2.44908,3.22564,5.00873,2.51762,nan,0,0,0.000800013,0.000800013,0.000800013
26,2927.56,2.72842,3.96151,4.42259,2.82368,0.14643,0.50666,0.50786,0.3869,0.00669,0.00367,0.00125,0.38893,0.00669,0.00349,0.00097,2.42184,3.22608,6.10286,2.51903,nan,0,0,0.000798639,0.000798639,0.000798639
27,3040.12,2.72062,3.91211,4.44646,2.81812,0.14145,0.50506,0.50605,0.262,0.00378,0.00338,0.0012,0.26372,0.00432,0.00342,0.00119,2.46871,3.18984,4.95827,2.52434,nan,0,0,0.000797264,0.000797264,0.000797264
28,3152.67,2.71702,3.89961,4.43669,2.82453,0.14172,0.50411,0.50496,0.26242,0.00461,0.00295,0.00091,0.26432,0.00475,0.0034,0.00093,2.41597,3.21658,5.20402,2.50404,nan,0,0,0.00079589,0.00079589,0.00079589
29,3265,2.70468,3.86814,4.44441,2.82167,0.14346,0.50336,0.50448,0.25859,0.00691,0.00362,0.001,0.25979,0.00702,0.00307,0.0011,2.41394,3.17941,6.67363,2.48423,nan,0,0,0.000794515,0.000794515,0.000794515
30,3377.45,2.70515,3.86194,4.36981,2.79439,0.14376,0.50199,0.50298,0.29548,0.00566,0.00396,0.00121,0.27289,0.00443,0.0041,0.00113,2.39904,3.18969,4.86102,2.47139,nan,0,0,0.000793141,0.000793141,0.000793141
31,3489.96,2.67631,3.79098,4.27028,2.74169,0.14073,0.50086,0.50175,0.26076,0.00734,0.00389,0.00121,0.26205,0.00745,0.00349,0.00107,2.40795,3.18042,5.73573,2.48005,nan,0,0,0.000791767,0.000791767,0.000791767
32,3602.53,2.69208,3.86882,4.32806,2.72626,0.14035,0.49918,0.49992,0.26535,0.00669,0.00529,0.00145,0.2658,0.00637,0.0046,0.00149,2.36684,3.15638,5.18143,2.44776,nan,0,0,0.000790392,0.000790392,0.000790392
33,3715.02,2.63499,3.82882,4.3139,2.75613,0.14176,0.49838,0.49884,0.39212,0.00745,0.00453,0.00142,0.39238,0.00702,0.0042,0.0013,2.36589,3.14838,5.1382,2.45555,nan,0,0,0.000789018,0.000789018,0.000789018
34,3827.51,2.66763,3.8519,4.26686,2.73034,0.14321,0.49729,0.49747,0.51597,0.00831,0.00532,0.00143,0.51798,0.00702,0.00418,0.00119,2.3619,3.14337,6.13801,2.44824,nan,0,0,0.000787643,0.000787643,0.000787643
35,3939.87,2.69309,3.83102,4.24688,2.72421,0.14178,0.49529,0.49483,0.41028,0.0096,0.00584,0.0017,0.38907,0.00993,0.00672,0.0018,nan,nan,nan,nan,nan,0,0,0.000786269,0.000786269,0.000786269
36,4052.47,2.60254,3.82282,4.24538,2.71474,0.14677,0.49394,0.49289,0.51401,0.01058,0.00551,0.00163,0.51556,0.01004,0.00589,0.0017,nan,nan,nan,nan,nan,0,0,0.000784894,0.000784894,0.000784894
37,4164.96,2.62221,3.81615,4.22023,2.68935,0.14277,0.4913,0.48819,0.76798,0.00842,0.00621,0.00187,0.76802,0.00787,0.00576,0.00174,2.31904,nan,nan,2.41566,nan,0,0,0.00078352,0.00078352,0.00078352
38,4277.29,2.61697,3.7598,4.2719,2.71328,0.14069,0.48725,0.48088,0.51487,0.01187,0.00674,0.00199,0.51501,0.01198,0.00574,0.00182,2.31009,3.1031,5.55156,2.40283,nan,0,0,0.000782145,0.000782145,0.000782145
39,4389.86,2.56459,3.81043,4.18009,2.69574,0.14228,0.48256,0.46936,0.76085,0.01339,0.00613,0.00154,0.76199,0.01123,0.00585,0.00146,2.29828,3.09217,6.01843,2.40102,nan,0,0,0.000780771,0.000780771,0.000780771
40,4502.21,2.58353,3.74076,4.15698,2.69002,0.14489,0.47486,0.44854,0.64931,0.00669,0.00796,0.00233,0.64775,0.00636,0.0072,0.002,2.32416,3.10218,7.94992,2.42272,nan,0,0,0.000779396,0.000779396,0.000779396
41,4614.99,2.58104,3.74329,4.18101,2.6725,0.14202,0.45865,0.408,0.6412,0.01144,0.01317,0.00235,0.64182,0.01187,0.01562,0.00351,2.29538,nan,nan,2.39585,nan,0,0,0.000778022,0.000778022,0.000778022
42,4727.52,2.52267,3.76094,4.16203,2.64632,0.14128,0.42655,0.34948,0.64429,0.00939,0.00783,0.00221,0.64401,0.00896,0.00659,0.00187,2.27541,3.06545,5.20357,2.37476,nan,0,0,0.000776648,0.000776648,0.000776648
43,4839.96,2.58305,3.73343,4.17566,2.64594,0.13965,0.36275,0.28461,0.64193,0.01349,0.00863,0.00297,0.64153,0.01317,0.01179,0.00289,nan,nan,nan,nan,nan,0,0,0.000775273,0.000775273,0.000775273
44,4952.61,2.54785,3.7402,4.16243,2.62618,0.13915,0.28114,0.23651,0.63657,0.01544,0.00564,0.00155,0.63693,0.01544,0.00618,0.0016,nan,nan,nan,nan,nan,0,0,0.000773899,0.000773899,0.000773899
45,5065.18,2.54819,3.74641,4.07137,2.59871,0.13662,0.21476,0.20175,0.63833,0.01241,0.00684,0.00202,0.63829,0.01295,0.01113,0.00247,2.26161,nan,nan,2.35667,nan,0,0,0.000772524,0.000772524,0.000772524
46,5177.4,2.52344,3.72428,4.13672,2.63883,0.13638,0.17595,0.17689,0.51615,0.02666,0.00551,0.0017,0.5138,0.03058,0.007,0.00169,nan,nan,nan,nan,nan,0,0,0.00077115,0.00077115,0.00077115
47,5289.79,2.52881,3.65476,4.09238,2.6045,0.13126,0.15601,0.16129,0.51487,0.01317,0.00753,0.00212,0.51462,0.01295,0.00775,0.00203,2.23384,3.00515,5.78259,2.33919,nan,0,0,0.000769775,0.000769775,0.000769775
48,5402.25,2.51052,3.69847,3.98691,2.5858,0.1215,0.14373,0.14913,0.7656,0.01457,0.00769,0.00244,0.01531,0.16118,0.01102,0.00338,nan,nan,nan,nan,nan,0,0,0.000768401,0.000768401,0.000768401
49,5514.59,2.51032,3.64818,4.0172,2.59111,0.11353,0.13783,0.14534,0.53557,0.03215,0.0126,0.00376,0.58643,0.0199,0.01199,0.00344,2.23438,2.99615,5.55652,2.33076,nan,0,0,0.000767026,0.000767026,0.000767026
50,5627.23,2.5056,3.57776,3.9911,2.57557,0.10928,0.13136,0.13979,0.55629,0.02342,0.01657,0.0052,0.54262,0.02174,0.03545,0.00912,nan,nan,nan,nan,nan,0,0,0.000765652,0.000765652,0.000765652
51,5739.88,2.48193,3.61911,3.9551,2.58029,0.1085,0.12977,0.13918,0.5608,0.03055,0.04523,0.01603,0.55918,0.02953,0.047,0.01033,nan,nan,nan,nan,nan,0,0,0.000764278,0.000764278,0.000764278
52,5852.37,2.4822,3.64646,3.95387,2.55545,0.1071,0.12943,0.1401,0.66087,0.02535,0.0166,0.00432,0.65462,0.02367,0.01546,0.00423,nan,nan,nan,nan,nan,0,0,0.000762903,0.000762903,0.000762903
53,5964.76,2.43261,3.59001,3.94824,2.56249,0.10913,0.12385,0.1384,0.65244,0.02136,0.03106,0.00878,0.65211,0.02165,0.03128,0.00688,2.21953,2.96766,5.09072,2.30427,nan,0,0,0.000761529,0.000761529,0.000761529
54,6077.19,2.46582,3.66997,3.92626,2.5495,0.10738,0.12006,0.13753,0.51336,0.02189,0.01384,0.00311,0.51329,0.02077,0.00856,0.00203,nan,nan,nan,nan,nan,0,0,0.000760154,0.000760154,0.000760154
55,6189.59,2.51092,3.65898,4.08452,2.56663,0.10641,0.11981,0.1393,0.67758,0.02041,0.01418,0.00436,0.67598,0.01847,0.01257,0.00393,2.22062,2.99173,5.69711,2.28928,nan,0,0,0.00075878,0.00075878,0.00075878
56,6302.01,2.41432,3.64861,3.88669,2.51406,0.10749,0.11946,0.13781,0.56528,0.03538,0.06133,0.01552,0.58297,0.024,0.02485,0.00634,nan,nan,nan,nan,nan,0,0,0.000757405,0.000757405,0.000757405
57,6414.33,2.47342,3.61929,3.94714,2.53773,0.10719,0.11489,0.1362,0.54692,0.02846,0.05035,0.01562,0.53891,0.02526,0.03221,0.00913,nan,nan,nan,nan,nan,0,0,0.000756031,0.000756031,0.000756031
58,6526.79,2.46954,3.61432,3.88761,2.52495,0.10728,0.11872,0.13923,0.521,0.03124,0.01845,0.00478,0.52481,0.02382,0.01814,0.0043,nan,nan,nan,nan,nan,0,0,0.000754656,0.000754656,0.000754656
59,6639.19,2.44048,3.58478,3.82197,2.50407,0.10513,0.11575,0.13686,0.66241,0.0399,0.032,0.00982,0.65811,0.03809,0.03482,0.00767,nan,nan,nan,nan,nan,0,0,0.000753282,0.000753282,0.000753282
60,6751.49,2.41566,3.54749,3.86705,2.50052,0.10667,0.116,0.13484,0.5281,0.03207,0.02374,0.00726,0.53147,0.02544,0.01942,0.00459,nan,nan,nan,nan,nan,0,0,0.000751907,0.000751907,0.000751907
61,6863.86,2.43055,3.56129,3.91403,2.5321,0.10461,0.11375,0.1322,0.67802,0.04026,0.03021,0.0087,0.67418,0.03745,0.0249,0.00742,nan,nan,nan,nan,nan,0,0,0.000750533,0.000750533,0.000750533
62,6976.1,2.39014,3.52007,3.85324,2.48753,0.10457,0.1141,0.13498,0.68542,0.02781,0.03026,0.0098,0.67027,0.02524,0.02662,0.00836,nan,nan,nan,nan,nan,0,0,0.000749159,0.000749159,0.000749159
63,7088.5,2.36949,3.55954,3.73659,2.47396,0.10213,0.11461,0.13142,0.69108,0.03094,0.03723,0.01221,0.68962,0.02701,0.03506,0.0096,nan,nan,nan,nan,nan,0,0,0.000747784,0.000747784,0.000747784
64,7201.06,2.37618,3.53341,3.78561,2.46544,0.10637,0.11632,0.13663,0.68737,0.03323,0.03729,0.01069,0.67964,0.03109,0.0187,0.00541,2.14797,2.86373,7.03114,2.2519,nan,0,0,0.00074641,0.00074641,0.00074641
65,7313.46,2.3481,3.52088,3.71402,2.4441,0.10765,0.11819,0.13754,0.66234,0.03713,0.03878,0.01294,0.67181,0.0291,0.03141,0.00846,nan,nan,nan,nan,nan,0,0,0.000745035,0.000745035,0.000745035
66,7425.81,2.38987,3.51659,3.72018,2.43101,0.1047,0.11488,0.13308,0.68049,0.04088,0.06385,0.02764,0.67462,0.03834,0.04067,0.0124,nan,nan,nan,nan,nan,0,0,0.000743661,0.000743661,0.000743661
67,7538.26,2.34032,3.53908,3.69948,2.42604,0.10609,0.11275,0.13398,0.56816,0.03441,0.04691,0.01721,0.56218,0.03232,0.03453,0.00926,2.09691,nan,nan,2.20001,nan,0,0,0.000742286,0.000742286,0.000742286
68,7650.57,2.38515,3.46503,3.69447,2.44178,0.10468,0.11386,0.13325,0.59593,0.04319,0.03668,0.01449,0.59626,0.04405,0.03509,0.01006,nan,nan,nan,nan,nan,0,0,0.000740912,0.000740912,0.000740912
69,7762.81,2.35896,3.52201,3.73383,2.43513,0.10412,0.11486,0.13492,0.65475,0.0366,0.06019,0.01712,0.65347,0.03581,0.02765,0.00719,nan,nan,nan,nan,nan,0,0,0.000739537,0.000739537,0.000739537
70,7875.09,2.352,3.45889,3.628,2.42839,0.10604,0.11544,0.13451,0.65203,0.04129,0.04123,0.01353,0.64854,0.03893,0.02804,0.00654,nan,nan,nan,nan,nan,0,0,0.000738163,0.000738163,0.000738163
71,7987.34,2.30688,3.53392,3.67635,2.42555,0.10376,0.11035,0.13186,0.65768,0.04406,0.09011,0.03264,0.65736,0.04309,0.04844,0.01044,nan,nan,nan,nan,nan,0,0,0.000736788,0.000736788,0.000736788
72,8099.96,2.33636,3.44307,3.67137,2.43837,0.10575,0.1163,0.13523,0.52842,0.04026,0.03894,0.0124,0.65462,0.03758,0.06637,0.01658,2.07807,2.85941,6.73658,2.17645,nan,0,0,0.000735414,0.000735414,0.000735414
73,8212.36,2.30376,3.43788,3.55872,2.37321,0.10465,0.11515,0.13413,0.58304,0.05323,0.04303,0.01482,0.58124,0.05118,0.03772,0.01109,2.05431,2.82606,5.57842,2.19814,nan,0,0,0.00073404,0.00073404,0.00073404
74,8324.82,2.33025,3.51222,3.61365,2.43533,0.10668,0.11789,0.13788,0.5993,0.04121,0.03871,0.0124,0.61281,0.0422,0.04048,0.01014,2.05413,2.84297,6.79359,2.17305,nan,0,0,0.000732665,0.000732665,0.000732665
75,8437.17,2.31354,3.51689,3.58466,2.41597,0.10757,0.11848,0.13702,0.6054,0.04566,0.04628,0.01532,0.60491,0.04358,0.07901,0.02097,2.03383,2.81118,4.48626,2.16417,nan,0,0,0.000731291,0.000731291,0.000731291
76,8549.44,2.33167,3.50711,3.59408,2.39159,0.10232,0.10934,0.12903,0.5859,0.06412,0.06122,0.01993,0.5816,0.04963,0.05482,0.0142,2.01403,2.79168,5.73683,2.13179,nan,0,0,0.000729916,0.000729916,0.000729916
77,8661.78,2.30694,3.43279,3.55907,2.38649,0.10387,0.11036,0.13051,0.60582,0.05861,0.03695,0.01155,0.62047,0.06355,0.04304,0.01226,2.0437,2.79881,5.41568,2.15041,nan,0,0,0.000728542,0.000728542,0.000728542
78,8774.16,2.3093,3.43569,3.54269,2.38201,0.10337,0.11418,0.13173,0.53233,0.06372,0.07199,0.02094,0.44117,0.0541,0.06537,0.01854,2.00766,2.78817,6.39894,2.1272,nan,0,0,0.000727167,0.000727167,0.000727167
79,8886.44,2.31016,3.38174,3.59041,2.38259,0.10327,0.11082,0.13151,0.55236,0.05233,0.04623,0.0146,0.55158,0.05785,0.0471,0.01313,2.02245,2.78041,6.11853,2.13602,nan,0,0,0.000725793,0.000725793,0.000725793
80,8998.91,2.32365,3.4651,3.51963,2.3616,0.10605,0.11796,0.13698,0.54801,0.04812,0.06397,0.01815,0.54745,0.04748,0.05538,0.01502,2.00878,2.78612,5.5913,2.13176,nan,0,0,0.000724418,0.000724418,0.000724418
81,9111.24,2.3243,3.44762,3.47885,2.38636,0.1079,0.11877,0.13751,0.42245,0.05239,0.04667,0.01713,0.42072,0.05031,0.05156,0.01382,2.06423,2.83334,5.63915,2.19314,nan,0,0,0.000723044,0.000723044,0.000723044
82,9223.57,2.3066,3.4495,3.57932,2.38458,0.10161,0.10906,0.12903,0.42604,0.04794,0.03642,0.01188,0.4193,0.04526,0.03051,0.0096,2.03011,2.78723,6.33936,2.13185,nan,0,0,0.00072167,0.00072167,0.00072167
83,9336.15,2.28419,3.4406,3.46733,2.35628,0.10719,0.11779,0.13577,0.47733,0.06867,0.07139,0.02175,0.46762,0.06115,0.06308,0.02191,2.00082,2.74221,6.12954,2.1181,nan,0,0,0.000720295,0.000720295,0.000720295
84,9448.67,2.21989,3.42798,3.44622,2.3368,0.10747,0.11639,0.13541,0.49638,0.06495,0.06692,0.02577,0.48836,0.05909,0.06901,0.02166,1.99785,2.74873,5.01608,2.1277,nan,0,0,0.000718921,0.000718921,0.000718921
85,9561.42,2.24357,3.39891,3.3804,2.3355,0.10499,0.11477,0.13292,0.48211,0.08821,0.07302,0.02763,0.49045,0.08325,0.07079,0.02362,1.99121,2.73107,5.49247,2.0987,nan,0,0,0.000717546,0.000717546,0.000717546
86,9674.08,2.25237,3.33265,3.43548,2.34792,0.10506,0.11817,0.13598,0.57208,0.07136,0.06461,0.02346,0.5548,0.06266,0.08156,0.01986,1.9564,2.74711,4.77206,2.08926,nan,0,0,0.000716172,0.000716172,0.000716172
87,9786.38,2.26625,3.38842,3.46618,2.35864,0.10214,0.10989,0.1287,0.47966,0.07079,0.08282,0.03023,0.47447,0.06703,0.06752,0.02193,1.96602,2.74444,5.78516,2.08783,nan,0,0,0.000714797,0.000714797,0.000714797
88,9899.02,2.24974,3.33502,3.41588,2.32542,0.1049,0.11504,0.13254,0.59912,0.0755,0.08895,0.03211,0.59315,0.08141,0.07838,0.02693,1.94694,2.71577,5.77045,2.07219,nan,0,0,0.000713423,0.000713423,0.000713423
89,10011.5,2.23842,3.33629,3.41455,2.31049,0.1018,0.10625,0.12807,0.56632,0.07242,0.10345,0.0463,0.56462,0.07115,0.1494,0.04126,1.98378,2.71737,4.44866,2.07882,nan,0,0,0.000712048,0.000712048,0.000712048
90,10124.1,2.27399,3.39778,3.37619,2.29427,0.10574,0.11529,0.13353,0.48585,0.07525,0.13701,0.03757,0.45469,0.07825,0.12592,0.02954,1.96207,2.69486,4.47369,2.08448,nan,0,0,0.000710674,0.000710674,0.000710674
91,10236.6,2.22394,3.3081,3.33297,2.27026,0.10336,0.11176,0.13023,0.53264,0.07964,0.1079,0.03694,0.53268,0.07974,0.06936,0.02351,1.97134,2.71637,5.1713,2.09143,nan,0,0,0.000709299,0.000709299,0.000709299
92,10349,2.20147,3.31461,3.37354,2.29722,0.10375,0.11054,0.13014,0.45583,0.10589,0.07365,0.02985,0.44972,0.09884,0.06797,0.02475,1.93973,2.668,5.43793,2.05728,nan,0,0,0.000707925,0.000707925,0.000707925
93,10461.5,2.24521,3.32391,3.36094,2.29334,0.10662,0.11775,0.13631,0.47711,0.09415,0.098,0.04132,0.48183,0.08769,0.08137,0.02951,1.9257,2.65685,5.60164,2.04331,nan,0,0,0.000706551,0.000706551,0.000706551
94,10573.6,2.21231,3.36476,3.29514,2.28935,0.10586,0.11398,0.13164,0.47754,0.07229,0.1287,0.06225,0.48039,0.07141,0.12599,0.03876,1.91919,2.66138,4.80565,2.04826,nan,0,0,0.000705176,0.000705176,0.000705176
95,10686.1,2.22579,3.3435,3.3319,2.28023,0.102,0.1107,0.12806,0.50855,0.08747,0.10454,0.04127,0.48559,0.08149,0.09091,0.02838,1.91109,2.66366,4.68704,2.0437,nan,0,0,0.000703802,0.000703802,0.000703802
96,10798.4,2.21534,3.32654,3.25909,2.27491,0.10223,0.1102,0.12905,0.35117,0.16638,0.1004,0.03402,0.46876,0.07945,0.0626,0.02143,1.93188,2.68508,5.56666,2.05325,nan,0,0,0.000702427,0.000702427,0.000702427
97,10910.7,2.2188,3.28447,3.29321,2.25454,0.10204,0.10622,0.12609,0.48089,0.09635,0.10164,0.04065,0.46925,0.09074,0.09364,0.03297,1.92718,2.64007,4.43177,2.03711,nan,0,0,0.000701053,0.000701053,0.000701053
98,11023.1,2.17449,3.25694,3.27953,2.247,0.104,0.11471,0.13182,0.47244,0.11994,0.13902,0.06422,0.47114,0.11421,0.13312,0.04511,1.90167,2.63516,6.40067,2.02007,nan,0,0,0.000699678,0.000699678,0.000699678
99,11135.5,2.19206,3.28969,3.55548,2.27696,0.10368,0.10969,0.13077,0.47189,0.09196,0.13317,0.04835,0.46924,0.08716,0.11692,0.03942,1.90114,2.64827,4.26096,2.01474,nan,0,0,0.000698304,0.000698304,0.000698304
100,11247.7,2.1271,3.27668,3.19435,2.22871,0.10372,0.11628,0.13193,0.34674,0.15633,0.12647,0.04982,0.34329,0.15145,0.1323,0.03882,1.87941,2.60816,4.81877,2.00146,nan,0,0,0.000696929,0.000696929,0.000696929
101,11359.9,2.1741,3.25466,3.22489,2.27357,0.10195,0.10892,0.12866,0.39062,0.12159,0.10192,0.03838,0.41154,0.11989,0.09398,0.03315,1.91153,2.66367,5.04234,2.02363,nan,0,0,0.000695555,0.000695555,0.000695555
102,11472.2,2.15694,3.28328,3.23471,2.2499,0.10517,0.11627,0.1336,0.35264,0.18732,0.10115,0.03915,0.34332,0.15334,0.09264,0.03379,1.88702,2.6153,5.82627,2.00031,nan,0,0,0.000694181,0.000694181,0.000694181
103,11584.5,2.16939,3.28459,3.21092,2.24104,0.10352,0.11409,0.13159,0.24585,0.10799,0.1042,0.0402,0.24632,0.10538,0.08516,0.03091,1.91241,2.64192,4.45977,2.03899,nan,0,0,0.000692806,0.000692806,0.000692806
104,11697,2.14295,3.25741,3.16875,2.24708,0.10234,0.10974,0.12683,0.29001,0.14217,0.13086,0.05989,0.31379,0.15592,0.12101,0.04332,1.8746,2.61997,6.49922,1.99902,nan,0,0,0.000691432,0.000691432,0.000691432
105,11809.3,2.139,3.25977,3.1098,2.24263,0.10708,0.11896,0.13444,0.28514,0.18019,0.10915,0.04554,0.29847,0.21043,0.09969,0.03746,1.86732,2.59574,6.33041,1.98644,nan,0,0,0.000690057,0.000690057,0.000690057
106,11921.5,2.13474,3.22217,3.13195,2.25297,0.10638,0.11705,0.13347,0.31012,0.11023,0.13735,0.05581,0.30621,0.10379,0.1211,0.04401,1.88355,2.61812,4.36371,2.03175,nan,0,0,0.000688683,0.000688683,0.000688683
107,12033.7,2.15049,3.27575,3.10742,2.2404,0.1092,0.12032,0.13684,0.22094,0.18621,0.15021,0.05392,0.21216,0.17667,0.13169,0.04224,1.88089,2.61947,5.17788,2.01756,nan,0,0,0.000687308,0.000687308,0.000687308
108,12146.1,2.10781,3.26401,3.16295,2.23678,0.10504,0.1162,0.13205,0.20213,0.13463,0.10141,0.0431,0.40797,0.121,0.09024,0.03552,1.89157,2.62081,5.08212,2.02156,nan,0,0,0.000685934,0.000685934,0.000685934
109,12258.3,2.14581,3.23581,3.12279,2.24912,0.10299,0.11333,0.13143,0.36239,0.19193,0.18754,0.07385,0.35796,0.15748,0.14796,0.04898,1.83128,2.56939,4.2228,1.96735,nan,0,0,0.000684559,0.000684559,0.000684559
110,12371,2.13227,3.23696,3.1394,2.24163,0.1049,0.11608,0.13204,0.23146,0.21165,0.13564,0.05137,0.17283,0.17049,0.10062,0.03876,1.85495,2.5908,6.21234,1.99282,nan,0,0,0.000683185,0.000683185,0.000683185
111,12483.2,2.14414,3.19814,3.225,2.26186,0.10783,0.11266,0.13103,0.20255,0.15167,0.11243,0.0472,0.18175,0.13898,0.10701,0.03553,1.8821,2.60733,4.64822,2.02874,nan,0,0,0.00068181,0.00068181,0.00068181
112,12595.6,2.12713,3.19003,3.0818,2.21229,0.1036,0.11452,0.12995,0.21056,0.16039,0.1279,0.05389,0.21605,0.18746,0.11062,0.03926,1.83415,2.56515,4.87619,1.96447,nan,0,0,0.000680436,0.000680436,0.000680436
113,12708,2.13926,3.22853,3.08279,2.22574,0.10175,0.10904,0.12762,0.31426,0.26532,0.17816,0.07365,0.29713,0.25615,0.1554,0.05698,1.80818,2.53824,6.02507,1.9436,nan,0,0,0.000679062,0.000679062,0.000679062
114,12820.7,2.13967,3.25377,3.10214,2.20309,0.10347,0.11599,0.13056,0.23363,0.21571,0.12163,0.05303,0.21406,0.20796,0.10744,0.03996,1.82835,2.57518,5.11584,1.9516,nan,0,0,0.000677687,0.000677687,0.000677687
115,12933.1,2.08367,3.18856,3.08166,2.18398,0.1047,0.11314,0.12997,0.21844,0.21759,0.14368,0.06291,0.21826,0.20965,0.12738,0.04664,1.79675,2.51959,5.95546,1.94584,nan,0,0,0.000676313,0.000676313,0.000676313
116,13045.3,2.09178,3.16481,3.08856,2.21485,0.1051,0.11535,0.13079,0.37829,0.17859,0.17913,0.06852,0.381,0.16666,0.16852,0.06081,1.81847,2.57088,4.8289,1.97253,nan,0,0,0.000674938,0.000674938,0.000674938
117,13157.8,2.09146,3.21859,3.03353,2.20476,0.10459,0.11473,0.13146,0.3093,0.21475,0.16527,0.07689,0.27184,0.16966,0.14529,0.05529,1.79666,2.51933,6.17216,1.92348,nan,0,0,0.000673564,0.000673564,0.000673564
118,13270.3,2.10364,3.18628,2.99978,2.18674,0.10072,0.11132,0.12696,0.25479,0.23921,0.18649,0.08658,0.24884,0.24535,0.17261,0.06533,1.8155,2.55521,4.95238,1.95807,nan,0,0,0.000672189,0.000672189,0.000672189
119,13382.8,2.08336,3.20672,3.0819,2.18432,0.10338,0.11188,0.12845,0.27028,0.22849,0.1899,0.08703,0.25112,0.21428,0.16953,0.06346,1.78381,2.53284,4.62375,1.92659,nan,0,0,0.000670815,0.000670815,0.000670815
120,13495,2.08602,3.11317,3.01808,2.18534,0.10026,0.10962,0.12588,0.25578,0.29986,0.18404,0.08385,0.24432,0.2821,0.17502,0.06256,1.78328,2.5233,5.88697,1.92101,nan,0,0,0.00066944,0.00066944,0.00066944
121,13607.2,2.08687,3.147,2.99054,2.17415,0.10496,0.11431,0.13045,0.27811,0.28433,0.19786,0.08552,0.26688,0.27267,0.17706,0.06045,1.80505,2.49824,4.74935,1.93507,nan,0,0,0.000668066,0.000668066,0.000668066
122,13719.5,2.10948,3.14894,3.02617,2.19461,0.10722,0.11904,0.13579,0.30414,0.24802,0.17124,0.08396,0.32062,0.22518,0.16858,0.05784,1.83411,2.56482,4.82184,1.97641,nan,0,0,0.000666692,0.000666692,0.000666692
123,13831.9,2.09789,3.153,3.00876,2.16377,0.10547,0.11402,0.13156,0.30024,0.25969,0.21306,0.10558,0.27264,0.24386,0.19576,0.07297,1.78952,2.5029,4.76578,1.92861,nan,0,0,0.000665317,0.000665317,0.000665317
124,13944.4,2.07096,3.17509,2.96209,2.17675,0.10379,0.1147,0.13275,0.29325,0.30611,0.21717,0.11069,0.26527,0.29834,0.19791,0.07753,1.74374,2.47639,4.29749,1.90536,nan,0,0,0.000663943,0.000663943,0.000663943
125,14056.9,2.08516,3.10973,2.97607,2.16448,0.10051,0.11011,0.12589,0.41639,0.20572,0.23854,0.09233,0.36153,0.18363,0.17899,0.06834,1.81521,2.52406,5.10743,1.94554,nan,0,0,0.000662568,0.000662568,0.000662568
126,14169.1,2.09172,3.13618,3.00046,2.17284,0.10265,0.11271,0.12896,0.28244,0.25114,0.17556,0.0862,0.27188,0.22725,0.16401,0.06073,1.80288,2.5224,5.6463,1.93493,nan,0,0,0.000661194,0.000661194,0.000661194
127,14281.5,2.09171,3.1245,2.96769,2.16733,0.10344,0.11463,0.13149,0.29043,0.27199,0.22726,0.10704,0.30576,0.265,0.21946,0.07601,1.75709,2.49261,4.77513,1.89492,nan,0,0,0.000659819,0.000659819,0.000659819
128,14393.9,2.06322,3.11613,2.91315,2.1534,0.10336,0.11034,0.12736,0.25015,0.30919,0.21056,0.09515,0.23287,0.30448,0.22403,0.07997,1.74899,2.46352,5.1851,1.88108,nan,0,0,0.000658445,0.000658445,0.000658445
129,14506.3,2.08113,3.10557,2.95723,2.14645,0.10496,0.11148,0.132,0.26125,0.2964,0.22627,0.08716,0.26017,0.29441,0.22778,0.07863,1.72264,2.44624,5.96568,1.87223,nan,0,0,0.00065707,0.00065707,0.00065707
130,14618.6,2.06814,3.09998,2.95855,2.14871,0.10434,0.11182,0.12977,0.2519,0.21664,0.20095,0.10043,0.32035,0.20467,0.19846,0.07628,1.79598,2.47467,4.45037,1.93305,nan,0,0,0.000655696,0.000655696,0.000655696
131,14731.1,2.08384,3.13517,2.95781,2.14796,0.10276,0.11201,0.12791,0.36932,0.27731,0.25011,0.11948,0.36014,0.27462,0.24452,0.09801,1.73699,2.42335,5.26016,1.87483,nan,0,0,0.000654321,0.000654321,0.000654321
132,14843.8,2.04703,3.09376,2.88293,2.13816,0.10158,0.11365,0.12819,0.37139,0.29154,0.25617,0.12182,0.29882,0.31488,0.2297,0.08805,1.71194,2.43451,5.83497,1.85175,nan,0,0,0.000652947,0.000652947,0.000652947
133,14955.9,2.06327,3.13868,2.90271,2.15,0.10458,0.11222,0.12982,0.39477,0.23278,0.21647,0.10873,0.38033,0.21414,0.20749,0.06183,1.8544,2.60488,4.23058,1.99529,nan,0,0,0.000651573,0.000651573,0.000651573
134,15068.2,2.03635,3.08683,2.87734,2.15825,0.10365,0.11418,0.13042,0.27561,0.28833,0.23824,0.11627,0.2615,0.27547,0.23042,0.08342,1.74595,2.4657,4.9456,1.89915,nan,0,0,0.000650198,0.000650198,0.000650198
135,15180.3,2.05337,3.06427,2.91787,2.13609,0.10335,0.11312,0.12995,0.32269,0.30353,0.24143,0.11436,0.29286,0.26741,0.21458,0.08331,1.72895,2.43325,4.2747,1.88091,nan,0,0,0.000648824,0.000648824,0.000648824
136,15292.5,2.06851,3.06604,2.90897,2.14564,0.10349,0.10936,0.12882,0.34052,0.28638,0.20756,0.09671,0.3144,0.25707,0.19331,0.07129,1.78286,2.45617,4.37281,1.92436,nan,0,0,0.000647449,0.000647449,0.000647449
137,15404.8,2.03417,3.08371,2.83844,2.12933,0.1019,0.11365,0.12868,0.28532,0.34168,0.27877,0.12088,0.27407,0.3278,0.25496,0.09032,1.69403,2.38858,5.5254,1.84126,nan,0,0,0.000646075,0.000646075,0.000646075
138,15517.2,2.07694,3.08468,2.83262,2.11471,0.1043,0.11384,0.13017,0.2728,0.35386,0.28144,0.14027,0.26678,0.30868,0.27229,0.09837,1.68872,2.37537,4.91114,1.82578,nan,0,0,0.0006447,0.0006447,0.0006447
139,15629.9,2.06594,3.07609,2.8546,2.11827,0.10277,0.11877,0.13254,0.24887,0.32529,0.23021,0.10533,0.25683,0.31997,0.2004,0.07471,1.71526,2.44565,5.6693,1.8643,nan,0,0,0.000643326,0.000643326,0.000643326
140,15742.1,2.00392,3.06938,2.81099,2.11072,0.10381,0.11679,0.13132,0.25326,0.33815,0.22368,0.1087,0.24984,0.33197,0.22,0.08588,1.72005,2.42676,5.28762,1.85727,nan,0,0,0.000641951,0.000641951,0.000641951
141,15854.3,2.00801,3.04055,2.8121,2.09753,0.10321,0.11081,0.12825,0.27048,0.3034,0.23996,0.11983,0.24136,0.30475,0.21323,0.07602,1.73005,2.44697,3.98649,1.86291,nan,0,0,0.000640577,0.000640577,0.000640577
142,15966.7,2.01243,3.04751,2.79482,2.10649,0.10096,0.11006,0.12498,0.27291,0.37145,0.27307,0.14015,0.26492,0.36892,0.26374,0.10591,1.65502,2.35676,5.37622,1.80282,nan,0,0,0.000639203,0.000639203,0.000639203
143,16079.5,2.03992,3.07101,2.79762,2.08697,0.10403,0.1146,0.13104,0.30982,0.32622,0.26713,0.13267,0.30122,0.31565,0.25538,0.09442,1.68403,2.36693,5.63641,1.82152,nan,0,0,0.000637828,0.000637828,0.000637828
144,16191.8,2.02442,3.04718,2.80686,2.08965,0.10001,0.10926,0.12533,0.39447,0.30686,0.29166,0.15306,0.3946,0.3037,0.28703,0.11364,1.66393,2.36016,5.68681,1.81863,nan,0,0,0.000636454,0.000636454,0.000636454
145,16304.2,1.98623,3.04573,2.75821,2.10518,0.10134,0.10821,0.12686,0.30273,0.3737,0.24373,0.13074,0.31423,0.36206,0.24081,0.09699,1.69515,2.37313,5.08901,1.85534,nan,0,0,0.000635079,0.000635079,0.000635079
146,16416.6,1.99897,3.02664,2.78234,2.0943,0.10357,0.11296,0.12898,0.27353,0.37129,0.26445,0.13937,0.26973,0.36569,0.25462,0.10476,1.69389,2.3742,5.34456,1.84036,nan,0,0,0.000633705,0.000633705,0.000633705
147,16528.8,1.97868,3.02778,2.7556,2.09929,0.10051,0.10871,0.12559,0.30974,0.30815,0.28061,0.13826,0.30787,0.3114,0.26628,0.10053,1.70852,2.41275,5.03534,1.86236,nan,0,0,0.00063233,0.00063233,0.00063233
148,16641.1,2.02301,2.99873,2.78433,2.08343,0.10382,0.11321,0.13016,0.35322,0.30369,0.28724,0.13795,0.30922,0.32899,0.25406,0.09741,1.65299,2.36954,6.03765,1.81161,nan,0,0,0.000630956,0.000630956,0.000630956
149,16753.5,2.04085,3.01349,2.77762,2.1002,0.10202,0.11373,0.12889,0.30979,0.3717,0.3174,0.15982,0.30606,0.36857,0.31133,0.11315,1.64119,2.31652,4.1326,1.80678,nan,0,0,0.000629581,0.000629581,0.000629581
150,16865.9,1.97743,3.02532,2.73473,2.0786,0.1012,0.10906,0.12734,0.34404,0.33542,0.28887,0.14273,0.30931,0.32397,0.24798,0.09398,1.68105,2.40107,4.73729,1.83269,nan,0,0,0.000628207,0.000628207,0.000628207
151,16978.1,1.98831,3.00348,2.76013,2.07609,0.10413,0.11664,0.13215,0.25331,0.38187,0.2874,0.14128,0.24359,0.37507,0.26237,0.09815,1.67389,2.3691,4.78788,1.82881,nan,0,0,0.000626832,0.000626832,0.000626832
152,17090.4,1.9566,2.99412,2.86343,2.04362,0.10397,0.11095,0.12824,0.28136,0.41055,0.31149,0.15625,0.26698,0.40031,0.30003,0.12305,1.65318,2.31246,5.99393,1.79296,nan,0,0,0.000625458,0.000625458,0.000625458
153,17202.7,2.02008,3.06493,2.80298,2.11027,0.10064,0.10827,0.12454,0.31699,0.37905,0.30907,0.14538,0.31001,0.36322,0.29983,0.11575,1.65641,2.30928,4.28522,1.80318,nan,0,0,0.000624084,0.000624084,0.000624084
154,17315,2.00012,3.06339,2.78226,2.09236,0.10451,0.11721,0.13309,0.31183,0.3829,0.3161,0.15999,0.30807,0.37899,0.30611,0.11829,1.62503,2.31824,5.32713,1.78277,nan,0,0,0.000622709,0.000622709,0.000622709
155,17427.3,1.99067,2.96487,2.6777,2.04682,0.10436,0.11838,0.13187,0.3532,0.38891,0.29698,0.14453,0.31928,0.39803,0.28263,0.11334,1.61827,2.30602,4.37238,1.77253,nan,0,0,0.000621335,0.000621335,0.000621335
156,17539.7,2.02363,3.03111,2.66989,2.03714,0.09987,0.11006,0.12508,0.30931,0.44935,0.33335,0.15844,0.28637,0.42604,0.31023,0.12537,1.62402,2.30395,5.25302,1.77282,nan,0,0,0.00061996,0.00061996,0.00061996
157,17652.5,1.98541,2.96489,2.66153,2.01871,0.10047,0.11208,0.1272,0.34499,0.41748,0.33028,0.17434,0.3548,0.40372,0.31217,0.1331,1.61442,2.26722,6.30954,1.76938,nan,0,0,0.000618586,0.000618586,0.000618586
158,17764.9,1.9723,2.94065,2.67401,2.05657,0.10259,0.11498,0.13051,0.32382,0.4065,0.31889,0.16906,0.30105,0.38915,0.30424,0.12762,1.59586,2.28369,5.21241,1.75747,nan,0,0,0.000617211,0.000617211,0.000617211
159,17877.3,1.94486,3.0114,2.6417,2.03238,0.10554,0.11684,0.13232,0.31863,0.43116,0.33854,0.17235,0.30735,0.41876,0.32666,0.14318,1.57863,2.29353,5.99766,1.74323,nan,0,0,0.000615837,0.000615837,0.000615837
160,17990,1.96814,2.98771,2.64668,2.04947,0.10263,0.11257,0.12929,0.32358,0.37324,0.30418,0.15964,0.31653,0.36772,0.29431,0.12159,1.65306,2.37381,5.39592,1.80672,nan,0,0,0.000614462,0.000614462,0.000614462
161,18102.3,1.93511,2.93157,2.60309,2.03493,0.0985,0.10888,0.12304,0.34116,0.30826,0.24725,0.12783,0.33241,0.30081,0.2382,0.09873,1.69221,2.39223,5.34124,1.83134,nan,0,0,0.000613088,0.000613088,0.000613088
162,18214.5,2.00418,2.98874,2.65476,2.05657,0.10361,0.11135,0.12896,0.30984,0.39711,0.32209,0.16209,0.2963,0.38027,0.30793,0.12995,1.65531,2.30508,4.30098,1.81715,nan,0,0,0.000611714,0.000611714,0.000611714
163,18326.6,1.92899,2.97737,2.61749,2.06933,0.10354,0.11421,0.12954,0.25953,0.4,0.24007,0.11206,0.24609,0.3898,0.22361,0.0842,1.65598,2.37567,5.09039,1.83601,nan,0,0,0.000610339,0.000610339,0.000610339
164,18439.2,1.98577,2.963,2.59349,2.01443,0.10342,0.11536,0.13006,0.28708,0.41087,0.34079,0.18373,0.28894,0.40857,0.33043,0.14434,1.58397,2.24455,6.31303,1.74782,nan,0,0,0.000608965,0.000608965,0.000608965
165,18551.8,1.93699,2.89722,2.59756,2.03645,0.10153,0.11322,0.1278,0.37342,0.38574,0.32694,0.16777,0.36571,0.38925,0.29906,0.12292,1.59432,2.26947,5.31124,1.76481,nan,0,0,0.00060759,0.00060759,0.00060759
166,18664,1.95571,2.93965,2.59538,2.02274,0.10214,0.11338,0.12819,0.31006,0.44511,0.3081,0.15696,0.31049,0.43913,0.29441,0.12115,1.59727,2.29175,5.52137,1.77064,nan,0,0,0.000606216,0.000606216,0.000606216
167,18776.3,1.94853,2.92269,2.5985,2.05705,0.1033,0.11352,0.12962,0.32031,0.38166,0.2932,0.14918,0.30697,0.36675,0.27774,0.11036,1.66005,2.35784,5.39432,1.82555,nan,0,0,0.000604841,0.000604841,0.000604841
168,18888.6,1.95397,2.92595,2.64424,2.04931,0.10407,0.11327,0.12859,0.25683,0.36216,0.26882,0.13375,0.23824,0.35927,0.26089,0.10795,1.68059,2.38254,4.71837,1.83592,nan,0,0,0.000603467,0.000603467,0.000603467
169,19001.1,1.98596,2.93815,2.60023,2.03421,0.10381,0.11687,0.13116,0.27413,0.37534,0.27516,0.13277,0.27533,0.35628,0.25947,0.10348,1.65976,2.30763,4.03819,1.81692,nan,0,0,0.000602092,0.000602092,0.000602092
170,19113.3,1.91635,2.90443,2.54825,1.98781,0.10283,0.11368,0.12866,0.28302,0.42658,0.336,0.17242,0.28445,0.42356,0.33295,0.13562,1.62068,2.2656,4.93114,1.78656,nan,0,0,0.000600718,0.000600718,0.000600718
171,19225.5,1.95165,2.93086,2.50446,2.01313,0.09946,0.10914,0.12323,0.28329,0.44183,0.34539,0.17788,0.27951,0.43219,0.34034,0.13316,1.5863,2.26641,5.12425,1.76089,nan,0,0,0.000599343,0.000599343,0.000599343
172,19337.7,1.89551,2.88626,2.60486,2.03498,0.10129,0.1066,0.12355,0.36542,0.42034,0.3719,0.19484,0.35551,0.41279,0.35902,0.14882,1.55383,2.21481,4.96777,1.74033,nan,0,0,0.000597969,0.000597969,0.000597969
173,19450.1,1.92344,2.93436,2.69496,2.08024,0.105,0.11261,0.12925,0.30896,0.48634,0.3455,0.16608,0.29988,0.45739,0.30613,0.13509,1.55953,2.20714,4.66823,1.73787,nan,0,0,0.000596595,0.000596595,0.000596595
174,19562.2,1.94422,2.96384,2.58728,2.02228,0.10066,0.10909,0.12468,0.30964,0.4223,0.34866,0.18252,0.30111,0.40935,0.34033,0.1434,1.58621,2.24233,4.52066,1.76059,nan,0,0,0.00059522,0.00059522,0.00059522
175,19674.5,1.9053,2.82395,2.45479,1.97676,0.10127,0.11032,0.12482,0.3593,0.42689,0.33405,0.16653,0.34253,0.41723,0.32506,0.13712,1.55357,2.22024,5.42813,1.7213,nan,0,0,0.000593846,0.000593846,0.000593846
176,19786.8,1.93533,2.92726,2.56957,1.99819,0.10143,0.11523,0.13068,0.32631,0.36111,0.32663,0.17451,0.31826,0.35279,0.3062,0.12836,1.567,2.23948,5.77727,1.73908,nan,0,0,0.000592471,0.000592471,0.000592471
177,19899,1.89988,2.89544,2.57441,2.0263,0.10296,0.11402,0.12939,0.34383,0.45001,0.39102,0.21258,0.32972,0.43441,0.37543,0.15567,1.54077,2.22224,5.17454,1.73528,nan,0,0,0.000591097,0.000591097,0.000591097
178,20011.6,1.93751,2.92131,2.54539,2.01503,0.10261,0.11384,0.12775,0.37563,0.40238,0.36258,0.19381,0.38024,0.40068,0.35444,0.15983,1.53608,2.18254,5.7979,1.72996,nan,0,0,0.000589722,0.000589722,0.000589722
179,20123.8,1.90498,2.85294,2.46101,2.00485,0.10215,0.11558,0.12947,0.45299,0.3773,0.36764,0.1887,0.4554,0.37533,0.35546,0.15031,1.53582,2.21834,5.69849,1.72004,nan,0,0,0.000588348,0.000588348,0.000588348
180,20236.1,1.90517,2.81781,2.45213,1.9694,0.09904,0.10983,0.12437,0.40112,0.41102,0.40219,0.22014,0.3782,0.41799,0.38956,0.18321,1.5083,2.15396,5.41428,1.68652,nan,0,0,0.000586973,0.000586973,0.000586973
181,20348.5,1.86917,2.86617,2.4673,1.98739,0.10161,0.11227,0.12755,0.41179,0.44798,0.39557,0.20737,0.39244,0.41143,0.37571,0.16985,1.53113,2.17657,6.10529,1.70424,nan,0,0,0.000585599,0.000585599,0.000585599
182,20460.8,1.89745,2.84093,2.46251,1.98558,0.10459,0.1147,0.1284,0.29876,0.38416,0.33465,0.16364,0.28023,0.43984,0.30874,0.12572,1.55183,2.22273,6.51024,1.72717,nan,0,0,0.000584225,0.000584225,0.000584225
183,20573,1.92705,2.83013,2.57679,2.01659,0.09992,0.11055,0.12579,0.34947,0.39399,0.28899,0.14181,0.35188,0.3791,0.28231,0.11208,1.59558,2.2465,6.15443,1.76475,nan,0,0,0.00058285,0.00058285,0.00058285
184,20685.4,1.94255,2.87357,2.5521,2.01551,0.10064,0.10933,0.12495,0.43781,0.39712,0.38233,0.19813,0.44407,0.39014,0.37338,0.14842,1.52008,2.17695,5.67483,1.70059,nan,0,0,0.000581476,0.000581476,0.000581476
185,20797.7,1.89627,2.87878,2.49988,1.9772,0.10148,0.10855,0.12419,0.32493,0.39244,0.32256,0.17244,0.31069,0.39006,0.3096,0.13075,1.56684,2.23214,5.56496,1.73855,nan,0,0,0.000580101,0.000580101,0.000580101
186,20909.9,1.90495,2.88361,2.44228,1.97816,0.10517,0.11621,0.13182,0.30514,0.38912,0.32184,0.15901,0.27626,0.35339,0.30912,0.12093,1.69289,2.2945,4.1503,1.81923,nan,0,0,0.000578727,0.000578727,0.000578727
187,21022.2,1.85168,2.76165,2.51373,1.95546,0.10122,0.10946,0.12316,0.4181,0.35469,0.35608,0.19588,0.45495,0.32731,0.3445,0.15002,1.57362,2.21068,4.76775,1.73596,nan,0,0,0.000577352,0.000577352,0.000577352
188,21134.4,1.9001,2.81823,2.48798,1.99982,0.10176,0.11135,0.12592,0.26806,0.29651,0.21661,0.10969,0.26762,0.24929,0.19938,0.08032,1.85647,2.50046,4.682,1.98707,nan,0,0,0.000575978,0.000575978,0.000575978
189,21246.8,1.91029,2.84641,2.45512,1.96085,0.10422,0.11652,0.12943,0.27344,0.36604,0.28277,0.15181,0.27878,0.3629,0.27193,0.10824,1.71905,2.36428,5.3685,1.87448,nan,0,0,0.000574603,0.000574603,0.000574603
190,21359,1.85348,2.85336,2.45444,1.97408,0.10087,0.11201,0.12566,0.44901,0.39223,0.37493,0.20844,0.45533,0.38156,0.36473,0.16393,1.54648,2.18016,5.43533,1.73433,nan,0,0,0.000573229,0.000573229,0.000573229
191,21471.4,1.89383,2.82734,2.47046,1.98972,0.10055,0.10995,0.12394,0.39733,0.53487,0.38249,0.19201,0.3908,0.52552,0.37166,0.14989,1.56227,2.19812,5.37302,1.72501,nan,0,0,0.000571854,0.000571854,0.000571854
192,21583.8,1.87189,2.80428,2.46467,1.97884,0.10127,0.11005,0.12587,0.36855,0.44649,0.37933,0.21846,0.37915,0.42843,0.36574,0.16497,1.48445,2.09129,5.29758,1.67829,nan,0,0,0.00057048,0.00057048,0.00057048
193,21696,1.86563,2.83447,2.42573,1.94381,0.1024,0.11227,0.12755,0.3776,0.46194,0.39501,0.22025,0.37368,0.45834,0.38388,0.1817,1.52804,2.10905,4.82654,1.69886,nan,0,0,0.000569106,0.000569106,0.000569106
194,21808.3,1.8933,2.82329,2.46208,1.96127,0.09957,0.10729,0.12337,0.38132,0.3142,0.36157,0.19209,0.38543,0.30916,0.34718,0.14834,1.59661,2.19038,4.53759,1.75947,nan,0,0,0.000567731,0.000567731,0.000567731
195,21920.7,1.88294,2.8243,2.43144,1.97924,0.10111,0.11193,0.12538,0.38345,0.48801,0.4032,0.21863,0.37582,0.47488,0.38935,0.1761,1.50134,2.12731,6.52173,1.69226,nan,0,0,0.000566357,0.000566357,0.000566357
196,22032.9,1.89963,2.78591,2.37844,1.94306,0.10101,0.11259,0.12697,0.33189,0.47412,0.40352,0.23368,0.32818,0.46594,0.39079,0.18695,1.47417,2.07591,5.68285,1.66306,nan,0,0,0.000564982,0.000564982,0.000564982
197,22145.4,1.83664,2.82601,2.3204,1.93851,0.10148,0.11249,0.12656,0.40237,0.4466,0.40653,0.23266,0.39572,0.44055,0.3995,0.18651,1.4784,2.11498,6.5172,1.66504,nan,0,0,0.000563608,0.000563608,0.000563608
198,22257.6,1.82641,2.79636,2.39741,1.93951,0.1054,0.11349,0.12813,0.3901,0.48365,0.4151,0.22222,0.37508,0.50072,0.40441,0.18114,1.45287,2.08825,5.87467,1.65254,nan,0,0,0.000562233,0.000562233,0.000562233
199,22370.1,1.85931,2.78766,2.3775,1.95952,0.10282,0.11332,0.1283,0.42397,0.48071,0.43618,0.25232,0.41522,0.4666,0.4206,0.20149,1.43787,2.09188,5.28786,1.6452,nan,0,0,0.000560859,0.000560859,0.000560859
200,22482.9,1.86992,2.80706,2.33789,1.94036,0.10011,0.11355,0.12794,0.44624,0.41893,0.42827,0.24313,0.42554,0.42675,0.41749,0.20034,1.43253,2.06334,5.68435,1.62596,nan,0,0,0.000559484,0.000559484,0.000559484
201,22595.3,1.80963,2.81023,2.32245,1.92311,0.10268,0.11484,0.12837,0.39827,0.42486,0.3847,0.21995,0.39153,0.41743,0.3772,0.17284,1.55464,2.16517,4.31303,1.73201,nan,0,0,0.00055811,0.00055811,0.00055811
202,22707.6,1.84086,2.82159,2.44864,1.97481,0.10036,0.11071,0.12506,0.35343,0.4971,0.39428,0.23591,0.3485,0.49349,0.38905,0.1941,1.45352,2.09594,6.4524,1.65109,nan,0,0,0.000556736,0.000556736,0.000556736
203,22819.9,1.82033,2.75029,2.33357,1.92456,0.10308,0.11691,0.1296,0.37571,0.51623,0.42527,0.24761,0.37199,0.50666,0.41474,0.20081,1.45708,2.07174,7.50972,1.64879,nan,0,0,0.000555361,0.000555361,0.000555361
204,22932.2,1.82557,2.74555,2.35059,1.94814,0.10316,0.1135,0.12814,0.4009,0.52885,0.4456,0.2617,0.38745,0.51634,0.43014,0.21479,1.42473,2.05253,5.64974,1.63396,nan,0,0,0.000553987,0.000553987,0.000553987
205,23044.7,1.84626,2.79813,2.34303,1.95024,0.10167,0.11307,0.12628,0.43016,0.48544,0.4483,0.26515,0.41925,0.47817,0.43386,0.21639,1.44719,2.05005,5.27296,1.6409,nan,0,0,0.000552612,0.000552612,0.000552612
206,23157.2,1.82107,2.77716,2.36728,1.92962,0.10454,0.1126,0.12848,0.39015,0.47215,0.42208,0.24222,0.38861,0.45843,0.39639,0.18401,1.47258,2.07005,5.0693,1.6667,nan,0,0,0.000551238,0.000551238,0.000551238
207,23269.6,1.79738,2.74968,2.28959,1.89944,0.10356,0.11292,0.12797,0.33819,0.54339,0.43892,0.24858,0.34136,0.52687,0.43088,0.20592,1.4322,2.056,6.42669,1.63217,nan,0,0,0.000549863,0.000549863,0.000549863
208,23381.8,1.82534,2.74017,2.38686,1.92801,0.10063,0.10901,0.12471,0.37035,0.50285,0.43171,0.25116,0.36467,0.49355,0.42134,0.1994,1.42459,2.04383,5.77922,1.61972,nan,0,0,0.000548489,0.000548489,0.000548489
209,23494,1.83855,2.82338,2.34214,1.92074,0.10256,0.1134,0.12754,0.42974,0.33711,0.36338,0.18978,0.41837,0.3255,0.34455,0.13475,1.65582,2.31503,3.55065,1.80424,nan,0,0,0.000547114,0.000547114,0.000547114
210,23606.2,1.82288,2.75783,2.33963,1.93575,0.1016,0.11156,0.12511,0.39073,0.43621,0.39984,0.21462,0.37805,0.42403,0.38251,0.17249,1.54172,2.15468,4.15924,1.72729,nan,0,0,0.00054574,0.00054574,0.00054574
211,23718.5,1.85237,2.80359,2.38232,1.95032,0.10177,0.11315,0.1266,0.43746,0.44286,0.39344,0.22664,0.42746,0.43174,0.38105,0.17728,1.47533,2.13736,5.54072,1.67274,nan,0,0,0.000544365,0.000544365,0.000544365
212,23830.8,1.82204,2.73347,2.3167,1.90995,0.10115,0.11082,0.12412,0.39814,0.39693,0.34105,0.18472,0.39262,0.38292,0.32481,0.13445,1.66169,2.25421,3.85054,1.80192,nan,0,0,0.000542991,0.000542991,0.000542991
213,23943,1.83571,2.72039,2.34631,1.91994,0.10263,0.11389,0.12965,0.36302,0.47892,0.37889,0.21538,0.35738,0.47029,0.36634,0.17715,1.501,2.11789,4.94601,1.67031,nan,0,0,0.000541617,0.000541617,0.000541617
214,24055.4,1.83387,2.73315,2.29689,1.91742,0.10178,0.11093,0.12369,0.44627,0.46914,0.43915,0.25803,0.43675,0.45206,0.42549,0.2079,1.44631,2.04001,5.58127,1.63711,nan,0,0,0.000540242,0.000540242,0.000540242
215,24167.9,1.81253,2.71183,2.3101,1.90848,0.10351,0.11699,0.12987,0.40039,0.5317,0.47208,0.28142,0.39989,0.5224,0.46554,0.23613,1.4017,2.00322,4.78321,1.60482,nan,0,0,0.000538868,0.000538868,0.000538868
216,24280.4,1.79762,2.72603,2.30128,1.92264,0.09927,0.11154,0.12438,0.414,0.51722,0.44905,0.25657,0.40637,0.5082,0.43649,0.21725,1.43071,2.05047,5.31339,1.63679,nan,0,0,0.000537493,0.000537493,0.000537493
217,24392.7,1.8192,2.71131,2.28667,1.88933,0.09837,0.1087,0.12322,0.42066,0.50101,0.45203,0.25786,0.40293,0.4994,0.44202,0.19518,1.45855,2.07319,5.1898,1.63712,nan,0,0,0.000536119,0.000536119,0.000536119
218,24505,1.8357,2.70791,2.34117,1.93061,0.10282,0.11376,0.12683,0.49017,0.46649,0.46829,0.26961,0.48421,0.46136,0.45305,0.22346,1.41831,2.0345,5.28106,1.60766,nan,0,0,0.000534744,0.000534744,0.000534744
219,24617.3,1.78577,2.74967,2.25646,1.90818,0.10135,0.11595,0.12578,0.44391,0.51664,0.47075,0.27907,0.44855,0.49437,0.45901,0.23802,1.43451,2.02961,5.64437,1.62203,nan,0,0,0.00053337,0.00053337,0.00053337
220,24729.6,1.80794,2.66501,2.32776,1.92436,0.10319,0.11138,0.12626,0.45401,0.51119,0.46627,0.27411,0.4484,0.4851,0.44774,0.23024,1.39573,1.98386,5.59732,1.60069,nan,0,0,0.000531995,0.000531995,0.000531995
221,24841.8,1.81013,2.73369,2.34814,1.9362,0.10125,0.11298,0.12781,0.3958,0.52478,0.43722,0.25256,0.38523,0.51628,0.42605,0.22083,1.42044,2.01131,5.13496,1.60582,nan,0,0,0.000530621,0.000530621,0.000530621
222,24954,1.81566,2.67988,2.34966,1.92832,0.10118,0.10778,0.1246,0.40298,0.52791,0.47599,0.28348,0.39752,0.51856,0.46332,0.23415,1.40685,2.02376,5.2506,1.61244,nan,0,0,0.000529247,0.000529247,0.000529247
223,25066.6,1.82719,2.75697,2.29409,1.93099,0.10137,0.10724,0.12483,0.42487,0.525,0.4598,0.27617,0.42452,0.50557,0.44244,0.22619,1.41818,2.02264,4.93974,1.61619,nan,0,0,0.000527872,0.000527872,0.000527872
224,25179,1.82008,2.72761,2.27952,1.91685,0.09858,0.10758,0.12239,0.45982,0.48938,0.46659,0.26139,0.44184,0.47854,0.45182,0.21787,1.46734,2.09342,5.38567,1.63929,nan,0,0,0.000526498,0.000526498,0.000526498
225,25291.2,1.78639,2.66499,2.23498,1.90563,0.10164,0.11295,0.12597,0.43746,0.48551,0.45891,0.25871,0.42994,0.4657,0.4403,0.21121,1.42871,2.06459,5.52617,1.6175,nan,0,0,0.000525123,0.000525123,0.000525123
226,25403.6,1.81497,2.75363,2.23747,1.89881,0.10451,0.11793,0.13057,0.382,0.55254,0.46657,0.27531,0.35025,0.56634,0.45338,0.23526,1.37889,1.97464,6.06687,1.57751,nan,0,0,0.000523749,0.000523749,0.000523749
227,25515.9,1.78162,2.67174,2.20979,1.89039,0.10361,0.11604,0.13007,0.40713,0.5419,0.46677,0.26858,0.39979,0.5335,0.44714,0.22026,1.39464,2.0117,5.94949,1.58475,nan,0,0,0.000522374,0.000522374,0.000522374
228,25628.2,1.77578,2.67673,2.14936,1.84776,0.10517,0.12001,0.13097,0.41194,0.54158,0.45168,0.26658,0.40452,0.53323,0.44291,0.22821,1.38854,1.99349,5.96907,1.58424,nan,0,0,0.000521,0.000521,0.000521
229,25740.4,1.78148,2.68089,2.27266,1.9077,0.1026,0.1096,0.12624,0.39882,0.51442,0.42264,0.24961,0.39269,0.48991,0.41317,0.20366,1.46115,2.07624,4.51367,1.63854,nan,0,0,0.000519625,0.000519625,0.000519625
230,25852.7,1.79572,2.72769,2.22155,1.88104,0.10228,0.11141,0.12515,0.41135,0.55324,0.47892,0.29174,0.40101,0.5415,0.46856,0.2461,1.37066,1.98285,6.14574,1.55876,nan,0,0,0.000518251,0.000518251,0.000518251
231,25965.3,1.7254,2.66228,2.18908,1.86293,0.09998,0.11058,0.12381,0.396,0.57882,0.47006,0.28953,0.38943,0.5749,0.45831,0.23776,1.36361,1.96165,5.58045,1.56196,nan,0,0,0.000516877,0.000516877,0.000516877
232,26077.7,1.75899,2.71656,2.1896,1.87783,0.10537,0.11631,0.13062,0.46496,0.50626,0.45129,0.28021,0.43949,0.49855,0.43714,0.22366,1.40261,2.00279,5.9957,1.59655,nan,0,0,0.000515502,0.000515502,0.000515502
233,26190,1.79628,2.6885,2.16881,1.86003,0.10112,0.11373,0.12573,0.43552,0.51521,0.47444,0.27881,0.43766,0.51544,0.46816,0.23448,1.37389,1.97823,5.56966,1.57391,nan,0,0,0.000514128,0.000514128,0.000514128
234,26302.3,1.79884,2.6905,2.23518,1.90301,0.10037,0.10876,0.12298,0.42951,0.54843,0.45365,0.2725,0.4227,0.54426,0.43434,0.22253,1.38109,2.03018,4.8319,1.5841,nan,0,0,0.000512753,0.000512753,0.000512753
235,26414.5,1.75978,2.67304,2.23902,1.88216,0.10264,0.11226,0.12648,0.42781,0.50263,0.45103,0.25602,0.42245,0.49834,0.43542,0.20044,1.42394,2.05669,4.72053,1.62476,nan,0,0,0.000511379,0.000511379,0.000511379
236,26526.9,1.75141,2.67731,2.2209,1.88138,0.10517,0.1157,0.1294,0.41312,0.5157,0.43872,0.23963,0.40098,0.50605,0.42238,0.19942,1.47127,2.06444,4.8555,1.63838,nan,0,0,0.000510004,0.000510004,0.000510004
237,26639.3,1.75467,2.65508,2.1075,1.85202,0.10521,0.11919,0.13137,0.44741,0.55421,0.49725,0.29478,0.45446,0.52998,0.48573,0.25807,1.35173,1.93568,6.4765,1.5552,nan,0,0,0.00050863,0.00050863,0.00050863
238,26751.8,1.73022,2.62415,2.16944,1.84058,0.10275,0.11232,0.12457,0.3969,0.55843,0.47481,0.27754,0.40447,0.51735,0.45719,0.23439,1.39933,1.98129,5.17065,1.58676,nan,0,0,0.000507255,0.000507255,0.000507255
239,26864.1,1.78409,2.6489,2.20945,1.86894,0.10115,0.1116,0.12614,0.40268,0.56747,0.4973,0.30063,0.3994,0.56113,0.48368,0.25617,1.33981,1.93865,6.23768,1.53859,nan,0,0,0.000505881,0.000505881,0.000505881
240,26976.7,1.73653,2.65604,2.15462,1.85611,0.10271,0.11304,0.12573,0.43341,0.54813,0.48221,0.29526,0.43024,0.5288,0.47329,0.23291,1.38723,2.00233,5.25392,1.58446,nan,0,0,0.000504506,0.000504506,0.000504506
241,27089.1,1.80339,2.66818,2.21459,1.84134,0.1031,0.11526,0.12859,0.38985,0.57458,0.48159,0.28289,0.38736,0.56521,0.46865,0.24372,1.36818,1.95502,6.05126,1.55866,nan,0,0,0.000503132,0.000503132,0.000503132
242,27201.6,1.77398,2.66949,2.22181,1.88713,0.10241,0.1162,0.12961,0.42014,0.54865,0.49356,0.3046,0.39927,0.52424,0.47541,0.26087,1.34955,1.94549,5.5952,1.5424,nan,0,0,0.000501758,0.000501758,0.000501758
243,27314.1,1.78507,2.71092,2.26467,1.90388,0.10126,0.10877,0.12269,0.39937,0.54244,0.45509,0.26937,0.38623,0.52864,0.44193,0.23152,1.36374,1.96852,5.31023,1.56924,nan,0,0,0.000500383,0.000500383,0.000500383
244,27426.4,1.77124,2.66176,2.18905,1.83884,0.1031,0.11286,0.12566,0.44487,0.54737,0.48178,0.28226,0.43232,0.537,0.46946,0.24109,1.34589,1.93726,6.46807,1.53666,nan,0,0,0.000499009,0.000499009,0.000499009
245,27538.7,1.76271,2.67664,2.24499,1.87209,0.10056,0.11043,0.12561,0.42053,0.57705,0.49085,0.29826,0.41018,0.56589,0.47719,0.24916,1.34264,1.93879,5.17226,1.54067,nan,0,0,0.000497634,0.000497634,0.000497634
246,27651,1.75492,2.63458,2.14012,1.84265,0.10256,0.11408,0.12699,0.40072,0.55512,0.46213,0.27936,0.38208,0.54583,0.43657,0.23568,1.341,1.95131,5.27434,1.55416,nan,0,0,0.00049626,0.00049626,0.00049626
247,27763.4,1.76332,2.63199,2.14301,1.84106,0.09955,0.10799,0.1215,0.42682,0.58281,0.49212,0.29742,0.41416,0.57383,0.47713,0.24822,1.31147,1.92011,6.25428,1.52121,nan,0,0,0.000494885,0.000494885,0.000494885
248,27875.7,1.76891,2.5547,2.1753,1.85624,0.09841,0.10812,0.12007,0.39909,0.54064,0.48784,0.30223,0.38614,0.53322,0.47575,0.25112,1.34436,1.91888,6.00416,1.54087,nan,0,0,0.000493511,0.000493511,0.000493511
249,27988,1.73609,2.53741,2.09291,1.84245,0.10192,0.11361,0.12562,0.45256,0.55811,0.50657,0.30897,0.44152,0.54342,0.49584,0.25194,1.34579,1.96064,5.75052,1.54376,nan,0,0,0.000492136,0.000492136,0.000492136
250,28100.3,1.74656,2.62229,2.12781,1.8395,0.10295,0.11495,0.12834,0.49845,0.48926,0.5004,0.28004,0.48609,0.47942,0.48585,0.2464,1.39843,1.98702,4.85417,1.57982,nan,0,0,0.000490762,0.000490762,0.000490762
251,28212.6,1.73143,2.59486,2.1145,1.82907,0.10189,0.11467,0.12738,0.40125,0.60336,0.49563,0.28383,0.39484,0.58124,0.48141,0.23963,1.36015,1.96173,5.54277,1.5477,nan,0,0,0.000489387,0.000489387,0.000489387
252,28324.9,1.75382,2.59011,2.10732,1.84957,0.10096,0.11157,0.12556,0.43035,0.55832,0.50765,0.29576,0.45135,0.52567,0.49575,0.2418,1.3258,1.92644,5.19402,1.53677,nan,0,0,0.000488013,0.000488013,0.000488013
253,28437.2,1.74212,2.60179,2.09632,1.82429,0.0973,0.10905,0.11953,0.41124,0.60784,0.51152,0.29705,0.39906,0.59841,0.49926,0.2435,1.32612,1.93342,6.12648,1.52521,nan,0,0,0.000486639,0.000486639,0.000486639
254,28549.5,1.74701,2.59355,2.09721,1.83423,0.10594,0.11817,0.13037,0.49823,0.5523,0.53334,0.32192,0.48971,0.55439,0.52173,0.25557,1.29832,1.92558,5.58716,1.50463,nan,0,0,0.000485264,0.000485264,0.000485264
255,28661.9,1.71273,2.61945,2.13115,1.84866,0.0993,0.10892,0.12265,0.45641,0.5733,0.50715,0.31006,0.43981,0.55394,0.49026,0.27045,1.28997,1.88488,6.51431,1.50012,nan,0,0,0.00048389,0.00048389,0.00048389
256,28774.4,1.74859,2.62676,2.13185,1.84946,0.10124,0.10896,0.12412,0.4894,0.57689,0.53716,0.33435,0.46533,0.56034,0.51737,0.27546,1.28699,1.89956,6.3961,1.51037,nan,0,0,0.000482515,0.000482515,0.000482515
257,28887,1.75783,2.64872,2.15397,1.83407,0.10076,0.11316,0.12513,0.48399,0.52879,0.5117,0.30582,0.45471,0.53163,0.48899,0.25627,1.35972,1.97302,6.16245,1.56162,nan,0,0,0.000481141,0.000481141,0.000481141
258,28999.4,1.74059,2.62414,2.13365,1.82941,0.10211,0.11398,0.12595,0.45841,0.59012,0.54033,0.33252,0.43928,0.58687,0.52234,0.28637,1.27719,1.87501,5.46143,1.49275,nan,0,0,0.000479766,0.000479766,0.000479766
259,29111.9,1.7339,2.56757,2.1081,1.82951,0.09875,0.10812,0.12211,0.49842,0.49146,0.48093,0.28757,0.48555,0.47545,0.46399,0.22861,1.371,1.96135,4.63919,1.56076,nan,0,0,0.000478392,0.000478392,0.000478392
260,29224.1,1.73887,2.57685,2.07243,1.82958,0.10151,0.11287,0.12557,0.44405,0.62403,0.52343,0.31533,0.42981,0.60923,0.50305,0.25648,1.3117,1.89646,5.44266,1.52263,nan,0,0,0.000477017,0.000477017,0.000477017
261,29336.4,1.67884,2.5373,2.05465,1.8179,0.10339,0.11527,0.126,0.51665,0.5856,0.54711,0.33448,0.50115,0.56568,0.52893,0.28377,1.2829,1.86676,6.35568,1.49737,nan,0,0,0.000475643,0.000475643,0.000475643
262,29448.7,1.70903,2.61204,2.0856,1.80972,0.10206,0.11322,0.12399,0.45437,0.55483,0.50609,0.31511,0.46321,0.51518,0.48474,0.25433,1.34067,1.92203,5.7279,1.54879,nan,0,0,0.000474269,0.000474269,0.000474269
263,29560.9,1.67481,2.54985,2.08155,1.79852,0.09849,0.10822,0.12129,0.48638,0.54363,0.52481,0.32379,0.47104,0.53163,0.50423,0.26456,1.30913,1.90767,5.25115,1.51964,nan,0,0,0.000472894,0.000472894,0.000472894
264,29673.1,1.71628,2.59507,2.06098,1.82059,0.10021,0.11024,0.12426,0.50634,0.51533,0.50043,0.30726,0.49084,0.50406,0.47982,0.24674,1.33962,1.9298,5.0105,1.52933,nan,0,0,0.00047152,0.00047152,0.00047152
265,29785.2,1.66942,2.57419,2.04594,1.81111,0.10179,0.11347,0.12563,0.51836,0.55276,0.5368,0.33557,0.50865,0.53646,0.52037,0.27591,1.29197,1.88079,5.56815,1.50111,nan,0,0,0.000470145,0.000470145,0.000470145
266,29897.5,1.73084,2.59764,2.09205,1.82406,0.10095,0.11473,0.12578,0.51508,0.55321,0.54499,0.33041,0.46574,0.57778,0.52528,0.27763,1.27995,1.86287,5.51976,1.49475,nan,0,0,0.000468771,0.000468771,0.000468771
267,30009.8,1.68083,2.53524,2.03945,1.80862,0.10094,0.11424,0.1239,0.53842,0.54015,0.54988,0.34418,0.50989,0.54962,0.53306,0.28805,1.25876,1.8877,6.3109,1.47422,nan,0,0,0.000467396,0.000467396,0.000467396
268,30122.4,1.69878,2.58368,2.04516,1.78663,0.10001,0.10993,0.12181,0.47938,0.5981,0.55291,0.34103,0.48248,0.57095,0.53406,0.2855,1.25373,1.84879,5.79168,1.46943,nan,0,0,0.000466022,0.000466022,0.000466022
269,30234.6,1.70109,2.56916,2.05941,1.80339,0.09878,0.1081,0.12005,0.48907,0.55001,0.52662,0.3202,0.5132,0.53761,0.51669,0.25821,1.30646,1.90002,4.47566,1.50508,nan,0,0,0.000464647,0.000464647,0.000464647
270,30346.8,1.69467,2.58696,2.06338,1.79796,0.10029,0.1087,0.12039,0.52963,0.59031,0.5651,0.3521,0.5117,0.58507,0.55142,0.29288,1.25617,1.84586,5.10061,1.46873,nan,0,0,0.000463273,0.000463273,0.000463273
271,30459.3,1.68627,2.61495,2.07958,1.81532,0.10271,0.11418,0.12706,0.48308,0.57436,0.54727,0.35563,0.4779,0.56384,0.53885,0.2863,1.30105,1.90399,4.79522,1.5129,nan,0,0,0.000461898,0.000461898,0.000461898
272,30571.5,1.69467,2.50546,2.03387,1.80338,0.10175,0.11236,0.12401,0.47332,0.54187,0.54434,0.35057,0.41615,0.62369,0.53397,0.28806,1.28267,1.87962,5.65291,1.49359,nan,0,0,0.000460524,0.000460524,0.000460524
273,30683.8,1.70046,2.54052,2.06669,1.79518,0.10104,0.11383,0.12479,0.4645,0.62507,0.55976,0.35313,0.44755,0.61212,0.5464,0.29044,1.25527,1.8356,5.91466,1.47409,nan,0,0,0.00045915,0.00045915,0.00045915
274,30796,1.70226,2.57597,2.0255,1.79937,0.09629,0.10528,0.11605,0.46569,0.63368,0.57852,0.36556,0.44497,0.6193,0.55249,0.30135,1.23929,1.81821,6.51632,1.45514,nan,0,0,0.000457775,0.000457775,0.000457775
275,30908.5,1.69207,2.52527,2.06063,1.80208,0.101,0.11165,0.12271,0.46524,0.60578,0.5315,0.33266,0.45016,0.59589,0.51813,0.27825,1.26659,1.86301,5.33964,1.47873,nan,0,0,0.000456401,0.000456401,0.000456401
276,31020.8,1.7046,2.5417,2.05017,1.81024,0.10032,0.11149,0.123,0.50966,0.56303,0.55533,0.35043,0.50821,0.53765,0.53611,0.2838,1.2371,1.83101,5.98283,1.45831,nan,0,0,0.000455026,0.000455026,0.000455026
277,31133,1.68604,2.52664,2.06565,1.78147,0.09915,0.11047,0.12282,0.47291,0.57269,0.52382,0.33475,0.47307,0.52293,0.49635,0.26229,1.28719,1.8745,5.07765,1.50622,nan,0,0,0.000453652,0.000453652,0.000453652
278,31245.4,1.69327,2.54579,2.00166,1.79618,0.09933,0.11114,0.12167,0.49549,0.58878,0.53653,0.33272,0.48541,0.57874,0.52519,0.27766,1.27798,1.85157,5.84184,1.48642,nan,0,0,0.000452277,0.000452277,0.000452277
279,31357.6,1.68364,2.5481,2.05207,1.80443,0.10331,0.11575,0.12739,0.48743,0.57043,0.54138,0.33995,0.48016,0.56471,0.53018,0.2799,1.26443,1.86004,5.62744,1.48579,nan,0,0,0.000450903,0.000450903,0.000450903
280,31469.8,1.69612,2.55759,2.05507,1.80049,0.10128,0.11211,0.12375,0.48473,0.56508,0.51286,0.30694,0.4733,0.55395,0.49737,0.23484,1.36268,1.989,4.06143,1.55664,nan,0,0,0.000449528,0.000449528,0.000449528
281,31582.2,1.73936,2.62415,2.02868,1.79965,0.10373,0.11665,0.12711,0.50843,0.59755,0.57959,0.37504,0.49886,0.59349,0.56388,0.31446,1.21481,1.79655,6.66978,1.43676,nan,0,0,0.000448154,0.000448154,0.000448154
282,31694.7,1.67849,2.51116,2.00211,1.81044,0.09972,0.11278,0.12218,0.45432,0.59101,0.53562,0.33776,0.43663,0.57186,0.51382,0.2713,1.26702,1.85937,5.81523,1.47597,nan,0,0,0.00044678,0.00044678,0.00044678
283,31807,1.68451,2.52231,2.07061,1.79332,0.10244,0.11223,0.12632,0.48751,0.62571,0.57265,0.36747,0.47052,0.61142,0.55212,0.31374,1.20435,1.80578,6.32115,1.43444,nan,0,0,0.000445405,0.000445405,0.000445405
284,31919.3,1.67799,2.51059,1.96566,1.76043,0.09782,0.11078,0.12151,0.48716,0.61691,0.57035,0.36501,0.47141,0.6019,0.54705,0.31062,1.24945,1.81694,5.60304,1.47277,nan,0,0,0.000444031,0.000444031,0.000444031
285,32031.6,1.70177,2.5381,2.00973,1.78946,0.09964,0.11452,0.12414,0.47906,0.61771,0.55331,0.35875,0.47609,0.59631,0.53483,0.2897,1.24447,1.83487,7.31715,1.46424,nan,0,0,0.000442656,0.000442656,0.000442656
286,32143.9,1.73091,2.5496,2.05423,1.81189,0.09971,0.11169,0.12248,0.53781,0.56614,0.56415,0.35086,0.52637,0.55892,0.54849,0.28353,1.27395,1.85601,6.60736,1.48764,nan,0,0,0.000441282,0.000441282,0.000441282
287,32256.1,1.68361,2.5509,2.00125,1.80433,0.10127,0.11317,0.12266,0.48364,0.59127,0.53569,0.329,0.47451,0.5798,0.52645,0.25471,1.30112,1.909,6.05962,1.50922,nan,0,0,0.000439907,0.000439907,0.000439907
288,32368.6,1.64472,2.56179,1.93855,1.76298,0.10191,0.11591,0.12508,0.51643,0.58703,0.56876,0.36256,0.4998,0.56829,0.54812,0.29044,1.23828,1.82219,6.23392,1.4494,nan,0,0,0.000438533,0.000438533,0.000438533
289,32480.8,1.69051,2.57084,2.04719,1.82545,0.09762,0.10923,0.12003,0.47726,0.62539,0.55751,0.35048,0.44731,0.62726,0.53813,0.28715,1.26063,1.83013,6.60134,1.47103,nan,0,0,0.000437158,0.000437158,0.000437158
290,32593.1,1.68945,2.49446,2.02356,1.76528,0.10137,0.11369,0.12439,0.47235,0.64519,0.58235,0.37564,0.46145,0.62949,0.56232,0.31593,1.22428,1.80315,6.27898,1.44585,nan,0,0,0.000435784,0.000435784,0.000435784
291,32705.5,1.64759,2.46934,1.96695,1.77343,0.10004,0.11229,0.12357,0.46276,0.64292,0.57683,0.37716,0.45278,0.62472,0.56326,0.3219,1.20308,1.76998,6.77723,1.43529,nan,0,0,0.000434409,0.000434409,0.000434409
292,32818.2,1.65967,2.51974,1.98388,1.77811,0.10504,0.11809,0.12867,0.4618,0.65175,0.58541,0.37661,0.45594,0.63818,0.56897,0.32732,1.21444,1.78035,6.50364,1.43989,nan,0,0,0.000433035,0.000433035,0.000433035
293,32930.7,1.6391,2.49046,1.95483,1.7667,0.10347,0.11051,0.12272,0.45454,0.67703,0.5859,0.3737,0.44292,0.66403,0.56106,0.31773,1.2089,1.77538,6.9345,1.43052,nan,0,0,0.000431661,0.000431661,0.000431661
294,33042.9,1.63505,2.49573,1.96875,1.75251,0.10111,0.11302,0.12473,0.50794,0.57361,0.54294,0.33459,0.49246,0.56081,0.52785,0.27315,1.33102,1.85771,4.971,1.52218,nan,0,0,0.000430286,0.000430286,0.000430286
295,33155.3,1.69381,2.51678,1.98104,1.78961,0.1013,0.11632,0.12617,0.46065,0.61297,0.55496,0.35029,0.44144,0.59695,0.53291,0.2897,1.24639,1.80617,6.58326,1.46452,nan,0,0,0.000428912,0.000428912,0.000428912
296,33267.4,1.66157,2.5508,2.04037,1.78514,0.09767,0.10761,0.11732,0.49911,0.5291,0.50842,0.30928,0.48386,0.53058,0.49773,0.24902,1.33669,1.90987,5.57478,1.5378,nan,0,0,0.000427537,0.000427537,0.000427537
297,33379.7,1.63817,2.48947,1.92711,1.74569,0.09965,0.11151,0.12277,0.54793,0.52464,0.53605,0.33799,0.53337,0.51337,0.52043,0.27729,1.28378,1.86061,6.76297,1.48624,nan,0,0,0.000426163,0.000426163,0.000426163
298,33492,1.61151,2.44615,1.91383,1.72576,0.09863,0.11066,0.11943,0.56761,0.59848,0.58453,0.37273,0.5523,0.58876,0.56481,0.30383,1.21003,1.76515,6.46069,1.42559,nan,0,0,0.000424788,0.000424788,0.000424788
299,33604.2,1.68421,2.52113,2.04583,1.78093,0.09818,0.10818,0.11956,0.54111,0.58037,0.58246,0.3682,0.53235,0.56149,0.56047,0.30357,1.23127,1.78764,6.0541,1.4462,nan,0,0,0.000423414,0.000423414,0.000423414
300,33716.5,1.67546,2.51931,1.95281,1.77306,0.10129,0.11666,0.12598,0.52817,0.62146,0.60497,0.37799,0.51463,0.60164,0.58254,0.32087,1.21025,1.76174,5.74245,1.43534,nan,0,0,0.000422039,0.000422039,0.000422039
301,33828.8,1.64033,2.47926,1.93663,1.76359,0.09809,0.11205,0.12133,0.50475,0.6253,0.60157,0.38722,0.46725,0.62746,0.57724,0.32365,1.20966,1.77588,5.60998,1.43117,nan,0,0,0.000420665,0.000420665,0.000420665
302,33941.2,1.62049,2.52113,1.96305,1.76035,0.1004,0.11248,0.12288,0.54952,0.58419,0.585,0.37045,0.54707,0.55288,0.56587,0.31347,1.22799,1.8092,5.53614,1.44257,nan,0,0,0.000419291,0.000419291,0.000419291
303,34053.6,1.65861,2.47311,1.88411,1.76313,0.10363,0.12013,0.13004,0.54504,0.6284,0.59545,0.38149,0.51617,0.63415,0.57847,0.32127,1.18004,1.74163,7.01177,1.41024,nan,0,0,0.000417916,0.000417916,0.000417916
304,34165.9,1.66754,2.47075,1.98711,1.7751,0.10326,0.11718,0.12654,0.4636,0.61284,0.55822,0.35536,0.45369,0.60179,0.54327,0.29633,1.25533,1.84419,5.92586,1.47822,nan,0,0,0.000416542,0.000416542,0.000416542
305,34278,1.63721,2.48122,1.92645,1.73451,0.09692,0.1066,0.11718,0.50471,0.62557,0.5755,0.37161,0.49504,0.62069,0.56042,0.31106,1.20568,1.75814,6.38373,1.43462,nan,0,0,0.000415167,0.000415167,0.000415167
306,34390.3,1.65556,2.5022,1.94833,1.76326,0.10238,0.11464,0.12624,0.54823,0.6015,0.58524,0.37352,0.53776,0.59256,0.57484,0.31207,1.20653,1.77121,6.49654,1.42742,nan,0,0,0.000413793,0.000413793,0.000413793
307,34502.3,1.64239,2.4812,1.92688,1.74856,0.09785,0.10909,0.11916,0.53258,0.60323,0.59612,0.38201,0.5052,0.58814,0.57776,0.32385,1.21511,1.76078,6.01724,1.43283,nan,0,0,0.000412418,0.000412418,0.000412418
308,34614.5,1.636,2.45189,2.00784,1.76323,0.09941,0.11022,0.12075,0.57715,0.56267,0.60325,0.39995,0.54864,0.55718,0.58328,0.31868,1.21135,1.76876,5.73824,1.42936,nan,0,0,0.000411044,0.000411044,0.000411044
309,34726.9,1.64872,2.4585,1.96469,1.78072,0.09993,0.11179,0.12071,0.56281,0.59151,0.61912,0.40604,0.5454,0.57618,0.59945,0.33451,1.19494,1.7612,6.07245,1.42079,nan,0,0,0.000409669,0.000409669,0.000409669
310,34839.3,1.6228,2.47992,1.9876,1.76833,0.0992,0.10778,0.11844,0.53297,0.63281,0.60562,0.39872,0.51612,0.61823,0.58971,0.33381,1.1899,1.75187,6.2152,1.42123,nan,0,0,0.000408295,0.000408295,0.000408295
311,34951.5,1.67208,2.46793,1.98348,1.76443,0.10229,0.11569,0.12644,0.54984,0.5631,0.57908,0.3629,0.55808,0.54888,0.56712,0.29313,1.24473,1.82899,5.44134,1.46525,nan,0,0,0.00040692,0.00040692,0.00040692
312,35063.7,1.5758,2.40785,1.86696,1.72521,0.10145,0.11541,0.12436,0.52732,0.63382,0.58484,0.38087,0.51724,0.62515,0.57325,0.31325,1.22477,1.78288,5.82639,1.44498,nan,0,0,0.000405546,0.000405546,0.000405546
313,35175.9,1.59558,2.44399,1.89551,1.74661,0.10152,0.1124,0.12172,0.53944,0.65735,0.60336,0.39339,0.52343,0.65309,0.58624,0.32701,1.17685,1.73585,6.26144,1.40124,nan,0,0,0.000404172,0.000404172,0.000404172
314,35288.2,1.67028,2.49011,1.98715,1.78051,0.09992,0.10873,0.12037,0.56519,0.61937,0.6075,0.3988,0.55172,0.60624,0.58938,0.3372,1.19359,1.72992,6.19111,1.41629,nan,0,0,0.000402797,0.000402797,0.000402797
315,35400.5,1.60766,2.40089,1.90192,1.73265,0.09945,0.1117,0.12003,0.51076,0.65339,0.57562,0.37507,0.50005,0.6346,0.56625,0.31328,1.22243,1.77719,5.07687,1.43724,nan,0,0,0.000401423,0.000401423,0.000401423
316,35512.8,1.62211,2.47458,1.95,1.72009,0.09954,0.1104,0.12069,0.50922,0.63986,0.6064,0.39177,0.4988,0.62874,0.59399,0.32829,1.19912,1.74469,5.12926,1.42063,nan,0,0,0.000400048,0.000400048,0.000400048
317,35625.1,1.62628,2.42289,1.90216,1.7323,0.10047,0.11146,0.12148,0.51817,0.66052,0.61205,0.39389,0.5133,0.63859,0.59892,0.33131,1.17526,1.72239,6.09067,1.40185,nan,0,0,0.000398674,0.000398674,0.000398674
318,35737.2,1.58392,2.39875,1.92997,1.74754,0.09804,0.10552,0.11671,0.50361,0.65065,0.5873,0.37951,0.48394,0.64885,0.57297,0.31461,1.20709,1.75619,5.26855,1.42915,nan,0,0,0.000397299,0.000397299,0.000397299
319,35849.6,1.6056,2.47214,1.90701,1.73912,0.10532,0.1197,0.13028,0.51441,0.63032,0.60567,0.39434,0.48828,0.6171,0.58816,0.33885,1.18488,1.69821,6.59087,1.40863,nan,0,0,0.000395925,0.000395925,0.000395925
320,35961.8,1.59981,2.46462,1.91142,1.72296,0.09914,0.11037,0.11925,0.51025,0.65172,0.60779,0.39429,0.50047,0.63914,0.5918,0.33612,1.18663,1.70771,6.28992,1.41142,nan,0,0,0.00039455,0.00039455,0.00039455
321,36074.2,1.63626,2.47572,1.87993,1.74691,0.10075,0.11241,0.12295,0.55031,0.58608,0.61002,0.38978,0.53225,0.56808,0.58489,0.31915,1.18688,1.72082,6.21729,1.41454,nan,0,0,0.000393176,0.000393176,0.000393176
322,36186.5,1.61016,2.45134,1.94279,1.74812,0.09765,0.10626,0.11652,0.52476,0.63621,0.60177,0.38453,0.51103,0.62295,0.57933,0.32555,1.17635,1.72454,6.73344,1.40617,nan,0,0,0.000391802,0.000391802,0.000391802
323,36298.9,1.6167,2.45027,1.86945,1.72495,0.10198,0.11251,0.12303,0.51736,0.61927,0.60603,0.3892,0.49491,0.6111,0.57578,0.3334,1.18349,1.71491,5.87379,1.40709,nan,0,0,0.000390427,0.000390427,0.000390427
324,36411.4,1.6401,2.46263,1.90303,1.72959,0.10236,0.11264,0.12387,0.54685,0.60853,0.61524,0.3937,0.50575,0.61264,0.58449,0.32767,1.1671,1.71554,6.91983,1.39305,nan,0,0,0.000389053,0.000389053,0.000389053
325,36523.8,1.62058,2.38395,1.9114,1.73377,0.09961,0.10911,0.11827,0.6092,0.54877,0.61109,0.39315,0.59521,0.53643,0.59577,0.33536,1.18894,1.74363,5.54189,1.40941,nan,0,0,0.000387678,0.000387678,0.000387678
326,36636.2,1.64274,2.4602,1.88499,1.75082,0.10099,0.11013,0.12148,0.50886,0.66063,0.60762,0.39772,0.49929,0.6494,0.59389,0.33227,1.15013,1.70088,6.16475,1.38085,nan,0,0,0.000386304,0.000386304,0.000386304
327,36748.4,1.58921,2.44225,1.84,1.72935,0.10153,0.11043,0.12227,0.50472,0.61276,0.58978,0.37734,0.49736,0.60781,0.57796,0.3114,1.24661,1.78335,5.67622,1.46041,nan,0,0,0.000384929,0.000384929,0.000384929
328,36860.8,1.58623,2.41908,1.83844,1.70266,0.09662,0.10563,0.11566,0.50392,0.66522,0.6006,0.38557,0.50563,0.63454,0.58783,0.32166,1.18883,1.74032,6.39989,1.41663,nan,0,0,0.000383555,0.000383555,0.000383555
329,36973,1.57147,2.40636,1.85888,1.71121,0.10122,0.11012,0.12164,0.47932,0.69374,0.61025,0.39463,0.47347,0.6869,0.59645,0.32669,1.16478,1.72147,5.80924,1.39887,nan,0,0,0.00038218,0.00038218,0.00038218
330,37085.3,1.61444,2.43644,1.90383,1.73195,0.09862,0.10665,0.11714,0.4936,0.63547,0.59483,0.39138,0.4813,0.62285,0.57654,0.32589,1.17715,1.72489,5.45862,1.40494,nan,0,0,0.000380806,0.000380806,0.000380806
331,37197.9,1.59573,2.44806,1.84776,1.72497,0.10051,0.11215,0.12251,0.5128,0.66099,0.61334,0.39487,0.49797,0.6482,0.59816,0.32483,1.1649,1.72168,6.19734,1.39564,nan,0,0,0.000379431,0.000379431,0.000379431
332,37310.2,1.57488,2.38551,1.87716,1.71349,0.10017,0.10905,0.11963,0.49148,0.63661,0.57476,0.36404,0.48487,0.62434,0.56135,0.30126,1.23565,1.80729,5.12751,1.45363,nan,0,0,0.000378057,0.000378057,0.000378057
333,37422.6,1.59242,2.39551,1.84992,1.70743,0.09878,0.1098,0.12069,0.5089,0.68344,0.61887,0.40728,0.49533,0.6667,0.59263,0.33014,1.15771,1.70588,6.56992,1.39139,nan,0,0,0.000376683,0.000376683,0.000376683
334,37534.9,1.60531,2.40803,1.85723,1.69219,0.10062,0.10993,0.11918,0.5335,0.64032,0.62713,0.40978,0.52009,0.62263,0.59557,0.3365,1.15624,1.69796,6.21874,1.38374,nan,0,0,0.000375308,0.000375308,0.000375308
335,37647.3,1.62107,2.43177,1.92796,1.73374,0.09792,0.10672,0.11789,0.51582,0.65156,0.61834,0.40827,0.50388,0.63259,0.59403,0.32655,1.17022,1.71664,5.00822,1.39483,nan,0,0,0.000373934,0.000373934,0.000373934
336,37759.7,1.62322,2.49757,1.88714,1.73595,0.10127,0.11291,0.1229,0.5059,0.66869,0.61641,0.40523,0.49024,0.64342,0.59277,0.32508,1.158,1.7071,5.21468,1.39105,nan,0,0,0.000372559,0.000372559,0.000372559
337,37871.9,1.5512,2.38819,1.81269,1.69168,0.09921,0.11108,0.12012,0.51377,0.64722,0.61327,0.40487,0.49854,0.62936,0.5897,0.3322,1.17099,1.70595,5.58764,1.39613,nan,0,0,0.000371185,0.000371185,0.000371185
338,37984,1.59339,2.40809,1.91125,1.72031,0.1,0.10785,0.11897,0.54954,0.59138,0.58625,0.38127,0.5385,0.57194,0.56596,0.3039,1.22786,1.76985,4.79091,1.44239,nan,0,0,0.00036981,0.00036981,0.00036981
339,38096.3,1.5878,2.45062,1.88123,1.69496,0.10161,0.11153,0.12328,0.54565,0.62676,0.62779,0.41502,0.53574,0.61676,0.61091,0.34682,1.16021,1.70317,6.20053,1.38367,nan,0,0,0.000368436,0.000368436,0.000368436
340,38208.8,1.58031,2.37844,1.83845,1.70285,0.09948,0.11095,0.12075,0.56747,0.6069,0.62835,0.41268,0.5475,0.5927,0.60177,0.33941,1.14006,1.68951,6.31135,1.36787,nan,0,0,0.000367061,0.000367061,0.000367061
341,38321.1,1.60166,2.37101,1.90053,1.71414,0.09853,0.10681,0.11796,0.56728,0.63808,0.64586,0.43158,0.57114,0.61408,0.62673,0.35804,1.12935,1.67496,6.24853,1.3622,nan,0,0,0.000365687,0.000365687,0.000365687
342,38433.5,1.57292,2.42099,1.84106,1.69591,0.10097,0.10861,0.12006,0.55303,0.58254,0.59372,0.37585,0.50024,0.60464,0.56714,0.28213,1.28306,1.8352,3.87238,1.48312,nan,0,0,0.000364313,0.000364313,0.000364313
343,38545.6,1.57107,2.42135,1.82068,1.69279,0.09972,0.10899,0.11977,0.50838,0.65768,0.60912,0.40124,0.49258,0.64081,0.58579,0.32238,1.20552,1.73853,4.88935,1.42329,nan,0,0,0.000362938,0.000362938,0.000362938
344,38657.9,1.59354,2.42832,1.8615,1.70743,0.10007,0.1079,0.11829,0.51849,0.64261,0.59421,0.39478,0.50822,0.63193,0.57927,0.32976,1.13246,1.68018,6.42581,1.37104,nan,0,0,0.000361564,0.000361564,0.000361564
345,38770,1.5962,2.40427,1.91138,1.7207,0.09884,0.10507,0.11583,0.53594,0.56639,0.57659,0.37718,0.49033,0.57921,0.55522,0.3031,1.23706,1.78476,5.23904,1.4562,nan,0,0,0.000360189,0.000360189,0.000360189
346,38882.3,1.58395,2.43071,1.87213,1.71455,0.10206,0.11208,0.12421,0.54876,0.61392,0.61252,0.40144,0.52576,0.60377,0.59071,0.32913,1.16398,1.71956,5.8497,1.38667,nan,0,0,0.000358815,0.000358815,0.000358815
347,38994.4,1.56884,2.41885,1.85901,1.70566,0.10205,0.11003,0.1208,0.58772,0.61758,0.62194,0.40698,0.5212,0.67058,0.60757,0.34644,1.15484,1.70084,6.0325,1.38204,nan,0,0,0.00035744,0.00035744,0.00035744
348,39106.8,1.60472,2.45003,1.83335,1.68244,0.09851,0.10732,0.11784,0.57216,0.64602,0.64457,0.43485,0.55435,0.63849,0.62199,0.35197,1.12403,1.65731,6.60437,1.35803,nan,0,0,0.000356066,0.000356066,0.000356066
349,39219,1.55366,2.34513,1.80855,1.70177,0.0998,0.11094,0.12212,0.54111,0.66496,0.63221,0.42191,0.52246,0.65154,0.61054,0.34392,1.1507,1.68389,5.83646,1.37971,nan,0,0,0.000354691,0.000354691,0.000354691
350,39331.2,1.56546,2.34822,1.87541,1.71384,0.10368,0.11023,0.12239,0.53066,0.66268,0.64039,0.42535,0.5267,0.65224,0.62357,0.36639,1.12937,1.66368,6.81264,1.3537,nan,0,0,0.000353317,0.000353317,0.000353317
351,39443.7,1.57131,2.40535,1.78041,1.69615,0.09854,0.111,0.11971,0.55532,0.66586,0.64929,0.42985,0.53892,0.64858,0.62385,0.35371,1.15111,1.67729,6.65656,1.36946,nan,0,0,0.000351942,0.000351942,0.000351942
352,39555.8,1.58927,2.37919,1.85738,1.70731,0.10134,0.10904,0.12057,0.55797,0.66143,0.64414,0.43403,0.54404,0.64251,0.62663,0.36558,1.1151,1.65678,7.06715,1.34546,nan,0,0,0.000350568,0.000350568,0.000350568
353,39668.4,1.5551,2.33803,1.83411,1.68199,0.0938,0.09973,0.11069,0.54485,0.66389,0.63734,0.41754,0.53083,0.64883,0.61878,0.3476,1.16523,1.72058,5.67104,1.38489,nan,0,0,0.000349194,0.000349194,0.000349194
354,39780.6,1.5786,2.40837,1.86782,1.70521,0.09981,0.10978,0.1211,0.57282,0.60063,0.63151,0.41279,0.57856,0.58684,0.62181,0.34553,1.15936,1.70928,6.43019,1.37365,nan,0,0,0.000347819,0.000347819,0.000347819
355,39892.9,1.57916,2.36424,1.82904,1.66934,0.09639,0.10807,0.11826,0.52724,0.66541,0.60834,0.39965,0.52207,0.66144,0.59901,0.3287,1.19064,1.73003,6.33233,1.39822,nan,0,0,0.000346445,0.000346445,0.000346445
356,40005,1.57205,2.40532,1.82708,1.70641,0.09884,0.10598,0.1156,0.53567,0.62921,0.61561,0.41108,0.52475,0.62303,0.60299,0.33651,1.17471,1.70389,5.90881,1.39344,nan,0,0,0.00034507,0.00034507,0.00034507
357,40117.2,1.56706,2.42467,1.84989,1.7002,0.1002,0.10494,0.1165,0.53829,0.69625,0.643,0.44233,0.53299,0.68026,0.62785,0.36684,1.09972,1.64194,7.11943,1.33629,nan,0,0,0.000343696,0.000343696,0.000343696
358,40229.7,1.55562,2.37714,1.7964,1.69854,0.09815,0.10929,0.11903,0.52968,0.70025,0.63832,0.42849,0.52025,0.68521,0.62089,0.34734,1.11908,1.65512,6.63436,1.34664,nan,0,0,0.000342321,0.000342321,0.000342321
359,40341.8,1.53979,2.40434,1.82282,1.67602,0.10009,0.10782,0.11957,0.56265,0.64102,0.63444,0.41652,0.54882,0.61758,0.60924,0.33561,1.17039,1.71278,6.02261,1.38942,nan,0,0,0.000340947,0.000340947,0.000340947
360,40453.8,1.52041,2.3216,1.89935,1.67171,0.09483,0.09815,0.1086,0.59888,0.59217,0.61537,0.39333,0.57096,0.57677,0.58398,0.31311,1.23673,1.74998,4.81118,1.43933,nan,0,0,0.000339572,0.000339572,0.000339572
361,40566,1.5326,2.35367,1.76191,1.68063,0.10129,0.11066,0.12126,0.55479,0.67961,0.64932,0.43436,0.54314,0.66701,0.63456,0.3658,1.11991,1.63918,6.65832,1.35044,nan,0,0,0.000338198,0.000338198,0.000338198
362,40678.3,1.56671,2.4016,1.8496,1.69533,0.09857,0.10962,0.12056,0.57855,0.64421,0.65749,0.44153,0.56103,0.62805,0.63674,0.36934,1.11883,1.64403,6.59044,1.34855,nan,0,0,0.000336824,0.000336824,0.000336824
363,40790.8,1.55728,2.33567,1.77073,1.67534,0.09731,0.10688,0.11806,0.56716,0.66897,0.65148,0.42472,0.55817,0.66202,0.63973,0.36094,1.12523,1.63928,7.38298,1.34794,nan,0,0,0.000335449,0.000335449,0.000335449
364,40903.1,1.57009,2.29076,1.79722,1.68053,0.10103,0.10971,0.12036,0.53134,0.68666,0.64263,0.42773,0.51545,0.68036,0.63204,0.35822,1.13411,1.6607,7.01714,1.3598,nan,0,0,0.000334075,0.000334075,0.000334075
365,41015.3,1.56029,2.34422,1.76942,1.65916,0.10217,0.11083,0.12291,0.5579,0.66646,0.65303,0.43726,0.5154,0.66709,0.63687,0.36206,1.11667,1.65028,7.18516,1.35172,nan,0,0,0.0003327,0.0003327,0.0003327
366,41127.4,1.55807,2.33769,1.81584,1.65908,0.09832,0.10811,0.11925,0.55174,0.66904,0.64501,0.43135,0.54727,0.65659,0.63302,0.36223,1.11863,1.64228,6.69638,1.34581,nan,0,0,0.000331326,0.000331326,0.000331326
367,41239.5,1.54428,2.30661,1.7935,1.66111,0.10082,0.10714,0.11889,0.58792,0.64879,0.65634,0.43908,0.55509,0.63229,0.6361,0.37303,1.09703,1.62306,6.65695,1.32642,nan,0,0,0.000329951,0.000329951,0.000329951
368,41352.1,1.53751,2.33399,1.79746,1.67167,0.09874,0.10675,0.11908,0.56757,0.67624,0.64831,0.43544,0.55039,0.66125,0.63122,0.36802,1.13118,1.64633,6.49233,1.34714,nan,0,0,0.000328577,0.000328577,0.000328577
369,41464.3,1.53532,2.32446,1.79422,1.67514,0.09848,0.10537,0.11616,0.55387,0.67727,0.6372,0.42686,0.53597,0.66228,0.61824,0.35837,1.14118,1.64713,7.26732,1.35245,nan,0,0,0.000327202,0.000327202,0.000327202
370,41577.1,1.52882,2.33634,1.7465,1.65091,0.0994,0.10746,0.11921,0.54262,0.6719,0.62902,0.41693,0.52074,0.65896,0.60713,0.35206,1.16637,1.69788,5.83622,1.38728,nan,0,0,0.000325828,0.000325828,0.000325828
371,41689.5,1.49902,2.29452,1.77536,1.65079,0.09894,0.10546,0.11564,0.53083,0.67757,0.62919,0.42102,0.52095,0.66618,0.61221,0.34664,1.16792,1.70401,5.58774,1.38966,nan,0,0,0.000324453,0.000324453,0.000324453
372,41801.9,1.54278,2.33065,1.76647,1.66137,0.09762,0.10639,0.11739,0.52049,0.68686,0.62088,0.41619,0.50742,0.67958,0.60709,0.34562,1.15237,1.66179,5.75637,1.37919,nan,0,0,0.000323079,0.000323079,0.000323079
373,41914.1,1.55515,2.36838,1.79735,1.67198,0.10207,0.10902,0.12031,0.5824,0.65402,0.66818,0.4515,0.56592,0.64769,0.64796,0.38459,1.09688,1.62616,7.28723,1.33308,nan,0,0,0.000321705,0.000321705,0.000321705
374,42026.8,1.58603,2.37183,1.81372,1.69113,0.09788,0.10657,0.11774,0.55878,0.68669,0.65571,0.44966,0.54673,0.67271,0.6359,0.37926,1.10808,1.63153,6.68559,1.33984,nan,0,0,0.00032033,0.00032033,0.00032033
375,42139.1,1.50593,2.29556,1.75234,1.64004,0.1003,0.10851,0.11928,0.59644,0.678,0.66166,0.44425,0.584,0.66345,0.63776,0.379,1.09312,1.6125,6.17267,1.33037,nan,0,0,0.000318956,0.000318956,0.000318956
376,42251.4,1.53394,2.3163,1.74686,1.67596,0.0982,0.10684,0.11726,0.58218,0.69831,0.6627,0.4511,0.5668,0.69029,0.64353,0.38574,1.08318,1.59887,7.0333,1.32068,nan,0,0,0.000317581,0.000317581,0.000317581
377,42363.9,1.50487,2.35748,1.76544,1.65473,0.09926,0.10901,0.12073,0.58471,0.65446,0.64779,0.44282,0.58064,0.63339,0.63629,0.36645,1.09057,1.62984,7.40661,1.32779,nan,0,0,0.000316207,0.000316207,0.000316207
378,42476.2,1.53632,2.36481,1.79524,1.67107,0.09987,0.10539,0.11688,0.58873,0.62754,0.64591,0.43236,0.57598,0.61631,0.62965,0.35661,1.13372,1.67609,6.30293,1.35749,nan,0,0,0.000314832,0.000314832,0.000314832
379,42588.8,1.50326,2.32328,1.73008,1.64033,0.09724,0.10305,0.11422,0.54188,0.69314,0.65002,0.44508,0.52868,0.67831,0.63494,0.36868,1.07734,1.60563,6.41452,1.31789,nan,0,0,0.000313458,0.000313458,0.000313458
380,42701.4,1.56745,2.33641,1.78345,1.66153,0.09994,0.10939,0.12085,0.56264,0.65569,0.64282,0.43856,0.54114,0.63872,0.61862,0.36523,1.1011,1.6183,5.98295,1.34283,nan,0,0,0.000312083,0.000312083,0.000312083
381,42813.7,1.51423,2.28641,1.75487,1.65789,0.09988,0.10789,0.11954,0.53508,0.71211,0.65727,0.44712,0.52118,0.6961,0.63696,0.38031,1.06652,1.58909,6.53002,1.3102,nan,0,0,0.000310709,0.000310709,0.000310709
382,42925.9,1.5193,2.29702,1.72771,1.6465,0.1015,0.11092,0.12274,0.56991,0.68938,0.65463,0.4454,0.54978,0.67998,0.63678,0.37187,1.09152,1.61122,6.46267,1.32667,nan,0,0,0.000309335,0.000309335,0.000309335
383,43038.1,1.49981,2.31682,1.74285,1.62635,0.10071,0.10861,0.12057,0.56354,0.6986,0.64808,0.43331,0.56674,0.6737,0.63736,0.36563,1.12866,1.64546,6.5802,1.34673,nan,0,0,0.00030796,0.00030796,0.00030796
384,43150.5,1.54582,2.31794,1.73237,1.63872,0.09955,0.10651,0.11801,0.58815,0.65331,0.65289,0.44505,0.58032,0.64507,0.64317,0.38097,1.09346,1.61617,7.00534,1.31994,nan,0,0,0.000306586,0.000306586,0.000306586
385,43262.9,1.54297,2.28604,1.76925,1.65622,0.09922,0.10542,0.11622,0.58409,0.68046,0.66183,0.4559,0.57238,0.66835,0.64744,0.38781,1.06976,1.60005,6.98542,1.30619,nan,0,0,0.000305211,0.000305211,0.000305211
386,43375.4,1.52712,2.30306,1.74542,1.65981,0.10093,0.1101,0.12195,0.57399,0.6607,0.63719,0.43013,0.56676,0.64429,0.62198,0.35741,1.12376,1.65655,5.76968,1.35026,nan,0,0,0.000303837,0.000303837,0.000303837
387,43487.7,1.50584,2.29154,1.71502,1.64843,0.10337,0.11156,0.1232,0.57803,0.59807,0.60907,0.39183,0.55262,0.5921,0.58419,0.32393,1.2159,1.74927,4.41198,1.41913,nan,0,0,0.000302462,0.000302462,0.000302462
388,43600,1.49072,2.32186,1.71128,1.64733,0.09826,0.10844,0.12039,0.58024,0.6601,0.66094,0.45486,0.5731,0.65241,0.64856,0.3862,1.06538,1.59637,7.4942,1.29902,nan,0,0,0.000301088,0.000301088,0.000301088
389,43712.3,1.51965,2.342,1.77366,1.67236,0.1025,0.10923,0.12109,0.56708,0.69242,0.6549,0.45166,0.55654,0.67972,0.64016,0.37997,1.07292,1.59981,6.90358,1.30999,nan,0,0,0.000299713,0.000299713,0.000299713
390,43824.6,1.54707,2.36309,1.77279,1.65267,0.10026,0.11046,0.12322,0.56522,0.68184,0.64907,0.44819,0.55333,0.66917,0.6354,0.38027,1.06812,1.59322,7.21855,1.30389,nan,0,0,0.000298339,0.000298339,0.000298339
391,43936.8,1.51957,2.25928,1.77152,1.66165,0.0971,0.10545,0.11658,0.56082,0.68518,0.65893,0.45848,0.55587,0.67573,0.6414,0.38501,1.07062,1.60386,6.76129,1.30972,nan,0,0,0.000296964,0.000296964,0.000296964
392,44049.1,1.48105,2.25939,1.68936,1.61645,0.09976,0.10814,0.11874,0.60296,0.66781,0.65772,0.4646,0.59094,0.65517,0.63706,0.37769,1.07423,1.59335,5.90512,1.3116,nan,0,0,0.00029559,0.00029559,0.00029559
393,44161.3,1.50656,2.35305,1.74026,1.65976,0.10075,0.10741,0.11885,0.62393,0.65628,0.66188,0.4629,0.60969,0.64129,0.64132,0.38207,1.07747,1.58576,6.07256,1.31565,nan,0,0,0.000294216,0.000294216,0.000294216
394,44273.9,1.48104,2.26113,1.69259,1.63262,0.09949,0.1074,0.1189,0.57223,0.68751,0.66311,0.46572,0.55846,0.68292,0.65058,0.38797,1.07066,1.5766,6.29668,1.31069,nan,0,0,0.000292841,0.000292841,0.000292841
395,44386.5,1.56074,2.35172,1.76964,1.6635,0.09958,0.11102,0.1222,0.54891,0.67116,0.64063,0.44156,0.53626,0.66204,0.62928,0.37309,1.11295,1.6378,6.03127,1.34144,nan,0,0,0.000291467,0.000291467,0.000291467
396,44498.7,1.51619,2.31156,1.74797,1.6417,0.10081,0.10946,0.12028,0.56808,0.65645,0.63553,0.43517,0.55947,0.64701,0.62685,0.36169,1.13482,1.65065,5.75627,1.34976,nan,0,0,0.000290092,0.000290092,0.000290092
397,44610.9,1.51184,2.29103,1.71912,1.64291,0.09798,0.10435,0.11522,0.54391,0.70974,0.64715,0.4428,0.53467,0.70272,0.63718,0.36384,1.13736,1.6583,5.98853,1.35819,nan,0,0,0.000288718,0.000288718,0.000288718
398,44723.1,1.53076,2.30072,1.79411,1.66588,0.09936,0.10614,0.11803,0.56625,0.70399,0.67777,0.47481,0.55254,0.69406,0.66604,0.39218,1.06728,1.57987,6.48519,1.30737,nan,0,0,0.000287343,0.000287343,0.000287343
399,44835.5,1.49308,2.28817,1.67833,1.62695,0.10038,0.10932,0.12024,0.57091,0.70877,0.67646,0.47209,0.55675,0.7099,0.66635,0.39495,1.07905,1.57304,6.3143,1.31319,nan,0,0,0.000285969,0.000285969,0.000285969
400,44948.1,1.50083,2.30194,1.75165,1.62461,0.09791,0.10413,0.11555,0.61776,0.6636,0.68143,0.47701,0.60509,0.6616,0.67344,0.40071,1.06811,1.57846,6.56294,1.30078,nan,0,0,0.000284594,0.000284594,0.000284594
401,45060.7,1.47428,2.28063,1.67959,1.62983,0.10225,0.11216,0.12366,0.55924,0.69185,0.67825,0.47463,0.54722,0.68941,0.66688,0.39094,1.0654,1.57748,6.85753,1.30199,nan,0,0,0.00028322,0.00028322,0.00028322
402,45173,1.50441,2.28452,1.6987,1.63177,0.09698,0.10208,0.11258,0.58124,0.68823,0.67472,0.46511,0.57589,0.68164,0.66534,0.39328,1.06679,1.58216,6.17817,1.30656,nan,0,0,0.000281846,0.000281846,0.000281846
403,45285.2,1.50984,2.33435,1.748,1.63618,0.09961,0.10717,0.11986,0.56271,0.67483,0.64857,0.43403,0.54984,0.66379,0.63414,0.36279,1.14912,1.64123,5.15182,1.36787,nan,0,0,0.000280471,0.000280471,0.000280471
404,45397.5,1.49786,2.24792,1.7179,1.6204,0.09774,0.10553,0.11668,0.56259,0.60255,0.58177,0.36616,0.55039,0.59357,0.57186,0.28825,1.30528,1.82632,3.92909,1.49513,nan,0,0,0.000279097,0.000279097,0.000279097
405,45509.7,1.51282,2.30021,1.74637,1.66515,0.09826,0.10797,0.11904,0.58735,0.67124,0.63598,0.4242,0.57627,0.66024,0.62411,0.34512,1.17472,1.70288,4.9171,1.38952,nan,0,0,0.000277722,0.000277722,0.000277722
406,45622,1.49608,2.29688,1.7192,1.63491,0.09795,0.10419,0.11557,0.57845,0.6727,0.6621,0.46199,0.57597,0.66508,0.65135,0.38,1.09843,1.61829,6.42317,1.33151,nan,0,0,0.000276348,0.000276348,0.000276348
407,45734.2,1.49387,2.32981,1.7781,1.65653,0.09633,0.10306,0.11495,0.55067,0.70799,0.65277,0.43977,0.54248,0.67641,0.64207,0.37275,1.10838,1.6346,5.31992,1.34407,nan,0,0,0.000274973,0.000274973,0.000274973
408,45846.5,1.53688,2.28644,1.7152,1.6469,0.0991,0.10534,0.11746,0.56574,0.69431,0.65967,0.45071,0.55623,0.68423,0.64641,0.38464,1.0689,1.58667,5.87263,1.30845,nan,0,0,0.000273599,0.000273599,0.000273599
409,45958.8,1.46753,2.20785,1.67163,1.6338,0.10508,0.11474,0.12675,0.57507,0.68537,0.6656,0.46047,0.56145,0.67061,0.64951,0.3778,1.0727,1.57605,5.98891,1.31288,nan,0,0,0.000272224,0.000272224,0.000272224
410,46071,1.49459,2.25974,1.7331,1.61579,0.09749,0.102,0.11384,0.59667,0.6553,0.67739,0.4729,0.58721,0.64688,0.66713,0.39181,1.07402,1.57492,5.76618,1.31078,nan,0,0,0.00027085,0.00027085,0.00027085
411,46183.3,1.43401,2.23504,1.67742,1.61282,0.10164,0.10771,0.11898,0.60183,0.65519,0.66958,0.46962,0.58656,0.64438,0.6589,0.38862,1.0841,1.59946,5.97408,1.31778,nan,0,0,0.000269475,0.000269475,0.000269475
412,46295.7,1.50653,2.23969,1.70775,1.6101,0.09686,0.10391,0.11533,0.53588,0.69151,0.65848,0.45002,0.52885,0.68412,0.6486,0.37838,1.11284,1.63315,5.75842,1.33913,nan,0,0,0.000268101,0.000268101,0.000268101
413,46407.9,1.51813,2.28305,1.74559,1.6586,0.09691,0.10311,0.11459,0.57041,0.67748,0.66934,0.45731,0.5602,0.6658,0.65822,0.38501,1.10801,1.6326,5.72413,1.33292,nan,0,0,0.000266727,0.000266727,0.000266727
414,46520.1,1.46131,2.24106,1.65744,1.61554,0.10065,0.11043,0.12228,0.62588,0.67257,0.68373,0.4771,0.61432,0.66155,0.66506,0.39994,1.05922,1.56639,6.16404,1.29838,nan,0,0,0.000265352,0.000265352,0.000265352
415,46632.5,1.51603,2.28044,1.70478,1.61374,0.09832,0.10877,0.1203,0.62091,0.68275,0.69378,0.48653,0.60753,0.6652,0.67214,0.40507,1.03627,1.53663,6.29681,1.28393,nan,0,0,0.000263978,0.000263978,0.000263978
416,46744.8,1.45186,2.24011,1.70023,1.59574,0.09536,0.10164,0.11256,0.57355,0.68505,0.65307,0.44911,0.55955,0.67062,0.63715,0.37898,1.12011,1.63193,5.22691,1.34422,nan,0,0,0.000262603,0.000262603,0.000262603
417,46857,1.46309,2.29162,1.79021,1.61864,0.09871,0.10669,0.11758,0.59582,0.6922,0.66903,0.45642,0.58835,0.67206,0.65832,0.38973,1.10065,1.6152,5.66945,1.32764,nan,0,0,0.000261229,0.000261229,0.000261229
418,46969.3,1.47923,2.25408,1.694,1.61054,0.09854,0.10566,0.11784,0.64733,0.62938,0.67555,0.46395,0.63421,0.62926,0.66434,0.38432,1.10868,1.62518,5.35452,1.33393,nan,0,0,0.000259854,0.000259854,0.000259854
419,47081.5,1.47692,2.27386,1.6806,1.61868,0.10239,0.11029,0.1225,0.59754,0.68087,0.6785,0.46597,0.57928,0.66399,0.65467,0.38526,1.10954,1.61314,5.39042,1.33313,nan,0,0,0.00025848,0.00025848,0.00025848
420,47193.7,1.49191,2.31278,1.69071,1.62761,0.09985,0.10739,0.1183,0.58778,0.68311,0.69595,0.49051,0.5713,0.67058,0.682,0.41828,1.03984,1.54056,6.53373,1.28248,nan,0,0,0.000257105,0.000257105,0.000257105
421,47306.2,1.50744,2.27786,1.71519,1.63357,0.09868,0.10218,0.1147,0.58139,0.70492,0.69147,0.47852,0.56688,0.68967,0.66833,0.40237,1.07597,1.57002,5.87545,1.31144,nan,0,0,0.000255731,0.000255731,0.000255731
422,47418.7,1.4864,2.28552,1.69288,1.62781,0.09844,0.10675,0.11721,0.59914,0.67846,0.68867,0.4744,0.57465,0.68049,0.66918,0.40198,1.05658,1.56769,6.3917,1.29561,nan,0,0,0.000254357,0.000254357,0.000254357
423,47531.3,1.47126,2.22434,1.64811,1.60163,0.09796,0.10593,0.11671,0.55664,0.70968,0.6824,0.4726,0.54629,0.70903,0.66523,0.39755,1.05657,1.57359,6.83461,1.29188,nan,0,0,0.000252982,0.000252982,0.000252982
424,47643.7,1.49894,2.25789,1.72265,1.63596,0.10045,0.10898,0.12112,0.57464,0.69821,0.68167,0.47143,0.56021,0.69271,0.6721,0.39932,1.07763,1.59876,6.60694,1.30231,nan,0,0,0.000251608,0.000251608,0.000251608
425,47756.1,1.47158,2.28271,1.69542,1.60169,0.09773,0.10657,0.11678,0.62432,0.67188,0.69208,0.49061,0.61202,0.66407,0.68241,0.4158,1.04315,1.54857,6.72993,1.27586,nan,0,0,0.000250233,0.000250233,0.000250233
426,47868.4,1.45961,2.18869,1.65742,1.60305,0.09719,0.10445,0.11476,0.63466,0.676,0.68647,0.48726,0.6239,0.67339,0.67719,0.40858,1.05479,1.53887,6.57056,1.28482,nan,0,0,0.000248859,0.000248859,0.000248859
427,47980.9,1.51722,2.30936,1.69725,1.62889,0.0984,0.10471,0.11579,0.62085,0.68687,0.67643,0.46793,0.6167,0.66957,0.66165,0.3886,1.08482,1.56138,5.60259,1.31157,nan,0,0,0.000247484,0.000247484,0.000247484
428,48093.2,1.45943,2.2107,1.61761,1.61788,0.10208,0.1106,0.12235,0.61152,0.67075,0.68013,0.46903,0.58902,0.67143,0.66161,0.39938,1.07817,1.56856,5.82369,1.30109,nan,0,0,0.00024611,0.00024611,0.00024611
429,48205.5,1.45805,2.23471,1.66335,1.62623,0.10312,0.11253,0.12392,0.59839,0.67612,0.67996,0.46952,0.58241,0.68716,0.66793,0.40086,1.08029,1.5695,5.73665,1.30154,nan,0,0,0.000244735,0.000244735,0.000244735
430,48317.9,1.48145,2.24582,1.6804,1.60903,0.10157,0.11069,0.12183,0.60941,0.66579,0.68431,0.47644,0.56366,0.71395,0.67267,0.40731,1.05713,1.55952,6.28808,1.28609,nan,0,0,0.000243361,0.000243361,0.000243361
431,48430.2,1.44956,2.22921,1.67751,1.58844,0.09984,0.10839,0.12065,0.58174,0.73422,0.68419,0.47893,0.56349,0.72674,0.65956,0.4033,1.03795,1.54832,7.21724,1.27396,nan,0,0,0.000241986,0.000241986,0.000241986
432,48542.6,1.48843,2.27546,1.73268,1.62457,0.09917,0.10419,0.11545,0.58495,0.72918,0.69453,0.48833,0.57366,0.71728,0.67756,0.41827,1.02204,1.51826,7.13797,1.2638,nan,0,0,0.000240612,0.000240612,0.000240612
433,48654.8,1.45615,2.21934,1.72189,1.62711,0.09874,0.10493,0.11697,0.62302,0.68757,0.69659,0.48949,0.60389,0.681,0.68044,0.41433,1.03391,1.52813,6.8434,1.27297,nan,0,0,0.000239238,0.000239238,0.000239238
434,48767.2,1.47254,2.2413,1.6825,1.6183,0.10279,0.10894,0.12058,0.59571,0.72458,0.70122,0.50606,0.58489,0.71182,0.68507,0.42342,1.01202,1.51038,7.12952,1.25435,nan,0,0,0.000237863,0.000237863,0.000237863
435,48879.8,1.4387,2.20972,1.62534,1.58222,0.099,0.10442,0.1152,0.61957,0.69774,0.7003,0.49566,0.59851,0.69045,0.67733,0.42534,1.02424,1.50654,6.62889,1.26613,nan,0,0,0.000236489,0.000236489,0.000236489
436,48992.2,1.47565,2.19912,1.66246,1.61025,0.10146,0.11048,0.12202,0.642,0.70456,0.68625,0.48557,0.60834,0.7026,0.65943,0.40549,1.06056,1.54334,5.90895,1.29631,nan,0,0,0.000235114,0.000235114,0.000235114
437,49104.5,1.44397,2.1795,1.68625,1.62,0.09762,0.10155,0.11362,0.61642,0.70719,0.69862,0.50537,0.59725,0.69499,0.67853,0.42473,1.01575,1.50053,6.68835,1.26251,nan,0,0,0.00023374,0.00023374,0.00023374
438,49217,1.42308,2.18028,1.61908,1.59387,0.09909,0.10508,0.11649,0.60655,0.71812,0.69983,0.50535,0.60357,0.70614,0.68637,0.42067,1.01617,1.51031,6.58077,1.26381,nan,0,0,0.000232365,0.000232365,0.000232365
439,49329.4,1.4655,2.17056,1.65936,1.62547,0.0982,0.10831,0.11908,0.67319,0.63985,0.6923,0.49097,0.65532,0.62509,0.66531,0.40785,1.03334,1.53224,5.88933,1.27723,nan,0,0,0.000230991,0.000230991,0.000230991
440,49441.8,1.50736,2.22969,1.71165,1.62114,0.09769,0.10707,0.11762,0.64891,0.64138,0.69041,0.4902,0.59179,0.67579,0.6627,0.40614,1.02644,1.52164,6.18666,1.27283,nan,0,0,0.000229616,0.000229616,0.000229616
441,49554.2,1.4449,2.22788,1.64679,1.59258,0.09915,0.10701,0.11866,0.61793,0.68462,0.6715,0.46422,0.60444,0.666,0.64479,0.37875,1.09169,1.58382,5.35379,1.32152,nan,0,0,0.000228242,0.000228242,0.000228242
442,49666.5,1.45123,2.19721,1.66776,1.60323,0.09978,0.1075,0.119,0.62865,0.68345,0.696,0.50515,0.61833,0.67687,0.68511,0.41651,1.00432,1.50763,6.89226,1.25425,nan,0,0,0.000226868,0.000226868,0.000226868
443,49779,1.47409,2.24446,1.66616,1.63078,0.09904,0.10627,0.1168,0.63654,0.68646,0.69903,0.49919,0.62923,0.67891,0.68966,0.41818,1.00252,1.50472,6.88062,1.25167,nan,0,0,0.000225493,0.000225493,0.000225493
444,49891.3,1.46042,2.27273,1.66821,1.59563,0.09873,0.10408,0.11538,0.61208,0.65553,0.68622,0.4851,0.60421,0.64629,0.67401,0.39358,1.06167,1.58343,6.02155,1.29293,nan,0,0,0.000224119,0.000224119,0.000224119
445,50003.6,1.4679,2.19888,1.65086,1.59229,0.09627,0.10104,0.11186,0.57353,0.66584,0.6717,0.46208,0.56839,0.6555,0.66051,0.39389,1.09624,1.61551,5.65501,1.31768,nan,0,0,0.000222744,0.000222744,0.000222744
446,50115.8,1.47823,2.2381,1.68743,1.60338,0.10022,0.10666,0.11836,0.61464,0.66301,0.69426,0.49235,0.60489,0.65438,0.68301,0.41286,1.02594,1.54076,6.16549,1.26506,nan,0,0,0.00022137,0.00022137,0.00022137
447,50228.1,1.44309,2.16632,1.62123,1.58774,0.09979,0.10824,0.11854,0.68216,0.62911,0.70571,0.50842,0.67268,0.62178,0.69481,0.42337,0.99961,1.49287,6.72993,1.24487,nan,0,0,0.000219995,0.000219995,0.000219995
448,50340.6,1.42917,2.1981,1.64244,1.5836,0.10035,0.1062,0.11741,0.62664,0.679,0.6965,0.49873,0.61287,0.66554,0.67635,0.42141,1.01961,1.50637,6.80137,1.26089,nan,0,0,0.000218621,0.000218621,0.000218621
449,50452.9,1.43425,2.19751,1.65251,1.60027,0.09957,0.10716,0.1193,0.6345,0.69897,0.69576,0.49474,0.62079,0.68546,0.67668,0.41005,1.03392,1.51961,6.36075,1.27172,nan,0,0,0.000217246,0.000217246,0.000217246
450,50565.2,1.46705,2.1864,1.68931,1.59639,0.09805,0.10175,0.11255,0.63817,0.70209,0.71102,0.51543,0.62616,0.68974,0.69428,0.43855,0.98596,1.48266,6.66246,1.23706,nan,0,0,0.000215872,0.000215872,0.000215872
451,50677.8,1.41716,2.22813,1.61767,1.56729,0.09832,0.10458,0.11542,0.60165,0.70975,0.70504,0.50612,0.58484,0.69749,0.6846,0.42882,1.00805,1.49761,6.35331,1.25271,nan,0,0,0.000214497,0.000214497,0.000214497
452,50790,1.46529,2.21824,1.67501,1.60672,0.10053,0.10971,0.1217,0.60534,0.69788,0.70732,0.50134,0.57291,0.70639,0.68442,0.41929,1.00867,1.49601,6.47276,1.25354,nan,0,0,0.000213123,0.000213123,0.000213123
453,50902.4,1.48062,2.22101,1.69003,1.6184,0.09453,0.10171,0.11307,0.59602,0.71214,0.71006,0.49896,0.58098,0.69799,0.68684,0.41987,1.01332,1.50571,6.43382,1.25671,nan,0,0,0.000211749,0.000211749,0.000211749
454,51014.5,1.43641,2.21386,1.66748,1.61906,0.09795,0.10209,0.1146,0.63531,0.67554,0.71008,0.5051,0.61402,0.66949,0.69023,0.4253,1.00685,1.50213,6.81773,1.25009,nan,0,0,0.000210374,0.000210374,0.000210374
455,51127,1.48454,2.25866,1.64426,1.57995,0.09865,0.1059,0.11682,0.63886,0.7022,0.70209,0.49406,0.62074,0.69937,0.68343,0.41025,1.01536,1.50947,6.81294,1.25796,nan,0,0,0.000209,0.000209,0.000209
456,51239.2,1.42198,2.1959,1.63758,1.57154,0.09791,0.1024,0.11286,0.62914,0.71043,0.70087,0.4977,0.61391,0.69796,0.6832,0.41826,1.01387,1.51368,6.91627,1.25621,nan,0,0,0.000207625,0.000207625,0.000207625
457,51351.3,1.3889,2.15604,1.62738,1.58275,0.0994,0.10512,0.11697,0.5773,0.7152,0.68717,0.49592,0.56748,0.70482,0.66849,0.40796,1.03552,1.54531,6.53069,1.27326,nan,0,0,0.000206251,0.000206251,0.000206251
458,51463.6,1.46141,2.24059,1.66006,1.60991,0.09739,0.1023,0.1132,0.62409,0.68877,0.69569,0.50254,0.60909,0.68038,0.679,0.41714,1.02478,1.53022,6.62643,1.26006,nan,0,0,0.000204876,0.000204876,0.000204876
459,51576,1.45352,2.20538,1.6249,1.58861,0.10296,0.11558,0.12752,0.68061,0.67521,0.71088,0.5064,0.65772,0.67576,0.69107,0.43303,1.00445,1.4909,6.74208,1.2467,nan,0,0,0.000203502,0.000203502,0.000203502
460,51688.3,1.42592,2.14053,1.59304,1.55037,0.09695,0.10347,0.11447,0.67786,0.67269,0.71129,0.50843,0.65009,0.6772,0.69329,0.43065,1.00799,1.48863,6.58856,1.25204,nan,0,0,0.000202127,0.000202127,0.000202127
461,51800.7,1.45201,2.21349,1.64854,1.60977,0.09771,0.10576,0.11688,0.64065,0.68125,0.70598,0.50824,0.6286,0.67017,0.68814,0.42847,1.00352,1.49679,6.60527,1.24866,nan,0,0,0.000200753,0.000200753,0.000200753
462,51912.9,1.46614,2.2341,1.66731,1.62112,0.09524,0.10138,0.11263,0.6398,0.66979,0.69593,0.49522,0.6294,0.65781,0.67832,0.42269,1.02871,1.53035,6.1082,1.27088,nan,0,0,0.000199379,0.000199379,0.000199379
463,52025.2,1.42342,2.19569,1.62737,1.58087,0.0978,0.10167,0.11245,0.6504,0.68377,0.71473,0.52083,0.63735,0.68907,0.70361,0.44076,0.9767,1.49653,6.97407,1.23102,nan,0,0,0.000198004,0.000198004,0.000198004
464,52138,1.45733,2.14994,1.59104,1.581,0.09816,0.10552,0.11723,0.6661,0.68379,0.71105,0.51759,0.65078,0.67003,0.69422,0.43676,0.97985,1.48724,6.94734,1.22956,nan,0,0,0.00019663,0.00019663,0.00019663
465,52250.3,1.47604,2.19469,1.64857,1.56905,0.09685,0.10675,0.11749,0.63519,0.70412,0.7097,0.51772,0.62294,0.69245,0.69922,0.44025,0.97232,1.47485,7.06231,1.22587,nan,0,0,0.000195255,0.000195255,0.000195255
466,52362.5,1.41669,2.16924,1.61283,1.55496,0.09856,0.10399,0.11487,0.64555,0.66817,0.70117,0.51058,0.63756,0.66194,0.69094,0.43583,0.97448,1.47953,6.8472,1.22824,nan,0,0,0.000193881,0.000193881,0.000193881
467,52474.8,1.46459,2.21282,1.61101,1.5885,0.09968,0.10665,0.11842,0.62829,0.69449,0.70434,0.5114,0.61771,0.68802,0.69188,0.43251,0.9875,1.48618,6.3964,1.23723,nan,0,0,0.000192506,0.000192506,0.000192506
468,52587,1.42895,2.14754,1.6384,1.58977,0.0989,0.10646,0.11864,0.64407,0.67327,0.69358,0.49345,0.63578,0.66466,0.68401,0.42385,1.02168,1.50957,5.68815,1.2614,nan,0,0,0.000191132,0.000191132,0.000191132
469,52699.3,1.35516,2.13394,1.55836,1.55898,0.09843,0.10484,0.1152,0.66057,0.67869,0.69766,0.49281,0.64912,0.66762,0.6786,0.42335,1.0198,1.50691,5.81889,1.2579,nan,0,0,0.000189757,0.000189757,0.000189757
470,52811.5,1.42037,2.13179,1.62327,1.56938,0.09874,0.10424,0.11576,0.64142,0.70384,0.71243,0.5128,0.62748,0.69525,0.70089,0.43817,0.98986,1.4784,6.25695,1.23747,nan,0,0,0.000188383,0.000188383,0.000188383
471,52923.8,1.44026,2.15384,1.59888,1.55916,0.09727,0.10466,0.11508,0.63521,0.71025,0.71199,0.52124,0.62412,0.70322,0.70257,0.44057,0.99014,1.46999,6.06143,1.23564,nan,0,0,0.000187008,0.000187008,0.000187008
472,53036.3,1.42075,2.21891,1.56327,1.54587,0.09913,0.10863,0.11969,0.64154,0.70286,0.71292,0.51769,0.63032,0.69124,0.69874,0.44042,0.98579,1.46996,6.44415,1.2322,nan,0,0,0.000185634,0.000185634,0.000185634
473,53148.5,1.47766,2.22826,1.63301,1.59639,0.10077,0.10615,0.11802,0.63455,0.69149,0.71492,0.52634,0.59776,0.71932,0.69927,0.43885,0.97328,1.47136,6.75105,1.22569,nan,0,0,0.00018426,0.00018426,0.00018426
474,53261,1.38459,2.12426,1.56016,1.54324,0.09862,0.10405,0.11489,0.64929,0.69885,0.71481,0.52088,0.63424,0.68393,0.6997,0.43574,0.9889,1.49344,6.87206,1.23885,nan,0,0,0.000182885,0.000182885,0.000182885
475,53373.3,1.43276,2.16969,1.59443,1.57565,0.09806,0.10612,0.11744,0.6437,0.69574,0.70835,0.51755,0.61778,0.68881,0.6968,0.43081,1.0135,1.51868,6.42468,1.25849,nan,0,0,0.000181511,0.000181511,0.000181511
476,53485.4,1.42528,2.16667,1.62419,1.58629,0.09927,0.10448,0.11718,0.65418,0.6855,0.70494,0.51034,0.62875,0.67868,0.69338,0.43434,1.00628,1.49924,6.60521,1.24696,nan,0,0,0.000180136,0.000180136,0.000180136
477,53597.9,1.45751,2.2079,1.60755,1.56198,0.09934,0.10915,0.12069,0.63758,0.70997,0.71543,0.51406,0.62143,0.70149,0.70268,0.44305,0.98348,1.46437,6.90682,1.23042,nan,0,0,0.000178762,0.000178762,0.000178762
478,53710.3,1.41498,2.16985,1.61493,1.58034,0.10245,0.11083,0.1223,0.63318,0.71406,0.70795,0.50988,0.62016,0.7013,0.69378,0.43265,0.98011,1.4537,7.08756,1.22762,nan,0,0,0.000177387,0.000177387,0.000177387
479,53822.7,1.41782,2.18117,1.61785,1.57131,0.09862,0.1048,0.11593,0.63725,0.71257,0.71021,0.5134,0.62542,0.70028,0.6966,0.43442,0.98449,1.46456,6.93986,1.23231,nan,0,0,0.000176013,0.000176013,0.000176013
480,53935.2,1.4151,2.14828,1.5717,1.56862,0.10131,0.10725,0.11858,0.62822,0.71857,0.71049,0.51144,0.617,0.70759,0.6964,0.43142,0.99538,1.47621,7.08465,1.23653,nan,0,0,0.000174638,0.000174638,0.000174638
481,54047.6,1.4126,2.19971,1.5942,1.5501,0.09948,0.10787,0.11822,0.61353,0.74004,0.70946,0.50548,0.60539,0.73109,0.69981,0.43508,0.99593,1.46913,6.89299,1.23752,nan,0,0,0.000173264,0.000173264,0.000173264
482,54160,1.41671,2.19704,1.6073,1.56347,0.09614,0.10249,0.11352,0.64132,0.72727,0.71496,0.51531,0.63536,0.71661,0.69987,0.44167,0.97231,1.45166,7.11972,1.2202,nan,0,0,0.00017189,0.00017189,0.00017189
483,54272.6,1.40669,2.16914,1.56705,1.5497,0.10035,0.10818,0.11914,0.63324,0.71581,0.71656,0.51769,0.62746,0.70886,0.70706,0.43953,0.97429,1.46195,7.1795,1.22161,nan,0,0,0.000170515,0.000170515,0.000170515
484,54385.3,1.42982,2.15094,1.56052,1.54962,0.10014,0.1081,0.11844,0.63594,0.70139,0.70588,0.50966,0.6326,0.68604,0.68927,0.42939,0.99967,1.48942,6.63172,1.24101,nan,0,0,0.000169141,0.000169141,0.000169141
485,54497.9,1.38774,2.14043,1.58689,1.56528,0.09829,0.10616,0.11725,0.6517,0.69459,0.71241,0.51875,0.64189,0.68626,0.70062,0.43714,0.99384,1.48068,6.41014,1.23949,nan,0,0,0.000167766,0.000167766,0.000167766
486,54610.4,1.42277,2.20082,1.61592,1.57239,0.09499,0.09997,0.11048,0.65258,0.69925,0.72283,0.52722,0.63532,0.69696,0.70556,0.44653,0.95225,1.44093,7.40666,1.21204,nan,0,0,0.000166392,0.000166392,0.000166392
487,54723.1,1.39478,2.1633,1.5558,1.53365,0.09982,0.10401,0.11538,0.65353,0.693,0.71705,0.52528,0.63342,0.69268,0.69881,0.44243,0.95465,1.44608,7.21723,1.21209,nan,0,0,0.000165017,0.000165017,0.000165017
488,54835.7,1.38033,2.15205,1.61421,1.55839,0.09979,0.10608,0.11654,0.6397,0.70248,0.71073,0.51046,0.63129,0.69518,0.69771,0.43247,0.99046,1.47435,6.36445,1.23402,nan,0,0,0.000163643,0.000163643,0.000163643
489,54948.3,1.44317,2.17758,1.61837,1.56339,0.09828,0.10516,0.11631,0.65998,0.69324,0.70824,0.51238,0.64833,0.68241,0.68967,0.42805,1.00259,1.48674,6.28816,1.24215,nan,0,0,0.000162268,0.000162268,0.000162268
490,55060.8,1.41133,2.16736,1.57954,1.56123,0.10028,0.10493,0.11535,0.65585,0.69816,0.7082,0.51699,0.63774,0.68757,0.68969,0.42849,1.00828,1.49769,6.0032,1.24923,nan,0,0,0.000160894,0.000160894,0.000160894
491,55173.5,1.42723,2.17682,1.56398,1.54054,0.09822,0.10414,0.11514,0.65277,0.70484,0.72107,0.52416,0.6461,0.68409,0.7065,0.44251,0.97229,1.46434,6.50284,1.22386,nan,0,0,0.00015952,0.00015952,0.00015952
492,55285.9,1.39146,2.15362,1.59812,1.56194,0.09839,0.10614,0.11719,0.69181,0.66856,0.71836,0.53053,0.68457,0.65713,0.70503,0.44558,0.95437,1.44223,6.57355,1.21283,nan,0,0,0.000158145,0.000158145,0.000158145
493,55398.6,1.37017,2.13007,1.53476,1.53458,0.09928,0.10809,0.11906,0.58831,0.72454,0.69224,0.49299,0.57558,0.71256,0.67728,0.41743,1.01993,1.50416,5.78533,1.26592,nan,0,0,0.000156771,0.000156771,0.000156771
494,55511,1.40324,2.10807,1.57624,1.56194,0.1003,0.10926,0.12143,0.60635,0.70181,0.69737,0.49457,0.58769,0.69112,0.68001,0.42012,1.01413,1.49364,5.98553,1.25747,nan,0,0,0.000155396,0.000155396,0.000155396
495,55623.4,1.40551,2.15271,1.60812,1.56609,0.09931,0.10682,0.11844,0.59788,0.73989,0.71907,0.51353,0.57357,0.73446,0.70416,0.44913,0.9599,1.44254,6.828,1.21452,nan,0,0,0.000154022,0.000154022,0.000154022
496,55735.7,1.38139,2.13647,1.56114,1.55075,0.09946,0.10798,0.11962,0.62258,0.74106,0.71464,0.5173,0.61258,0.73336,0.70518,0.44352,0.95566,1.44417,6.97999,1.21271,nan,0,0,0.000152647,0.000152647,0.000152647
497,55847.8,1.38563,2.11042,1.57925,1.56463,0.09709,0.10152,0.1142,0.61411,0.73631,0.71053,0.5106,0.6048,0.73072,0.70206,0.44219,0.96454,1.45887,6.64068,1.21818,nan,0,0,0.000151273,0.000151273,0.000151273
498,55959.9,1.36876,2.11155,1.56781,1.55424,0.09843,0.10228,0.11327,0.64164,0.71564,0.7206,0.52098,0.62726,0.71347,0.7117,0.44666,0.96182,1.44263,6.85343,1.21771,nan,0,0,0.000149898,0.000149898,0.000149898
499,56072.2,1.41449,2.18145,1.55385,1.55239,0.09768,0.1074,0.1177,0.66437,0.68591,0.72767,0.52433,0.65075,0.67276,0.71479,0.45585,0.95392,1.43411,6.98226,1.21196,nan,0,0,0.000148524,0.000148524,0.000148524
500,56184.7,1.38632,2.10877,1.53272,1.52309,0.10026,0.10901,0.11949,0.63031,0.71054,0.72312,0.52109,0.61784,0.69906,0.71299,0.44786,0.96335,1.44864,6.86095,1.21728,nan,0,0,0.000147149,0.000147149,0.000147149
501,56297,1.43497,2.1748,1.59486,1.54945,0.09853,0.10586,0.11686,0.61723,0.72673,0.71655,0.51857,0.59761,0.72422,0.70509,0.44529,0.97238,1.46143,6.74567,1.22259,nan,0,0,0.000145775,0.000145775,0.000145775
502,56409.2,1.40438,2.16128,1.60156,1.55738,0.09544,0.10035,0.1109,0.636,0.72141,0.7217,0.52513,0.62642,0.71035,0.71097,0.45194,0.9537,1.44436,6.89489,1.21036,nan,0,0,0.000144401,0.000144401,0.000144401
503,56521.6,1.40663,2.16697,1.56307,1.54945,0.09925,0.1063,0.11679,0.65224,0.71362,0.72669,0.531,0.6393,0.70095,0.71466,0.4609,0.94226,1.42999,6.98553,1.2041,nan,0,0,0.000143026,0.000143026,0.000143026
504,56634.1,1.43165,2.15721,1.6118,1.56054,0.09802,0.10865,0.11826,0.64683,0.71372,0.72808,0.52911,0.63547,0.70178,0.71649,0.46063,0.94976,1.43629,7.13557,1.20634,nan,0,0,0.000141652,0.000141652,0.000141652
505,56746.3,1.38198,2.16145,1.56292,1.52327,0.09844,0.10602,0.11687,0.65284,0.69883,0.72561,0.52934,0.64168,0.6876,0.71397,0.45753,0.94842,1.43439,7.11966,1.20474,nan,0,0,0.000140277,0.000140277,0.000140277
506,56858.4,1.37128,2.13426,1.53778,1.53073,0.10104,0.10613,0.11688,0.64563,0.7185,0.71993,0.52998,0.62829,0.71688,0.7089,0.45304,0.95463,1.44439,6.82903,1.20813,nan,0,0,0.000138903,0.000138903,0.000138903
507,56970.7,1.37978,2.14516,1.56537,1.53642,0.09963,0.10435,0.11533,0.6589,0.68839,0.72394,0.53541,0.6466,0.68217,0.71201,0.44856,0.96201,1.44774,6.81685,1.20998,nan,0,0,0.000137528,0.000137528,0.000137528
508,57083,1.42513,2.16467,1.56787,1.55967,0.09788,0.10409,0.11472,0.64829,0.70477,0.72418,0.53909,0.63735,0.69927,0.71445,0.45362,0.95427,1.43741,6.87996,1.20551,nan,0,0,0.000136154,0.000136154,0.000136154
509,57195.5,1.41789,2.15824,1.55232,1.55363,0.0982,0.10489,0.11649,0.67275,0.72146,0.7271,0.53834,0.65423,0.71707,0.70996,0.45538,0.96066,1.43701,6.81927,1.21093,nan,0,0,0.000134779,0.000134779,0.000134779
510,57308,1.38224,2.13093,1.56071,1.55752,0.09617,0.10128,0.11267,0.68572,0.71251,0.72915,0.54249,0.69071,0.69206,0.71773,0.45843,0.94825,1.42593,7.0771,1.20245,nan,0,0,0.000133405,0.000133405,0.000133405
511,57420.4,1.38136,2.13293,1.55547,1.56063,0.09931,0.10522,0.11693,0.66475,0.70795,0.7276,0.5421,0.65964,0.69363,0.71663,0.45898,0.94862,1.43072,7.03987,1.20123,nan,0,0,0.000132031,0.000132031,0.000132031
512,57532.8,1.42452,2.12135,1.58481,1.54765,0.09637,0.10265,0.11419,0.67278,0.7182,0.72392,0.5413,0.66329,0.70803,0.71322,0.4528,0.94804,1.43554,6.84595,1.20191,nan,0,0,0.000130656,0.000130656,0.000130656
513,57645,1.38951,2.16741,1.59123,1.54477,0.09938,0.10722,0.11884,0.6797,0.71282,0.72688,0.54039,0.66695,0.70162,0.71485,0.46077,0.93982,1.42082,6.91871,1.19475,nan,0,0,0.000129282,0.000129282,0.000129282
514,57757.4,1.39536,2.1364,1.58233,1.55171,0.09634,0.10559,0.1162,0.69122,0.68997,0.72375,0.53095,0.68078,0.68033,0.71356,0.45154,0.95119,1.42934,6.55288,1.20611,nan,0,0,0.000127907,0.000127907,0.000127907
515,57869.5,1.38312,2.12457,1.57527,1.54012,0.10142,0.10469,0.11577,0.68907,0.67185,0.72207,0.52612,0.67856,0.6622,0.71174,0.44774,0.96192,1.43981,6.32823,1.21375,nan,0,0,0.000126533,0.000126533,0.000126533
516,57981.7,1.40122,2.09193,1.57579,1.536,0.09544,0.10133,0.11272,0.69783,0.67004,0.72535,0.53803,0.67898,0.67179,0.71558,0.44967,0.95431,1.43234,6.68887,1.20412,nan,0,0,0.000125158,0.000125158,0.000125158
517,58094,1.3956,2.08891,1.57042,1.5299,0.09692,0.10292,0.11406,0.67461,0.68294,0.72836,0.53653,0.66643,0.67918,0.71886,0.45464,0.94113,1.41479,6.74247,1.19354,nan,0,0,0.000123784,0.000123784,0.000123784
518,58206.3,1.41305,2.15793,1.55976,1.56335,0.10106,0.10983,0.12142,0.65872,0.69384,0.72554,0.53186,0.65095,0.68727,0.71503,0.44973,0.95795,1.43082,6.43518,1.20833,nan,0,0,0.000122409,0.000122409,0.000122409
519,58318.4,1.35802,2.07779,1.54053,1.53942,0.09725,0.10026,0.11113,0.65196,0.68964,0.7213,0.52661,0.64647,0.68262,0.71187,0.44842,0.963,1.43776,6.47999,1.21283,nan,0,0,0.000121035,0.000121035,0.000121035
520,58430.7,1.38641,2.10023,1.54101,1.53004,0.09712,0.10561,0.11685,0.6641,0.68664,0.72441,0.5341,0.65811,0.67998,0.71607,0.45236,0.94973,1.42291,6.74205,1.2011,nan,0,0,0.00011966,0.00011966,0.00011966
521,58542.7,1.37067,2.12399,1.55285,1.53972,0.10149,0.10809,0.1191,0.66716,0.68412,0.72548,0.53632,0.6566,0.67432,0.71498,0.44753,0.95676,1.43042,6.59375,1.20603,nan,0,0,0.000118286,0.000118286,0.000118286
522,58654.9,1.38169,2.09805,1.54647,1.55132,0.09593,0.10195,0.11374,0.65552,0.70579,0.72781,0.53311,0.63528,0.69382,0.71267,0.44615,0.96388,1.44123,6.59885,1.21412,nan,0,0,0.000116912,0.000116912,0.000116912
523,58767.1,1.38807,2.13327,1.54656,1.54839,0.1008,0.10776,0.11863,0.65048,0.72441,0.7262,0.53731,0.639,0.71448,0.71665,0.44765,0.95127,1.43355,6.77929,1.20711,nan,0,0,0.000115537,0.000115537,0.000115537
524,58879.2,1.34345,2.06873,1.51085,1.5142,0.09895,0.10417,0.11537,0.64304,0.71773,0.72883,0.53751,0.63055,0.71474,0.71953,0.45121,0.94615,1.42767,6.89939,1.20285,nan,0,0,0.000114163,0.000114163,0.000114163
525,58991.4,1.37926,2.08219,1.52241,1.52927,0.09908,0.10473,0.11556,0.65084,0.71393,0.73024,0.53751,0.64165,0.70914,0.72093,0.45034,0.93903,1.42101,6.97846,1.1972,nan,0,0,0.000112788,0.000112788,0.000112788
526,59103.6,1.38684,2.125,1.53982,1.5345,0.09584,0.1024,0.11382,0.6606,0.69851,0.73025,0.53818,0.64346,0.71707,0.72078,0.45417,0.9386,1.41942,6.9345,1.19595,nan,0,0,0.000111414,0.000111414,0.000111414
527,59215.8,1.34352,2.05089,1.49375,1.51535,0.09758,0.10182,0.11277,0.62319,0.7469,0.73217,0.54181,0.61633,0.73946,0.72333,0.45513,0.93904,1.41844,6.91599,1.19556,nan,0,0,0.000110039,0.000110039,0.000110039
528,59328,1.35374,2.12581,1.4985,1.53784,0.09851,0.10689,0.11739,0.62436,0.73782,0.72864,0.53817,0.61742,0.72869,0.71961,0.45356,0.94322,1.4198,6.90246,1.19881,nan,0,0,0.000108665,0.000108665,0.000108665
529,59440.2,1.39703,2.18312,1.59982,1.5625,0.09662,0.10555,0.1168,0.65308,0.71991,0.73463,0.54186,0.64476,0.71187,0.72209,0.45659,0.93558,1.40743,7.16118,1.19296,nan,0,0,0.00010729,0.00010729,0.00010729
530,59552.4,1.35694,2.07637,1.53982,1.54142,0.09682,0.10076,0.11241,0.66228,0.70203,0.73568,0.54208,0.64736,0.69764,0.72489,0.46122,0.93609,1.41302,7.11721,1.19165,nan,0,0,0.000105916,0.000105916,0.000105916
531,59664.8,1.3838,2.11359,1.55388,1.52844,0.09684,0.10341,0.11474,0.63932,0.73226,0.73534,0.54139,0.6325,0.72566,0.72542,0.46126,0.93502,1.41285,7.19357,1.19113,nan,0,0,0.000104542,0.000104542,0.000104542
532,59777.1,1.39729,2.14352,1.58305,1.53575,0.09814,0.10534,0.11629,0.6715,0.71402,0.73143,0.54076,0.66407,0.71048,0.72253,0.45903,0.93379,1.41005,7.18671,1.19044,nan,0,0,0.000103167,0.000103167,0.000103167
533,59889.2,1.41572,2.20009,1.56782,1.548,0.10095,0.1068,0.11751,0.6532,0.7311,0.73078,0.53575,0.64734,0.72331,0.72118,0.45888,0.94074,1.41683,6.86064,1.19391,nan,0,0,0.000101793,0.000101793,0.000101793
534,60001.4,1.40857,2.15614,1.61257,1.54125,0.09957,0.10711,0.11912,0.64319,0.73412,0.73074,0.53161,0.63543,0.72504,0.71893,0.45516,0.94639,1.42638,6.71404,1.19788,nan,0,0,0.000100418,0.000100418,0.000100418
535,60113.7,1.38486,2.14631,1.523,1.51644,0.09824,0.10379,0.11343,0.6484,0.72286,0.73305,0.54224,0.64176,0.7181,0.72314,0.46413,0.93097,1.41046,6.79467,1.18667,nan,0,0,9.90437e-05,9.90437e-05,9.90437e-05
536,60226.2,1.36477,2.10616,1.51477,1.51472,0.10008,0.10734,0.11824,0.6541,0.71669,0.73479,0.54411,0.64721,0.71019,0.72463,0.46351,0.92601,1.4036,6.71863,1.18385,nan,0,0,9.76692e-05,9.76692e-05,9.76692e-05
537,60338.7,1.37012,2.08522,1.5583,1.51124,0.09642,0.10087,0.11182,0.66855,0.72019,0.7365,0.54563,0.6622,0.71465,0.72652,0.46935,0.93273,1.40745,6.69234,1.18767,nan,0,0,9.62948e-05,9.62948e-05,9.62948e-05
538,60451.2,1.34992,2.08996,1.5297,1.52857,0.09779,0.10583,0.11642,0.65763,0.72578,0.7351,0.54092,0.65879,0.707,0.7251,0.46142,0.92663,1.40365,6.89844,1.18512,nan,0,0,9.49203e-05,9.49203e-05,9.49203e-05
539,60563.4,1.3622,2.06148,1.52533,1.53149,0.09896,0.10456,0.11558,0.66643,0.72723,0.73217,0.53973,0.66414,0.71301,0.71733,0.45666,0.92256,1.40649,6.89337,1.18607,nan,0,0,9.35459e-05,9.35459e-05,9.35459e-05
540,60675.6,1.36255,2.0712,1.53575,1.5323,0.10056,0.10732,0.11815,0.69769,0.69304,0.73638,0.54429,0.68687,0.68546,0.7194,0.45929,0.91778,1.4011,6.92704,1.18114,nan,0,0,9.21715e-05,9.21715e-05,9.21715e-05
541,60787.9,1.4202,2.16322,1.58185,1.55161,0.09628,0.10197,0.11251,0.67698,0.69007,0.73703,0.54119,0.6633,0.68456,0.71999,0.4604,0.92138,1.40198,6.89536,1.18202,nan,0,0,9.0797e-05,9.0797e-05,9.0797e-05
542,60900.2,1.36616,2.09821,1.51761,1.53089,0.09867,0.10694,0.11797,0.67664,0.71614,0.7356,0.54193,0.68198,0.70129,0.72634,0.46243,0.92429,1.40063,6.9279,1.18283,nan,0,0,8.94226e-05,8.94226e-05,8.94226e-05
543,61012.4,1.37466,2.07819,1.55868,1.54971,0.0972,0.10531,0.11591,0.69091,0.71214,0.73585,0.54095,0.68715,0.704,0.72615,0.46521,0.928,1.40001,6.793,1.18709,nan,0,0,8.80481e-05,8.80481e-05,8.80481e-05
544,61124.7,1.34248,2.05367,1.49832,1.51767,0.09832,0.10324,0.11421,0.67166,0.72412,0.73718,0.54474,0.6703,0.70943,0.72596,0.4624,0.92499,1.40169,6.9802,1.18187,nan,0,0,8.66736e-05,8.66736e-05,8.66736e-05
545,61236.9,1.34518,2.0678,1.50162,1.5028,0.0979,0.10263,0.11386,0.67615,0.71028,0.73945,0.54612,0.68237,0.69354,0.7289,0.46331,0.92331,1.40156,6.9733,1.18199,nan,0,0,8.52992e-05,8.52992e-05,8.52992e-05
546,61349.2,1.36884,2.11706,1.52197,1.52848,0.09784,0.10573,0.11663,0.66686,0.74377,0.73376,0.53773,0.65835,0.72748,0.71952,0.45538,0.93543,1.41459,6.53945,1.19325,nan,0,0,8.39248e-05,8.39248e-05,8.39248e-05
547,61461.4,1.37549,2.11387,1.51974,1.5174,0.09987,0.10834,0.12017,0.67089,0.73462,0.73965,0.54657,0.66363,0.72351,0.72941,0.46018,0.92969,1.40998,6.71535,1.18887,nan,0,0,8.25503e-05,8.25503e-05,8.25503e-05
548,61573.6,1.39935,2.0429,1.6984,1.55193,0.09376,0.09683,0.10744,0.65111,0.71971,0.74109,0.54542,0.63979,0.7141,0.73008,0.46299,0.91798,1.40143,6.93945,1.17905,nan,0,0,8.11759e-05,8.11759e-05,8.11759e-05
549,61685.8,1.31375,2.09732,1.56476,1.49383,0.09845,0.10087,0.11189,0.63967,0.72031,0.73731,0.54384,0.62812,0.72439,0.72743,0.46468,0.91961,1.39843,6.67017,1.17892,nan,0,0,7.98014e-05,7.98014e-05,7.98014e-05
550,61798.3,1.38534,2.12636,1.54939,1.52775,0.09679,0.10448,0.11575,0.63843,0.72242,0.74029,0.54679,0.63369,0.71288,0.72986,0.46769,0.91637,1.39745,6.67754,1.17687,nan,0,0,7.84269e-05,7.84269e-05,7.84269e-05
551,61910.4,1.3454,2.0861,1.55012,1.52121,0.09901,0.1059,0.11698,0.65677,0.73484,0.7394,0.54551,0.64984,0.72465,0.72771,0.46492,0.91722,1.40221,6.72567,1.17925,nan,0,0,7.70525e-05,7.70525e-05,7.70525e-05
552,62022.6,1.37064,2.13525,1.55407,1.52302,0.0968,0.10139,0.1124,0.64508,0.74549,0.73883,0.54474,0.64457,0.72399,0.72658,0.46537,0.92079,1.40308,6.67338,1.18179,nan,0,0,7.5678e-05,7.5678e-05,7.5678e-05
553,62134.8,1.38547,2.09814,1.5168,1.53102,0.09901,0.10424,0.11561,0.65201,0.75084,0.74161,0.5484,0.64384,0.73896,0.7296,0.46485,0.9193,1.40113,6.56623,1.1823,nan,0,0,7.43036e-05,7.43036e-05,7.43036e-05
554,62246.9,1.31582,2.04341,1.65277,1.51596,0.09795,0.1014,0.11166,0.66517,0.71479,0.73931,0.54777,0.65629,0.70333,0.72305,0.46622,0.91551,1.39743,6.72577,1.1792,nan,0,0,7.29292e-05,7.29292e-05,7.29292e-05
555,62359.1,1.32682,2.09757,1.50233,1.51036,0.09715,0.10225,0.11326,0.67912,0.71835,0.73955,0.55135,0.66928,0.70696,0.72181,0.46567,0.91471,1.39767,6.69028,1.17861,nan,0,0,7.15547e-05,7.15547e-05,7.15547e-05
556,62471.6,1.37586,2.07278,1.51268,1.51673,0.09912,0.10259,0.11314,0.66853,0.72213,0.73858,0.55606,0.66112,0.71494,0.72764,0.4723,0.91041,1.39121,6.70276,1.17551,nan,0,0,7.01802e-05,7.01802e-05,7.01802e-05
557,62583.9,1.37759,2.1124,1.55151,1.53443,0.09513,0.09944,0.11081,0.64998,0.73931,0.73716,0.55299,0.6687,0.6916,0.72781,0.47018,0.90731,1.38649,6.79744,1.1732,nan,0,0,6.88058e-05,6.88058e-05,6.88058e-05
558,62696.1,1.37312,2.05519,1.50948,1.52882,0.09939,0.10655,0.11694,0.68999,0.68351,0.73916,0.55739,0.65792,0.68211,0.72376,0.47244,0.90889,1.38353,6.75065,1.17395,nan,0,0,6.74313e-05,6.74313e-05,6.74313e-05
559,62808.4,1.36524,2.07462,1.62461,1.5181,0.09444,0.09938,0.10988,0.68806,0.68832,0.73821,0.5552,0.67514,0.6807,0.72158,0.46893,0.91238,1.38803,6.8554,1.17469,nan,0,0,6.60569e-05,6.60569e-05,6.60569e-05
560,62920.7,1.37506,2.1424,1.55127,1.51913,0.09694,0.10436,0.1148,0.65907,0.72596,0.73684,0.55017,0.65057,0.71747,0.72645,0.46524,0.91629,1.39353,6.87543,1.17585,nan,0,0,6.46825e-05,6.46825e-05,6.46825e-05
561,63033,1.36061,2.09885,1.51693,1.52146,0.09825,0.10301,0.1134,0.67303,0.6867,0.73762,0.54731,0.66351,0.67764,0.72765,0.46761,0.91923,1.39682,6.72857,1.17686,nan,0,0,6.3308e-05,6.3308e-05,6.3308e-05
562,63145.3,1.33695,2.07614,1.48369,1.50602,0.0966,0.10232,0.11294,0.60345,0.77112,0.73742,0.54844,0.59613,0.7636,0.72641,0.46839,0.92036,1.39991,6.78491,1.17758,nan,0,0,6.19335e-05,6.19335e-05,6.19335e-05
563,63257.6,1.36046,2.04177,1.48856,1.50987,0.0995,0.10607,0.11676,0.62489,0.78126,0.73722,0.55126,0.61234,0.78035,0.72667,0.46986,0.91804,1.39758,6.89178,1.17556,nan,0,0,6.05591e-05,6.05591e-05,6.05591e-05
564,63369.9,1.33488,2.02267,1.50257,1.49749,0.09846,0.10457,0.11534,0.65519,0.73702,0.73878,0.5539,0.64636,0.72798,0.72824,0.47005,0.91563,1.3939,6.90097,1.17369,nan,0,0,5.91846e-05,5.91846e-05,5.91846e-05
565,63482.3,1.32953,2.04452,1.51755,1.52369,0.09787,0.10274,0.11325,0.64484,0.74829,0.7379,0.5529,0.638,0.74082,0.72832,0.46701,0.91567,1.39381,6.88287,1.17363,nan,0,0,5.78102e-05,5.78102e-05,5.78102e-05
566,63594.6,1.34533,2.10945,1.51002,1.51529,0.09919,0.10475,0.11528,0.6568,0.74254,0.73696,0.55092,0.65013,0.73455,0.72731,0.46408,0.91515,1.39602,6.78562,1.17502,nan,0,0,5.64358e-05,5.64358e-05,5.64358e-05
567,63706.9,1.35834,2.06631,1.48039,1.5037,0.0967,0.10435,0.11473,0.64776,0.73441,0.74061,0.55162,0.64824,0.71901,0.73096,0.46563,0.91435,1.39397,6.93108,1.17507,nan,0,0,5.50613e-05,5.50613e-05,5.50613e-05
568,63819,1.35845,2.09155,1.52923,1.50813,0.09696,0.10216,0.11304,0.67229,0.73279,0.73765,0.5547,0.66755,0.71697,0.72692,0.46572,0.90886,1.38463,7.1036,1.17137,nan,0,0,5.36869e-05,5.36869e-05,5.36869e-05
569,63931.2,1.33641,2.09501,1.54247,1.53099,0.09851,0.10427,0.1152,0.68107,0.72133,0.7398,0.55707,0.67423,0.71514,0.72848,0.47181,0.90836,1.38097,7.06911,1.17203,nan,0,0,5.23124e-05,5.23124e-05,5.23124e-05
570,64043.4,1.3621,2.04211,1.50057,1.49481,0.09769,0.10482,0.11544,0.67726,0.72129,0.74025,0.55443,0.67866,0.70531,0.72849,0.47008,0.91269,1.38478,6.90234,1.17579,nan,0,0,5.09379e-05,5.09379e-05,5.09379e-05
571,64155.6,1.3059,2.03556,1.49148,1.5017,0.09729,0.10268,0.11406,0.6846,0.71327,0.73799,0.55081,0.68132,0.69962,0.72547,0.46592,0.91533,1.38968,6.83719,1.17716,nan,0,0,4.95635e-05,4.95635e-05,4.95635e-05
572,64267.7,1.32915,2.06186,1.46242,1.5011,0.09631,0.10054,0.11089,0.65338,0.72709,0.73972,0.54973,0.66225,0.70461,0.72849,0.46716,0.91364,1.38733,6.87217,1.17597,nan,0,0,4.81891e-05,4.81891e-05,4.81891e-05
573,64380,1.32945,2.03447,1.50744,1.49961,0.0966,0.10497,0.11541,0.66639,0.72031,0.73908,0.54944,0.66113,0.71213,0.72788,0.46986,0.9097,1.38314,6.94502,1.1727,nan,0,0,4.68146e-05,4.68146e-05,4.68146e-05
574,64492.2,1.36483,2.09211,1.5464,1.5195,0.0966,0.10323,0.11417,0.66854,0.7164,0.7413,0.5529,0.66147,0.70929,0.72937,0.47219,0.90741,1.37937,6.93181,1.17068,nan,0,0,4.54402e-05,4.54402e-05,4.54402e-05
575,64604.4,1.34325,2.05862,1.52139,1.52131,0.09711,0.10469,0.11514,0.67865,0.69711,0.74078,0.55286,0.67194,0.69167,0.72885,0.47173,0.90867,1.38077,6.93838,1.17067,nan,0,0,4.40657e-05,4.40657e-05,4.40657e-05
576,64716.4,1.32543,2.05869,1.53563,1.51286,0.09304,0.09405,0.10501,0.6819,0.69618,0.74226,0.55532,0.67231,0.69255,0.73196,0.47417,0.90749,1.37919,6.97616,1.17018,nan,0,0,4.26912e-05,4.26912e-05,4.26912e-05
577,64828.6,1.33423,2.08472,1.50287,1.51147,0.09834,0.10208,0.11414,0.67156,0.70016,0.74153,0.5566,0.66415,0.69492,0.73093,0.47216,0.90758,1.37969,6.95811,1.17013,nan,0,0,4.13168e-05,4.13168e-05,4.13168e-05
578,64940.8,1.37026,2.07247,1.49918,1.50218,0.09518,0.1009,0.11162,0.67954,0.70134,0.74241,0.55479,0.67378,0.69581,0.73021,0.47124,0.90914,1.3833,6.89004,1.17236,nan,0,0,3.99423e-05,3.99423e-05,3.99423e-05
579,65053,1.32126,2.04433,1.49397,1.50554,0.09387,0.10199,0.11317,0.66999,0.70022,0.74013,0.55312,0.66465,0.69296,0.72784,0.47115,0.90908,1.3877,6.92489,1.17251,nan,0,0,3.85679e-05,3.85679e-05,3.85679e-05
580,65165.2,1.3539,2.02891,1.54136,1.51141,0.0933,0.09741,0.10812,0.65287,0.72624,0.74232,0.55326,0.67334,0.69247,0.73159,0.47077,0.90641,1.38173,6.95945,1.17029,nan,0,0,3.71935e-05,3.71935e-05,3.71935e-05
581,65277.3,1.35235,2.06019,1.56301,1.52975,0.0962,0.10307,0.1141,0.65183,0.73765,0.74354,0.55776,0.66166,0.69412,0.73064,0.47248,0.90657,1.38102,6.90568,1.16979,nan,0,0,3.5819e-05,3.5819e-05,3.5819e-05
582,65389.8,1.36375,2.05007,1.51737,1.5115,0.09716,0.10059,0.11187,0.67258,0.69979,0.74063,0.55283,0.674,0.68688,0.72993,0.47692,0.9053,1.38233,6.86082,1.16889,nan,0,0,3.44445e-05,3.44445e-05,3.44445e-05
583,65501.8,1.31567,2.03913,1.6094,1.477,0.09871,0.10321,0.11355,0.67443,0.70238,0.74027,0.55612,0.67156,0.6882,0.72911,0.47414,0.90563,1.38303,6.88434,1.16905,nan,0,0,3.30701e-05,3.30701e-05,3.30701e-05
584,65614.2,1.30406,2.02709,1.48624,1.49822,0.09741,0.10258,0.11329,0.67979,0.71109,0.74254,0.55795,0.67726,0.69468,0.73237,0.47461,0.90636,1.384,6.85201,1.16894,nan,0,0,3.16956e-05,3.16956e-05,3.16956e-05
585,65726.6,1.33763,2.07169,1.51834,1.518,0.09834,0.10414,0.11535,0.65182,0.72729,0.74531,0.55965,0.67452,0.68755,0.73446,0.47701,0.90432,1.38137,6.79999,1.16782,nan,0,0,3.03212e-05,3.03212e-05,3.03212e-05
586,65839.1,1.35219,2.08042,1.52673,1.52655,0.09596,0.10168,0.1125,0.667,0.72326,0.74401,0.56032,0.66591,0.7053,0.73218,0.47724,0.90187,1.38045,6.77615,1.16703,nan,0,0,2.89468e-05,2.89468e-05,2.89468e-05
587,65951.5,1.35628,2.07052,1.49828,1.49612,0.09608,0.10249,0.11307,0.65048,0.74051,0.7447,0.55958,0.65532,0.71178,0.73267,0.47659,0.9002,1.3811,6.7905,1.16631,nan,0,0,2.75723e-05,2.75723e-05,2.75723e-05
588,66063.7,1.37167,2.06568,1.53621,1.51208,0.09628,0.10055,0.11129,0.67061,0.71656,0.74486,0.5604,0.67062,0.70326,0.73302,0.47791,0.90031,1.3819,6.85563,1.16612,nan,0,0,2.61978e-05,2.61978e-05,2.61978e-05
589,66176.2,1.36104,2.08002,1.54432,1.53596,0.09773,0.1073,0.11881,0.66231,0.72428,0.7446,0.56136,0.66469,0.70732,0.7333,0.4768,0.89979,1.38162,6.86413,1.16599,nan,0,0,2.48234e-05,2.48234e-05,2.48234e-05
590,66288.3,1.31182,1.99968,1.61084,1.49747,0.09748,0.10402,0.11491,0.66743,0.72231,0.74688,0.56264,0.6587,0.71155,0.73514,0.47909,0.8986,1.37985,6.8888,1.16468,nan,0,0,2.34489e-05,2.34489e-05,2.34489e-05
591,66402.3,1.34822,1.99593,1.75002,1.54445,0.08677,0.06972,0.0808,0.68697,0.70325,0.74219,0.55858,0.67461,0.69119,0.72485,0.47195,0.908,1.39203,7.04838,1.16768,nan,0,0,2.20745e-05,2.20745e-05,2.20745e-05
592,66514.3,1.31117,1.99911,1.63792,1.51185,0.08644,0.06854,0.07985,0.67544,0.70523,0.73907,0.55068,0.66065,0.69481,0.72254,0.468,0.9253,1.4167,6.98219,1.17702,nan,0,0,2.07001e-05,2.07001e-05,2.07001e-05
593,66626.3,1.31109,2.00038,1.45077,1.53725,0.08611,0.06815,0.07919,0.66373,0.69757,0.73019,0.54109,0.64577,0.68932,0.71384,0.46329,0.93844,1.43628,6.73351,1.18486,nan,0,0,1.93256e-05,1.93256e-05,1.93256e-05
594,66738.2,1.2873,1.90704,1.65107,1.50463,0.08646,0.06804,0.07861,0.66307,0.7092,0.72818,0.54198,0.65002,0.69574,0.71193,0.46675,0.94521,1.44589,6.52324,1.19003,nan,0,0,1.79512e-05,1.79512e-05,1.79512e-05
595,66850.1,1.30601,1.92371,1.4811,1.52782,0.08726,0.06789,0.07847,0.66372,0.70979,0.72697,0.53836,0.65302,0.6984,0.71202,0.46459,0.95105,1.45628,6.37424,1.19492,nan,0,0,1.65767e-05,1.65767e-05,1.65767e-05
596,66962.1,1.28403,1.83387,1.4531,1.48296,0.08644,0.06663,0.07637,0.66115,0.70825,0.72554,0.53695,0.6519,0.69865,0.71417,0.46477,0.94918,1.45512,6.28779,1.19427,nan,0,0,1.52022e-05,1.52022e-05,1.52022e-05
597,67074,1.30714,1.95069,1.43906,1.54495,0.08673,0.06718,0.07744,0.66275,0.71128,0.72781,0.54038,0.65361,0.70203,0.71679,0.46807,0.946,1.45197,6.17683,1.19244,nan,0,0,1.38278e-05,1.38278e-05,1.38278e-05
598,67185.9,1.29447,1.93296,1.4412,1.52258,0.08776,0.06663,0.07747,0.64766,0.72495,0.72726,0.53769,0.64141,0.71859,0.71647,0.46783,0.94641,1.45047,6.10984,1.19227,nan,0,0,1.24534e-05,1.24534e-05,1.24534e-05
599,67297.8,1.27301,1.88406,1.41307,1.48829,0.08738,0.06591,0.07564,0.63726,0.72837,0.7251,0.53588,0.6309,0.72167,0.7143,0.46575,0.94482,1.44804,6.09853,1.1915,nan,0,0,1.10789e-05,1.10789e-05,1.10789e-05
600,67409.7,1.29207,1.90959,1.37604,1.49684,0.08622,0.06574,0.07607,0.64858,0.7224,0.72481,0.53743,0.63858,0.71869,0.7145,0.46609,0.94447,1.44794,6.09961,1.19143,nan,0,0,9.70445e-06,9.70445e-06,9.70445e-06
